"crash_unit_id","rd_no","crash_date","unit_no","unit_type","num_passengers","vehicle_id","cmrc_veh_i","make","model","lic_plate_state","vehicle_year","vehicle_defect","vehicle_type","vehicle_use","travel_direction","maneuver","towed_i","fire_i","occupant_cnt","exceed_speed_limit_i","towed_by","towed_to","area_00_i","area_01_i","area_02_i","area_03_i","area_04_i","area_05_i","area_06_i","area_07_i","area_08_i","area_09_i","area_10_i","area_11_i","area_12_i","area_99_i","first_contact_point","cmv_id","usdot_no","ccmc_no","ilcc_no","commercial_src","gvwr","carrier_name","carrier_state","carrier_city","hazmat_placards_i","hazmat_name","un_no","hazmat_present_i","hazmat_report_i","hazmat_report_no","mcs_report_i","mcs_report_no","hazmat_vio_cause_crash_i","mcs_vio_cause_crash_i","idot_permit_no","wide_load_i","trailer1_width","trailer2_width","trailer1_length","trailer2_length","total_vehicle_length","axle_cnt","vehicle_config","cargo_body_type","load_type","hazmat_out_of_service_i","mcs_out_of_service_i","hazmat_class"
"758226","JC469269","2019-10-11T16:00:00","1","DRIVER",,"720225",,"RANGE ROVER OF NORTH AMERICA","RANGE ROVER OF NORTH AMERICA","IL",,"UNKNOWN","PASSENGER","PERSONAL","N","CHANGING LANES",,,"1",,,,"true",,,,,,,,,,,,,,"UNKNOWN",,,,,,,,,,,,,,,,,,,,,,,,,,,,,,,,,
"758227","JC469269","2019-10-11T16:00:00","2","DRIVER",,"720232",,"NISSAN","SENTRA (DATSUN AND NISSAN HAVE MERGED)","IL","2017","UNKNOWN","PASSENGER","PERSONAL","N","MERGING",,,"1",,,,,,,,,,,"true","true",,,,,,"SIDE-LEFT",,,,,,,,,,,,,,,,,,,,,,,,,,,,,,,,,
"758084","JC469095","2019-10-11T16:00:00","1","DRIVER",,"720091",,"UNKNOWN","UNKNOWN",,,"UNKNOWN","UNKNOWN/NA","UNKNOWN/NA","UNKNOWN","UNKNOWN/NA",,,"1",,,,,,,,,,,,,,,,,"true","UNKNOWN",,,,,,,,,,,,,,,,,,,,,,,,,,,,,,,,,
"758032","JC468990","2019-10-11T15:55:00","1","DRIVER","1","720048",,"BMW","320i","IL","2013","NONE","PASSENGER","PERSONAL","W","STRAIGHT AHEAD",,,"2",,,,,,"true","true",,,,,,,,,,,"FRONT-RIGHT",,,,,,,,,,,,,,,,,,,,,,,,,,,,,,,,,
"758033","JC468990","2019-10-11T15:55:00","2","DRIVER","1","720068",,"HYUNDAI","SONATA","IL","2011","NONE","PASSENGER","PERSONAL","S","STRAIGHT AHEAD","true",,"2",,"PERSONAL",,,"true",,,,,,,,,,"true","true",,"OTHER",,,,,,,,,,,,,,,,,,,,,,,,,,,,,,,,,
"758034","JC468990","2019-10-11T15:55:00","3","PARKED",,"720085",,"HONDA","UNKNOWN","IL","2008","NONE","PASSENGER","PERSONAL","W","PARKED",,,"0",,,,,,,,,"true","true",,,,,,,,"REAR",,,,,,,,,,,,,,,,,,,,,,,,,,,,,,,,,
"757934","JC468930","2019-10-11T15:50:00","1","DRIVER","2","719946",,"JEEP","Liberty","IL","2006","NONE","PASSENGER","PERSONAL","N","STRAIGHT AHEAD",,,"3",,,,,"true",,,,,,,,,,"true","true",,"OTHER",,,,,,,,,,,,,,,,,,,,,,,,,,,,,,,,,
"757935","JC468930","2019-10-11T15:50:00","2","DRIVER","1","719957",,"CHEVROLET","MALIBU (CHEVELLE)","IL","2016","NONE","PASSENGER","PERSONAL","E","TURNING RIGHT",,,"2",,,,,,,,"true","true",,,,,,,,,"REAR-RIGHT",,,,,,,,,,,,,,,,,,,,,,,,,,,,,,,,,
"757936","JC468918","2019-10-11T15:50:00","1","DRIVER",,"719970",,"MITSUBISHI","MITSUBISHI","IL","2004","NONE","SPORT UTILITY VEHICLE (SUV)","PERSONAL","N","TURNING LEFT",,,"1",,,,,"true",,,,,,,,,,,,,"FRONT",,,,,,,,,,,,,,,,,,,,,,,,,,,,,,,,,
"757937","JC468918","2019-10-11T15:50:00","2","DRIVER","1","719991",,"JEEP","PATRIOT","IL","2013","NONE","SPORT UTILITY VEHICLE (SUV)","PERSONAL","E","STRAIGHT AHEAD",,,"2",,,,,,,"true",,,,,,,,,,,"SIDE-RIGHT",,,,,,,,,,,,,,,,,,,,,,,,,,,,,,,,,
"757987","JC468947","2019-10-11T15:44:00","1","DRIVER","1","720011",,"FREIGHTLINER CORP.","FREIGHTLINER CORP.","IL","2012","UNKNOWN","BUS OVER 15 PASS.","SCHOOL BUS","E","TURNING LEFT",,,"2",,,,,,,"true","true","true",,,,,,,,,"REAR",,,,,,,,,,,,,,,,,,,,,,,,,,,,,,,,,
"757988","JC468947","2019-10-11T15:44:00","2","DRIVER",,"720035",,"HYUNDAI","ELANTRA","IL","2018","UNKNOWN","PASSENGER","PERSONAL","E","UNKNOWN/NA",,,"1",,,,,,,"false","false","false",,"false","false","true","true","true",,,"TOTAL (ALL AREAS)",,,,,,,,,,,,,,,,,,,,,,,,,,,,,,,,,
"757925","JC468895","2019-10-11T15:40:00","1","DRIVER",,"719938",,"GENERAL MOTORS CORP.","UNKNOWN","IN",,"UNKNOWN","SPORT UTILITY VEHICLE (SUV)","PERSONAL","E","PASSING/OVERTAKING",,,"1",,,,,,,,,"true",,,,,,,,,"REAR",,,,,,,,,,,,,,,,,,,,,,,,,,,,,,,,,
"757926","JC468895","2019-10-11T15:40:00","2","DRIVER",,"719948",,"FLEETWOOD ENTERPRISES","FLEETWOOD ENTERPRISES","IL","2017","NONE","BUS OVER 15 PASS.","OTHER","E","STRAIGHT AHEAD",,,"1",,,,"true",,,,,,,,,,,"true",,,"TOTAL (ALL AREAS)",,,,,,,,,,,,,,,,,,,,,,,,,,,,,,,,,
"758053","JC469024","2019-10-11T15:33:00","1","DRIVER",,"720070",,"CHRYSLER","200","IL","2015","UNKNOWN","PASSENGER","UNKNOWN/NA","S","STRAIGHT AHEAD",,,"1",,,,,,,,,,,,,,,,"true",,"OTHER",,,,,,,,,,,,,,,,,,,,,,,,,,,,,,,,,
"758054","JC469024","2019-10-11T15:33:00","2","BICYCLE",,,,,,,,,,,,,,,,,,,,,,,,,,,,,,,,,,,,,,,,,,,,,,,,,,,,,,,,,,,,,,,,,,
"758022","JC469072","2019-10-11T15:30:00","1","DRIVER",,"720043",,"NISSAN","UNKNOWN",,,"UNKNOWN","SPORT UTILITY VEHICLE (SUV)","UNKNOWN/NA","S","STRAIGHT AHEAD",,,"1",,,,,,,,,,,,,,,"true",,,"UNDER CARRIAGE",,,,,,,,,,,,,,,,,,,,,,,,,,,,,,,,,
"758023","JC469072","2019-10-11T15:30:00","2","DRIVER",,"720058",,"JEEP","Grand Cherokee (for vehicle years 1989 to present)","IL","2014","NONE","SPORT UTILITY VEHICLE (SUV)","PERSONAL","SW","TURNING LEFT",,,"1",,,,,"true",,,,,,,,,,,,,"FRONT",,,,,,,,,,,,,,,,,,,,,,,,,,,,,,,,,
"757962","JC468991","2019-10-11T15:30:00","1","DRIVER",,"719983",,"FORD","Focus",,,"NONE","PASSENGER","OTHER","E","MERGING",,,"1",,,,,,,,,,,,,,,"true",,,"TOTAL (ALL AREAS)",,,,,,,,,,,,,,,,,,,,,,,,,,,,,,,,,
"757963","JC468991","2019-10-11T15:30:00","2","DRIVER",,"719979",,"MERCEDES-BENZ","Sprinter","IL",,"NONE","VAN/MINI-VAN","PERSONAL","E","STRAIGHT AHEAD",,,"1",,,,,,,"true",,,,,,,,,,,"SIDE-RIGHT",,,,,,,,,,,,,,,,,,,,,,,,,,,,,,,,,
"757920","JC468887","2019-10-11T15:30:00","1","DRIVER","2","719936",,"SUBARU","IMPREZA","IL","2010","UNKNOWN","PASSENGER","PERSONAL","S","TURNING LEFT",,,"3",,,,,,"true","true",,,,,,,,,,,"SIDE-RIGHT",,,,,,,,,,,,,,,,,,,,,,,,,,,,,,,,,
"757921","JC468887","2019-10-11T15:30:00","2","DRIVER",,"719944",,"MERCEDES-BENZ","C300","IL","2008","UNKNOWN","PASSENGER","PERSONAL","E","STRAIGHT AHEAD",,,"1",,,,,,,,,,,,,,,,"true",,"OTHER",,,,,,,,,,,,,,,,,,,,,,,,,,,,,,,,,
"757927","JC468874","2019-10-11T15:30:00","1","DRIVER","1","719949",,"TOYOTA MOTOR COMPANY, LTD.","COROLLA","IL","2015","NONE","PASSENGER","RIDESHARE SERVICE","S","CHANGING LANES",,,"2",,,,,"true","true",,,,,,,,,"false","true",,"FRONT",,,,,,,,,,,,,,,,,,,,,,,,,,,,,,,,,
"757928","JC468874","2019-10-11T15:30:00","2","DRIVER",,"719965",,"TOYOTA MOTOR COMPANY, LTD.","CAMRY","IL","2009","NONE","PASSENGER","PERSONAL","S","STRAIGHT AHEAD",,,"1",,,,,,,,,,,,,,,"true","true",,"TOTAL (ALL AREAS)",,,,,,,,,,,,,,,,,,,,,,,,,,,,,,,,,
"757911","JC468891","2019-10-11T15:25:00","1","DRIVER",,"719924",,"JEEP","Liberty","IL","2003","UNKNOWN","SPORT UTILITY VEHICLE (SUV)","PERSONAL","S","TURNING LEFT",,,"1",,,,,,,,,,,,,,,,"true",,"TOTAL (ALL AREAS)",,,,,,,,,,,,,,,,,,,,,,,,,,,,,,,,,
"757929","JC468890","2019-10-11T15:25:00","1","DRIVER",,"719947",,"FORD","F150","IL","2006","UNKNOWN","PASSENGER","PERSONAL","W","STRAIGHT AHEAD",,,"1",,,,,,,,,,,,,,,,"true",,"OTHER",,,,,,,,,,,,,,,,,,,,,,,,,,,,,,,,,
"757930","JC468890","2019-10-11T15:25:00","2","DRIVER",,"719960",,"HONDA","CIVIC","IL","2017","UNKNOWN","PASSENGER","PERSONAL","W","SLOW/STOP IN TRAFFIC",,,"1",,,,,,,,,,"true","true",,,,,,,"REAR-LEFT",,,,,,,,,,,,,,,,,,,,,,,,,,,,,,,,,
"757903","JC468876","2019-10-11T15:25:00","1","DRIVER",,"719927",,"JEEP","UNKNOWN","IL","2016","NONE","PASSENGER","PERSONAL","E","TURNING LEFT",,,"1",,,,,"true",,,,,,,,,,"true",,,"FRONT",,,,,,,,,,,,,,,,,,,,,,,,,,,,,,,,,
"757904","JC468876","2019-10-11T15:25:00","2","DRIVER",,"719941",,"CHEVROLET","TAHOE","IL","1999","NONE","PASSENGER","PERSONAL","N","STRAIGHT AHEAD",,,"1",,,,,,,,,,,,,,"true","true",,,"TOTAL (ALL AREAS)",,,,,,,,,,,,,,,,,,,,,,,,,,,,,,,,,
"757905","JC468876","2019-10-11T15:25:00","3","DRIVER",,"719952",,"LEXUS","UNKNOWN","IL","2008","NONE","PASSENGER","PERSONAL","S","STRAIGHT AHEAD",,,"1",,,,,,,,,,,,,"true","true",,,,"ROOF",,,,,,,,,,,,,,,,,,,,,,,,,,,,,,,,,
"758170","JC469225","2019-10-11T15:20:00","1","DRIVER",,"720174",,"INTERNATIONAL COACH MFG.","UNKNOWN","IL","2007","UNKNOWN","TRUCK - SINGLE UNIT","UNKNOWN/NA","SW","TURNING LEFT",,,"1",,,,,,,,,,,,,"true",,,,,"ROOF",,,,,,,,,,,,,,,,,,,,,,,,,,,,,,,,,
"758171","JC469225","2019-10-11T15:20:00","2","DRIVER",,"720186",,"TOYOTA MOTOR COMPANY, LTD.","Prius","IL","2014","NONE","PASSENGER","PERSONAL","E","SLOW/STOP IN TRAFFIC",,,"1",,,,,,,,,,,"true",,,,,,,"SIDE-LEFT",,,,,,,,,,,,,,,,,,,,,,,,,,,,,,,,,
"758043","JC469070","2019-10-11T15:20:00","1","DRIVER",,"720110",,"FORD","UNKNOWN","IL","2012","UNKNOWN","PASSENGER","PERSONAL","N","STRAIGHT AHEAD",,,"1",,,,,,,,,,,,,,,"true",,,"TOTAL (ALL AREAS)",,,,,,,,,,,,,,,,,,,,,,,,,,,,,,,,,
"758044","JC469070","2019-10-11T15:20:00","2","DRIVER",,"720127",,"CHRYSLER","300","IL","2005","UNKNOWN","PASSENGER","PERSONAL","N","SLOW/STOP IN TRAFFIC",,,"1",,,,,,,,,"true",,,,,,,,,"REAR",,,,,,,,,,,,,,,,,,,,,,,,,,,,,,,,,
"757898","JC468898","2019-10-11T15:20:00","1","DRIVER",,"719917",,"JEEP","LAREDO","IL","2018","UNKNOWN","SPORT UTILITY VEHICLE (SUV)","UNKNOWN/NA","N","STRAIGHT AHEAD",,,"1",,,,,,,,,,,,,,,,"true",,"OTHER",,,,,,,,,,,,,,,,,,,,,,,,,,,,,,,,,
"757899","JC468898","2019-10-11T15:20:00","2","DRIVER",,"719915",,"HONDA","CIVIC","IL","2019","UNKNOWN","PASSENGER","PERSONAL","N","STRAIGHT AHEAD",,,"1",,,,,,,,,,"true",,,,,,,,"REAR-LEFT",,,,,,,,,,,,,,,,,,,,,,,,,,,,,,,,,
"757924","JC468875","2019-10-11T15:19:00","1","DRIVER",,"719940",,"NISSAN","SENTRA (DATSUN AND NISSAN HAVE MERGED)","IL","2017","UNKNOWN","PASSENGER","PERSONAL","S","UNKNOWN/NA","true",,"1",,,,,"true",,,,,,"true",,,"true","true","true",,"OTHER",,,,,,,,,,,,,,,,,,,,,,,,,,,,,,,,,
"757897","JC468883","2019-10-11T15:10:00","1","DRIVER",,"719925",,"FORD","ESCAPE (SUV)","IL","2011","NONE","SPORT UTILITY VEHICLE (SUV)","PERSONAL","N","STRAIGHT AHEAD","true",,"1",,,,,,,,,,,,,,,,"true",,"OTHER",,,,,,,,,,,,,,,,,,,,,,,,,,,,,,,,,
"757886","JC468879","2019-10-11T15:10:00","1","DRIVER",,"719919",,"TOYOTA MOTOR COMPANY, LTD.","Sequoia","IL","2014","NONE","PASSENGER","PERSONAL","W","STRAIGHT AHEAD",,,"1",,,,,"true",,,,,,,,,,"true","true",,"OTHER",,,,,,,,,,,,,,,,,,,,,,,,,,,,,,,,,
"757887","JC468879","2019-10-11T15:10:00","2","DRIVER",,"719904",,"CHEVROLET","UNKNOWN","IL","2016","NONE","PASSENGER","PERSONAL","W","SLOW/STOP IN TRAFFIC",,,"1",,,,,"true",,,,,"true",,,,,"true","true",,"REAR-LEFT",,,,,,,,,,,,,,,,,,,,,,,,,,,,,,,,,
"757888","JC468879","2019-10-11T15:10:00","3","DRIVER",,"719912",,"SUBARU","FORESTER","IL","2017","NONE","PASSENGER","PERSONAL","W","SLOW/STOP IN TRAFFIC",,,"1",,,,,,,,,"true","true","true",,,,,,,"REAR-LEFT",,,,,,,,,,,,,,,,,,,,,,,,,,,,,,,,,
"757912","JC468867","2019-10-11T15:05:00","1","DRIVER",,"719931",,"MERCEDES-BENZ","UNKNOWN","IL","2018","NONE","SPORT UTILITY VEHICLE (SUV)","PERSONAL","E","TURNING LEFT",,,"1",,,,,,,,,,,,,,,"true",,,"TOTAL (ALL AREAS)",,,,,,,,,,,,,,,,,,,,,,,,,,,,,,,,,
"757913","JC468867","2019-10-11T15:05:00","2","DRIVER",,"719972",,"TOYOTA MOTOR COMPANY, LTD.","TOYOTA","IL","2011","NONE","SPORT UTILITY VEHICLE (SUV)","PERSONAL","S","STRAIGHT AHEAD",,,"1",,,,,,,,,,,,,,,"true","true",,"OTHER",,,,,,,,,,,,,,,,,,,,,,,,,,,,,,,,,
"758009","JC468882","2019-10-11T15:02:00","1","DRIVER","1","720020",,"FORD","ESCAPE (SUV)","IL","2014","NONE","PASSENGER","PERSONAL","N","STRAIGHT AHEAD",,,"2",,,,,"true",,,,,,,,,,"true","true",,"OTHER",,,,,,,,,,,,,,,,,,,,,,,,,,,,,,,,,
"758010","JC468882","2019-10-11T15:02:00","2","DRIVER",,"720021",,"MITSUBISHI","Endeavor",,"2004","UNKNOWN","PASSENGER","PERSONAL","W","STRAIGHT AHEAD",,,"1",,,,,,,,,,"true","true","true","true",,,,,"SIDE-LEFT",,,,,,,,,,,,,,,,,,,,,,,,,,,,,,,,,
"757907","JC468908","2019-10-11T15:00:00","1","DRIVER",,"719922",,"VOLKSWAGEN","UNKNOWN","IL","2006","NONE","PASSENGER","PERSONAL","E","TURNING RIGHT",,,"1",,,,,,"true","true","true","true",,,,,,,,,"SIDE-RIGHT",,,,,,,,,,,,,,,,,,,,,,,,,,,,,,,,,
"757908","JC468908","2019-10-11T15:00:00","2","PARKED","1","719932",,"TOYOTA MOTOR COMPANY, LTD.","CAMRY","IL","2016","NONE","PASSENGER","TAXI/FOR HIRE","E","PARKED IN TRAFFIC LANE",,,"1",,,,,,,,,,,"true","true",,,,,,"SIDE-LEFT",,,,,,,,,,,,,,,,,,,,,,,,,,,,,,,,,
"757931","JC468851","2019-10-11T15:00:00","1","DRIVER",,"719942",,"OLDSMOBILE","CUTLASS CALAIS","IL","1999","NONE","PASSENGER","PERSONAL","S","STRAIGHT AHEAD",,,"1",,,,,,,,,,,,,,,"true",,,"UNDER CARRIAGE",,,,,,,,,,,,,,,,,,,,,,,,,,,,,,,,,
"757932","JC468851","2019-10-11T15:00:00","2","DRIVER",,"719950",,"NISSAN","NISSAN ALTIMA","IL","2017","NONE","PASSENGER","PERSONAL","W","STRAIGHT AHEAD","true",,"1",,,,,,,"true","true","true",,,,,,,,,"REAR-RIGHT",,,,,,,,,,,,,,,,,,,,,,,,,,,,,,,,,
"757933","JC468851","2019-10-11T15:00:00","3","DRIVER",,"719954",,"CHRYSLER","200",,"2015","NONE","PASSENGER","PERSONAL","W","SLOW/STOP IN TRAFFIC",,,"1",,,,,,,,,"true","true","true",,,,,,,"REAR-LEFT",,,,,,,,,,,,,,,,,,,,,,,,,,,,,,,,,
"757918","JC468830","2019-10-11T14:50:00","1","DRIVER",,"719928",,"UNKNOWN","UNKNOWN","IL",,"UNKNOWN","UNKNOWN/NA","UNKNOWN/NA","W","STRAIGHT AHEAD",,,"1",,,,,,,,,,,,,,,,,"true","UNKNOWN",,,,,,,,,,,,,,,,,,,,,,,,,,,,,,,,,
"757919","JC468830","2019-10-11T14:50:00","2","DRIVER","1","719939",,"NISSAN","UNKNOWN","IL","2013","NONE","PASSENGER","PERSONAL","N","TURNING LEFT",,,"2",,,,,,,,"true","true",,,,,,,,,"REAR-RIGHT",,,,,,,,,,,,,,,,,,,,,,,,,,,,,,,,,
"757956","JC468983","2019-10-11T14:45:00","1","DRIVER",,"719978",,"CHEVROLET","UNKNOWN","IL","2006","UNKNOWN","VAN/MINI-VAN","OTHER","E","BACKING",,,"1",,,,"true",,,,,,,,,,,,,,"REAR-LEFT",,,,,,,,,,,,,,,,,,,,,,,,,,,,,,,,,
"757957","JC468983","2019-10-11T14:45:00","2","DRIVER",,"719993",,"TOYOTA MOTOR COMPANY, LTD.","CAMRY","IL","2019","NONE","PASSENGER","PERSONAL","W","STRAIGHT AHEAD",,,"1",,,,,"true",,,,,,,,,,,,,"FRONT",,,,,,,,,,,,,,,,,,,,,,,,,,,,,,,,,
"757863","JC468869","2019-10-11T14:45:00","1","DRIVER",,"719888",,"NISSAN","SENTRA (DATSUN AND NISSAN HAVE MERGED)","IL","2019","UNKNOWN","PASSENGER","UNKNOWN/NA","W","PASSING/OVERTAKING",,,"1",,,,,"true",,,,,,,,,,,,,"FRONT",,,,,,,,,,,,,,,,,,,,,,,,,,,,,,,,,
"757864","JC468869","2019-10-11T14:45:00","2","DRIVER",,"719890",,"BMW","M-3","IL","2008","NONE","PASSENGER","UNKNOWN/NA","W","SLOW/STOP IN TRAFFIC",,,"1",,,,,,,,,,,"true",,,,,,,"FRONT-LEFT",,,,,,,,,,,,,,,,,,,,,,,,,,,,,,,,,
"757859","JC468836","2019-10-11T14:45:00","1","DRIVER",,"719883",,"TOYOTA MOTOR COMPANY, LTD.","COROLLA",,,"UNKNOWN","PASSENGER","UNKNOWN/NA","N","UNKNOWN/NA",,,"1",,,,,,,,,,,,,,,,,,"FRONT",,,,,,,,,,,,,,,,,,,,,,,,,,,,,,,,,
"757860","JC468836","2019-10-11T14:45:00","2","DRIVER",,"719887",,"TOYOTA MOTOR COMPANY, LTD.","CAMRY",,,"UNKNOWN","PASSENGER","TAXI/FOR HIRE","N","SLOW/STOP IN TRAFFIC",,,"1",,,,,,,,,,,,,,,,,,"SIDE-LEFT",,,,,,,,,,,,,,,,,,,,,,,,,,,,,,,,,
"757938","JC468865","2019-10-11T14:31:00","1","DRIVER",,"719951",,"FORD","RANGER","IL","2004","NONE","PICKUP","UNKNOWN/NA","N","STRAIGHT AHEAD",,,"1",,,,,,,,,,,,,,,,"true",,"OTHER",,,,,,,,,,,,,,,,,,,,,,,,,,,,,,,,,
"757939","JC468865","2019-10-11T14:31:00","2","DRIVER","2","719959",,"DODGE","Avenger","IL","2013","NONE","PASSENGER","PERSONAL","W","STRAIGHT AHEAD",,,"3",,,,,,,,,,,,,"true",,,,,"ROOF",,,,,,,,,,,,,,,,,,,,,,,,,,,,,,,,,
"758335","JC469478","2019-10-11T14:30:00","1","DRIVER",,"720330",,"DODGE","Avenger","IL","2010","UNKNOWN","PASSENGER","PERSONAL","W","PASSING/OVERTAKING",,,"1",,,,,,,,,,,,,,,,,,"UNKNOWN",,,,,,,,,,,,,,,,,,,,,,,,,,,,,,,,,
"758336","JC469478","2019-10-11T14:30:00","2","DRIVER",,"720354",,"NISSAN","Quest","IL","2007","NONE","PASSENGER","PERSONAL","N","STRAIGHT AHEAD",,,"1",,,,,"true",,"true",,,,,,,,,,,"FRONT",,,,,,,,,,,,,,,,,,,,,,,,,,,,,,,,,
"757948","JC468817","2019-10-11T14:21:00","1","DRIVER",,"719973",,"CHEVROLET","CRUZE","IL","2018","UNKNOWN","PASSENGER","PERSONAL","E","TURNING RIGHT",,,"1",,,,,,,,,,,"true","true","true","true","true",,,"ROOF",,,,,,,,,,,,,,,,,,,,,,,,,,,,,,,,,
"757949","JC468817","2019-10-11T14:21:00","2","DRIVER",,"719999","false","DODGE","RAM 3500 PU","IL","2018","UNKNOWN","SINGLE UNIT TRUCK WITH TRAILER","PERSONAL","E","TURNING RIGHT",,,"1",,,,,,,"true",,,,,,,,,,,"SIDE-RIGHT",,,,,,,,,,,,,,,,,,,,,,,,,,,,,,,,,
"758158","JC469214","2019-10-11T14:18:00","1","DRIVER",,"720153",,"CHEVROLET","IMPALA","IL",,"UNKNOWN","PASSENGER","PERSONAL","S","SLOW/STOP IN TRAFFIC",,,"1",,,,,,,,,,,,,,,,,"true","OTHER",,,,,,,,,,,,,,,,,,,,,,,,,,,,,,,,,
"758159","JC469214","2019-10-11T14:18:00","2","DRIVER",,"720161",,"GENERAL MOTORS CORP.","YUKON","IL","2007","NONE","SPORT UTILITY VEHICLE (SUV)","PERSONAL","S","SLOW/STOP IN TRAFFIC",,,"1",,,,,,,,,"true","true","true",,,,,,,"REAR-LEFT",,,,,,,,,,,,,,,,,,,,,,,,,,,,,,,,,
"757825","JC468786","2019-10-11T14:10:00","1","DRIVER",,"719852",,"JEEP","PATRIOT","IL","2015","NONE","SPORT UTILITY VEHICLE (SUV)","PERSONAL","N","STRAIGHT AHEAD",,,"1",,,,,,,,,,,,"true","true","true",,,,"ROOF",,,,,,,,,,,,,,,,,,,,,,,,,,,,,,,,,
"757826","JC468786","2019-10-11T14:10:00","2","DRIVER",,"719856",,"DODGE","CHARGER","IL","2019","NONE","PASSENGER","PERSONAL","E","STRAIGHT AHEAD",,,"1",,,,,,,,,,,,,,,,"true",,"OTHER",,,,,,,,,,,,,,,,,,,,,,,,,,,,,,,,,
"757877","JC468860","2019-10-11T14:00:00","1","DRIVER",,"719901",,"UNKNOWN","UNKNOWN","IN",,"OTHER","TRUCK - SINGLE UNIT","OTHER","E","BACKING",,,"1",,,,,,,,,"true","true",,,,,,,,"REAR-LEFT",,,,,,,,,,,,,,,,,,,,,,,,,,,,,,,,,
"757878","JC468860","2019-10-11T14:00:00","2","PARKED",,"719906",,"FORD","FORD-TRUCK,VAN,SUV, ETC","IL","2015","UNKNOWN","VAN/MINI-VAN","OTHER","N","PARKED",,,"0",,,,,,,,,,,,,"true","true","true",,,"ROOF",,,,,,,,,,,,,,,,,,,,,,,,,,,,,,,,,
"757881","JC468820","2019-10-11T14:00:00","1","DRIVER",,"719902",,"PONTIAC","UNKNOWN","IL","2007","UNKNOWN","PASSENGER","UNKNOWN/NA","N","TURNING LEFT",,,"1",,,,,,,,,,,,,,,,,"true","UNKNOWN",,,,,,,,,,,,,,,,,,,,,,,,,,,,,,,,,
"757882","JC468820","2019-10-11T14:00:00","2","DRIVER",,"719905",,"BUICK","LESABRE","IL","2000","UNKNOWN","PASSENGER","PERSONAL","W","STRAIGHT AHEAD","true",,"1",,"PRIVATE TOWING",,,,,,,,,"true","true",,,,,,"SIDE-LEFT",,,,,,,,,,,,,,,,,,,,,,,,,,,,,,,,,
"758076","JC468807","2019-10-11T14:00:00","1","DRIVER",,"720077",,"KIA MOTORS CORP","UNKNOWN","IL","2018","UNKNOWN","PASSENGER","UNKNOWN/NA","W","STRAIGHT AHEAD",,,"1",,,,,,,,,"true",,,,,,,,,"REAR-RIGHT",,,,,,,,,,,,,,,,,,,,,,,,,,,,,,,,,
"758077","JC468807","2019-10-11T14:00:00","2","PARKED",,"720078",,"FORD","EDGE","IL","2007","NONE","PASSENGER","UNKNOWN/NA","W","PARKED",,,"0",,,,,,,,,,,,"true","true",,,,,"ROOF",,,,,,,,,,,,,,,,,,,,,,,,,,,,,,,,,
"757822","JC468777","2019-10-11T14:00:00","1","DRIVER","1","719858",,"MAZDA","Mazda 3","IL","2011","UNKNOWN","PASSENGER","PERSONAL","E","TURNING LEFT",,,"2",,,,,"true","true","true","true","true",,,,,,,,,"REAR-RIGHT",,,,,,,,,,,,,,,,,,,,,,,,,,,,,,,,,
"757823","JC468777","2019-10-11T14:00:00","2","PARKED",,"719870",,"PONTIAC","GRAND PRIX","IL","2007","UNKNOWN","UNKNOWN/NA","UNKNOWN/NA","E","PARKED",,,"0",,,,,,,,,,,,,,"true","true",,,"UNDER CARRIAGE",,,,,,,,,,,,,,,,,,,,,,,,,,,,,,,,,
"757824","JC468777","2019-10-11T14:00:00","3","PARKED",,"719872",,"CHEVROLET","Trail Blazer","IL","2006","UNKNOWN","SPORT UTILITY VEHICLE (SUV)","UNKNOWN/NA","E","PARKED",,,"0",,,,,,,,,,,"true",,,,,,,"SIDE-LEFT",,,,,,,,,,,,,,,,,,,,,,,,,,,,,,,,,
"757914","JC468885","2019-10-11T13:50:00","1","DRIVER",,"719930",,"NISSAN","Quest","IL","2007","UNKNOWN","PASSENGER","PERSONAL","N","STRAIGHT AHEAD",,,"1",,,,,,,,,,,,,,,,,,"UNKNOWN",,,,,,,,,,,,,,,,,,,,,,,,,,,,,,,,,
"757915","JC468885","2019-10-11T13:50:00","2","DRIVER","1","719945",,"DODGE","Avenger","IL","2010","NONE","PASSENGER","PERSONAL","W","STRAIGHT AHEAD",,,"2",,,,,"true",,,,,,,,,,"true","true",,"OTHER",,,,,,,,,,,,,,,,,,,,,,,,,,,,,,,,,
"757814","JC468779","2019-10-11T13:45:00","1","DRIVER",,"719846",,"HONDA","Odyssey (minivan)",,"2005","UNKNOWN","VAN/MINI-VAN","PERSONAL","W","STRAIGHT AHEAD",,,"1",,,,,,"true","true","true","true",,,,,,,,,"SIDE-RIGHT",,,,,,,,,,,,,,,,,,,,,,,,,,,,,,,,,
"757815","JC468779","2019-10-11T13:45:00","2","DRIVER",,"719851",,"LINCOLN-CONTINENTAL","NAVIGATOR","IL","2004","UNKNOWN","PASSENGER","PERSONAL","S","STRAIGHT AHEAD",,,"1",,,,,"true",,,,,,,,,"true","true","true",,"OTHER",,,,,,,,,,,,,,,,,,,,,,,,,,,,,,,,,
"757870","JC468796","2019-10-11T13:43:00","1","DRIVER",,"719897",,"HONDA","CIVIC","OH","2019","UNKNOWN","PASSENGER","PERSONAL","W","MERGING",,,"1",,,,,"true","true","true",,,,,,,,,,,"FRONT-RIGHT",,,,,,,,,,,,,,,,,,,,,,,,,,,,,,,,,