"crash_unit_id","rd_no","crash_date","unit_no","unit_type","num_passengers","vehicle_id","cmrc_veh_i","make","model","lic_plate_state","vehicle_year","vehicle_defect","vehicle_type","vehicle_use","travel_direction","maneuver","towed_i","fire_i","occupant_cnt","exceed_speed_limit_i","towed_by","towed_to","area_00_i","area_01_i","area_02_i","area_03_i","area_04_i","area_05_i","area_06_i","area_07_i","area_08_i","area_09_i","area_10_i","area_11_i","area_12_i","area_99_i","first_contact_point","cmv_id","usdot_no","ccmc_no","ilcc_no","commercial_src","gvwr","carrier_name","carrier_state","carrier_city","hazmat_placards_i","hazmat_name","un_no","hazmat_present_i","hazmat_report_i","hazmat_report_no","mcs_report_i","mcs_report_no","hazmat_vio_cause_crash_i","mcs_vio_cause_crash_i","idot_permit_no","wide_load_i","trailer1_width","trailer2_width","trailer1_length","trailer2_length","total_vehicle_length","axle_cnt","vehicle_config","cargo_body_type","load_type","hazmat_out_of_service_i","mcs_out_of_service_i","hazmat_class"
"757871","JC468796","2019-10-11T13:43:00","2","DRIVER","1","719910",,"TOYOTA MOTOR COMPANY, LTD.","CAMRY","IL","2016","UNKNOWN","PASSENGER","TAXI/FOR HIRE","W","STRAIGHT AHEAD",,,"2",,,,,,"true","true","true","true",,,,,"true","true","true",,"TOTAL (ALL AREAS)",,,,,,,,,,,,,,,,,,,,,,,,,,,,,,,,,
"757872","JC468796","2019-10-11T13:43:00","3","DRIVER",,"719926",,"HONDA","CIVIC","IL","2015","UNKNOWN","PASSENGER","PERSONAL","W","STRAIGHT AHEAD","true",,"1",,"PERSONAL TOW",,,"true","true","false",,,,,,,"true","true","true",,"TOTAL (ALL AREAS)",,,,,,,,,,,,,,,,,,,,,,,,,,,,,,,,,
"758205","JC469280","2019-10-11T13:30:00","1","DRIVER",,"720207",,"CHEVROLET","MALIBU (CHEVELLE)",,"2018","UNKNOWN","PASSENGER","PERSONAL","W","STRAIGHT AHEAD",,,"1",,,,,,,,,,,,,,,,"true",,"OTHER",,,,,,,,,,,,,,,,,,,,,,,,,,,,,,,,,
"758206","JC469280","2019-10-11T13:30:00","2","DRIVER",,"720213",,"DODGE","JOURNEY","IN","2019","NONE","PASSENGER","PERSONAL","W","STRAIGHT AHEAD",,,"1",,,,,,,,,,"true",,,,,,,,"REAR-LEFT",,,,,,,,,,,,,,,,,,,,,,,,,,,,,,,,,
"757850","JC468825","2019-10-11T13:30:00","1","DRIVER","2","719879",,"TOYOTA MOTOR COMPANY, LTD.","CAMRY",,"2011","NONE","PASSENGER","RIDESHARE SERVICE","N","SLOW/STOP IN TRAFFIC",,,"3",,,,,,,,"true",,,,,,,,,,"SIDE-RIGHT",,,,,,,,,,,,,,,,,,,,,,,,,,,,,,,,,
"757851","JC468825","2019-10-11T13:30:00","2","DRIVER","2","719886",,"TOYOTA MOTOR COMPANY, LTD.","Prius","IL","2016","NONE","PASSENGER","TAXI/FOR HIRE","N","STRAIGHT AHEAD",,,"3",,,,,,,,,,,,,,,"true",,,"UNDER CARRIAGE",,,,,,,,,,,,,,,,,,,,,,,,,,,,,,,,,
"757836","JC468794","2019-10-11T13:30:00","1","DRIVER",,"719857",,"CHEVROLET","IMPALA","IL","2014","NONE","PASSENGER","PERSONAL","S","UNKNOWN/NA",,,"1",,,,,,,,,,,,,"true",,"false",,,"ROOF",,,,,,,,,,,,,,,,,,,,,,,,,,,,,,,,,
"757837","JC468794","2019-10-11T13:30:00","2","DRIVER",,"719866",,"NISSAN","Pathfinder","IL","2007","NONE","SPORT UTILITY VEHICLE (SUV)","PERSONAL","S","UNKNOWN/NA",,,"1",,,,,"true","true",,,,,,,,,,,,"FRONT-RIGHT",,,,,,,,,,,,,,,,,,,,,,,,,,,,,,,,,
"757754","JC468696","2019-10-11T13:28:00","1","DRIVER",,"719787",,"CHEVROLET","UNKNOWN","IL","2002","NONE","SPORT UTILITY VEHICLE (SUV)","PERSONAL","UNKNOWN","UNKNOWN/NA",,,"1",,,,,,,,,,,"true",,,,,,,"SIDE-LEFT",,,,,,,,,,,,,,,,,,,,,,,,,,,,,,,,,
"757755","JC468696","2019-10-11T13:28:00","2","PARKED",,"719790",,"HYUNDAI","GENESIS","IL","2009","NONE","PASSENGER","PERSONAL","UNKNOWN","PARKED",,,"0",,,,,,,"true","true",,,,,,,,,,"SIDE-RIGHT",,,,,,,,,,,,,,,,,,,,,,,,,,,,,,,,,
"757812","JC468745","2019-10-11T13:20:00","1","DRIVER",,"719848","true","HINDUSTAN","UNKNOWN","IN","2018","NONE","OTHER","OTHER","S","BACKING",,,"1",,,,,,,,,,,"true",,,,,,,"SIDE-LEFT","8409","605338",,,"SIDE OF TRUCK","3","SERVICE SANITATION INC","IN","GARY",,,,"N","N",,"N",,"N","N",,,,,,,,,"SINGLE UNIT TRUCK, 2 AXLES, 6 TIRES","OTHER","OTHER",,"false",
"757813","JC468745","2019-10-11T13:20:00","2","DRIVER",,"719854",,"CHEVROLET","CHEVROLET-TRUCK,VAN,SUV,ETC","IL","2017","NONE","VAN/MINI-VAN","OTHER","N","TURNING LEFT",,,"1",,,,,,,"true","true",,,,,,,,,,"REAR-RIGHT",,,,,,,,,,,,,,,,,,,,,,,,,,,,,,,,,
"757841","JC468701","2019-10-11T13:18:00","1","DRIVER",,"719874",,"FORD","TAURUS","IL","2013","NONE","PASSENGER","POLICE","W","AVOIDING VEHICLES/OBJECTS","true",,"1",,,,,,,,,,,,,"false","true","true","true",,"TOTAL (ALL AREAS)",,,,,,,,,,,,,,,,,,,,,,,,,,,,,,,,,
"757893","JC468701","2019-10-11T13:18:00","2","DRIVER",,"719907",,"UNKNOWN","UNKNOWN",,,"UNKNOWN","PASSENGER","UNKNOWN/NA","W","STRAIGHT AHEAD",,,"1",,,,,,,,,,,,,,,,,"true","UNKNOWN",,,,,,,,,,,,,,,,,,,,,,,,,,,,,,,,,
"757765","JC468730","2019-10-11T13:15:00","1","DRIVER",,"719797",,"UNKNOWN","UNKNOWN",,,"UNKNOWN","UNKNOWN/NA","PERSONAL","E","STRAIGHT AHEAD",,,"1",,,,,,,,,,,,,,,,"true",,"OTHER",,,,,,,,,,,,,,,,,,,,,,,,,,,,,,,,,
"757766","JC468730","2019-10-11T13:15:00","2","DRIVER",,"719800",,"GENERAL MOTORS CORP.","UNKNOWN","IL","1994","NONE","TRUCK - SINGLE UNIT","TOW TRUCK","E","STRAIGHT AHEAD",,,"1",,,,,,,,,"true","true",,,,,,,,"REAR-LEFT",,,,,,,,,,,,,,,,,,,,,,,,,,,,,,,,,
"757830","JC468124","2019-10-11T13:15:00","1","DRIVER",,"719859",,"CHEVROLET","MALIBU (CHEVELLE)","NY","2014","NONE","PASSENGER","PERSONAL","W","BACKING",,,"1",,,,,,,,,,"true",,,,,,,,"REAR-LEFT",,,,,,,,,,,,,,,,,,,,,,,,,,,,,,,,,
"757831","JC468124","2019-10-11T13:15:00","2","DRIVER",,"719881",,"TOYOTA MOTOR COMPANY, LTD.","CAMRY","IL","2007","NONE","PASSENGER","PERSONAL","S","STRAIGHT AHEAD",,,"1",,,,,,"true",,,,,,,,,,,,"FRONT-RIGHT",,,,,,,,,,,,,,,,,,,,,,,,,,,,,,,,,
"757795","JC468712","2019-10-11T13:07:00","1","DRIVER",,"719825","true","VOLVO","UNKNOWN","IL","2007","NONE","TRACTOR W/ SEMI-TRAILER","PERSONAL","E","STRAIGHT AHEAD",,,"1",,,,,,,,,,,,,,,,,"true","UNKNOWN","8410",,,,,,"UNK",,,,,,,,,,,,,,,,,,,,,,,,,,
"757792","JC468712","2019-10-11T13:07:00","2","PARKED",,"719853",,"FORD","EXPLORER","IL",,"NONE","OTHER","NOT IN USE","E","PARKED",,,"0",,,,,,,,,,,,,,,"true",,,,,,,,,,,,,,,,,,,,,,,,,,,,,,,,,,,,
"757834","JC468802","2019-10-11T13:00:00","1","DRIVER",,"719868",,"FORD","FUSION",,"2019","UNKNOWN","UNKNOWN/NA","UNKNOWN/NA","S","UNKNOWN/NA",,,"1",,,,,,,,,,,,,,,,"true",,"OTHER",,,,,,,,,,,,,,,,,,,,,,,,,,,,,,,,,
"757835","JC468802","2019-10-11T13:00:00","2","PARKED",,"719855",,"FORD","FORD","IL","2011","NONE","OTHER","AMBULANCE","S","PARKED",,,"0",,,,,,,,,,,,,,,,,,"REAR-LEFT",,,,,,,,,,,,,,,,,,,,,,,,,,,,,,,,,
"757781","JC468725","2019-10-11T13:00:00","1","DRIVER",,"719817",,"TOYOTA MOTOR COMPANY, LTD.","Avalon","IL","2005","UNKNOWN","PASSENGER","PERSONAL","S","STRAIGHT AHEAD",,,"1",,,,,"true",,,,,,,,,,"true","true",,"OTHER",,,,,,,,,,,,,,,,,,,,,,,,,,,,,,,,,
"757782","JC468725","2019-10-11T13:00:00","2","DRIVER",,"719826",,"HYUNDAI","UNKNOWN","IL","2017","UNKNOWN","PASSENGER","PERSONAL","S","STRAIGHT AHEAD",,,"1",,,,,,,,,"true","true","true",,,,,,,"REAR-LEFT",,,,,,,,,,,,,,,,,,,,,,,,,,,,,,,,,
"757752","JC468700","2019-10-11T13:00:00","1","DRIVER",,"719789",,"FORD","ESCORT","IL",,"NONE","PASSENGER","PERSONAL","E","STRAIGHT AHEAD",,,"1",,,,,"false",,,,,,,,,,"true","true",,"TOTAL (ALL AREAS)",,,,,,,,,,,,,,,,,,,,,,,,,,,,,,,,,
"757753","JC468700","2019-10-11T13:00:00","2","DRIVER",,"719796",,"CHEVROLET","CHEVROLET","IL","2015","NONE","PASSENGER","PERSONAL","E","SLOW/STOP IN TRAFFIC",,,"1",,,,,,,,,"true","true",,,,,,,,"REAR",,,,,,,,,,,,,,,,,,,,,,,,,,,,,,,,,
"757772","JC468694","2019-10-11T13:00:00","1","DRIVER",,"719802","true","VOLVO","UNKNOWN","IL","2009","NONE","TRACTOR W/ SEMI-TRAILER","OTHER","N","TURNING RIGHT",,,"1",,,,,,,,,,,,,,,,"true",,"OTHER","8408","2993263",,,,"3","CDL TRANSPORTATION INC.","IL","DOWNERS GROOVE",,,,"N","N",,"N",,"N","N","2993263",,,,,,,"3","TRACTOR/SEMI-TRAILER","OTHER","UNKNOWN","false","false",
"757773","JC468694","2019-10-11T13:00:00","2","DRIVER",,"719808",,"CHEVROLET","C-1500","IL","2011","NONE","PICKUP","PERSONAL","NE","STRAIGHT AHEAD",,,"1",,,,,,,,"true",,,,,,,,,,"REAR-RIGHT",,,,,,,,,,,,,,,,,,,,,,,,,,,,,,,,,
"757798","JC468670","2019-10-11T12:55:00","1","DRIVER",,"719828",,"NISSAN","SENTRA (DATSUN AND NISSAN HAVE MERGED)","IL","2014","NONE","PASSENGER","PERSONAL","W","STRAIGHT AHEAD",,,"1",,,,,,"true","true","true",,,,,,,,,,"SIDE-RIGHT",,,,,,,,,,,,,,,,,,,,,,,,,,,,,,,,,
"757799","JC468670","2019-10-11T12:55:00","2","DRIVERLESS",,"719843",,"CHEVROLET","TAHOE","IL","2011","NONE","OTHER","POLICE","W","PARKED",,,"0",,,,,,,,,,,"true",,,,,,,"SIDE-LEFT",,,,,,,,,,,,,,,,,,,,,,,,,,,,,,,,,
"757756","JC468654","2019-10-11T12:45:00","1","DRIVER",,"719791",,"CHRYSLER","300","XX",,"UNKNOWN","PASSENGER","UNKNOWN/NA","S","STRAIGHT AHEAD",,,"1",,,,,,,,,,,,,,,,,"true","UNKNOWN",,,,,,,,,,,,,,,,,,,,,,,,,,,,,,,,,
"757757","JC468654","2019-10-11T12:45:00","2","DRIVER",,"719794",,"NISSAN","NISSAN ALTIMA","IL","2006","UNKNOWN","PASSENGER","PERSONAL","S","STRAIGHT AHEAD",,,"1",,,,,,,,,,"true",,,,,,,,"REAR-LEFT",,,,,,,,,,,,,,,,,,,,,,,,,,,,,,,,,
"757770","JC468698","2019-10-11T12:30:00","1","DRIVER",,"719819",,"TOYOTA MOTOR COMPANY, LTD.","UNKNOWN","IL","2000","UNKNOWN","PASSENGER","PERSONAL","UNKNOWN","STRAIGHT AHEAD",,,"1",,,,,,,,,,,,,,,,,"true","OTHER",,,,,,,,,,,,,,,,,,,,,,,,,,,,,,,,,
"757771","JC468698","2019-10-11T12:30:00","2","DRIVER",,"719839",,"HONDA","CRV","IL","2015","UNKNOWN","PASSENGER","PERSONAL","UNKNOWN","STRAIGHT AHEAD",,,"1",,,,,,,,,,"true",,,,,,,,"REAR-LEFT",,,,,,,,,,,,,,,,,,,,,,,,,,,,,,,,,
"757750","JC468695","2019-10-11T12:30:00","1","DRIVER",,"719785",,"TOYOTA MOTOR COMPANY, LTD.","Sienna (van)","IL","2012","NONE","VAN/MINI-VAN","PERSONAL","N","OTHER",,,"1",,,,,,,,"true","true",,,,,,,,,"REAR",,,,,,,,,,,,,,,,,,,,,,,,,,,,,,,,,
"757751","JC468695","2019-10-11T12:30:00","2","PARKED",,"719788",,"SUBARU","IMPREZA","IL","2019","NONE","PASSENGER","PERSONAL","N","PARKED",,,"0",,,,,,,,,,,,,,"true","true",,,"FRONT",,,,,,,,,,,,,,,,,,,,,,,,,,,,,,,,,
"757743","JC468662","2019-10-11T12:25:00","1","DRIVER",,"719778",,"NISSAN","NISSAN ALTIMA","IL","2015","NONE","PASSENGER","PERSONAL","S","ENTERING TRAFFIC LANE FROM PARKING",,,"1",,,,,,,,,,,,,,,"true",,,"TOTAL (ALL AREAS)",,,,,,,,,,,,,,,,,,,,,,,,,,,,,,,,,
"757744","JC468662","2019-10-11T12:25:00","2","DRIVER",,"719781",,"FORD","ESCAPE (SUV)","IL","2012","NONE","SPORT UTILITY VEHICLE (SUV)","TAXI/FOR HIRE","S","STRAIGHT AHEAD",,,"1",,,,,,,,,,,,,,,,,"true","FRONT",,,,,,,,,,,,,,,,,,,,,,,,,,,,,,,,,
"757829","JC468612","2019-10-11T12:17:00","1","DRIVER",,"719863",,"MAZDA","CS-9","IL","2014","UNKNOWN","SPORT UTILITY VEHICLE (SUV)","PERSONAL","N","STRAIGHT AHEAD","true",,"1",,,,,,,,,,,,,,,"true",,,"TOTAL (ALL AREAS)",,,,,,,,,,,,,,,,,,,,,,,,,,,,,,,,,
"757737","JC468621","2019-10-11T12:14:00","1","DRIVER",,"719771",,"BUICK","CENTURY","IL","2000","BRAKES","PASSENGER","PERSONAL","N","STRAIGHT AHEAD","true",,"1",,"OWNER","OWNER",,"true",,,,,,,,,,,,,"FRONT",,,,,,,,,,,,,,,,,,,,,,,,,,,,,,,,,
"757804","JC468660","2019-10-11T12:04:00","1","DRIVER","2","719829",,"JEEP","PATRIOT","IL","2014","UNKNOWN","SPORT UTILITY VEHICLE (SUV)","PERSONAL","SE","STRAIGHT AHEAD","true",,"3",,"PRIVATE","PRIVATE",,,,,,,,,,,,,,,,,,,,,,,,,,,,,,,,,,,,,,,,,,,,,,,,
"758150","JC469034","2019-10-11T12:00:00","1","DRIVER",,"720176",,"CHEVROLET","CHEVROLET-TRUCK,VAN,SUV,ETC","IL","1989","OTHER","VAN/MINI-VAN","UNKNOWN/NA","UNKNOWN","UNKNOWN/NA",,,"1",,,,,,,,,"true",,,,,,,,,"REAR",,,,,,,,,,,,,,,,,,,,,,,,,,,,,,,,,
"758151","JC469034","2019-10-11T12:00:00","2","PARKED",,"720203",,"TOYOTA MOTOR COMPANY, LTD.","CAMRY","IL","2014","NONE","PASSENGER","NOT IN USE","UNKNOWN","PARKED",,,"0",,,,,,,,,,,,,,,"true",,,"FRONT",,,,,,,,,,,,,,,,,,,,,,,,,,,,,,,,,
"757731","JC468614","2019-10-11T11:55:00","1","DRIVER",,"719765","true","UNKNOWN","UNKNOWN",,,"UNKNOWN","TRACTOR W/ SEMI-TRAILER","UNKNOWN/NA","W","STARTING IN TRAFFIC",,,"1",,,,,,"true",,,,,,,,,,,,"SIDE-RIGHT","8405","165881",,,,,"WEST SIDE TRANSPORTATION",,,,,,"N","N",,"N",,"N","N",,,,,,,,,"TRACTOR/SEMI-TRAILER","VAN/ENCLOSED BOX","UNKNOWN","false","false",
"757732","JC468614","2019-10-11T11:55:00","2","DRIVER",,"719782","true","FREIGHTLINER CORP.","FREIGHTLINER CORP.","IN",,"NONE","OTHER VEHICLE WITH TRAILER","CONSTRUCTION/MAINTENANCE","W","STARTING IN TRAFFIC",,,"1",,,,,,"true",,,,,,,,"true",,,,"SIDE-RIGHT","8406","80806",,,"LOG BOOK",,"JB HUNT","IN","NOBLESVILLE",,,,"N","N",,"N",,"N","N",,,,,,,,,"TRACTOR/SEMI-TRAILER","VAN/ENCLOSED BOX","OTHER","false","false",
"757714","JC468586","2019-10-11T11:55:00","1","DRIVER",,"719751",,"JEEP","CHEROKEE","IL","2012","NONE","PASSENGER","PERSONAL","SE","TURNING LEFT",,,"1",,,,,"true",,,,,,,,,,"true","true",,"TOTAL (ALL AREAS)",,,,,,,,,,,,,,,,,,,,,,,,,,,,,,,,,
"757715","JC468586","2019-10-11T11:55:00","2","DRIVER",,"719758",,"HONDA","ACCORD","IL","1998","NONE","PASSENGER","PERSONAL","N","TURNING LEFT",,,"1",,,,,,,,,,,"true","true","true","true","true",,,"ROOF",,,,,,,,,,,,,,,,,,,,,,,,,,,,,,,,,
"757783","JC468742","2019-10-11T11:50:00","1","DRIVER",,"719813",,"TOYOTA MOTOR COMPANY, LTD.","RAV4 (sport utility)","IL","2013","NONE","PASSENGER","TAXI/FOR HIRE","E","U-TURN",,,"1",,,,"true","false",,,,,,,,,,,,,"FRONT",,,,,,,,,,,,,,,,,,,,,,,,,,,,,,,,,
"757784","JC468742","2019-10-11T11:50:00","2","DRIVER","1","719821",,"NISSAN","NISSAN ALTIMA","IL","2017","NONE","PASSENGER","RIDESHARE SERVICE","W","STRAIGHT AHEAD",,,"2",,,,,,,,,,,,,,,"true",,,"TOTAL (ALL AREAS)",,,,,,,,,,,,,,,,,,,,,,,,,,,,,,,,,
"757722","JC468585","2019-10-11T11:50:00","1","DRIVER",,"719769",,"CHEVROLET","MALIBU (CHEVELLE)","IL","2010","UNKNOWN","PASSENGER","UNKNOWN/NA","N","UNKNOWN/NA",,,"1",,,,,"true",,,,,,,,,,,,,"FRONT",,,,,,,,,,,,,,,,,,,,,,,,,,,,,,,,,
"757704","JC468550","2019-10-11T11:35:00","1","DRIVER",,"719732",,"CHEVROLET","UNKNOWN","IL","2014","NONE","PASSENGER","PERSONAL","SW","TURNING RIGHT","true",,"1",,"unk",,,"true",,,,,,,,,,,"true",,"FRONT",,,,,,,,,,,,,,,,,,,,,,,,,,,,,,,,,
"757705","JC468550","2019-10-11T11:35:00","2","DRIVER",,"719739",,"TOYOTA MOTOR COMPANY, LTD.","UNKNOWN","IL","2018","NONE","PASSENGER","PERSONAL","S","SLOW/STOP IN TRAFFIC",,,"1",,,,,,,,,,"true",,,,,,,,"REAR-LEFT",,,,,,,,,,,,,,,,,,,,,,,,,,,,,,,,,
"757727","JC468622","2019-10-11T11:34:00","1","DRIVER",,"719760",,"MAZDA","UNKNOWN","IL","2019","NONE","PASSENGER","PERSONAL","E","STRAIGHT AHEAD",,,"1",,,,,,,,,,,,,,,,"true",,"OTHER",,,,,,,,,,,,,,,,,,,,,,,,,,,,,,,,,
"757728","JC468622","2019-10-11T11:34:00","2","DRIVER",,"719766",,"CHEVROLET","EQUINOX","IL","2018","NONE","SPORT UTILITY VEHICLE (SUV)","PERSONAL","E","STRAIGHT AHEAD",,,"1",,,,,,,,,,"true",,,,,,,,"REAR-LEFT",,,,,,,,,,,,,,,,,,,,,,,,,,,,,,,,,
"757684","JC468533","2019-10-11T11:17:00","1","DRIVER","1","719722",,"HONDA","UNKNOWN","IL","2019","NONE","PASSENGER","DRIVER EDUCATION","NE","TURNING RIGHT","true",,"2",,"PRIVATE COMPANY",,,"true",,,,,,,,"true","true","true","true",,"OTHER",,,,,,,,,,,,,,,,,,,,,,,,,,,,,,,,,
"757685","JC468533","2019-10-11T11:17:00","2","DRIVER",,"719773",,"UNKNOWN","UNKNOWN","IL","2002","NONE","BUS OVER 15 PASS.","CTA","NW","SLOW/STOP IN TRAFFIC",,,"1",,,,,,,,,,,,,"true",,,,,"ROOF",,,,,,,,,,,,,,,,,,,,,,,,,,,,,,,,,
"757697","JC468541","2019-10-11T11:13:00","1","DRIVER",,"719731",,"HONDA","ACCORD","IL","2007","NONE","PASSENGER","PERSONAL","S","STRAIGHT AHEAD","true",,"1",,"WEST LOOP AUTO",,,,,,,,,"true","true",,,,,,"SIDE-RIGHT",,,,,,,,,,,,,,,,,,,,,,,,,,,,,,,,,
"757698","JC468541","2019-10-11T11:13:00","2","DRIVER",,"719747",,"HYUNDAI","TUCSON","IL","2017","NONE","PASSENGER","PERSONAL","W","STRAIGHT AHEAD","true",,"1",,"WEST LOOP AUTO",,,"true",,,,,,,,,,"true","true",,"OTHER",,,,,,,,,,,,,,,,,,,,,,,,,,,,,,,,,
"757716","JC468608","2019-10-11T11:10:00","1","DRIVER",,"719750",,"CHEVROLET","UNKNOWN","IL","2019","NONE","PASSENGER","OTHER","SW","TURNING LEFT",,,"1",,,,,"true",,,,,,,,,,,,,"FRONT",,,,,,,,,,,,,,,,,,,,,,,,,,,,,,,,,
"757717","JC468608","2019-10-11T11:10:00","2","DRIVER",,"719761",,"CADILLAC","UNKNOWN","IL","2007","UNKNOWN","SPORT UTILITY VEHICLE (SUV)","UNKNOWN/NA","N","STRAIGHT AHEAD",,,"1",,,,,,,"true",,,,,,,,,,,"SIDE-RIGHT",,,,,,,,,,,,,,,,,,,,,,,,,,,,,,,,,
"757735","JC468517","2019-10-11T11:06:00","1","DRIVER",,"719768",,"FORD","EXPLORER","IL","2002","NONE","PASSENGER","PERSONAL","N","PASSING/OVERTAKING",,,"1",,,,,"true",,,,,,,,,,,,,"FRONT",,,,,,,,,,,,,,,,,,,,,,,,,,,,,,,,,
"757736","JC468517","2019-10-11T11:06:00","2","DRIVER",,"719770",,"ACURA (DIV. OF AMERICAN HONDA MOTOR CO.)","MDX","IL","2014","NONE","PASSENGER","RIDESHARE SERVICE","N","STRAIGHT AHEAD",,,"2",,,,,,,,,,,,"true","true","true",,,,"ROOF",,,,,,,,,,,,,,,,,,,,,,,,,,,,,,,,,
"757695","JC468527","2019-10-11T11:05:00","1","DRIVER","1","719754",,"NISSAN","ROGUE","IL","2017","NONE","SPORT UTILITY VEHICLE (SUV)","RIDESHARE SERVICE","N","STRAIGHT AHEAD",,,"2",,,,,,,,,,,,,,,,"true",,"OTHER",,,,,,,,,,,,,,,,,,,,,,,,,,,,,,,,,
"757696","JC468527","2019-10-11T11:05:00","2","DRIVER","2","719762",,"NISSAN","ROGUE","IL","2015","NONE","SPORT UTILITY VEHICLE (SUV)","RIDESHARE SERVICE","N","STRAIGHT AHEAD",,,"3",,,,,,,,,"true","true",,,,,,,,"REAR-LEFT",,,,,,,,,,,,,,,,,,,,,,,,,,,,,,,,,
"757769","JC468684","2019-10-11T11:00:00","1","DRIVER",,"719801",,"ACURA","ACURA","IL","2013","NONE","PASSENGER","PERSONAL","E","OTHER",,,"1",,,,,,,"true","true",,,,,,,,,,"REAR-RIGHT",,,,,,,,,,,,,,,,,,,,,,,,,,,,,,,,,
"757764","JC468684","2019-10-11T11:00:00","2","PARKED",,"719830",,"TOYOTA MOTOR COMPANY, LTD.","RAV4 (sport utility)","IA","2000","UNKNOWN","PASSENGER","NOT IN USE","S","PARKED",,,"0",,,,,,,,,,,"true",,,,,,,"FRONT-LEFT",,,,,,,,,,,,,,,,,,,,,,,,,,,,,,,,,
"757668","JC468532","2019-10-11T11:00:00","1","DRIVER",,"719705",,"CHEVROLET","CRUZE",,,"UNKNOWN","PASSENGER","PERSONAL","W","CHANGING LANES",,,"1",,,,,,,"true","true",,,,,,,,,,"REAR-RIGHT",,,,,,,,,,,,,,,,,,,,,,,,,,,,,,,,,
"757669","JC468532","2019-10-11T11:00:00","2","DRIVER",,"719713",,"FORD","F650 Super Crew","IL","2013","NONE","TRUCK - SINGLE UNIT","COMMERCIAL - SINGLE UNIT","W","CHANGING LANES",,,"1",,,,"true",,,,,,,,,"false",,,,,"ROOF",,,,,,,,,,,,,,,,,,,,,,,,,,,,,,,,,
"757665","JC468507","2019-10-11T11:00:00","1","DRIVER","1","719701",,"CHEVROLET","TRAVERSE","IL","2017","UNKNOWN","PASSENGER","PERSONAL","N","STRAIGHT AHEAD",,,"2",,,,,"true",,,,,,,,,,"true",,,"FRONT",,,,,,,,,,,,,,,,,,,,,,,,,,,,,,,,,
"757666","JC468507","2019-10-11T11:00:00","2","DRIVER",,"719704",,"CHEVROLET","UNKNOWN",,"2015","UNKNOWN","PASSENGER","PERSONAL","W","STRAIGHT AHEAD","true",,"1",,"unk","unk",,,,,"true","true","true","true",,,,,,,"FRONT-LEFT",,,,,,,,,,,,,,,,,,,,,,,,,,,,,,,,,
"757667","JC468507","2019-10-11T11:00:00","3","PARKED",,"719710",,"KIA MOTORS CORP","SOUL","IL","2015","UNKNOWN","PASSENGER","NOT IN USE","W","PARKED",,,"0",,,,,,,,,,"true","true","true",,,,,,"SIDE-LEFT",,,,,,,,,,,,,,,,,,,,,,,,,,,,,,,,,
"757694","JC468575","2019-10-11T10:55:00","1","DRIVER",,"719724",,"FORD","Explorer","IL","2002","NONE","SPORT UTILITY VEHICLE (SUV)","PERSONAL","W","ENTERING TRAFFIC LANE FROM PARKING",,,"1",,,,,,,,,,,,,,,"true","true",,"TOTAL (ALL AREAS)",,,,,,,,,,,,,,,,,,,,,,,,,,,,,,,,,
"757682","JC468539","2019-10-11T10:55:00","1","DRIVER",,"719719",,"SUZUKI","XL-7 or XL-7 Grand Vitara","IL","2006","UNKNOWN","PASSENGER","PERSONAL","NW","STRAIGHT AHEAD",,,"1",,,,,"true","true",,,,,,,,,,,,,,,,,,,,,,,,,,,,,,,,,,,,,,,,,,,,,
"757683","JC468539","2019-10-11T10:55:00","2","DRIVER",,"719726",,"FORD","FUSION","IL","2016","NONE","PASSENGER","PERSONAL","W","STRAIGHT AHEAD",,,"1",,,,,,,,,,,"true","true",,,,,,,,,,,,,,,,,,,,,,,,,,,,,,,,,,,,,,,
"757654","JC468491","2019-10-11T10:55:00","1","DRIVER",,"719690",,"UNKNOWN","UNKNOWN","IL",,"UNKNOWN","PASSENGER","PERSONAL","W","STRAIGHT AHEAD",,,"1",,,,,,"true","true","true","true",,,,,,,,"true","SIDE-RIGHT",,,,,,,,,,,,,,,,,,,,,,,,,,,,,,,,,
"757655","JC468491","2019-10-11T10:55:00","2","DRIVER",,"719749",,"VOLKSWAGEN","JETTA","IL","2012","UNKNOWN","PASSENGER","RIDESHARE SERVICE","E","STRAIGHT AHEAD",,,"1",,,,,,,,"true","true",,,,,,,,,"REAR-RIGHT",,,,,,,,,,,,,,,,,,,,,,,,,,,,,,,,,
"757661","JC468487","2019-10-11T10:50:00","1","DRIVER",,"719693",,"NISSAN","NISSAN MAXIMA","IL","2009","NONE","PASSENGER","PERSONAL","S","STRAIGHT AHEAD",,,"1",,,,,"true",,,,,,,,,,"true","true",,"OTHER",,,,,,,,,,,,,,,,,,,,,,,,,,,,,,,,,
"757662","JC468487","2019-10-11T10:50:00","2","DRIVER",,"719698",,"NEW FLYER","NEW FLYER","IL",,"NONE","BUS OVER 15 PASS.","CTA","S","STRAIGHT AHEAD",,,"1",,,,,,,,,"true","true","true",,,,,,,"REAR-LEFT",,,,,,,,,,,,,,,,,,,,,,,,,,,,,,,,,