"crash_unit_id","rd_no","crash_date","unit_no","unit_type","num_passengers","vehicle_id","cmrc_veh_i","make","model","lic_plate_state","vehicle_year","vehicle_defect","vehicle_type","vehicle_use","travel_direction","maneuver","towed_i","fire_i","occupant_cnt","exceed_speed_limit_i","towed_by","towed_to","area_00_i","area_01_i","area_02_i","area_03_i","area_04_i","area_05_i","area_06_i","area_07_i","area_08_i","area_09_i","area_10_i","area_11_i","area_12_i","area_99_i","first_contact_point","cmv_id","usdot_no","ccmc_no","ilcc_no","commercial_src","gvwr","carrier_name","carrier_state","carrier_city","hazmat_placards_i","hazmat_name","un_no","hazmat_present_i","hazmat_report_i","hazmat_report_no","mcs_report_i","mcs_report_no","hazmat_vio_cause_crash_i","mcs_vio_cause_crash_i","idot_permit_no","wide_load_i","trailer1_width","trailer2_width","trailer1_length","trailer2_length","total_vehicle_length","axle_cnt","vehicle_config","cargo_body_type","load_type","hazmat_out_of_service_i","mcs_out_of_service_i","hazmat_class"
"757608","JC468356","2019-10-11T08:15:00","2","DRIVER",,"719658",,"MACK TRUCKS, INC.","MACK TRUCKS, INC.","IL","2016","NONE","TRACTOR W/ SEMI-TRAILER","COMMERCIAL - MULTI-UNIT","N","STRAIGHT AHEAD",,,"1",,,,,,,,,,,,,,,,"true",,"OTHER",,,,,,,,,,,,,,,,,,,,,,,,,,,,,,,,,
"757564","JC468314","2019-10-11T08:05:00","1","DRIVER",,"719604",,"FORD","F350","IL","2005","NONE","PICKUP","PERSONAL","S","STRAIGHT AHEAD",,,"1",,,,,"true",,,,,,,,,,,,,"FRONT",,,,,,,,,,,,,,,,,,,,,,,,,,,,,,,,,
"757565","JC468314","2019-10-11T08:05:00","2","DRIVER",,"719610",,"NISSAN","NISSAN","IL","2016","NONE","PASSENGER","PERSONAL","S","SLOW/STOP IN TRAFFIC",,,"1",,,,,,,,,,,,,"true",,,,,"ROOF",,,,,,,,,,,,,,,,,,,,,,,,,,,,,,,,,
"757889","JC468747","2019-10-11T08:00:00","1","DRIVER",,"719934",,"GENERAL MOTORS CORP.","ACADIA","IL","2014","NONE","SPORT UTILITY VEHICLE (SUV)","PERSONAL","N","STRAIGHT AHEAD",,,"1",,,,,,,,,,,,,,,,"true",,"OTHER",,,,,,,,,,,,,,,,,,,,,,,,,,,,,,,,,
"757890","JC468747","2019-10-11T08:00:00","2","DRIVER",,"720007",,"FORD","UNKNOWN","IL","2017","NONE","PASSENGER","PERSONAL","N","STRAIGHT AHEAD",,,"1",,,,,,,,,"false","true","false",,,,,,,"REAR-LEFT",,,,,,,,,,,,,,,,,,,,,,,,,,,,,,,,,
"757562","JC468331","2019-10-11T07:55:00","1","DRIVER",,"719603",,"CADILLAC","UNKNOWN","MI","2007","NONE","SPORT UTILITY VEHICLE (SUV)","UNKNOWN/NA","SE","STRAIGHT AHEAD",,,"1",,,,,,,,,,,,,,,,,"true","UNKNOWN",,,,,,,,,,,,,,,,,,,,,,,,,,,,,,,,,
"757563","JC468331","2019-10-11T07:55:00","2","DRIVER","1","719607",,"TOYOTA MOTOR COMPANY, LTD.","COROLLA","IL","2004","NONE","PASSENGER","PERSONAL","SE","SLOW/STOP IN TRAFFIC",,,"2",,,,,,,,,"true","true","true",,,,,,,"REAR-LEFT",,,,,,,,,,,,,,,,,,,,,,,,,,,,,,,,,
"757581","JC468329","2019-10-11T07:50:00","1","DRIVER",,"719618",,"NISSAN","Pathfinder","IL","1998","UNKNOWN","PASSENGER","PERSONAL","N","STRAIGHT AHEAD",,,"1",,,,,,,,,,,,,,,,"true",,"OTHER",,,,,,,,,,,,,,,,,,,,,,,,,,,,,,,,,
"757582","JC468329","2019-10-11T07:50:00","2","DRIVER",,"719622",,"CHEVROLET","TRAVERSE","IL","2019","NONE","PASSENGER","PERSONAL","N","STRAIGHT AHEAD",,,"1",,,,,,,,,,"true",,,,,,,,"REAR-LEFT",,,,,,,,,,,,,,,,,,,,,,,,,,,,,,,,,
"757540","JC468295","2019-10-11T07:50:00","1","DRIVER",,"719592",,"PONTIAC","UNKNOWN","IL","2006","NONE","PASSENGER","PERSONAL","E","STRAIGHT AHEAD",,,"1",,,,,"true",,,,,,,,,,,,,"SIDE-RIGHT",,,,,,,,,,,,,,,,,,,,,,,,,,,,,,,,,
"757541","JC468295","2019-10-11T07:50:00","2","DRIVER",,"719581",,"HYUNDAI","ELANTRA","IL","2012","NONE","PASSENGER","PERSONAL","E","STRAIGHT AHEAD",,,"1",,,,,,,,,,,,,,,"true",,,"UNDER CARRIAGE",,,,,,,,,,,,,,,,,,,,,,,,,,,,,,,,,
"758141","JC469119","2019-10-11T07:48:00","1","DRIVER",,"720171",,"DODGE","JOURNEY","IL","2019","NONE","SPORT UTILITY VEHICLE (SUV)","PERSONAL","N","STRAIGHT AHEAD","true",,"1",,"UNKNOWN","UNKNOWN",,"true","true",,,,,,,,,,"false",,"FRONT",,,,,,,,,,,,,,,,,,,,,,,,,,,,,,,,,
"758142","JC469119","2019-10-11T07:48:00","2","PARKED",,"720182",,"MERCEDES-BENZ","ML320 (sport utility)","IL","2001","NONE","SPORT UTILITY VEHICLE (SUV)","PERSONAL","N","PARKED",,,"0",,,,,,,,,,,"true",,,,,,,"SIDE-LEFT",,,,,,,,,,,,,,,,,,,,,,,,,,,,,,,,,
"757573","JC468337","2019-10-11T07:45:00","1","DRIVER",,"719612",,"CHEVROLET","SUBURBAN","IL","2017","UNKNOWN","PASSENGER","PERSONAL","E","STRAIGHT AHEAD",,,"1",,,,,,,,,,,,,,"true","true",,,"TOTAL (ALL AREAS)",,,,,,,,,,,,,,,,,,,,,,,,,,,,,,,,,
"757574","JC468337","2019-10-11T07:45:00","2","DRIVER",,"719616",,"DODGE","CHARGER","IL","2010","UNKNOWN","PASSENGER","PERSONAL","E","STRAIGHT AHEAD",,,"1",,,,,"true",,,,,,,,,,,,,"FRONT",,,,,,,,,,,,,,,,,,,,,,,,,,,,,,,,,
"757611","JC468293","2019-10-11T07:41:00","1","DRIVER",,"719648",,"TOYOTA MOTOR COMPANY, LTD.","CAMRY",,,"NONE","PASSENGER","PERSONAL","W","ENTERING TRAFFIC LANE FROM PARKING",,,"1",,,,,,,,,,,,,,"true","true",,,"TOTAL (ALL AREAS)",,,,,,,,,,,,,,,,,,,,,,,,,,,,,,,,,
"757612","JC468293","2019-10-11T07:41:00","2","DRIVER",,"719654",,"MAZDA","MX3",,,"NONE","PASSENGER","PERSONAL","W","STRAIGHT AHEAD",,,"1",,,,,"true","true",,,,,,,,,,,,"FRONT",,,,,,,,,,,,,,,,,,,,,,,,,,,,,,,,,
"758101","JC469144","2019-10-11T07:40:00","1","DRIVER",,"720128",,"CHEVROLET","CHEVROLET","IL","2000","UNKNOWN","UNKNOWN/NA","UNKNOWN/NA","S","CHANGING LANES",,,"1",,,,,"true",,,,,,,,,,,,,"FRONT",,,,,,,,,,,,,,,,,,,,,,,,,,,,,,,,,
"758102","JC469144","2019-10-11T07:40:00","2","DRIVER",,"720117",,"HONDA","ACCORD","IL","2013","NONE","PASSENGER","PERSONAL","S","STRAIGHT AHEAD",,,"1",,,,,,,,,,,,,"true","true",,,,"ROOF",,,,,,,,,,,,,,,,,,,,,,,,,,,,,,,,,
"757955","JC469012","2019-10-11T07:39:00","1","DRIVER",,"719992",,"UNKNOWN","UNKNOWN",,,"UNKNOWN","PASSENGER","PERSONAL","S","TURNING LEFT",,,"1",,,,,,,,,,,"true","true",,,,,"true","FRONT-LEFT",,,,,,,,,,,,,,,,,,,,,,,,,,,,,,,,,
"757954","JC469012","2019-10-11T07:39:00","2","DRIVER",,"719976",,"TOYOTA MOTOR COMPANY, LTD.","COROLLA","IL","2001","NONE","PASSENGER","PERSONAL","N","STRAIGHT AHEAD",,,"1",,,,,,,,,,,,,,,"true","true","true","TOTAL (ALL AREAS)",,,,,,,,,,,,,,,,,,,,,,,,,,,,,,,,,
"757978","JC469019","2019-10-11T07:35:00","1","DRIVER",,"719996",,"UNKNOWN","UNKNOWN","IL",,"UNKNOWN","UNKNOWN/NA","UNKNOWN/NA","UNKNOWN","UNKNOWN/NA",,,"1",,,,,,,,,,,,,,,,,"true","UNKNOWN",,,,,,,,,,,,,,,,,,,,,,,,,,,,,,,,,
"757979","JC469019","2019-10-11T07:35:00","2","DRIVER",,"719990",,"VOLKSWAGEN","BEETLE (SUPER BEETLE OR BUG)","IL","2001","NONE","PASSENGER","PERSONAL","W","TURNING RIGHT",,,"1",,,,,"true",,,,,,,,"true","true","true","true",,"TOTAL (ALL AREAS)",,,,,,,,,,,,,,,,,,,,,,,,,,,,,,,,,
"757549","JC468307","2019-10-11T07:35:00","1","DRIVER",,"719596",,"TOYOTA MOTOR COMPANY, LTD.","COROLLA","IL",,"UNKNOWN","PASSENGER","PERSONAL","N","AVOIDING VEHICLES/OBJECTS",,,"1",,,,,,,,,,,,,,,,,"true","UNKNOWN",,,,,,,,,,,,,,,,,,,,,,,,,,,,,,,,,
"757550","JC468307","2019-10-11T07:35:00","2","DRIVER",,"719590",,"LAND ROVER","LAND ROVER","IL","2011","UNKNOWN","SPORT UTILITY VEHICLE (SUV)","PERSONAL","S","TURNING LEFT",,,"1",,,,,,,,"true",,,,,,,,,,"REAR-RIGHT",,,,,,,,,,,,,,,,,,,,,,,,,,,,,,,,,
"757527","JC468283","2019-10-11T07:35:00","1","DRIVER",,"719567",,"KIA MOTORS CORP","Optima","IL","2014","NONE","PASSENGER","PERSONAL","S","STRAIGHT AHEAD",,,"1",,,,,,"true","true","true","true",,,,,,,,,"SIDE-RIGHT",,,,,,,,,,,,,,,,,,,,,,,,,,,,,,,,,
"757528","JC468283","2019-10-11T07:35:00","2","DRIVER",,"719574",,"NISSAN","Pathfinder","IL","2015","NONE","PASSENGER","PERSONAL","E","STRAIGHT AHEAD",,,"1",,,,,"true",,,,,,,,,,"true","true",,"OTHER",,,,,,,,,,,,,,,,,,,,,,,,,,,,,,,,,
"757536","JC468280","2019-10-11T07:33:00","1","DRIVER",,"719573",,"BUICK","RAINIER","IL","2004","NONE","SPORT UTILITY VEHICLE (SUV)","PERSONAL","S","STRAIGHT AHEAD",,,"1",,,,,,,,,,,,,,"true","true","true",,"TOTAL (ALL AREAS)",,,,,,,,,,,,,,,,,,,,,,,,,,,,,,,,,
"757537","JC468280","2019-10-11T07:33:00","2","DRIVER",,"719577",,"JEEP","LAREDO","IL","2015","NONE","SPORT UTILITY VEHICLE (SUV)","PERSONAL","N","STRAIGHT AHEAD","true",,"1",,"PRIVATE TOW","UNK",,,,,,,,"true","true","true",,,,,"ROOF",,,,,,,,,,,,,,,,,,,,,,,,,,,,,,,,,
"757557","JC468300","2019-10-11T07:30:00","1","DRIVER",,"719593",,"DODGE","RAM 1500 PU","IL","2007","UNKNOWN","PICKUP","PERSONAL","S","BACKING",,,"1",,,,,,,,,,"true",,,,,,,,"REAR-LEFT",,,,,,,,,,,,,,,,,,,,,,,,,,,,,,,,,
"757558","JC468300","2019-10-11T07:30:00","2","DRIVER","2","719600",,"CHEVROLET","COBALT","IL","2007","UNKNOWN","PASSENGER","PERSONAL","W","STRAIGHT AHEAD","true",,"3",,"OWNER",,,"true","true","true",,,,,,,,,,,"FRONT-RIGHT",,,,,,,,,,,,,,,,,,,,,,,,,,,,,,,,,
"757559","JC468313","2019-10-11T07:26:00","1","DRIVER",,"719591",,"KIA MOTORS CORP","Sportage (sport utility)","IL","2016","NONE","SPORT UTILITY VEHICLE (SUV)","PERSONAL","N","STRAIGHT AHEAD",,,"1",,,,,"true",,,,,,,,,,,"true","false","FRONT",,,,,,,,,,,,,,,,,,,,,,,,,,,,,,,,,
"757560","JC468313","2019-10-11T07:26:00","2","DRIVER",,"719597",,"ISUZU","ISUZU","IL","2019","NONE","TRUCK - SINGLE UNIT","PERSONAL","N","STRAIGHT AHEAD",,,"1",,,,"true",,,,,,"true",,,,,,,,"REAR-LEFT",,,,,,,,,,,,,,,,,,,,,,,,,,,,,,,,,
"757572","JC468282","2019-10-11T07:22:00","1","DRIVER",,"719615",,"TOYOTA MOTOR COMPANY, LTD.","Sienna (van)","IL","2002","UNKNOWN","VAN/MINI-VAN","PERSONAL","S","STRAIGHT AHEAD","true",,"1",,"EAST SIDE TOW SERVICE","3425 N. HALSTED",,,,,,,,,,,,,,"true",,,,,,,,,,,,,,,,,,,,,,,,,,,,,,,,,,
"757529","JC468270","2019-10-11T07:22:00","1","DRIVER","3","719569",,"BLUE BIRD BODY CO.","BLUE BIRD BODY CO.","IL","2008","NONE","BUS UP TO 15 PASS.","SCHOOL BUS","E","STRAIGHT AHEAD",,,"4",,,,,,,,,,,,,,,,"true",,"OTHER",,,,,,,,,,,,,,,,,,,,,,,,,,,,,,,,,
"757530","JC468270","2019-10-11T07:22:00","2","DRIVER",,"719576",,"NISSAN","NISSAN ALTIMA","IL","2017","NONE","PASSENGER","PERSONAL","N","STRAIGHT AHEAD",,,"1",,,,,,,,,"true",,,,,,"true",,,"REAR",,,,,,,,,,,,,,,,,,,,,,,,,,,,,,,,,
"757553","JC468281","2019-10-11T07:17:00","1","DRIVER",,"719586",,"UNKNOWN","UNKNOWN","IL",,"UNKNOWN","PASSENGER","UNKNOWN/NA","W","PASSING/OVERTAKING",,,"1",,,,,,"true",,,,,,,,,,,,"SIDE-RIGHT",,,,,,,,,,,,,,,,,,,,,,,,,,,,,,,,,
"757554","JC468281","2019-10-11T07:17:00","2","DRIVER","4","719601","false","UNKNOWN","UNKNOWN","IL","2016","NONE","BUS OVER 15 PASS.","OTHER","W","SLOW/STOP IN TRAFFIC",,,"5",,,,,,,,,,,,,,"true",,,,,,,,,,,,,,,,,,,,,,,,,,,,,,,,,,,,,
"757522","JC468268","2019-10-11T07:16:00","1","DRIVER",,"719563",,"MERCURY","GRAND MARQUIS","IL","2008","NONE","PASSENGER","PERSONAL","S","STRAIGHT AHEAD","true",,"1",,,,,,,,,,,,"true","true","true","true",,,"TOTAL (ALL AREAS)",,,,,,,,,,,,,,,,,,,,,,,,,,,,,,,,,
"757555","JC468317","2019-10-11T07:15:00","1","DRIVER","1","719589",,"CHEVROLET","SUBURBAN","IL","2003","NONE","SPORT UTILITY VEHICLE (SUV)","PERSONAL","N","STRAIGHT AHEAD",,,"2",,,,,,,,,,,,,,,,"true",,"OTHER",,,,,,,,,,,,,,,,,,,,,,,,,,,,,,,,,
"757556","JC468317","2019-10-11T07:15:00","2","DRIVER","1","719594",,"FORD","EXPLORER","IL","2015","NONE","PICKUP","PERSONAL","N","SLOW/STOP IN TRAFFIC",,,"2",,,,,,,,,,"true",,,,,,,,"REAR-LEFT",,,,,,,,,,,,,,,,,,,,,,,,,,,,,,,,,
"758097","JC469142","2019-10-11T07:05:00","1","DRIVER",,"720111",,"DODGE","RAM 1500 PU","IL","2014","NONE","PICKUP","PERSONAL","N","STRAIGHT AHEAD",,,"1",,,,"true",,,,,,,,,,,,,"false","OTHER",,,,,,,,,,,,,,,,,,,,,,,,,,,,,,,,,
"758098","JC469142","2019-10-11T07:05:00","2","DRIVER",,"720119",,"HONDA","RIDGELINE","IL","2007","NONE","PICKUP","PERSONAL","N","STRAIGHT AHEAD",,,"1",,,,,,,,,"true","true","true",,,,,,,"REAR-LEFT",,,,,,,,,,,,,,,,,,,,,,,,,,,,,,,,,
"757534","JC468264","2019-10-11T07:05:00","1","DRIVER",,"719575",,"TOYOTA MOTOR COMPANY, LTD.","CAMRY","IL","2000","NONE","PASSENGER","PERSONAL","W","ENTER FROM DRIVE/ALLEY",,,"1",,,,,,,,,,,,,,,"true",,,"TOTAL (ALL AREAS)",,,,,,,,,,,,,,,,,,,,,,,,,,,,,,,,,
"757535","JC468264","2019-10-11T07:05:00","2","DRIVER",,"719584",,"NISSAN","VERSA","IL","2010","NONE","PASSENGER","PERSONAL","N","STRAIGHT AHEAD","true",,"1",,"SELF",,,"true",,,,,,,,,,,,,"FRONT",,,,,,,,,,,,,,,,,,,,,,,,,,,,,,,,,
"757587","JC468259","2019-10-11T07:00:00","1","DRIVER",,"719623",,"TOYOTA MOTOR COMPANY, LTD.","COROLLA","IL","2009","UNKNOWN","PASSENGER","PERSONAL","N","SKIDDING/CONTROL LOSS","true",,"1",,"PRIVATE TOW","PRIVATE TOW",,,,,,"true",,,,,,,"true",,"OTHER",,,,,,,,,,,,,,,,,,,,,,,,,,,,,,,,,
"757588","JC468259","2019-10-11T07:00:00","2","DRIVER",,"719626",,"DODGE","Avenger","IN","2012","UNKNOWN","PASSENGER","PERSONAL","N","STRAIGHT AHEAD",,,"1",,,,,,,,"true","true",,,,,,,,,"REAR",,,,,,,,,,,,,,,,,,,,,,,,,,,,,,,,,
"757532","JC468276","2019-10-11T06:55:00","1","DRIVER",,"719580",,"HONDA","CIVIC","IL","1998","NONE","PASSENGER","PERSONAL","N","STRAIGHT AHEAD","true",,"1",,"CITY OF CHICAGO","NORTH AVE BEACH TURN-AROUND",,"true","true",,,,,,,,,,,,"FRONT",,,,,,,,,,,,,,,,,,,,,,,,,,,,,,,,,
"757533","JC468276","2019-10-11T06:55:00","2","DRIVER",,"719585",,"FORD","Explorer","IL","2018","NONE","PASSENGER","PERSONAL","N","STRAIGHT AHEAD","true",,"1",,"CITY OF CHICAGO","NORTH AVE BEACH TURN-AROUND",,,,,,,,"true","true",,,,,,"FRONT-LEFT",,,,,,,,,,,,,,,,,,,,,,,,,,,,,,,,,
"757525","JC468271","2019-10-11T06:50:00","1","DRIVER",,"719568",,"BUICK","UNKNOWN","IL","2016","NONE","PASSENGER","PERSONAL","SW","TURNING LEFT","true",,"1",,"PRIVATE COMPANY",,,,,,,,,"true","true",,,,,,"SIDE-LEFT",,,,,,,,,,,,,,,,,,,,,,,,,,,,,,,,,
"757526","JC468271","2019-10-11T06:50:00","2","DRIVER",,"719572",,"KIA MOTORS CORP","SOUL","IL","2013","NONE","PASSENGER","PERSONAL","NW","STRAIGHT AHEAD","true",,"1",,"PRIVATE COMPANY",,,"true",,,,,,,,,,"true","true",,"OTHER",,,,,,,,,,,,,,,,,,,,,,,,,,,,,,,,,
"757518","JC468262","2019-10-11T06:45:00","1","DRIVER",,"719561",,"JEEP","UNKNOWN","IL","2006","UNKNOWN","SPORT UTILITY VEHICLE (SUV)","PERSONAL","N","STRAIGHT AHEAD",,,"1",,,,,,,,,,,,,"true","true","true",,,"TOTAL (ALL AREAS)",,,,,,,,,,,,,,,,,,,,,,,,,,,,,,,,,
"757519","JC468262","2019-10-11T06:45:00","2","DRIVER",,"719564",,"CHEVROLET","SUBURBAN","IL","2019","NONE","PASSENGER","UNKNOWN/NA","N","STRAIGHT AHEAD",,,"1",,,,,,,,,,"true","true",,,,,,,"REAR-LEFT",,,,,,,,,,,,,,,,,,,,,,,,,,,,,,,,,
"757546","JC468298","2019-10-11T06:40:00","1","DRIVER",,"719587",,"FORD","EXPEDITION","IL","1998","NONE","SPORT UTILITY VEHICLE (SUV)","PERSONAL","N","STRAIGHT AHEAD",,,"1",,,,,"true",,,,,,,,,,"true","true",,"OTHER",,,,,,,,,,,,,,,,,,,,,,,,,,,,,,,,,
"757547","JC468298","2019-10-11T06:40:00","2","DRIVER",,"719599",,"NISSAN","SENTRA (DATSUN AND NISSAN HAVE MERGED)","IL","2016","NONE","PASSENGER","PERSONAL","N","SLOW/STOP IN TRAFFIC",,,"1",,,,,"true",,,,"true","true","true",,,,"true","true",,"REAR-LEFT",,,,,,,,,,,,,,,,,,,,,,,,,,,,,,,,,
"757548","JC468298","2019-10-11T06:40:00","3","DRIVER",,"719605",,"JEEP","LAREDO","IL","2006","NONE","SPORT UTILITY VEHICLE (SUV)","PERSONAL","N","SLOW/STOP IN TRAFFIC",,,"1",,,,,,,,,"true","true","true",,,,,,,"REAR-LEFT",,,,,,,,,,,,,,,,,,,,,,,,,,,,,,,,,
"757808","JC468710","2019-10-11T06:30:00","1","DRIVER",,"719842",,"CHEVROLET","CHEVROLET","IL","2010","NONE","VAN/MINI-VAN","OTHER","E","LEAVING TRAFFIC LANE TO PARK",,,"1",,,,,,,,,"true",,,,,,,,,"REAR",,,,,,,,,,,,,,,,,,,,,,,,,,,,,,,,,
"757809","JC468710","2019-10-11T06:30:00","2","PARKED",,"719873",,"CHEVROLET","Express (full-size van)","MD","2019","NONE","VAN/MINI-VAN","NOT IN USE","E","PARKED",,,"0",,,,,,,,,,,,,,,"true","true",,"TOTAL (ALL AREAS)",,,,,,,,,,,,,,,,,,,,,,,,,,,,,,,,,
"757531","JC468275","2019-10-11T06:30:00","1","DRIVER",,"719570",,"TOYOTA MOTOR COMPANY, LTD.","CAMRY","IL","2007","NONE","PASSENGER","PERSONAL","N","AVOIDING VEHICLES/OBJECTS",,,"1",,,,,,,,,,"true",,,,,,,,"REAR-LEFT",,,,,,,,,,,,,,,,,,,,,,,,,,,,,,,,,
"757509","JC468243","2019-10-11T06:20:00","1","DRIVER",,"719550","true","MACK TRUCKS, INC.","MACK TRUCKS, INC.","IL","2002","NONE","TRUCK - SINGLE UNIT","CONSTRUCTION/MAINTENANCE","S","STRAIGHT AHEAD",,,"1",,,,,,,,,,,,,"true",,,,,"ROOF","8399",,,"126132","SIDE OF TRUCK",,"TRUCK KING","IL","CHICAGO",,,,"N","N",,"U",,"N","N",,,,,,,,,"TRUCK/TRACTOR","DUMP","UNKNOWN","false","false",
"757510","JC468243","2019-10-11T06:20:00","2","DRIVER",,"719553","true","FREIGHTLINER CORP.","FREIGHTLINER CORP.","IL","2012","NONE","TRACTOR W/O SEMI-TRAILER","COMMERCIAL - SINGLE UNIT","S","CHANGING LANES",,,"1",,,,,,"true",,,,,,,,,,,,"SIDE-RIGHT","8400","2194276","761524",,"SIDE OF TRUCK",,"GOLD STAR TRANSPORTATION","IL","NEW ENGLAND AVE",,,,"N","N",,"U",,"N","N",,,,,,,,,"TRUCK/TRACTOR",,,"false","false",
"757516","JC468244","2019-10-11T06:07:00","1","DRIVER","3","719557",,"FORD","Econoline E-450","IL","2018","NONE","VAN/MINI-VAN","OTHER","S","STRAIGHT AHEAD",,,"4",,,,"true",,,,,,,,,,,,,,"SIDE-RIGHT",,,,,,,,,,,,,,,,,,,,,,,,,,,,,,,,,
"757517","JC468244","2019-10-11T06:07:00","2","DRIVER","1","719559",,"LEXUS","RX300","IL","2004","NONE","PASSENGER","PERSONAL","S","STRAIGHT AHEAD",,,"2",,,,,,,,,,,"true",,,,,,,"FRONT-LEFT",,,,,,,,,,,,,,,,,,,,,,,,,,,,,,,,,
"757511","JC468248","2019-10-11T06:05:00","1","DRIVER",,"719551",,"HONDA","CIVIC","IL","1999","UNKNOWN","PASSENGER","PERSONAL","N","UNKNOWN/NA",,,"2",,,,,,,,,,,,,,,,"true",,"OTHER",,,,,,,,,,,,,,,,,,,,,,,,,,,,,,,,,
"757512","JC468248","2019-10-11T06:05:00","2","DRIVER","1","719555",,"FORD","FUSION","IL","2014","UNKNOWN","PASSENGER","PERSONAL","N","SLOW/STOP IN TRAFFIC",,,"2",,,,,,,,,,"true",,,,,,,,"REAR-LEFT",,,,,,,,,,,,,,,,,,,,,,,,,,,,,,,,,
"757503","JC468225","2019-10-11T05:22:00","1","DRIVER",,"719543",,"GENERAL MOTORS CORP.","TERRAIN","IL","2012","UNKNOWN","SPORT UTILITY VEHICLE (SUV)","PERSONAL","S","STRAIGHT AHEAD","true",,"1",,"PRIVATE",,,"true",,,,,,,,,"true","true","true",,"TOTAL (ALL AREAS)",,,,,,,,,,,,,,,,,,,,,,,,,,,,,,,,,
"757504","JC468225","2019-10-11T05:22:00","2","DRIVER",,"719546",,"FORD","ESCAPE (SUV)","IL","2018","NONE","SPORT UTILITY VEHICLE (SUV)","PERSONAL","S","SLOW/STOP IN TRAFFIC",,,"1",,,,,,,"false","true","true",,,,,,,,,"REAR",,,,,,,,,,,,,,,,,,,,,,,,,,,,,,,,,
"757501","JC468233","2019-10-11T05:15:00","1","DRIVER",,"719541",,"MAZDA","CS-9","IL","2008","NONE","PASSENGER","PERSONAL","S","STRAIGHT AHEAD",,,"1",,,,,,,"true",,,,,,,,,,,"SIDE-RIGHT",,,,,,,,,,,,,,,,,,,,,,,,,,,,,,,,,
"757502","JC468233","2019-10-11T05:15:00","2","DRIVER",,"719545",,"LEXUS","UNKNOWN","IL","2006","NONE","PASSENGER","PERSONAL","E","STRAIGHT AHEAD",,,"1",,,,,,,,,,,,,,,,,,"OTHER",,,,,,,,,,,,,,,,,,,,,,,,,,,,,,,,,
"757492","JC468219","2019-10-11T05:10:00","1","DRIVER",,"719532",,"LINCOLN-CONTINENTAL","MKZ","IL",,"NONE","PASSENGER","PERSONAL","E","STRAIGHT AHEAD","true",,"1",,,,,,,,,,,,"true","true","true",,,,"ROOF",,,,,,,,,,,,,,,,,,,,,,,,,,,,,,,,,
"757493","JC468219","2019-10-11T05:10:00","2","DRIVER",,"719538",,"HYUNDAI","ELANTRA","IL",,"UNKNOWN","PASSENGER","PERSONAL","S","STRAIGHT AHEAD",,,"1",,,,,"true",,,,,,,,,,"true","true",,"OTHER",,,,,,,,,,,,,,,,,,,,,,,,,,,,,,,,,
"757515","JC468224","2019-10-11T05:05:00","1","DRIVER",,"719556",,"HONDA","ACCORD","IL","2011","NONE","PASSENGER","PERSONAL","N","U-TURN","true",,"1",,"PERSONAL","UNKOWN",,"true",,,,,,,,,,"true","true",,"OTHER",,,,,,,,,,,,,,,,,,,,,,,,,,,,,,,,,
"757488","JC468204","2019-10-11T03:48:00","1","DRIVER",,"719530",,"HONDA","CRV","IL","2018","NONE","PASSENGER","PERSONAL","W","STRAIGHT AHEAD","true",,"1",,"CITY OF CHICAGO","IMPOUND",,"true","true",,,,,,,,"true","true","true",,"OTHER",,,,,,,,,,,,,,,,,,,,,,,,,,,,,,,,,
"757489","JC468204","2019-10-11T03:48:00","2","PARKED",,"719531",,"FORD","Focus","IL","2009","NONE","PASSENGER","NOT IN USE","E","PARKED",,,"0",,,,,,,,,,,,,"true","true","true","true",,"TOTAL (ALL AREAS)",,,,,,,,,,,,,,,,,,,,,,,,,,,,,,,,,
"757490","JC468204","2019-10-11T03:48:00","3","PARKED",,"719536",,"MAZDA","6 (Six)","WA","2018","NONE","PASSENGER","NOT IN USE","E","PARKED",,,"0",,,,,,,,,,,,,,"true","true",,,"TOTAL (ALL AREAS)",,,,,,,,,,,,,,,,,,,,,,,,,,,,,,,,,
"757482","JC468197","2019-10-11T03:21:00","1","DRIVER",,"719523",,"HONDA","ACCORD","IL","2004","UNKNOWN","PASSENGER","PERSONAL","S","STRAIGHT AHEAD",,,"1",,,,,,,,,,,,,,"true","true",,,"TOTAL (ALL AREAS)",,,,,,,,,,,,,,,,,,,,,,,,,,,,,,,,,
"757485","JC468197","2019-10-11T03:21:00","2","DRIVER",,"719526",,"TOYOTA MOTOR COMPANY, LTD.","CAMRY","IL",,"UNKNOWN","UNKNOWN/NA","UNKNOWN/NA","S","CHANGING LANES",,,"1",,,,"true",,,,,,,,,,,,,,"NONE",,,,,,,,,,,,,,,,,,,,,,,,,,,,,,,,,
"757476","JC468194","2019-10-11T03:16:00","1","DRIVER","1","719521",,"NISSAN","NISSAN ALTIMA","IL","2004","UNKNOWN","PASSENGER","PERSONAL","W","UNKNOWN/NA","true",,"2",,"CITY OF CHICAGO","POUND 7",,"true","true","true",,,,,,,,"true","true",,"OTHER",,,,,,,,,,,,,,,,,,,,,,,,,,,,,,,,,