"crash_unit_id","rd_no","crash_date","unit_no","unit_type","num_passengers","vehicle_id","cmrc_veh_i","make","model","lic_plate_state","vehicle_year","vehicle_defect","vehicle_type","vehicle_use","travel_direction","maneuver","towed_i","fire_i","occupant_cnt","exceed_speed_limit_i","towed_by","towed_to","area_00_i","area_01_i","area_02_i","area_03_i","area_04_i","area_05_i","area_06_i","area_07_i","area_08_i","area_09_i","area_10_i","area_11_i","area_12_i","area_99_i","first_contact_point","cmv_id","usdot_no","ccmc_no","ilcc_no","commercial_src","gvwr","carrier_name","carrier_state","carrier_city","hazmat_placards_i","hazmat_name","un_no","hazmat_present_i","hazmat_report_i","hazmat_report_no","mcs_report_i","mcs_report_no","hazmat_vio_cause_crash_i","mcs_vio_cause_crash_i","idot_permit_no","wide_load_i","trailer1_width","trailer2_width","trailer1_length","trailer2_length","total_vehicle_length","axle_cnt","vehicle_config","cargo_body_type","load_type","hazmat_out_of_service_i","mcs_out_of_service_i","hazmat_class"
"757487","JC468191","2019-10-11T02:53:00","1","DRIVERLESS",,"719529",,"VOLKSWAGEN","PASSAT","IL","2019","UNKNOWN","UNKNOWN/NA","UNKNOWN/NA","E","UNKNOWN/NA","true",,"0",,"CITY  OF CHICAGO",,,"true","true",,,,,,,,"true","true","true",,"OTHER",,,,,,,,,,,,,,,,,,,,,,,,,,,,,,,,,
"757483","JC468188","2019-10-11T02:50:00","1","DRIVER",,"719524",,"CHEVROLET","MALIBU (CHEVELLE)",,,"UNKNOWN","PASSENGER","UNKNOWN/NA","S","UNKNOWN/NA",,,"1",,,,,,,,,,,,,,,,,,"OTHER",,,,,,,,,,,,,,,,,,,,,,,,,,,,,,,,,
"757484","JC468188","2019-10-11T02:50:00","2","DRIVER",,"719528",,"MITSUBISHI","ECLIPSE","IL","2007","UNKNOWN","PASSENGER","PERSONAL","S","STRAIGHT AHEAD","true",,"1",,,,,"true",,,,"true",,"true",,,,"true","true",,"OTHER",,,,,,,,,,,,,,,,,,,,,,,,,,,,,,,,,
"757468","JC468176","2019-10-11T01:15:00","1","DRIVER","2","719513",,"HONDA","CIVIC","IL","1996","UNKNOWN","PASSENGER","PERSONAL","E","STRAIGHT AHEAD",,,"3",,,,,,,,,,,,,,"true","true","true",,"TOTAL (ALL AREAS)",,,,,,,,,,,,,,,,,,,,,,,,,,,,,,,,,
"757469","JC468176","2019-10-11T01:15:00","2","DRIVER",,"719514",,"UNKNOWN","UNKNOWN","XX",,"UNKNOWN","UNKNOWN/NA","UNKNOWN/NA","E","STRAIGHT AHEAD",,,"1",,,,,,,,,,,,,,,,,"true","UNKNOWN",,,,,,,,,,,,,,,,,,,,,,,,,,,,,,,,,
"757477","JC468156","2019-10-11T01:05:00","1","DRIVER",,"719520",,"LINCOLN-CONTINENTAL","TOWNCAR","IL","2006","NONE","PASSENGER","PERSONAL","N","TURNING LEFT","true",,"1",,"city of chicago","5150 n simonds",,,"true",,"true",,,,,,"true",,,,"FRONT",,,,,,,,,,,,,,,,,,,,,,,,,,,,,,,,,
"757629","JC468151","2019-10-11T01:05:00","1","DRIVER","2","719664",,"NISSAN","NISSAN MAXIMA","IL","2017","NONE","PASSENGER","PERSONAL","N","STRAIGHT AHEAD","true",,"3",,"PRIVATE TOW","DNA",,"true",,,,,,,,,"false","false","true",,"FRONT",,,,,,,,,,,,,,,,,,,,,,,,,,,,,,,,,
"757630","JC468151","2019-10-11T01:05:00","2","PARKED",,"719665",,"CHEVROLET","Avalanche","IL","2005","UNKNOWN","PICKUP","UNKNOWN/NA","N","PARKED",,,"0",,,,,"true",,,,,"true","true",,,,"true","true",,"REAR-LEFT",,,,,,,,,,,,,,,,,,,,,,,,,,,,,,,,,
"757631","JC468151","2019-10-11T01:05:00","3","PARKED",,"719666",,"NISSAN","ROGUE","IL","2019","UNKNOWN","PASSENGER","UNKNOWN/NA","N","PARKED",,,"0",,,,,,,,,"true","true","true",,,,,,,"REAR-LEFT",,,,,,,,,,,,,,,,,,,,,,,,,,,,,,,,,
"757632","JC468151","2019-10-11T01:05:00","4","PARKED",,"719671",,"CHEVROLET","CAVALIER","IL","2003","NONE","PASSENGER","NOT IN USE","N","PARKED",,,"0",,,,,,,,,,"true",,,,,,"true",,"REAR-LEFT",,,,,,,,,,,,,,,,,,,,,,,,,,,,,,,,,
"757641","JC468151","2019-10-11T01:05:00","5","PARKED",,"719675",,"LINCOLN-CONTINENTAL","Aviator","IL","2004","NONE","PASSENGER","NOT IN USE","N","PARKED",,,"0",,,,,,,,,,"true",,,,,,,,"REAR-LEFT",,,,,,,,,,,,,,,,,,,,,,,,,,,,,,,,,
"757478","JC468147","2019-10-11T00:53:00","1","DRIVER",,"719522",,"NISSAN","NISSAN ALTIMA","IL","2015","UNKNOWN","PASSENGER","PERSONAL","E","STRAIGHT AHEAD","true",,"1",,,,,"true",,,,,,,,,,"true","true",,"OTHER",,,,,,,,,,,,,,,,,,,,,,,,,,,,,,,,,
"757479","JC468147","2019-10-11T00:53:00","2","DRIVER",,"719525",,"BUICK","LUCERNE","WI","2007","UNKNOWN","PASSENGER","PERSONAL","E","STRAIGHT AHEAD","true",,"1",,,,,"true",,,,"true","true","true",,,,"true","true",,"OTHER",,,,,,,,,,,,,,,,,,,,,,,,,,,,,,,,,
"757480","JC468147","2019-10-11T00:53:00","3","PARKED",,"719527",,"BUICK","LACROSSE","IN","2001","UNKNOWN","PASSENGER","PERSONAL","E","PARKED",,,"0",,,,,,,,,,"true","false",,,,,,,"REAR-LEFT",,,,,,,,,,,,,,,,,,,,,,,,,,,,,,,,,
"757470","JC468154","2019-10-11T00:50:00","1","DRIVER","1","719515",,"NISSAN","Pathfinder","IL","2016","NONE","PASSENGER","PERSONAL","W","BACKING","true",,"2",,"CPD","701 N. SACRAMENTO",,"true","true",,,"true","true",,,,"true","true","true",,"FRONT-LEFT",,,,,,,,,,,,,,,,,,,,,,,,,,,,,,,,,
"757471","JC468154","2019-10-11T00:50:00","2","DRIVER",,"719519",,"FORD","EXPLORER","IL","2015","NONE","PASSENGER","PERSONAL","E","STRAIGHT AHEAD",,,"1",,,,,"true",,,,,,,,,,"true","true",,"OTHER",,,,,,,,,,,,,,,,,,,,,,,,,,,,,,,,,
"757461","JC468150","2019-10-11T00:48:00","1","DRIVER",,"719503",,"UNKNOWN","UNKNOWN","IL",,"UNKNOWN","UNKNOWN/NA","PERSONAL","N","PASSING/OVERTAKING",,,"1",,,,,,,,,,,,,,,"true","true",,"TOTAL (ALL AREAS)",,,,,,,,,,,,,,,,,,,,,,,,,,,,,,,,,
"757462","JC468150","2019-10-11T00:48:00","2","DRIVER","1","719506",,"TOYOTA MOTOR COMPANY, LTD.","COROLLA","IL","2011","NONE","PASSENGER","PERSONAL","N","STRAIGHT AHEAD","true",,"2",,"private",,,"true",,,,,,,,,,,"true",,"FRONT",,,,,,,,,,,,,,,,,,,,,,,,,,,,,,,,,
"757463","JC468143","2019-10-11T00:40:00","1","DRIVER",,"719507",,"UNKNOWN","UNKNOWN","IL",,"UNKNOWN","UNKNOWN/NA","PERSONAL","E","TURNING LEFT",,,"1",,,,,,,,,,,,,,,,"true",,"OTHER",,,,,,,,,,,,,,,,,,,,,,,,,,,,,,,,,
"757464","JC468143","2019-10-11T00:40:00","2","DRIVER",,"719508",,"HYUNDAI","HYUNDAI","IL","2008","NONE","PASSENGER","PERSONAL","W","STRAIGHT AHEAD","true",,"1",,"PRIVATE TOW","UNK",,"true",,,,,,,,,,"true","true",,"OTHER",,,,,,,,,,,,,,,,,,,,,,,,,,,,,,,,,
"757456","JC468135","2019-10-11T00:21:00","1","DRIVER",,"719501",,"SATURN","AURA","IL","2007","NONE","PASSENGER","PERSONAL","N","SLOW/STOP IN TRAFFIC",,,"1",,,,"true",,,,,,,,,,,,,,"OTHER",,,,,,,,,,,,,,,,,,,,,,,,,,,,,,,,,
"757457","JC468135","2019-10-11T00:21:00","2","DRIVER",,"719502",,"TOYOTA MOTOR COMPANY, LTD.","CAMRY","IL","2019","NONE","PASSENGER","PERSONAL","N","SLOW/STOP IN TRAFFIC",,,"1",,,,"true",,,,,,,,,,,,,,"REAR-LEFT",,,,,,,,,,,,,,,,,,,,,,,,,,,,,,,,,
"757465","JC488144","2019-10-11T00:19:00","1","DRIVER",,"719510",,"JAGUAR","S-Type","IL","2001","NONE","PASSENGER","PERSONAL","N","STRAIGHT AHEAD","false",,"1",,,,,,,,,"true","true","true",,,,,,,"REAR-LEFT",,,,,,,,,,,,,,,,,,,,,,,,,,,,,,,,,
"757466","JC468138","2019-10-11T00:10:00","1","DRIVER",,"719511",,"TOYOTA MOTOR COMPANY, LTD.","Prius","IL","2013","UNKNOWN","PASSENGER","TAXI/FOR HIRE","W","OTHER",,,"1",,,,,,,,,,,,,,,"true",,,"TOTAL (ALL AREAS)",,,,,,,,,,,,,,,,,,,,,,,,,,,,,,,,,
"757467","JC468138","2019-10-11T00:10:00","2","DRIVER",,"719512",,"TOYOTA MOTOR COMPANY, LTD.","COROLLA","IL","2013","UNKNOWN","PASSENGER","RIDESHARE SERVICE","W","OTHER",,,"1",,,,,,,,,"true",,,,,,,,,"REAR",,,,,,,,,,,,,,,,,,,,,,,,,,,,,,,,,
"757449","JC468130","2019-10-11T00:05:00","1","PARKED",,"719493",,"ACURA","ACURA","IL","2015","NONE","PASSENGER","NOT IN USE","W","PARKED",,,"0",,,,,,,,,,,,,"true","true","true","true",,,,,,,,,,,,,,,,,,,,,,,,,,,,,,,,,,,
"757450","JC468129","2019-10-11T00:05:00","1","DRIVER",,"719496","true","UNKNOWN","UNKNOWN",,,"UNKNOWN","TRUCK - SINGLE UNIT","COMMERCIAL - SINGLE UNIT","W","STRAIGHT AHEAD",,,"1",,,,,,,,,,,,,,,"true",,,"TOTAL (ALL AREAS)",,,,,,,,,,,,,,,,,,,,,,,,,,,,,,,,,
"757451","JC468129","2019-10-11T00:05:00","2","DRIVER",,"719498",,"PONTIAC","GRAND PRIX","IL","2004","UNKNOWN","PASSENGER","PERSONAL","N","STRAIGHT AHEAD","true",,"1",,"private","unknown",,"true","true","true","true","true","true",,,,,,,,"REAR",,,,,,,,,,,,,,,,,,,,,,,,,,,,,,,,,
"757443","JC468118","2019-10-10T23:50:00","1","DRIVER",,"719486",,"JEEP","Wrangler (for vehicle years 1989 to present)","IL","2018","NONE","OTHER","PERSONAL","N","STRAIGHT AHEAD",,,"1",,,,,"true",,,,,,,,,,"true","true",,"OTHER",,,,,,,,,,,,,,,,,,,,,,,,,,,,,,,,,
"757444","JC468118","2019-10-10T23:50:00","2","DRIVER","2","719490",,"CHEVROLET","MALIBU (CHEVELLE)","IL","2019","NONE","PASSENGER","PERSONAL","N","SLOW/STOP IN TRAFFIC",,,"3",,,,,,,,"true","true","true","true","true",,,,,,"REAR-LEFT",,,,,,,,,,,,,,,,,,,,,,,,,,,,,,,,,
"757458","JC468115","2019-10-10T23:46:00","1","DRIVER","2","719500",,"CHEVROLET","CHEVROLET","IL",,"UNKNOWN","PASSENGER","PERSONAL","S","SKIDDING/CONTROL LOSS",,,"3",,,,,"true",,,,,,,,,,,,,"FRONT",,,,,,,,,,,,,,,,,,,,,,,,,,,,,,,,,
"757455","JC468115","2019-10-10T23:46:00","2","DRIVER","1","719505",,"NISSAN","NISSAN","IL",,"UNKNOWN","PASSENGER","PERSONAL","S","CHANGING LANES","true",,"2",,"streets/sanitation","10300 s doty",,,,,,,,"true",,,,,,,"SIDE-LEFT",,,,,,,,,,,,,,,,,,,,,,,,,,,,,,,,,
"757447","JC468112","2019-10-10T23:45:00","1","DRIVER",,"719494",,"MITSUBISHI","LANCER","IL","2005","UNKNOWN","PASSENGER","PERSONAL","E","TURNING LEFT",,,"1",,,,,,,,,,,,,,,,,,"OTHER",,,,,,,,,,,,,,,,,,,,,,,,,,,,,,,,,
"757448","JC468112","2019-10-10T23:45:00","2","DRIVER",,"719495",,"DODGE","JOURNEY","IL","2012","UNKNOWN","PASSENGER","PERSONAL","S","STRAIGHT AHEAD",,,"1",,,,,"true","true",,,"false",,,,,,,"true",,"UNKNOWN",,,,,,,,,,,,,,,,,,,,,,,,,,,,,,,,,
"757439","JC468105","2019-10-10T23:20:00","1","DRIVER",,"719483",,"KIA MOTORS CORP","SORENTO","IL","2018","NONE","VAN/MINI-VAN","RIDESHARE SERVICE","S","BACKING",,,"1",,,,"true",,,,,,,,,,,,,,"REAR-LEFT",,,,,,,,,,,,,,,,,,,,,,,,,,,,,,,,,
"757440","JC468105","2019-10-10T23:20:00","2","DRIVER",,"719488",,"TOYOTA MOTOR COMPANY, LTD.","Prius","IL","2015","NONE","PASSENGER","RIDESHARE SERVICE","N","SLOW/STOP IN TRAFFIC",,,"1",,,,,,,,,,,,,,,,"true",,"OTHER",,,,,,,,,,,,,,,,,,,,,,,,,,,,,,,,,
"757441","JC468098","2019-10-10T23:20:00","1","DRIVER",,"719482",,"TOYOTA MOTOR COMPANY, LTD.","Highlander(beginning vehicle year 2001)",,,"UNKNOWN","UNKNOWN/NA","UNKNOWN/NA","N","PASSING/OVERTAKING",,,"1",,,,,"true","true","true","true","true",,,,,,,,,"REAR",,,,,,,,,,,,,,,,,,,,,,,,,,,,,,,,,
"757442","JC468098","2019-10-10T23:20:00","2","DRIVER",,"719489",,"CHEVROLET","MALIBU (CHEVELLE)","IL","2009","UNKNOWN","PASSENGER","PERSONAL","N","STRAIGHT AHEAD",,,"1",,,,,,,,,,,"true","true","true","true","true",,,"FRONT",,,,,,,,,,,,,,,,,,,,,,,,,,,,,,,,,
"757438","JC468091","2019-10-10T23:20:00","1","DRIVER",,"719484",,"TOYOTA MOTOR COMPANY, LTD.","COROLLA","IL","2010","NONE","PASSENGER","PERSONAL","E","STRAIGHT AHEAD","true",,"1",,"PRIVATE TOW","OWNERS GARAGE",,"true",,,,,,,,,,"true","true",,"OTHER",,,,,,,,,,,,,,,,,,,,,,,,,,,,,,,,,
"757434","JC468093","2019-10-10T23:09:00","1","DRIVER","2","719480",,"DODGE","CHARGER","IL","2012","UNKNOWN","PASSENGER","PERSONAL","S","STRAIGHT AHEAD",,,"3",,,,,"true",,,,,,,,,,"true","true",,"OTHER",,,,,,,,,,,,,,,,,,,,,,,,,,,,,,,,,
"757435","JC468093","2019-10-10T23:09:00","2","DRIVER",,"719487",,"FORD","ESCAPE (SUV)","IL","2012","UNKNOWN","PASSENGER","TAXI/FOR HIRE","S","STRAIGHT AHEAD",,,"1",,,,,,,,,"true","true","true","false",,,,,,"REAR-LEFT",,,,,,,,,,,,,,,,,,,,,,,,,,,,,,,,,
"757445","JC468123","2019-10-10T22:46:00","1","DRIVER",,"719491",,"UNKNOWN","UNKNOWN","IL",,"UNKNOWN","UNKNOWN/NA","UNKNOWN/NA","N","TURNING RIGHT",,,"1",,,,,"true",,,,,,,,,,,"true",,"FRONT-RIGHT",,,,,,,,,,,,,,,,,,,,,,,,,,,,,,,,,
"757446","JC468123","2019-10-10T22:46:00","2","PARKED",,"719492",,"CHEVROLET","EQUINOX","IL","2018","NONE","PASSENGER","PERSONAL","N","PARKED",,,"0",,,,,,,,,,,"true","true",,,,,,"FRONT-LEFT",,,,,,,,,,,,,,,,,,,,,,,,,,,,,,,,,
"757430","JC468075","2019-10-10T22:40:00","1","DRIVER",,"719474",,"AUDI","QUATRRO","IL","2007","NONE","PASSENGER","PERSONAL","N","AVOIDING VEHICLES/OBJECTS",,,"1",,,,,"true","true","true","true","true",,,,,,,,,"SIDE-RIGHT",,,,,,,,,,,,,,,,,,,,,,,,,,,,,,,,,
"757431","JC468075","2019-10-10T22:40:00","2","DRIVER",,"719479",,"TOYOTA MOTOR COMPANY, LTD.","Sienna (van)",,"2017","NONE","PASSENGER","PERSONAL","N","STRAIGHT AHEAD",,,"1",,,,,,"false","false","false",,"true","true","true",,,,,,"SIDE-LEFT",,,,,,,,,,,,,,,,,,,,,,,,,,,,,,,,,
"757459","JC468083","2019-10-10T22:35:00","1","DRIVER","1","719504",,"PONTIAC","GRAND PRIX","IL","2004","NONE","PASSENGER","PERSONAL","S","STRAIGHT AHEAD","true",,"2",,,,,,,,,,,,,,"true","true","true",,"TOTAL (ALL AREAS)",,,,,,,,,,,,,,,,,,,,,,,,,,,,,,,,,
"757639","JC468486","2019-10-10T22:30:00","1","DRIVER",,"719678",,"HYUNDAI","UNKNOWN","IL","2011","UNKNOWN","UNKNOWN/NA","UNKNOWN/NA","W","STRAIGHT AHEAD",,,"1",,,,,,,,,,,,,,,,,"true","OTHER",,,,,,,,,,,,,,,,,,,,,,,,,,,,,,,,,
"757640","JC468486","2019-10-10T22:30:00","2","DRIVER",,"719686",,"HONDA","ACCORD","IL","2016","NONE","PASSENGER","PERSONAL","W","STRAIGHT AHEAD",,,"1",,,,,,,,,"true","true","true",,,,,,,"REAR-LEFT",,,,,,,,,,,,,,,,,,,,,,,,,,,,,,,,,
"757428","JC468072","2019-10-10T22:28:00","1","DRIVER",,"719470",,"UNKNOWN","UNKNOWN",,,"UNKNOWN","UNKNOWN/NA","UNKNOWN/NA","E","UNKNOWN/NA",,,"1",,,,,,,,,,,,,,,,,"true","UNKNOWN",,,,,,,,,,,,,,,,,,,,,,,,,,,,,,,,,
"757429","JC468072","2019-10-10T22:28:00","2","PARKED",,"719472",,"ACURA (DIV. OF AMERICAN HONDA MOTOR CO.)","TL","IL","2008","UNKNOWN","PASSENGER","NOT IN USE","E","PARKED",,,"0",,,,,,,,,"true","true",,,,,,,,"REAR",,,,,,,,,,,,,,,,,,,,,,,,,,,,,,,,,
"757424","JC468036","2019-10-10T22:04:00","1","DRIVER","4","719467",,"CHEVROLET","TRAVERSE","IL","2014","UNKNOWN","PASSENGER","PERSONAL","W","TURNING RIGHT",,,"5",,,,,"true",,,,,,,,,"true","true","true",,"TOTAL (ALL AREAS)",,,,,,,,,,,,,,,,,,,,,,,,,,,,,,,,,
"757425","JC468036","2019-10-10T22:04:00","2","DRIVER",,"719473",,"LEXUS","LS430","IL","2001","UNKNOWN","PASSENGER","PERSONAL","N","STRAIGHT AHEAD",,,"1",,,,,"true","true",,,,,,,,,"true","true",,"FRONT",,,,,,,,,,,,,,,,,,,,,,,,,,,,,,,,,
"757411","JC468037","2019-10-10T21:56:00","1","DRIVER",,"719456",,"DODGE","NITRO",,"2007","UNKNOWN","PASSENGER","PERSONAL","UNKNOWN","BACKING",,,"1",,,,,,,,,,"true",,,,,,,,"REAR-LEFT",,,,,,,,,,,,,,,,,,,,,,,,,,,,,,,,,
"757412","JC468037","2019-10-10T21:56:00","2","DRIVER",,"719453",,"HONDA","CIVIC",,"2012","UNKNOWN","PASSENGER","PERSONAL","UNKNOWN","BACKING",,,"1",,,,,,,,,,"true",,,,,,,,"REAR-LEFT",,,,,,,,,,,,,,,,,,,,,,,,,,,,,,,,,
"757419","JC468046","2019-10-10T21:50:00","1","DRIVER",,"719464",,"CHEVROLET","SUBURBAN",,,"UNKNOWN","UNKNOWN/NA","UNKNOWN/NA","E","STRAIGHT AHEAD",,,"1",,,,,"true","true",,,,,,,,,,"true","true","FRONT",,,,,,,,,,,,,,,,,,,,,,,,,,,,,,,,,
"757420","JC468046","2019-10-10T21:50:00","2","DRIVER",,"719465",,"BMW","X5","IL","2006","NONE","SPORT UTILITY VEHICLE (SUV)","PERSONAL","E","SLOW/STOP IN TRAFFIC",,,"1",,,,,,,,,,"true","true","true",,,,,,"SIDE-LEFT",,,,,,,,,,,,,,,,,,,,,,,,,,,,,,,,,
"757846","JC468806","2019-10-10T21:40:00","1","DRIVER",,"719876",,"MAZDA","6 (Six)","IL","2013","NONE","PASSENGER","TAXI/FOR HIRE","E","SLOW/STOP IN TRAFFIC",,,"1",,,,,,,,,,,,,"true",,,,,"ROOF",,,,,,,,,,,,,,,,,,,,,,,,,,,,,,,,,
"757847","JC468806","2019-10-10T21:40:00","2","DRIVER",,"719880",,"HONDA","ACCORD","IL","2017","NONE","PASSENGER","UNKNOWN/NA","E","STRAIGHT AHEAD",,,"1",,,,,"true",,,,,,,,,,,,,"FRONT",,,,,,,,,,,,,,,,,,,,,,,,,,,,,,,,,
"757591","JC468380","2019-10-10T21:30:00","1","DRIVER",,"719625",,"UNKNOWN","UNKNOWN","IL",,"UNKNOWN","UNKNOWN/NA","UNKNOWN/NA","UNKNOWN","UNKNOWN/NA",,,"1",,,,,,,,,,,,,,,,,"true","UNKNOWN",,,,,,,,,,,,,,,,,,,,,,,,,,,,,,,,,
"757592","JC468380","2019-10-10T21:30:00","2","PARKED",,"719628",,"ACURA (DIV. OF AMERICAN HONDA MOTOR CO.)","MDX","IL","2010","NONE","PASSENGER","NOT IN USE","S","PARKED",,,"0",,,,,,,,,,,"true","true","true","true","true",,,"UNKNOWN",,,,,,,,,,,,,,,,,,,,,,,,,,,,,,,,,
"757409","JC467996","2019-10-10T21:17:00","1","DRIVER",,"719455",,"TOYOTA MOTOR COMPANY, LTD.","TOYOTA","IL","2005","NONE","PASSENGER","PERSONAL","W","TURNING LEFT",,,"1",,,,"true",,,,,,,,,,,,,,"FRONT",,,,,,,,,,,,,,,,,,,,,,,,,,,,,,,,,
"757410","JC467996","2019-10-10T21:17:00","2","PEDESTRIAN",,,,,,,,,,,,,,,,,,,,,,,,,,,,,,,,,,,,,,,,,,,,,,,,,,,,,,,,,,,,,,,,,,
"757421","JC467997","2019-10-10T21:09:00","1","DRIVER",,"719468",,"NISSAN","UNKNOWN","IL","2011","UNKNOWN","PASSENGER","UNKNOWN/NA","UNKNOWN","UNKNOWN/NA","true",,"1",,"CITY OF CHICAGO","POUND",,"false",,,,,,"true","true","true","true","true","false",,"TOTAL (ALL AREAS)",,,,,,,,,,,,,,,,,,,,,,,,,,,,,,,,,
"757422","JC467997","2019-10-10T21:09:00","2","PARKED",,"719471",,"CHEVROLET","MONTE CARLO","TN","1983","UNKNOWN","PASSENGER","UNKNOWN/NA","E","PARKED","true",,"0",,"PRIVATE TOW","UNKNOWN",,"true","true","true","true","true","true","true","true",,,"true","true",,"REAR",,,,,,,,,,,,,,,,,,,,,,,,,,,,,,,,,
"757423","JC467997","2019-10-10T21:09:00","3","PARKED",,"719477",,"SATURN","Vue","IL","2007","UNKNOWN","PASSENGER","UNKNOWN/NA","E","PARKED","false",,"0",,,,,,,,,"true","true","true",,,,,,,"REAR-LEFT",,,,,,,,,,,,,,,,,,,,,,,,,,,,,,,,,
"757820","JC468771","2019-10-10T21:05:00","1","DRIVER",,"719849",,"HONDA","CRV","IL","2001","UNKNOWN","PASSENGER","PERSONAL","S","TURNING LEFT",,,"1",,,,,"true",,,,,,,,,,,,,"FRONT",,,,,,,,,,,,,,,,,,,,,,,,,,,,,,,,,
"757821","JC468771","2019-10-10T21:05:00","2","DRIVER",,"719860",,"FORD","FUSION","IL","2013","UNKNOWN","PASSENGER","PERSONAL","S","TURNING LEFT",,,"1",,,,,,,,,,,,"true",,,,,,"ROOF",,,,,,,,,,,,,,,,,,,,,,,,,,,,,,,,,
"757426","JC468034","2019-10-10T21:00:00","1","DRIVER",,"719476",,"PONTIAC","GRAND AM","IL","2002","UNKNOWN","PASSENGER","PERSONAL","W","UNKNOWN/NA",,,"1",,,,,,,,,,,,,,,,,"true","UNKNOWN",,,,,,,,,,,,,,,,,,,,,,,,,,,,,,,,,
"757427","JC468034","2019-10-10T21:00:00","2","DRIVER","1","719469",,"FIAT","FIAT","IL","2015","UNKNOWN","PASSENGER","PERSONAL","S","TURNING LEFT",,,"2",,,,,,,,,,,,,,"true","true",,,"TOTAL (ALL AREAS)",,,,,,,,,,,,,,,,,,,,,,,,,,,,,,,,,
"757407","JC468004","2019-10-10T21:00:00","1","DRIVER",,"719449",,"CHEVROLET","MALIBU (CHEVELLE)","IL","2008","NONE","PASSENGER","PERSONAL","E","STRAIGHT AHEAD",,,"1",,,,,"true",,,,,,,,,,"true","true",,"OTHER",,,,,,,,,,,,,,,,,,,,,,,,,,,,,,,,,
"757408","JC468004","2019-10-10T21:00:00","2","DRIVER",,"719457",,"TOYOTA MOTOR COMPANY, LTD.","YARIS","IL","2010","NONE","PASSENGER","PERSONAL","E","STRAIGHT AHEAD",,,"1",,,,,,,,,"true","true","true",,,,,,,"REAR-LEFT",,,,,,,,,,,,,,,,,,,,,,,,,,,,,,,,,
"757401","JC468024","2019-10-10T20:50:00","1","DRIVER",,"719445",,"UNKNOWN","UNKNOWN",,,"UNKNOWN","UNKNOWN/NA","UNKNOWN/NA","SE","STRAIGHT AHEAD",,,"1",,,,,,,,,,,,,,,,,"true","UNKNOWN",,,,,,,,,,,,,,,,,,,,,,,,,,,,,,,,,
"757402","JC468024","2019-10-10T20:50:00","2","DRIVER","2","719452",,"MITSUBISHI","Outlander","IL","2014","NONE","PASSENGER","RIDESHARE SERVICE","SE","SLOW/STOP IN TRAFFIC",,,"3",,,,,,,,,"true",,,,,,,,,"REAR",,,,,,,,,,,,,,,,,,,,,,,,,,,,,,,,,
"757379","JC467969","2019-10-10T20:50:00","1","DRIVER",,"719422",,"DODGE","CHALLENGER","IL","2015","UNKNOWN","PASSENGER","UNKNOWN/NA","W","STRAIGHT AHEAD",,,"1",,,,,"true","true",,,,,,,,"true","true","true",,"OTHER",,,,,,,,,,,,,,,,,,,,,,,,,,,,,,,,,
"757380","JC467969","2019-10-10T20:50:00","2","DRIVER",,"719431",,"DODGE","JOURNEY","IL","2009","NONE","SPORT UTILITY VEHICLE (SUV)","PERSONAL","N","STRAIGHT AHEAD","true",,"1",,"WES'S SERVICES","928 WILSON  CALUMENT CITY",,"false",,,"false","false",,"true","true",,,"true",,,"FRONT",,,,,,,,,,,,,,,,,,,,,,,,,,,,,,,,,
"757746","JC468671","2019-10-10T20:45:00","1","DRIVER",,"719783",,"UNKNOWN","UNKNOWN",,,"UNKNOWN","UNKNOWN/NA","UNKNOWN/NA","UNKNOWN","UNKNOWN/NA",,,"1",,,,,,,,,,,,,,,,,"true","UNKNOWN",,,,,,,,,,,,,,,,,,,,,,,,,,,,,,,,,
"757747","JC468671","2019-10-10T20:45:00","2","PARKED",,"719784",,"MAZDA","UNKNOWN","IL","2017","UNKNOWN","SPORT UTILITY VEHICLE (SUV)","PERSONAL","S","PARKED",,,"0",,,,,,,,,,,"true","true","true",,,,,"UNKNOWN",,,,,,,,,,,,,,,,,,,,,,,,,,,,,,,,,
"757399","JC468009","2019-10-10T20:35:00","1","DRIVER",,"719443",,"DODGE","JOURNEY","IL","2015","NONE","PASSENGER","PERSONAL","E","TURNING LEFT",,,"1",,,,,,,,,,,,,,,"true","true",,"OTHER",,,,,,,,,,,,,,,,,,,,,,,,,,,,,,,,,
"757400","JC468009","2019-10-10T20:35:00","2","DRIVER",,"719450",,"HONDA","ACCORD",,"2001","NONE","PASSENGER","PERSONAL","E","STRAIGHT AHEAD",,,"1",,,,,,,,"false","true","true",,,,,,,,"REAR-LEFT",,,,,,,,,,,,,,,,,,,,,,,,,,,,,,,,,
"757382","JC467977","2019-10-10T20:35:00","1","DRIVER",,"719427",,"UNKNOWN","UNKNOWN","IL",,"UNKNOWN","UNKNOWN/NA","UNKNOWN/NA","S","UNKNOWN/NA",,,"1",,,,,,,,,,,,,,,,,"true","UNKNOWN",,,,,,,,,,,,,,,,,,,,,,,,,,,,,,,,,