"crash_unit_id","rd_no","crash_date","unit_no","unit_type","num_passengers","vehicle_id","cmrc_veh_i","make","model","lic_plate_state","vehicle_year","vehicle_defect","vehicle_type","vehicle_use","travel_direction","maneuver","towed_i","fire_i","occupant_cnt","exceed_speed_limit_i","towed_by","towed_to","area_00_i","area_01_i","area_02_i","area_03_i","area_04_i","area_05_i","area_06_i","area_07_i","area_08_i","area_09_i","area_10_i","area_11_i","area_12_i","area_99_i","first_contact_point","cmv_id","usdot_no","ccmc_no","ilcc_no","commercial_src","gvwr","carrier_name","carrier_state","carrier_city","hazmat_placards_i","hazmat_name","un_no","hazmat_present_i","hazmat_report_i","hazmat_report_no","mcs_report_i","mcs_report_no","hazmat_vio_cause_crash_i","mcs_vio_cause_crash_i","idot_permit_no","wide_load_i","trailer1_width","trailer2_width","trailer1_length","trailer2_length","total_vehicle_length","axle_cnt","vehicle_config","cargo_body_type","load_type","hazmat_out_of_service_i","mcs_out_of_service_i","hazmat_class"
"757383","JC467977","2019-10-10T20:35:00","2","DRIVER",,"719446",,"NISSAN","ROGUE","IL","2018","NONE","PASSENGER","PERSONAL","S","STRAIGHT AHEAD",,,"1",,,,,,,,,"true","true","true",,,,,,,"REAR-LEFT",,,,,,,,,,,,,,,,,,,,,,,,,,,,,,,,,
"757718","JC468476","2019-10-10T20:30:00","1","PARKED",,"719746",,"MERCEDES-BENZ","UNKNOWN","IL","2006","NONE","UNKNOWN/NA","UNKNOWN/NA","S","PARKED",,,"0",,,,,"true","true","true","true","true",,,,,,,,,"SIDE-RIGHT",,,,,,,,,,,,,,,,,,,,,,,,,,,,,,,,,
"757719","JC468476","2019-10-10T20:30:00","2","DRIVER",,"719756",,"INFINITI","G35","IL","2007","NONE","PASSENGER","PERSONAL","S","STRAIGHT AHEAD",,,"1",,,,,,,,,,,"true","true","true","true","true",,,"ROOF",,,,,,,,,,,,,,,,,,,,,,,,,,,,,,,,,
"757452","JC468136","2019-10-10T20:30:00","1","DRIVER",,"719497",,"UNKNOWN","UNKNOWN","IL",,"UNKNOWN","TRUCK - SINGLE UNIT","UNKNOWN/NA","N","BACKING",,,"1",,,,,,,,,,,"true",,,,,,,"REAR-LEFT",,,,,,,,,,,,,,,,,,,,,,,,,,,,,,,,,
"757453","JC468136","2019-10-10T20:30:00","2","DRIVER",,"719499",,"DODGE","CARAVAN","IL","2003","NONE","PASSENGER","PERSONAL","S","SLOW/STOP IN TRAFFIC",,,"1",,,,,,,,,,,,"true",,,,,,"FRONT-LEFT",,,,,,,,,,,,,,,,,,,,,,,,,,,,,,,,,
"757413","JC467954","2019-10-10T20:25:00","1","DRIVER",,"719460",,"MERCURY","GRAND MARQUIS","IL","2002","UNKNOWN","PASSENGER","PERSONAL","N","UNKNOWN/NA","true",,"1",,,,,"true",,,,,,,,,,"true","true",,"OTHER",,,,,,,,,,,,,,,,,,,,,,,,,,,,,,,,,
"757414","JC467954","2019-10-10T20:25:00","2","PARKED",,"719463",,"CHEVROLET","BLAZER","IL","2004","UNKNOWN","PASSENGER","PERSONAL","N","PARKED",,,"0",,,,,,,,,,,,"true","true",,,,,"SIDE-LEFT",,,,,,,,,,,,,,,,,,,,,,,,,,,,,,,,,
"757392","JC467946","2019-10-10T20:25:00","1","DRIVER",,"719434",,"CHEVROLET","EQUINOX","IL","2016","UNKNOWN","SPORT UTILITY VEHICLE (SUV)","PERSONAL","S","TURNING LEFT",,,"1",,,,,,,,,,,,,,,,,,"TOTAL (ALL AREAS)",,,,,,,,,,,,,,,,,,,,,,,,,,,,,,,,,
"757393","JC467946","2019-10-10T20:25:00","2","PEDESTRIAN",,,,,,,,,,,,,,,,,,,,,,,,,,,,,,,,,,,,,,,,,,,,,,,,,,,,,,,,,,,,,,,,,,
"757417","JC468057","2019-10-10T20:20:00","1","DRIVER",,"719462",,"NISSAN","NISSAN MAXIMA","IL","1997","NONE","PASSENGER","PERSONAL","W","STRAIGHT AHEAD",,,"1",,,,,,,,,,,,,,,"true",,,"TOTAL (ALL AREAS)",,,,,,,,,,,,,,,,,,,,,,,,,,,,,,,,,
"757418","JC468057","2019-10-10T20:20:00","2","PARKED",,"719466",,"JEEP","CHEROKEE","IL","2019","NONE","SPORT UTILITY VEHICLE (SUV)","PERSONAL","W","PARKED",,,"0",,,,,,,,,,,,"true","true","true",,,,"ROOF",,,,,,,,,,,,,,,,,,,,,,,,,,,,,,,,,
"757394","JC467957","2019-10-10T20:20:00","1","DRIVER",,"719437",,"VOLKSWAGEN","RABBIT","IL","2006","UNKNOWN","PASSENGER","PERSONAL","E","STRAIGHT AHEAD","true",,"1",,"PERSONAL TOW","UNK",,"true","true",,,,,,,,,"true","true",,"OTHER",,,,,,,,,,,,,,,,,,,,,,,,,,,,,,,,,
"757395","JC467957","2019-10-10T20:20:00","2","DRIVER",,"719440",,"CHEVROLET","EQUINOX","IL","2011","NONE","PASSENGER","PERSONAL","N","STRAIGHT AHEAD","true",,"1",,"PERSONAL","UNK",,,,,,,,,,"true","true","true",,,"ROOF",,,,,,,,,,,,,,,,,,,,,,,,,,,,,,,,,
"757396","JC467957","2019-10-10T20:20:00","3","DRIVER",,"719441",,"CHEVROLET","EQUINOX","IL","2014","NONE","PASSENGER","PERSONAL","N","STRAIGHT AHEAD",,,"1",,,,,,,,,,,,,,,"true",,,"UNDER CARRIAGE",,,,,,,,,,,,,,,,,,,,,,,,,,,,,,,,,
"757388","JC467928","2019-10-10T20:02:00","1","DRIVER",,"719425",,"DODGE","JOURNEY","MI","2018","NONE","PASSENGER","PERSONAL","S","STRAIGHT AHEAD",,,"1",,,,,"true",,,,,,,,,,,,,"FRONT",,,,,,,,,,,,,,,,,,,,,,,,,,,,,,,,,
"757389","JC467928","2019-10-10T20:02:00","2","DRIVER","2","719435",,"LINCOLN-CONTINENTAL","MKX","FL",,"NONE","PASSENGER","PERSONAL","S","BACKING",,,"3",,,,,,,,,,,"true",,,,,,,"SIDE-LEFT",,,,,,,,,,,,,,,,,,,,,,,,,,,,,,,,,
"758099","JC467936","2019-10-10T19:55:00","1","DRIVER",,"720100",,"HYUNDAI","UNKNOWN","IL","2017","UNKNOWN","PASSENGER","RIDESHARE SERVICE","N","STRAIGHT AHEAD","true",,"1",,"CITY OF CHICAGO STREETS & SANS",,,"true",,,,,,,,,,"true","true",,"OTHER",,,,,,,,,,,,,,,,,,,,,,,,,,,,,,,,,
"758100","JC467936","2019-10-10T19:55:00","2","DRIVER","2","720101",,"KIA MOTORS CORP","UNKNOWN","IL","2019","NONE","PASSENGER","PERSONAL","W","TURNING LEFT","true",,"3",,"CITY OF CHICAGO STREETS & SANS","400 E LOWER WACKER",,"true","true",,,,,,,,,"true","true",,"FRONT",,,,,,,,,,,,,,,,,,,,,,,,,,,,,,,,,
"757369","JC467910","2019-10-10T19:43:00","1","DRIVER",,"719410",,"CHEVROLET","SILVERADO","IL","2007","UNKNOWN","PICKUP","PERSONAL","W","STRAIGHT AHEAD",,,"1",,,,"false",,,,,,,,,,,,,"true","UNDER CARRIAGE",,,,,,,,,,,,,,,,,,,,,,,,,,,,,,,,,
"757370","JC467910","2019-10-10T19:43:00","2","PEDESTRIAN",,,,,,,,,,,,,,,,,,,,,,,,,,,,,,,,,,,,,,,,,,,,,,,,,,,,,,,,,,,,,,,,,,
"757367","JC467905","2019-10-10T19:30:00","1","DRIVER",,"719416",,"TOYOTA MOTOR COMPANY, LTD.","Sienna (van)",,"2015","UNKNOWN","PASSENGER","UNKNOWN/NA","N","STRAIGHT AHEAD",,,"1",,,,"true",,,,,,,,,,,"true",,,"OTHER",,,,,,,,,,,,,,,,,,,,,,,,,,,,,,,,,
"757368","JC467905","2019-10-10T19:30:00","2","DRIVER",,"719415",,"FORD","EXPEDITION","IL","2018","NONE","PASSENGER","TAXI/FOR HIRE","S","STRAIGHT AHEAD",,,"1",,,,"true","true",,,,,,,,,,,,,"OTHER",,,,,,,,,,,,,,,,,,,,,,,,,,,,,,,,,
"757373","JC467903","2019-10-10T19:21:00","1","DRIVER",,"719417","true","FORD","UNKNOWN","IL","2013","UNKNOWN","BUS OVER 15 PASS.","COMMERCIAL - SINGLE UNIT","E","STRAIGHT AHEAD",,,"1",,,,,,,,,,,,,,,,"true",,"OTHER","8398","1740457",,,"DRIVER","2","ABC TRANSPOTATION","IL","PARK RIDGE",,,,"N","N",,"N",,"N","N",,,,,,,,,"BUS","BUS","UNKNOWN","false","false",
"757374","JC467903","2019-10-10T19:21:00","2","DRIVER",,"719419",,"HONDA","CIVIC","IL","2006","UNKNOWN","PASSENGER","PERSONAL","S","STRAIGHT AHEAD","true",,"1",,"owner private tow","owner private lot",,"true","true","true",,,,,,,,,,,"FRONT-RIGHT",,,,,,,,,,,,,,,,,,,,,,,,,,,,,,,,,
"757375","JC467903","2019-10-10T19:21:00","3","DRIVER",,"719421",,"TOYOTA MOTOR COMPANY, LTD.","COROLLA","IL","2014","NONE","PASSENGER","PERSONAL","S","STRAIGHT AHEAD","true",,"1",,"chicago auto hauls","2321 n wolcott ave",,"true","true",,,,,,,,,,,,"FRONT-RIGHT",,,,,,,,,,,,,,,,,,,,,,,,,,,,,,,,,
"757376","JC467903","2019-10-10T19:21:00","4","DRIVER","1","719424",,"KIA MOTORS CORP","Sportage (sport utility)","IN","2009","NONE","PASSENGER","PERSONAL","S","STRAIGHT AHEAD","true",,"2",,"prestige","1227 w jackson blvd",,,,"true","true","true",,,,,,,,,"REAR-RIGHT",,,,,,,,,,,,,,,,,,,,,,,,,,,,,,,,,
"757358","JC467907","2019-10-10T19:20:00","1","DRIVER",,"719398",,"HYUNDAI","ELANTRA","IL","2017","NONE","PASSENGER","PERSONAL","S","UNKNOWN/NA",,,"1",,,,,,,"true","true","true",,,,,,,,,"SIDE-RIGHT",,,,,,,,,,,,,,,,,,,,,,,,,,,,,,,,,
"757359","JC467907","2019-10-10T19:20:00","2","DRIVER",,"719404",,"CHRYSLER","TOWN & COUNTRY","IL","2011","NONE","VAN/MINI-VAN","PERSONAL","S","SLOW/STOP IN TRAFFIC",,,"1",,,,,,,,,,,,,,,"true",,,"TOTAL (ALL AREAS)",,,,,,,,,,,,,,,,,,,,,,,,,,,,,,,,,
"757345","JC467889","2019-10-10T19:20:00","1","DRIVER",,"719390",,"UNKNOWN","UNKNOWN",,,"UNKNOWN","UNKNOWN/NA","UNKNOWN/NA","UNKNOWN","UNKNOWN/NA",,,"1",,,,,,,,,,,,,,,,,"true","UNKNOWN",,,,,,,,,,,,,,,,,,,,,,,,,,,,,,,,,
"757346","JC467889","2019-10-10T19:20:00","2","PARKED",,"719397",,"JEEP","CHEROKEE","GA","2019","NONE","PASSENGER","OTHER","W","PARKED",,,"0",,,,,,,,,,,,,,,,"true",,"OTHER",,,,,,,,,,,,,,,,,,,,,,,,,,,,,,,,,
"757350","JC467971","2019-10-10T19:03:00","1","DRIVER","2","719393",,"CADILLAC","CADILLAC","IL","2006","NONE","PASSENGER","PERSONAL","S","STRAIGHT AHEAD",,,"3",,,,"true",,,,,,,,,,,,,,"OTHER",,,,,,,,,,,,,,,,,,,,,,,,,,,,,,,,,
"757351","JC467971","2019-10-10T19:03:00","2","PEDESTRIAN",,,,,,,,,,,,,,,,,,,,,,,,,,,,,,,,,,,,,,,,,,,,,,,,,,,,,,,,,,,,,,,,,,
"757595","JC468401","2019-10-10T19:00:00","1","DRIVER",,"719633",,"JEEP","Liberty","IL","2011","UNKNOWN","PASSENGER","PERSONAL","S","PASSING/OVERTAKING",,,"1",,,,,,,"true","true",,,,,,,,,,"REAR-RIGHT",,,,,,,,,,,,,,,,,,,,,,,,,,,,,,,,,
"757596","JC468401","2019-10-10T19:00:00","2","DRIVER",,"719642",,"FORD","UNKNOWN",,"2014","NONE","VAN/MINI-VAN","PERSONAL","S","STRAIGHT AHEAD",,,"1",,,,,,,,,,,,,,"true","true",,,"ROOF",,,,,,,,,,,,,,,,,,,,,,,,,,,,,,,,,
"757377","JC467991","2019-10-10T19:00:00","1","DRIVER",,"719420",,"DODGE","UNKNOWN","IL","2003","UNKNOWN","PASSENGER","UNKNOWN/NA","S","STRAIGHT AHEAD",,,"1",,,,,,,,,,,,,,,,,"true","OTHER",,,,,,,,,,,,,,,,,,,,,,,,,,,,,,,,,
"757378","JC467991","2019-10-10T19:00:00","2","DRIVER","2","719418",,"HONDA","RIDGELINE","IL","2006","NONE","PASSENGER","PERSONAL","S","SLOW/STOP IN TRAFFIC",,,"3",,,,,,,,,,"true",,,,,,,,"REAR-LEFT",,,,,,,,,,,,,,,,,,,,,,,,,,,,,,,,,
"757352","JC467866","2019-10-10T18:50:00","1","DRIVER","1","719396",,"NISSAN","ROGUE","IL","2015","NONE","PASSENGER","PERSONAL","E","STRAIGHT AHEAD",,,"2",,,,"true",,,,,,,,,,,,,,"SIDE-RIGHT",,,,,,,,,,,,,,,,,,,,,,,,,,,,,,,,,
"757353","JC467866","2019-10-10T18:50:00","2","BICYCLE",,,,,,,,,,,,,,,,,,,,,,,,,,,,,,,,,,,,,,,,,,,,,,,,,,,,,,,,,,,,,,,,,,
"757360","JC467836","2019-10-10T18:45:00","1","DRIVER","2","719405",,"TOYOTA MOTOR COMPANY, LTD.","COROLLA","IL","2014","UNKNOWN","PASSENGER","PERSONAL","W","ENTER FROM DRIVE/ALLEY","true",,"3",,"private","unk",,"true","true",,,,,,,,"true","true","true",,"OTHER",,,,,,,,,,,,,,,,,,,,,,,,,,,,,,,,,
"757361","JC467836","2019-10-10T18:45:00","2","DRIVER",,"719412",,"HONDA","CIVIC","IL","2004","UNKNOWN","PASSENGER","PERSONAL","W","TURNING LEFT","true",,"1",,"private","unk",,"true","true","true",,,,,,,,"true","true",,"FRONT-RIGHT",,,,,,,,,,,,,,,,,,,,,,,,,,,,,,,,,
"757316","JC467839","2019-10-10T18:40:00","1","DRIVER",,"719359",,"UNKNOWN","UNKNOWN","IL",,"UNKNOWN","UNKNOWN/NA","UNKNOWN/NA","E","UNKNOWN/NA",,,"1",,,,,,,,,,,,,,,,,"true","UNKNOWN",,,,,,,,,,,,,,,,,,,,,,,,,,,,,,,,,
"757317","JC467839","2019-10-10T18:40:00","2","PARKED",,"719361",,"NISSAN","Murano","IL","2009","NONE","PASSENGER","PERSONAL","E","PARKED",,,"0",,,,,,,,,,,,,,"true","true",,,"UNDER CARRIAGE",,,,,,,,,,,,,,,,,,,,,,,,,,,,,,,,,
"757324","JC467835","2019-10-10T18:40:00","1","DRIVER",,"719374",,"LINCOLN-CONTINENTAL","UNKNOWN","FL","2016","UNKNOWN","PASSENGER","PERSONAL","W","STRAIGHT AHEAD",,,"1",,,,"true",,,,,,,,,,,,,,"OTHER",,,,,,,,,,,,,,,,,,,,,,,,,,,,,,,,,
"757325","JC467835","2019-10-10T18:40:00","2","PEDESTRIAN",,,,,,,,,,,,,,,,,,,,,,,,,,,,,,,,,,,,,,,,,,,,,,,,,,,,,,,,,,,,,,,,,,
"757551","JC468309","2019-10-10T18:30:00","1","DRIVER",,"719583",,"TOYOTA MOTOR COMPANY, LTD.","UNKNOWN","IL","2018","UNKNOWN","PASSENGER","UNKNOWN/NA","W","PASSING/OVERTAKING",,,"1",,,,,,,,,,,,,"true","true",,,,"ROOF",,,,,,,,,,,,,,,,,,,,,,,,,,,,,,,,,
"757552","JC468309","2019-10-10T18:30:00","2","DRIVER",,"719588",,"TOYOTA MOTOR COMPANY, LTD.","COROLLA","IL","2013","NONE","PASSENGER","UNKNOWN/NA","W","OTHER",,,"1",,,,,"true",,,,,,,,,,,"true",,"FRONT",,,,,,,,,,,,,,,,,,,,,,,,,,,,,,,,,
"757336","JC467880","2019-10-10T18:30:00","1","DRIVER",,"719379",,"TOYOTA MOTOR COMPANY, LTD.","Sienna (van)","IL","2019","NONE","VAN/MINI-VAN","TAXI/FOR HIRE","N","STRAIGHT AHEAD",,,"1",,,,,,,,,,,,,,,,,,,,,,,,,,,,,,,,,,,,,,,,,,,,,,,,,,,
"757308","JC467799","2019-10-10T18:26:00","1","DRIVER",,"719426",,"NISSAN","UNKNOWN","IL","2016","NONE","PASSENGER","PERSONAL","UNKNOWN","BACKING",,,"1",,,,,,,,,"true",,,,,,,,,"REAR",,,,,,,,,,,,,,,,,,,,,,,,,,,,,,,,,
"757309","JC467799","2019-10-10T18:26:00","2","PARKED",,"719430",,"CHEVROLET","UNKNOWN","IL","2007","NONE","PASSENGER","PERSONAL","UNKNOWN","PARKED",,,"0",,,,,,,,,,,"true",,"true",,,,,"ROOF",,,,,,,,,,,,,,,,,,,,,,,,,,,,,,,,,
"757347","JC467893","2019-10-10T18:25:00","1","DRIVER",,"719391",,"FORD","UNKNOWN","IL","2017","NONE","VAN/MINI-VAN","PERSONAL","W","CHANGING LANES",,,"1",,,,,"true",,,,,,,,,,,"true",,"FRONT",,,,,,,,,,,,,,,,,,,,,,,,,,,,,,,,,
"757348","JC467893","2019-10-10T18:25:00","2","DRIVER",,"719394",,"TOYOTA MOTOR COMPANY, LTD.","Sienna (van)","IL","2006","NONE","VAN/MINI-VAN","PERSONAL","W","STRAIGHT AHEAD",,,"1",,,,,,,,,,,,,"true","true",,,,"ROOF",,,,,,,,,,,,,,,,,,,,,,,,,,,,,,,,,
"757349","JC467893","2019-10-10T18:25:00","3","DRIVER",,"719400",,"FORD","FUSION","IL","2018","NONE","PASSENGER","PERSONAL","W","SLOW/STOP IN TRAFFIC",,,"1",,,,,,,,,,"true",,,,,,,,"REAR-LEFT",,,,,,,,,,,,,,,,,,,,,,,,,,,,,,,,,
"757326","JC467820","2019-10-10T18:25:00","1","DRIVER",,"719369",,"TOYOTA MOTOR COMPANY, LTD.","UNKNOWN","IL",,"UNKNOWN","SPORT UTILITY VEHICLE (SUV)","UNKNOWN/NA","N","UNKNOWN/NA",,,"1",,,,,,,,,,,,,,,,,"true","UNKNOWN",,,,,,,,,,,,,,,,,,,,,,,,,,,,,,,,,
"757327","JC467820","2019-10-10T18:25:00","2","DRIVER",,"719375",,"CHRYSLER","Pacifica (Sport Wagon)","IN","2017","NONE","VAN/MINI-VAN","PERSONAL","N","SLOW/STOP IN TRAFFIC",,,"1",,,,,,"true",,,,,,,,,,,,"SIDE-RIGHT",,,,,,,,,,,,,,,,,,,,,,,,,,,,,,,,,
"757365","JC467797","2019-10-10T18:20:00","1","DRIVER",,"719407",,"NISSAN","UNKNOWN","IL","2018","NONE","PASSENGER","PERSONAL","W","CHANGING LANES","true",,"1",,"PRIVATE TOW","UNKNOWN",,,,,,,,,,,"true","true","true",,"TOTAL (ALL AREAS)",,,,,,,,,,,,,,,,,,,,,,,,,,,,,,,,,
"757366","JC467797","2019-10-10T18:20:00","2","DRIVER",,"719413",,"HONDA","ACCORD","IL","2006","NONE","PASSENGER","PERSONAL","E","TURNING LEFT","true",,"1",,"PRIVATE TOW","UNKNOWN",,"true",,,,,,,,,,,"true",,"OTHER",,,,,,,,,,,,,,,,,,,,,,,,,,,,,,,,,
"757314","JC467790","2019-10-10T18:15:00","1","DRIVER",,"719366",,"OLDSMOBILE","Intrigue","IL","1999","UNKNOWN","PASSENGER","PERSONAL","S","UNKNOWN/NA",,,"1",,,,,,,,,,,,,,,,"true",,"OTHER",,,,,,,,,,,,,,,,,,,,,,,,,,,,,,,,,
"757315","JC467790","2019-10-10T18:15:00","2","DRIVER",,"719372","true","GILL MFG. CO.","GILL MFG. CO.","IL","2019","UNKNOWN","BUS OVER 15 PASS.","SCHOOL BUS","S","STRAIGHT AHEAD",,,"1",,,,,,,,,,"true",,,,,,,,"REAR-LEFT","8397",,,,"PAPERS","2","MV PUBLIC TRANSPORTATION FIRM OWNED","IL","CHICAGO",,,,,,,,,,"N",,,,,,,"42","2","BUS","BUS","OTHER",,"false",
"757337","JC467831","2019-10-10T18:05:00","1","DRIVER",,"719382",,"TOYOTA MOTOR COMPANY, LTD.","Sequoia","IL","2005","NONE","PASSENGER","PERSONAL","S","BACKING","true",,"1",,"CPD","POUND",,,,,,"true",,,,,,,,,"FRONT-LEFT",,,,,,,,,,,,,,,,,,,,,,,,,,,,,,,,,
"757338","JC467831","2019-10-10T18:05:00","2","PARKED","1","719388",,"CHEVROLET","CAMARO","IL","2010","NONE","PASSENGER","NOT IN USE","E","PARKED",,,"1",,,,,,,,,,,"true",,,,,,,"SIDE-LEFT",,,,,,,,,,,,,,,,,,,,,,,,,,,,,,,,,
"757356","JC467793","2019-10-10T18:05:00","1","DRIVER",,"719403",,"HONDA","CRV","IL","2001","UNKNOWN","PASSENGER","PERSONAL","N","STRAIGHT AHEAD","true",,"1",,"city of chicago","city of chicago",,"true","true",,,,,,,,,,,,"FRONT",,,,,,,,,,,,,,,,,,,,,,,,,,,,,,,,,
"757357","JC467793","2019-10-10T18:05:00","2","PARKED",,"719409",,"HYUNDAI","SONATA","IL","2013","UNKNOWN","PASSENGER","NOT IN USE","UNKNOWN","PARKED","true",,"0",,"private","unk",,,,,,,,,,"true","true",,,,"ROOF",,,,,,,,,,,,,,,,,,,,,,,,,,,,,,,,,
"757330","JC467792","2019-10-10T18:05:00","1","DRIVER",,"719377",,"FORD","ESCAPE (SUV)","IL","2012","NONE","PASSENGER","PERSONAL","E","STRAIGHT AHEAD",,,"1",,,,,,,,,,,,,,,,"true",,"OTHER",,,,,,,,,,,,,,,,,,,,,,,,,,,,,,,,,
"757331","JC467792","2019-10-10T18:05:00","2","PEDESTRIAN",,,,,,,,,,,,,,,,,,,,,,,,,,,,,,,,,,,,,,,,,,,,,,,,,,,,,,,,,,,,,,,,,,
"757984","JC468989","2019-10-10T18:00:00","1","DRIVER","1","720005",,"TRUCK EQUIPMENT SERVICE CO.","TRUCK EQUIPMENT SERVICE CO.","AZ",,"UNKNOWN","TRUCK - SINGLE UNIT","OTHER","W","BACKING",,,"2",,,,,,,,,,"false",,,,,,,"true","REAR-LEFT",,,,,,,,,,,,,,,,,,,,,,,,,,,,,,,,,
"757996","JC468989","2019-10-10T18:00:00","2","DRIVERLESS",,"720014",,"UNKNOWN","UNKNOWN",,,"UNKNOWN","UNKNOWN/NA","UNKNOWN/NA","UNKNOWN","UNKNOWN/NA",,,"0",,,,"false",,,,,,,,,,,,,"true",,,,,,,,,,,,,,,,,,,,,,,,,,,,,,,,,,
"757894","JC468886","2019-10-10T18:00:00","1","DRIVER",,"719908",,"SUBARU","FORESTER",,,"UNKNOWN","PASSENGER","UNKNOWN/NA","E","STRAIGHT AHEAD",,,"1",,,,,,,,,,,,,,,,,"true","OTHER",,,,,,,,,,,,,,,,,,,,,,,,,,,,,,,,,
"757895","JC468886","2019-10-10T18:00:00","2","DRIVER",,"719913",,"CHRYSLER","200","IN","2015","UNKNOWN","PASSENGER","PERSONAL","E","SLOW/STOP IN TRAFFIC",,,"1",,,,,,,,,,"true",,,,,,,,"REAR-LEFT",,,,,,,,,,,,,,,,,,,,,,,,,,,,,,,,,
"757603","JC468408","2019-10-10T18:00:00","1","DRIVER",,"719639","false","INTERNATIONAL HARVESTER","INTERNATIONAL HARVESTER","IL","2012","UNKNOWN","OTHER VEHICLE WITH TRAILER","CONSTRUCTION/MAINTENANCE","N","TURNING RIGHT",,,"1",,,,"true",,,,,,,,,,,,,,"SIDE-LEFT",,,,,,,,,,,,,,,,,,,,,,,,,,,,,,,,,
"757604","JC468408","2019-10-10T18:00:00","2","DRIVER",,"719655",,"CHEVROLET","TAHOE","IL","2017","UNKNOWN","SPORT UTILITY VEHICLE (SUV)","TAXI/FOR HIRE","N","TURNING RIGHT",,,"1",,,,,,,"true","true","true",,,,,,,,,"REAR",,,,,,,,,,,,,,,,,,,,,,,,,,,,,,,,,
"757720","JC468617","2019-10-10T17:45:00","1","DRIVER",,"719753",,"BMW","328i","IL","2015","UNKNOWN","PASSENGER","UNKNOWN/NA","S","LEAVING TRAFFIC LANE TO PARK",,,"1",,,,,,,,,,,,,,,"true",,,"TOTAL (ALL AREAS)",,,,,,,,,,,,,,,,,,,,,,,,,,,,,,,,,
"757721","JC468617","2019-10-10T17:45:00","2","DRIVER","1","719759",,"ACURA (DIV. OF AMERICAN HONDA MOTOR CO.)","RDX","IL","2020","UNKNOWN","PASSENGER","PERSONAL","N","STRAIGHT AHEAD",,,"2",,,,,,,,,"true",,,,,,,,,"REAR",,,,,,,,,,,,,,,,,,,,,,,,,,,,,,,,,
"757306","JC467763","2019-10-10T17:45:00","1","DRIVER","2","719355",,"DODGE","DURANGO","IL","2012","NONE","PASSENGER","PERSONAL","N","TURNING LEFT",,,"3",,,,,"true","true",,,,,,,,,,"true",,"FRONT",,,,,,,,,,,,,,,,,,,,,,,,,,,,,,,,,
"757307","JC467763","2019-10-10T17:45:00","2","BICYCLE",,,,,,,,,,,,,,,,,,,,,,,,,,,,,,,,,,,,,,,,,,,,,,,,,,,,,,,,,,,,,,,,,,
"757302","JC467768","2019-10-10T17:40:00","1","DRIVER",,"719354",,"DODGE","Avenger","IL","2014","NONE","PASSENGER","UNKNOWN/NA","E","MERGING",,,"1",,,,"false",,,"true","true",,,,,,,,,,"FRONT-LEFT",,,,,,,,,,,,,,,,,,,,,,,,,,,,,,,,,
"757303","JC467768","2019-10-10T17:40:00","2","DRIVER",,"719360",,"INTERNATIONAL COACH MFG.","INTERNATIONAL COACH MFG.","IL","2006","NONE","BUS OVER 15 PASS.","OTHER","E","STRAIGHT AHEAD",,,"1",,,,,,,,,,,,,,,"true",,,"OTHER",,,,,,,,,,,,,,,,,,,,,,,,,,,,,,,,,
"757320","JC467844","2019-10-10T17:35:00","1","DRIVER",,"719367",,"UNKNOWN","UNKNOWN",,,"UNKNOWN","UNKNOWN/NA","UNKNOWN/NA","UNKNOWN","UNKNOWN/NA",,,"1",,,,,,,,,,,,,,,,,"true","UNKNOWN",,,,,,,,,,,,,,,,,,,,,,,,,,,,,,,,,
"757321","JC467844","2019-10-10T17:35:00","2","PARKED",,"719364",,"TOYOTA MOTOR COMPANY, LTD.","Sienna (van)","IL","2012","NONE","VAN/MINI-VAN","NOT IN USE","UNKNOWN","PARKED",,,"0",,,,,,,,,,"true","true","true","true",,,,,"SIDE-LEFT",,,,,,,,,,,,,,,,,,,,,,,,,,,,,,,,,
"757334","JC467860","2019-10-10T17:30:00","1","DRIVER",,"719380",,"UNKNOWN","UNKNOWN","IL",,"UNKNOWN","UNKNOWN/NA","UNKNOWN/NA","W","STRAIGHT AHEAD",,,"1",,,,,"true",,,,,,,,,,,,,"FRONT",,,,,,,,,,,,,,,,,,,,,,,,,,,,,,,,,
"757335","JC467860","2019-10-10T17:30:00","2","PARKED",,"719384",,"CHEVROLET","MALIBU (CHEVELLE)","IL","2004","UNKNOWN","PASSENGER","NOT IN USE","W","PARKED",,,"0",,,,,,,,,,,,,"true",,"true",,,"SIDE-RIGHT",,,,,,,,,,,,,,,,,,,,,,,,,,,,,,,,,
"757312","JC467724","2019-10-10T17:30:00","1","DRIVER",,"719363",,"MAZDA","MX3","IL","2012","NONE","PASSENGER","PERSONAL","W","STRAIGHT AHEAD",,,"1",,,,,,,,,,,,,,,,"true",,"OTHER",,,,,,,,,,,,,,,,,,,,,,,,,,,,,,,,,
"757313","JC467724","2019-10-10T17:30:00","2","DRIVER",,"719378",,"LEXUS","ES300","IL","2002","NONE","PASSENGER","PERSONAL","N","STRAIGHT AHEAD",,,"1",,,,,,,,,"true",,,,,,,,,"REAR-RIGHT",,,,,,,,,,,,,,,,,,,,,,,,,,,,,,,,,
"757278","JC467726","2019-10-10T17:21:00","1","DRIVER",,"719327",,"FORD","F150","IL","2013","UNKNOWN","PICKUP","PERSONAL","W","CHANGING LANES",,,"1",,,,"true",,,,,,,,,,,,,,"FRONT",,,,,,,,,,,,,,,,,,,,,,,,,,,,,,,,,