"crash_unit_id","rd_no","crash_date","unit_no","unit_type","num_passengers","vehicle_id","cmrc_veh_i","make","model","lic_plate_state","vehicle_year","vehicle_defect","vehicle_type","vehicle_use","travel_direction","maneuver","towed_i","fire_i","occupant_cnt","exceed_speed_limit_i","towed_by","towed_to","area_00_i","area_01_i","area_02_i","area_03_i","area_04_i","area_05_i","area_06_i","area_07_i","area_08_i","area_09_i","area_10_i","area_11_i","area_12_i","area_99_i","first_contact_point","cmv_id","usdot_no","ccmc_no","ilcc_no","commercial_src","gvwr","carrier_name","carrier_state","carrier_city","hazmat_placards_i","hazmat_name","un_no","hazmat_present_i","hazmat_report_i","hazmat_report_no","mcs_report_i","mcs_report_no","hazmat_vio_cause_crash_i","mcs_vio_cause_crash_i","idot_permit_no","wide_load_i","trailer1_width","trailer2_width","trailer1_length","trailer2_length","total_vehicle_length","axle_cnt","vehicle_config","cargo_body_type","load_type","hazmat_out_of_service_i","mcs_out_of_service_i","hazmat_class"
"757279","JC467726","2019-10-10T17:21:00","2","DRIVER",,"719336",,"CHEVROLET","MALIBU (CHEVELLE)","IL","2017","UNKNOWN","PASSENGER","PERSONAL","W","STRAIGHT AHEAD",,,"1",,,,,,,,,,,,"true",,,,,,"FRONT-LEFT",,,,,,,,,,,,,,,,,,,,,,,,,,,,,,,,,
"757284","JC467722","2019-10-10T17:21:00","1","DRIVER",,"719330",,"NISSAN","NISSAN MAXIMA","IL","2014","UNKNOWN","PASSENGER","PERSONAL","E","STRAIGHT AHEAD",,,"1",,,,,,,,,,,,,,,"true",,,"TOTAL (ALL AREAS)",,,,,,,,,,,,,,,,,,,,,,,,,,,,,,,,,
"757285","JC467722","2019-10-10T17:21:00","2","DRIVER",,"719347",,"FORD","F150","IL","2006","UNKNOWN","PICKUP","PERSONAL","S","STRAIGHT AHEAD",,,"1",,,,,,,,,,,,,,,,,,"FRONT",,,,,,,,,,,,,,,,,,,,,,,,,,,,,,,,,
"757290","JC467811","2019-10-10T17:20:00","1","DRIVER",,"719333",,"FORD","Focus","IL","2018","NONE","PASSENGER","PERSONAL","W","STRAIGHT AHEAD",,,"1",,,,,"true",,,,,,,,,,,,,"OTHER",,,,,,,,,,,,,,,,,,,,,,,,,,,,,,,,,
"757291","JC467811","2019-10-10T17:20:00","2","DRIVER",,"719345",,"HONDA","CIVIC","IL","2011","NONE","PASSENGER","PERSONAL","W","SLOW/STOP IN TRAFFIC",,,"1",,,,,,,,,,"true",,,,,,,,"REAR-LEFT",,,,,,,,,,,,,,,,,,,,,,,,,,,,,,,,,
"757261","JC467745","2019-10-10T17:20:00","1","DRIVER",,"719305",,"UNKNOWN","UNKNOWN",,,"UNKNOWN","UNKNOWN/NA","UNKNOWN/NA","W","MERGING",,,"1",,,,,,,,,,,,,,,,,"true","ROOF",,,,,,,,,,,,,,,,,,,,,,,,,,,,,,,,,
"757262","JC467745","2019-10-10T17:20:00","2","DRIVER",,"719311",,"AUDI","UNKNOWN","IL","2019","NONE","PASSENGER","PERSONAL","W","STRAIGHT AHEAD",,,"1",,,,,"true",,,,,,,,,,,,,"FRONT",,,,,,,,,,,,,,,,,,,,,,,,,,,,,,,,,
"757243","JC467727","2019-10-10T17:20:00","1","DRIVER",,"719289",,"TOYOTA MOTOR COMPANY, LTD.","COROLLA","IL","2011","UNKNOWN","PASSENGER","PERSONAL","N","TURNING RIGHT",,,"1",,,,,,,,,,,,,,,,"true",,"OTHER",,,,,,,,,,,,,,,,,,,,,,,,,,,,,,,,,
"757244","JC467727","2019-10-10T17:20:00","2","DRIVER",,"719301",,"TOYOTA MOTOR COMPANY, LTD.","CAMRY","IL","2018","NONE","PASSENGER","PERSONAL","N","SLOW/STOP IN TRAFFIC",,,"1",,,,,,,,,,"true",,,,,,,,"REAR-LEFT",,,,,,,,,,,,,,,,,,,,,,,,,,,,,,,,,
"757258","JC467736","2019-10-10T17:14:00","1","DRIVER",,"719310",,"HONDA","CRV","IL","2014","NONE","SPORT UTILITY VEHICLE (SUV)","PERSONAL","S","STRAIGHT AHEAD",,,"1",,,,,"true","true",,,,,,,,,,,,"FRONT",,,,,,,,,,,,,,,,,,,,,,,,,,,,,,,,,
"757257","JC467736","2019-10-10T17:14:00","2","DRIVER",,"719303",,"TOYOTA MOTOR COMPANY, LTD.","UNKNOWN","IL","2000","UNKNOWN","VAN/MINI-VAN","PERSONAL","S","STRAIGHT AHEAD",,,"1",,,,,,,,,,,,"true","true","true",,,,"ROOF",,,,,,,,,,,,,,,,,,,,,,,,,,,,,,,,,
"757241","JC467717","2019-10-10T17:10:00","1","DRIVER",,"719290",,"MERCEDES-BENZ","C300","IL","2014","NONE","PASSENGER","PERSONAL","SW","TURNING LEFT",,,"1",,,,,"true",,,,,,,,,,,,,"FRONT",,,,,,,,,,,,,,,,,,,,,,,,,,,,,,,,,
"757242","JC467717","2019-10-10T17:10:00","2","DRIVER",,"719302",,"CHEVROLET","IMPALA","IL","2008","NONE","PASSENGER","PERSONAL","S","STRAIGHT AHEAD",,,"1",,,,,,,,,,,"true","true",,,,,,"ROOF",,,,,,,,,,,,,,,,,,,,,,,,,,,,,,,,,
"757251","JC467752","2019-10-10T17:07:00","1","DRIVER",,"719297",,"HONDA","HONDA","IL","2000","NONE","PASSENGER","PERSONAL","S","BACKING",,,"1",,,,"true",,,,,,,,,,,,,,"REAR-RIGHT",,,,,,,,,,,,,,,,,,,,,,,,,,,,,,,,,
"757252","JC467752","2019-10-10T17:07:00","2","DRIVER","1","719318",,"AUDI","Q7","IL","2009","UNKNOWN","SPORT UTILITY VEHICLE (SUV)","PERSONAL","W","STRAIGHT AHEAD",,,"2",,,,,,,,,,,,,,,,,,,,,,,,,,,,,,,,,,,,,,,,,,,,,,,,,,,
"757270","JC467738","2019-10-10T17:00:00","1","DRIVER",,"719319",,"GENERAL MOTORS CORP.","SIERRA","IL","2019","UNKNOWN","SPORT UTILITY VEHICLE (SUV)","UNKNOWN/NA","E","UNKNOWN/NA",,,"1",,,,,,,,,,,,"true","true",,,,,"ROOF",,,,,,,,,,,,,,,,,,,,,,,,,,,,,,,,,
"757271","JC467738","2019-10-10T17:00:00","2","DRIVER",,"719346",,"DODGE","UNKNOWN","IN","2017","NONE","SPORT UTILITY VEHICLE (SUV)","UNKNOWN/NA","E","STRAIGHT AHEAD",,,"1",,,,,,,,,,,,,,,,,,"SIDE-LEFT",,,,,,,,,,,,,,,,,,,,,,,,,,,,,,,,,
"757364","JC467729","2019-10-10T17:00:00","1","DRIVER","1","719401",,"PONTIAC","UNKNOWN","IL",,"UNKNOWN","UNKNOWN/NA","UNKNOWN/NA","W","UNKNOWN/NA",,,"2",,,,,,,,,,,,,,,,,,"OTHER",,,,,,,,,,,,,,,,,,,,,,,,,,,,,,,,,
"757295","JC467729","2019-10-10T17:00:00","2","PEDESTRIAN",,,,,,,,,,,,,,,,,,,,,,,,,,,,,,,,,,,,,,,,,,,,,,,,,,,,,,,,,,,,,,,,,,
"757274","JC467697","2019-10-10T16:58:00","1","BICYCLE",,,,,,,,,,,,,,,,,,,,,,,,,,,,,,,,,,,,,,,,,,,,,,,,,,,,,,,,,,,,,,,,,,
"757275","JC467697","2019-10-10T16:58:00","2","DRIVER","1","719331",,"CHEVROLET","EQUINOX","IL","2005","NONE","SPORT UTILITY VEHICLE (SUV)","PERSONAL","W","STRAIGHT AHEAD",,,"2",,,,,,"true",,,,,,,,,,,,"FRONT-RIGHT",,,,,,,,,,,,,,,,,,,,,,,,,,,,,,,,,
"757265","JC467747","2019-10-10T16:50:00","1","DRIVER",,"719316",,"UNKNOWN","UNKNOWN","IL",,"UNKNOWN","SPORT UTILITY VEHICLE (SUV)","PERSONAL","W","STRAIGHT AHEAD",,,"1",,,,,,"true","true","true",,,,,,,,,,"SIDE-RIGHT",,,,,,,,,,,,,,,,,,,,,,,,,,,,,,,,,
"757266","JC467747","2019-10-10T16:50:00","2","DRIVER","1","719320",,"ACURA","ACURA","IL","1991","NONE","PASSENGER","PERSONAL","S","STRAIGHT AHEAD","true",,"2",,"SELF TOWED","UNK",,"true",,,,,,,,,,"true","true",,"OTHER",,,,,,,,,,,,,,,,,,,,,,,,,,,,,,,,,
"757259","JC467734","2019-10-10T16:42:00","1","DRIVER","2","719299",,"UNKNOWN","UNKNOWN","IL","2006","UNKNOWN","UNKNOWN/NA","UNKNOWN/NA","W","STRAIGHT AHEAD",,,"3",,,,,,,,,,,,,,,,,"true","UNKNOWN",,,,,,,,,,,,,,,,,,,,,,,,,,,,,,,,,
"757260","JC467734","2019-10-10T16:42:00","2","DRIVER","1","719307",,"TOYOTA MOTOR COMPANY, LTD.","Avalon","IL","2013","UNKNOWN","PASSENGER","PERSONAL","W","ENTERING TRAFFIC LANE FROM PARKING",,,"2",,,,,,,,,,,"true","true",,,,,,"ROOF",,,,,,,,,,,,,,,,,,,,,,,,,,,,,,,,,
"757405","JC468029","2019-10-10T16:40:00","1","DRIVER",,"719447",,"CHEVROLET","TRAVERSE","IL","2012","NONE","PASSENGER","PERSONAL","E","STRAIGHT AHEAD",,,"1",,,,,,,,,"true",,,,,,,,,"REAR",,,,,,,,,,,,,,,,,,,,,,,,,,,,,,,,,
"757406","JC468029","2019-10-10T16:40:00","2","PARKED",,"719451",,"HONDA","CRV","IL","2015","NONE","PASSENGER","NOT IN USE","W","PARKED",,,"0",,,,,,,,,,,,,,"true","true","true",,"TOTAL (ALL AREAS)",,,,,,,,,,,,,,,,,,,,,,,,,,,,,,,,,
"757196","JC467665","2019-10-10T16:40:00","1","DRIVER",,"719243",,"DODGE","CHARGER","IL","2010","UNKNOWN","PASSENGER","PERSONAL","E","STRAIGHT AHEAD",,,"1",,,,,"true",,,,,,,,,,"true","true",,"OTHER",,,,,,,,,,,,,,,,,,,,,,,,,,,,,,,,,
"757197","JC467665","2019-10-10T16:40:00","2","DRIVER",,"719263",,"TOYOTA MOTOR COMPANY, LTD.","COROLLA","IL","2015","UNKNOWN","PASSENGER","PERSONAL","N","STRAIGHT AHEAD",,,"1",,,,,,,,,,,,,,,"true","true",,"OTHER",,,,,,,,,,,,,,,,,,,,,,,,,,,,,,,,,
"757239","JC467687","2019-10-10T16:37:00","1","DRIVER",,"719293",,"FORD","ESCAPE (SUV)","IL","2008","UNKNOWN","SPORT UTILITY VEHICLE (SUV)","PERSONAL","W","STRAIGHT AHEAD",,,"1",,,,,,,,,,,"true","true",,,,,,"SIDE-LEFT",,,,,,,,,,,,,,,,,,,,,,,,,,,,,,,,,
"757240","JC467687","2019-10-10T16:37:00","2","DRIVER",,"719314",,"LINCOLN-CONTINENTAL","MKZ","IL","2013","NONE","PASSENGER","PERSONAL","S","STRAIGHT AHEAD",,,"1",,,,,,,,,,,,,,,"true","true",,"TOTAL (ALL AREAS)",,,,,,,,,,,,,,,,,,,,,,,,,,,,,,,,,
"758067","JC469080","2019-10-10T16:30:00","1","DRIVER",,"720114",,"NISSAN","UNKNOWN","IL","2004","UNKNOWN","SPORT UTILITY VEHICLE (SUV)","UNKNOWN/NA","N","STRAIGHT AHEAD",,,"1",,,,,,,,,,,,,,,,"true",,"OTHER",,,,,,,,,,,,,,,,,,,,,,,,,,,,,,,,,
"758068","JC469080","2019-10-10T16:30:00","2","DRIVER",,"720143",,"NISSAN","SENTRA (DATSUN AND NISSAN HAVE MERGED)","IL","2016","NONE","PASSENGER","PERSONAL","N","SLOW/STOP IN TRAFFIC",,,"1",,,,,,,,,,"true",,,,,,,,"REAR-LEFT",,,,,,,,,,,,,,,,,,,,,,,,,,,,,,,,,
"757233","JC467714","2019-10-10T16:30:00","1","DRIVER",,"719279",,"CHEVROLET","CAVALIER","IL","2002","UNKNOWN","PASSENGER","UNKNOWN/NA","S","BACKING",,,"1",,,,,,,,,,,"true","true","true","true","true",,,"SIDE-LEFT",,,,,,,,,,,,,,,,,,,,,,,,,,,,,,,,,
"757234","JC467714","2019-10-10T16:30:00","2","DRIVER",,"719283",,"HONDA","Odyssey (minivan)","IL","2019","NONE","VAN/MINI-VAN","PERSONAL","N","SLOW/STOP IN TRAFFIC",,,"1",,,,,"true","true","true","true","true",,,,,,,,,"FRONT",,,,,,,,,,,,,,,,,,,,,,,,,,,,,,,,,
"757267","JC467705","2019-10-10T16:30:00","1","DRIVER",,"719317",,"UNKNOWN","UNKNOWN",,,"UNKNOWN","UNKNOWN/NA","UNKNOWN/NA","S","STRAIGHT AHEAD",,,"1",,,,,,,,,,,,,,,,,"true","UNKNOWN",,,,,,,,,,,,,,,,,,,,,,,,,,,,,,,,,
"757268","JC467705","2019-10-10T16:30:00","2","DRIVER","3","719323",,"LEXUS","LS460","IL","2008","UNKNOWN","PASSENGER","PERSONAL","S","STRAIGHT AHEAD","true",,"4",,"A&E","6804 S. SOUTH CHICAGO",,"true",,,,"true",,,,,,"true","true",,"REAR-RIGHT",,,,,,,,,,,,,,,,,,,,,,,,,,,,,,,,,
"757269","JC467705","2019-10-10T16:30:00","3","DRIVER",,"719343",,"CHEVROLET","EQUINOX","IL","2017","UNKNOWN","PASSENGER","PERSONAL","S","STRAIGHT AHEAD",,,"1",,,,,,,,,,,,,,,,,,"REAR-LEFT",,,,,,,,,,,,,,,,,,,,,,,,,,,,,,,,,
"757202","JC467677","2019-10-10T16:30:00","1","DRIVER",,"719257",,"BUICK","LACROSSE","IA","2005","UNKNOWN","PASSENGER","PERSONAL","S","STRAIGHT AHEAD",,,"1",,,,,,,,,,,,,,,,"true",,"OTHER",,,,,,,,,,,,,,,,,,,,,,,,,,,,,,,,,
"757203","JC467677","2019-10-10T16:30:00","2","DRIVER","1","719267",,"HYUNDAI","ELANTRA","IL","2017","NONE","PASSENGER","PERSONAL","S","STRAIGHT AHEAD",,,"2",,,,,,,,,,"true",,,,,,"true",,"OTHER",,,,,,,,,,,,,,,,,,,,,,,,,,,,,,,,,
"757204","JC467677","2019-10-10T16:30:00","3","DRIVER",,"719276",,"FORD","ECONOLINE E150","IL","2002","NONE","PASSENGER","PERSONAL","S","STRAIGHT AHEAD",,,"1",,,,,,,,,,"true",,,,,,,,"REAR-LEFT",,,,,,,,,,,,,,,,,,,,,,,,,,,,,,,,,
"757194","JC467672","2019-10-10T16:30:00","1","DRIVER",,"719246",,"KIA MOTORS CORP","Sportage (sport utility)","IL","2013","UNKNOWN","SPORT UTILITY VEHICLE (SUV)","UNKNOWN/NA","N","BACKING",,,"1",,,,,,,,"true","true",,,,,,,,,"REAR",,,,,,,,,,,,,,,,,,,,,,,,,,,,,,,,,
"757195","JC467672","2019-10-10T16:30:00","2","PARKED",,"719253",,"CHEVROLET","Express (full-size van)","IL","2019","NONE","VAN/MINI-VAN","NOT IN USE","S","PARKED",,,"0",,,,,,,,"true","true",,,,,,,,,"REAR",,,,,,,,,,,,,,,,,,,,,,,,,,,,,,,,,
"757219","JC467670","2019-10-10T16:30:00","1","DRIVER",,"719259",,"CHRYSLER","TOWN & COUNTRY","IL","2007","UNKNOWN","VAN/MINI-VAN","PERSONAL","N","CHANGING LANES",,,"1",,,,,,,,,,,,"true","true","true",,,,"ROOF",,,,,,,,,,,,,,,,,,,,,,,,,,,,,,,,,
"757220","JC467670","2019-10-10T16:30:00","2","DRIVER",,"719269",,"JEEP","Wrangler (for vehicle years 1989 to present)","IL","2018","UNKNOWN","SPORT UTILITY VEHICLE (SUV)","PERSONAL","N","STRAIGHT AHEAD",,,"1",,,,,,,,"true","true",,,,,,,,,"REAR",,,,,,,,,,,,,,,,,,,,,,,,,,,,,,,,,
"757181","JC467657","2019-10-10T16:30:00","1","DRIVER",,"719232",,"SCION","XB","IL","2008","NONE","VAN/MINI-VAN","PERSONAL","E","STRAIGHT AHEAD",,,"1",,,,,,,,,,,,,,,,"true",,"OTHER",,,,,,,,,,,,,,,,,,,,,,,,,,,,,,,,,
"757182","JC467657","2019-10-10T16:30:00","2","DRIVER","2","719224",,"DODGE","JOURNEY","IL","2018","NONE","SPORT UTILITY VEHICLE (SUV)","PERSONAL","E","SLOW/STOP IN TRAFFIC",,,"3",,,,,,,,,,"true",,,,,,,,"REAR-LEFT",,,,,,,,,,,,,,,,,,,,,,,,,,,,,,,,,
"757207","JC467646","2019-10-10T16:30:00","1","DRIVER",,"719286",,"NEW FLYER","NEW FLYER","IL","2005","UNKNOWN","BUS OVER 15 PASS.","CTA","N","TURNING RIGHT",,,"1",,,,,,,,,"true",,,,,,,,,"REAR",,,,,,,,,,,,,,,,,,,,,,,,,,,,,,,,,
"757208","JC467646","2019-10-10T16:30:00","2","PARKED",,"719255",,"HONDA","ACCORD","IL","2010","UNKNOWN","PASSENGER","PERSONAL","UNKNOWN","PARKED",,,"0",,,,,,,,,,,"true",,,,,,,"SIDE-LEFT",,,,,,,,,,,,,,,,,,,,,,,,,,,,,,,,,
"757174","JC467631","2019-10-10T16:30:00","1","DRIVER",,"719234",,"FORD","FUSION","IL","2016","NONE","PASSENGER","PERSONAL","S","STRAIGHT AHEAD","true",,"1",,"owner",,,"true",,,,,,,,,,"true","true",,"OTHER",,,,,,,,,,,,,,,,,,,,,,,,,,,,,,,,,
"757175","JC467631","2019-10-10T16:30:00","2","DRIVER",,"719223",,"MAZDA","CS-9","IL","2012","NONE","SPORT UTILITY VEHICLE (SUV)","PERSONAL","S","SLOW/STOP IN TRAFFIC",,,"1",,,,,"true",,,,"true","true","true",,,,"true","true",,"REAR-LEFT",,,,,,,,,,,,,,,,,,,,,,,,,,,,,,,,,
"757176","JC467631","2019-10-10T16:30:00","3","DRIVER","1","719225",,"JEEP","JEEP - YEAR GREATER 1988","IL","2007","NONE","PASSENGER","PERSONAL","S","SLOW/STOP IN TRAFFIC",,,"2",,,,,,,,,"true","true","true",,,,,,,"REAR-LEFT",,,,,,,,,,,,,,,,,,,,,,,,,,,,,,,,,
"757249","JC467669","2019-10-10T16:20:00","1","DRIVER",,"719298",,"DODGE","JOURNEY","IL","2015","NONE","VAN/MINI-VAN","PERSONAL","N","STRAIGHT AHEAD",,,"1",,,,,"true","true",,,,,,,,,,,,"FRONT",,,,,,,,,,,,,,,,,,,,,,,,,,,,,,,,,
"757250","JC467669","2019-10-10T16:20:00","2","PARKED",,"719312",,"NISSAN","NISSAN MAXIMA","IL","2014","NONE","PASSENGER","NOT IN USE","S","PARKED",,,"0",,,,,,,,"false","true",,,,,,,,,"REAR-RIGHT",,,,,,,,,,,,,,,,,,,,,,,,,,,,,,,,,
"757245","JC467663","2019-10-10T16:20:00","1","DRIVER",,"719295",,"FORD","ESCAPE (SUV)","IL","2012","UNKNOWN","SPORT UTILITY VEHICLE (SUV)","TAXI/FOR HIRE","S","CHANGING LANES",,,"1",,,,,,,,,,,,,,,"true",,,"TOTAL (ALL AREAS)",,,,,,,,,,,,,,,,,,,,,,,,,,,,,,,,,
"757246","JC467663","2019-10-10T16:20:00","2","DRIVER",,"719308",,"TOYOTA MOTOR COMPANY, LTD.","CAMRY","IL","2017","NONE","PASSENGER","TAXI/FOR HIRE","S","STRAIGHT AHEAD",,,"1",,,,,"true","true",,,,,,,,,,,,"SIDE-RIGHT",,,,,,,,,,,,,,,,,,,,,,,,,,,,,,,,,
"757200","JC467637","2019-10-10T16:20:00","1","DRIVER","1","719244",,"CHEVROLET","UNKNOWN","IL","2014","UNKNOWN","PASSENGER","PERSONAL","N","PASSING/OVERTAKING",,,"2",,,,,,"true","true","true","true",,,,,,,,,"SIDE-RIGHT",,,,,,,,,,,,,,,,,,,,,,,,,,,,,,,,,
"757201","JC467637","2019-10-10T16:20:00","2","DRIVER",,"719266",,"NEW FLYER","NEW FLYER","IL",,"UNKNOWN","BUS OVER 15 PASS.","CTA","N","LEAVING TRAFFIC LANE TO PARK",,,"1",,,,,,,,,,,"true",,,,,,,"SIDE-LEFT",,,,,,,,,,,,,,,,,,,,,,,,,,,,,,,,,
"757637","JC468489","2019-10-10T16:10:00","1","DRIVER",,"719672",,"JEEP","UNKNOWN","IL",,"NONE","SPORT UTILITY VEHICLE (SUV)","UNKNOWN/NA","E","STRAIGHT AHEAD",,,"1",,,,,"true",,,,,,,,,,"true","true",,"OTHER",,,,,,,,,,,,,,,,,,,,,,,,,,,,,,,,,
"757638","JC468489","2019-10-10T16:10:00","2","DRIVER",,"719676",,"HONDA","Odyssey (minivan)","IL","2006","NONE","VAN/MINI-VAN","PERSONAL","E","SLOW/STOP IN TRAFFIC",,,"1",,,,,,,,,"true","true","true",,,,,,,"REAR-LEFT",,,,,,,,,,,,,,,,,,,,,,,,,,,,,,,,,
"757213","JC467675","2019-10-10T16:10:00","1","DRIVER",,"719250",,"CHEVROLET","UNKNOWN","IL",,"UNKNOWN","PASSENGER","PERSONAL","S","STRAIGHT AHEAD",,,"1",,,,,,,,,,,,,,,,,"true","UNKNOWN",,,,,,,,,,,,,,,,,,,,,,,,,,,,,,,,,
"757214","JC467675","2019-10-10T16:10:00","2","DRIVER",,"719275",,"CHEVROLET","IMPALA","IL","2012","NONE","PASSENGER","OTHER","S","STRAIGHT AHEAD",,,"1",,,,,,,,,,,,,"true",,,,,"ROOF",,,,,,,,,,,,,,,,,,,,,,,,,,,,,,,,,
"757282","JC467766","2019-10-10T16:06:00","1","DRIVER",,"719321",,"FORD","FORD-TRUCK,VAN,SUV, ETC","IL","2013","NONE","TRUCK - SINGLE UNIT","OTHER","W","STRAIGHT AHEAD",,,"1",,,,,,"true",,,,,,,,,,,,"SIDE-RIGHT",,,,,,,,,,,,,,,,,,,,,,,,,,,,,,,,,
"757283","JC467766","2019-10-10T16:06:00","2","PARKED",,"719334",,"UNKNOWN","UNKNOWN","IL",,"NONE","PASSENGER","OTHER","W","PARKED",,,"0",,,,,,,,,,,,,,"true",,,,"ROOF",,,,,,,,,,,,,,,,,,,,,,,,,,,,,,,,,
"757168","JC467623","2019-10-10T16:05:00","1","DRIVER",,"719218",,"HONDA","CRV","IL","2008","NONE","PASSENGER","PERSONAL","N","STRAIGHT AHEAD",,,"1",,,,,"true",,,,,,,,,,,,,"OTHER",,,,,,,,,,,,,,,,,,,,,,,,,,,,,,,,,
"757169","JC467623","2019-10-10T16:05:00","2","DRIVER",,"719227",,"HYUNDAI","TUCSON","IL","2018","NONE","PASSENGER","PERSONAL","N","STRAIGHT AHEAD",,,"1",,,,,,,,,"true",,,,,,,,,"REAR-LEFT",,,,,,,,,,,,,,,,,,,,,,,,,,,,,,,,,
"757227","JC467680","2019-10-10T16:00:00","1","DRIVER","4","719277",,"FORD","EXPLORER","IL","2018","UNKNOWN","SPORT UTILITY VEHICLE (SUV)","PERSONAL","W","STRAIGHT AHEAD",,,"5",,,,,,,,,,,,,,,,"true",,"OTHER",,,,,,,,,,,,,,,,,,,,,,,,,,,,,,,,,
"757228","JC467680","2019-10-10T16:00:00","2","DRIVER","2","719306",,"INFINITI","M35","IL","2006","UNKNOWN","PASSENGER","PERSONAL","E","TURNING LEFT",,,"3",,,,,,,,,"true",,,,,,,,,"REAR",,,,,,,,,,,,,,,,,,,,,,,,,,,,,,,,,
"757198","JC467678","2019-10-10T16:00:00","1","DRIVER",,"719240",,"FORD","ECONOLINE E250","IL","2013","UNKNOWN","BUS UP TO 15 PASS.","UNKNOWN/NA","W","CHANGING LANES",,,"1",,,,,"true",,,,,,,,,,,,,"FRONT",,,,,,,,,,,,,,,,,,,,,,,,,,,,,,,,,
"757199","JC467678","2019-10-10T16:00:00","2","DRIVER",,"719252",,"CHRYSLER","300","IL","2018","UNKNOWN","PASSENGER","UNKNOWN/NA","W","UNKNOWN/NA",,,"1",,,,,,,,,,,"true",,,,,,,"SIDE-LEFT",,,,,,,,,,,,,,,,,,,,,,,,,,,,,,,,,
"757170","JC467609","2019-10-10T16:00:00","1","DRIVER",,"719219",,"KIA MOTORS CORP","SORENTO","IL","2017","UNKNOWN","PASSENGER","PERSONAL","S","STRAIGHT AHEAD",,,"1",,,,,"true",,,,,,,,,,,"true",,"OTHER",,,,,,,,,,,,,,,,,,,,,,,,,,,,,,,,,
"757171","JC467609","2019-10-10T16:00:00","2","DRIVER",,"719229",,"TOYOTA MOTOR COMPANY, LTD.","Highlander(beginning vehicle year 2001)","IL","2018","UNKNOWN","PASSENGER","PERSONAL","W","STRAIGHT AHEAD",,,"1",,,,,,"true","true","true","true",,,,,,,,,"SIDE-RIGHT",,,,,,,,,,,,,,,,,,,,,,,,,,,,,,,,,
"757354","JC467645","2019-10-10T15:54:00","1","DRIVER",,"719399","false","BLUEBIRD INTERNATIONAL","UNKNOWN","IL","1985","NONE","TRUCK - SINGLE UNIT","CONSTRUCTION/MAINTENANCE","E","STRAIGHT AHEAD",,,"1",,,,,"true","true","true","true","true",,,,,,,,,"SIDE-RIGHT",,,,,,,,,,,,,,,,,,,,,,,,,,,,,,,,,
"757355","JC467645","2019-10-10T15:54:00","2","DRIVER","10","719408",,"NEW FLYER","NEW FLYER","IL","2006","NONE","BUS OVER 15 PASS.","CTA","E","SLOW/STOP IN TRAFFIC",,,"11",,,,,,,,,,,"true","true","true","true","true",,,"ROOF",,,,,,,,,,,,,,,,,,,,,,,,,,,,,,,,,
"757237","JC467625","2019-10-10T15:50:00","1","DRIVER","1","719288",,"ACURA","ACURA","IL","2005","NONE","PASSENGER","PERSONAL","N","STRAIGHT AHEAD","true",,"2",,,,,,,,,,,,,,,,"true",,"OTHER",,,,,,,,,,,,,,,,,,,,,,,,,,,,,,,,,
"757238","JC467625","2019-10-10T15:50:00","2","DRIVER",,"719309",,"HONDA","ACCORD","IL","2001","NONE","PASSENGER","PERSONAL","E","STRAIGHT AHEAD",,,"1",,,,,,,"true",,,,,,,,,,,"SIDE-RIGHT",,,,,,,,,,,,,,,,,,,,,,,,,,,,,,,,,
"757280","JC467715","2019-10-10T15:45:00","1","DRIVER",,"719328",,"DODGE","JOURNEY","IL","2015","NONE","SPORT UTILITY VEHICLE (SUV)","PERSONAL","N","STRAIGHT AHEAD",,,"1",,,,,"true",,,,,,,,,,,,,"FRONT",,,,,,,,,,,,,,,,,,,,,,,,,,,,,,,,,
"757281","JC467715","2019-10-10T15:45:00","2","PARKED",,"719340",,"NISSAN","Murano","IL","2019","NONE","SPORT UTILITY VEHICLE (SUV)","PERSONAL","N","PARKED",,,"0",,,,,,,,,,,"true",,,,,,,"SIDE-LEFT",,,,,,,,,,,,,,,,,,,,,,,,,,,,,,,,,
"757247","JC467629","2019-10-10T15:45:00","1","DRIVER",,"719287",,"UNKNOWN","UNKNOWN","IL",,"UNKNOWN","UNKNOWN/NA","UNKNOWN/NA","S","STRAIGHT AHEAD",,,"1",,,,,,,,,,,,,,,,,"true","UNKNOWN",,,,,,,,,,,,,,,,,,,,,,,,,,,,,,,,,
"757248","JC467629","2019-10-10T15:45:00","2","DRIVER",,"719296",,"FORD","ESCAPE (SUV)","IL","2014","NONE","PASSENGER","PERSONAL","S","STRAIGHT AHEAD",,,"1",,,,,,,,,,"true",,,,,,,,"REAR-LEFT",,,,,,,,,,,,,,,,,,,,,,,,,,,,,,,,,
"757185","JC467621","2019-10-10T15:45:00","1","DRIVER",,"719233",,"NISSAN","ROGUE","IL","2010","UNKNOWN","SPORT UTILITY VEHICLE (SUV)","PERSONAL","N","STRAIGHT AHEAD",,,"1",,,,,"true",,,,,,,,,,"true","true",,"OTHER",,,,,,,,,,,,,,,,,,,,,,,,,,,,,,,,,
"757186","JC467621","2019-10-10T15:45:00","2","DRIVER",,"719264",,"DODGE","UNKNOWN","IL","2007","UNKNOWN","PASSENGER","PERSONAL","W","STRAIGHT AHEAD","true",,"1",,,,,,,,,,,,,"true","true","true",,,"TOTAL (ALL AREAS)",,,,,,,,,,,,,,,,,,,,,,,,,,,,,,,,,