"crash_unit_id","rd_no","crash_date","unit_no","unit_type","num_passengers","vehicle_id","cmrc_veh_i","make","model","lic_plate_state","vehicle_year","vehicle_defect","vehicle_type","vehicle_use","travel_direction","maneuver","towed_i","fire_i","occupant_cnt","exceed_speed_limit_i","towed_by","towed_to","area_00_i","area_01_i","area_02_i","area_03_i","area_04_i","area_05_i","area_06_i","area_07_i","area_08_i","area_09_i","area_10_i","area_11_i","area_12_i","area_99_i","first_contact_point","cmv_id","usdot_no","ccmc_no","ilcc_no","commercial_src","gvwr","carrier_name","carrier_state","carrier_city","hazmat_placards_i","hazmat_name","un_no","hazmat_present_i","hazmat_report_i","hazmat_report_no","mcs_report_i","mcs_report_no","hazmat_vio_cause_crash_i","mcs_vio_cause_crash_i","idot_permit_no","wide_load_i","trailer1_width","trailer2_width","trailer1_length","trailer2_length","total_vehicle_length","axle_cnt","vehicle_config","cargo_body_type","load_type","hazmat_out_of_service_i","mcs_out_of_service_i","hazmat_class"
"757187","JC467621","2019-10-10T15:45:00","3","DRIVER","1","719338",,"NISSAN","ROGUE","IL","2015","UNKNOWN","SPORT UTILITY VEHICLE (SUV)","PERSONAL","S","SLOW/STOP IN TRAFFIC",,,"2",,,,,,,,,,,,"true","true","true",,,,"ROOF",,,,,,,,,,,,,,,,,,,,,,,,,,,,,,,,,
"757164","JC467601","2019-10-10T15:45:00","1","DRIVER",,"719221",,"CHEVROLET","SUBURBAN","IL","1992","UNKNOWN","SPORT UTILITY VEHICLE (SUV)","PERSONAL","S","PASSING/OVERTAKING",,,"1",,,,,,,,,,,,"true",,,,,,"FRONT-LEFT",,,,,,,,,,,,,,,,,,,,,,,,,,,,,,,,,
"757165","JC467601","2019-10-10T15:45:00","2","DRIVER",,"719241",,"PONTIAC","G5","IL","2009","NONE","PASSENGER","PERSONAL","S","STRAIGHT AHEAD",,,"1",,,,,"true",,,,,,,,,,,,,"FRONT",,,,,,,,,,,,,,,,,,,,,,,,,,,,,,,,,
"757154","JC467594","2019-10-10T15:45:00","1","DRIVER",,"719206",,"FORD","FUSION","IL","2019","NONE","PASSENGER","PERSONAL","N","UNKNOWN/NA",,,"1",,,,,,,,,,,,,,"true",,,,"ROOF",,,,,,,,,,,,,,,,,,,,,,,,,,,,,,,,,
"757155","JC467594","2019-10-10T15:45:00","2","DRIVER",,"719210",,"INFINITI","UNKNOWN","IL","2017","NONE","PASSENGER","PERSONAL","N","STRAIGHT AHEAD",,,"1",,,,,,,,,,,,"true","true","true",,,,"ROOF",,,,,,,,,,,,,,,,,,,,,,,,,,,,,,,,,
"757263","JC467654","2019-10-10T15:40:00","1","DRIVER",,"719315","true","FREIGHTLINER CORP.","FREIGHTLINER CORP.","IL","2014","NONE","TRACTOR W/ SEMI-TRAILER","COMMERCIAL - SINGLE UNIT","W","CHANGING LANES",,,"1",,,,,"true",,,,,,,,,,,,,"FRONT","8396",,,,"DRIVER","2","SCHNEIDER CARRIERS","WI","GREEN BAY",,,,,,,,,,,,,"0-96",,"53",,,,"SINGLE UNIT TRUCK, 2 AXLES, 6 TIRES","OTHER","UNKNOWN",,,
"757264","JC467654","2019-10-10T15:40:00","2","DRIVER",,"719325",,"DODGE","JOURNEY","IL","2013","NONE","PASSENGER","PERSONAL","W","STRAIGHT AHEAD",,,"1",,,,,,,,,,,,,,"true","true",,,"TOTAL (ALL AREAS)",,,,,,,,,,,,,,,,,,,,,,,,,,,,,,,,,
"757160","JC467608","2019-10-10T15:30:00","1","DRIVER",,"719217",,"JEEP","UNKNOWN","IL","2012","UNKNOWN","SPORT UTILITY VEHICLE (SUV)","PERSONAL","S","BACKING",,,"1",,,,,,,,,,,,,,,,,"true","UNKNOWN",,,,,,,,,,,,,,,,,,,,,,,,,,,,,,,,,
"757161","JC467608","2019-10-10T15:30:00","2","DRIVER","2","719215",,"CHEVROLET","HHR","IL","2008","NONE","SPORT UTILITY VEHICLE (SUV)","PERSONAL","N","STRAIGHT AHEAD",,,"3",,,,,"true",,,,,,,,,,"true","true",,,,,,,,,,,,,,,,,,,,,,,,,,,,,,,,,,,
"757177","JC467558","2019-10-10T15:21:00","1","PEDESTRIAN",,,,,,,,,,,,,,,,,,,,,,,,,,,,,,,,,,,,,,,,,,,,,,,,,,,,,,,,,,,,,,,,,,
"757178","JC467558","2019-10-10T15:21:00","2","DRIVER",,"719230",,"VOLKSWAGEN","Touareg","IL","2008","NONE","PASSENGER","PERSONAL","W","STRAIGHT AHEAD",,,"1",,,,"true",,,,,,,,,,,,"false",,"OTHER",,,,,,,,,,,,,,,,,,,,,,,,,,,,,,,,,
"757188","JC467607","2019-10-10T15:20:00","1","PARKED",,"719236","false","FORD","FORD-TRUCK,VAN,SUV, ETC","IL","2005","UNKNOWN","TRUCK - SINGLE UNIT","CONSTRUCTION/MAINTENANCE","S","PARKED",,,"0",,,,,,,,,,,,,,,"true","false",,"OTHER",,,,,,,,,,,,,,,,,,,,,,,,,,,,,,,,,
"757189","JC467607","2019-10-10T15:20:00","2","PARKED",,"719248",,"KIA MOTORS CORP","KIA MOTORS CORP","IL","2009","UNKNOWN","VAN/MINI-VAN","PERSONAL","UNKNOWN","PARKED",,,"0",,,,,,,,,,"true","true",,,,"false","false",,"REAR-LEFT",,,,,,,,,,,,,,,,,,,,,,,,,,,,,,,,,
"757162","JC467539","2019-10-10T15:15:00","1","DRIVER",,"719216",,"NISSAN","SENTRA (DATSUN AND NISSAN HAVE MERGED)","IL","2015","UNKNOWN","PASSENGER","RIDESHARE SERVICE","N","ENTER FROM DRIVE/ALLEY","false",,"1",,,,,,,,,,,,,,,,"true",,"OTHER",,,,,,,,,,,,,,,,,,,,,,,,,,,,,,,,,
"757163","JC467539","2019-10-10T15:15:00","2","DRIVER",,"719220",,"SATURN","Vue","IL","2008","UNKNOWN","SPORT UTILITY VEHICLE (SUV)","PERSONAL","E","STRAIGHT AHEAD",,,"1",,,,,"true","true","true",,,,,,,,,,,"FRONT",,,,,,,,,,,,,,,,,,,,,,,,,,,,,,,,,
"757183","JC467575","2019-10-10T15:11:00","1","DRIVER",,"719231",,"CHEVROLET","EQUINOX","FL","2018","NONE","PASSENGER","PERSONAL","E","STRAIGHT AHEAD",,,"1",,,,,,,,,,,,,,,,"true",,"OTHER",,,,,,,,,,,,,,,,,,,,,,,,,,,,,,,,,
"757184","JC467575","2019-10-10T15:11:00","2","DRIVER",,"719239",,"CHEVROLET","MALIBU (CHEVELLE)","IL","2008","NONE","PASSENGER","PERSONAL","E","SLOW/STOP IN TRAFFIC",,,"1",,,,,,,,,,"true",,,,,,,,"REAR-LEFT",,,,,,,,,,,,,,,,,,,,,,,,,,,,,,,,,
"757158","JC467614","2019-10-10T15:05:00","1","DRIVER",,"719211",,"VOLKSWAGEN","JETTA","IL","2014","UNKNOWN","UNKNOWN/NA","UNKNOWN/NA","W","MERGING",,,"1",,,,,,,,,,,"true","true",,,,,,"ROOF",,,,,,,,,,,,,,,,,,,,,,,,,,,,,,,,,
"757159","JC467614","2019-10-10T15:05:00","2","DRIVER",,"719214",,"TOYOTA MOTOR COMPANY, LTD.","CAMRY","IL","2014","NONE","PASSENGER","TAXI/FOR HIRE","W","STRAIGHT AHEAD",,,"1",,,,,"true","true",,,,,,,,,,,,"FRONT",,,,,,,,,,,,,,,,,,,,,,,,,,,,,,,,,
"757304","JC467813","2019-10-10T15:00:00","1","DRIVER",,"719357",,"FORD","F150","IL","2004","NONE","PICKUP","PERSONAL","S","STRAIGHT AHEAD","true",,"1",,"owner",,,"true",,,,,,,,,,"true","true",,"OTHER",,,,,,,,,,,,,,,,,,,,,,,,,,,,,,,,,
"757305","JC467813","2019-10-10T15:00:00","2","DRIVER",,"719352",,"HONDA","ACCORD","IL","2007","NONE","PASSENGER","PERSONAL","W","STRAIGHT AHEAD","true",,"1",,"owner",,,"true","true",,,,,,,,,"true","true",,"FRONT",,,,,,,,,,,,,,,,,,,,,,,,,,,,,,,,,
"757117","JC467561","2019-10-10T15:00:00","1","DRIVER",,"719173",,"CHEVROLET","SUBURBAN","IL","1992","UNKNOWN","SPORT UTILITY VEHICLE (SUV)","PERSONAL","S","PASSING/OVERTAKING",,,"1",,,,,,,,,,,,,"true",,"true",,,"TOTAL (ALL AREAS)",,,,,,,,,,,,,,,,,,,,,,,,,,,,,,,,,
"757118","JC467561","2019-10-10T15:00:00","2","DRIVER",,"719183",,"PONTIAC","G5","IL","2009","UNKNOWN","PASSENGER","UNKNOWN/NA","S","STRAIGHT AHEAD",,,"1",,,,,"true",,,,,,,,,,,,,"FRONT",,,,,,,,,,,,,,,,,,,,,,,,,,,,,,,,,
"757137","JC467541","2019-10-10T14:55:00","1","DRIVER",,"719192",,"TOYOTA MOTOR COMPANY, LTD.","Matrix (sport wagon)","IL","2005","UNKNOWN","PASSENGER","PERSONAL","E","TURNING LEFT",,,"1",,,,,"true",,,,,,,,,,,,,"FRONT",,,,,,,,,,,,,,,,,,,,,,,,,,,,,,,,,
"757138","JC467541","2019-10-10T14:55:00","2","DRIVER",,"719196",,"HONDA","ACCORD","IL","2012","UNKNOWN","PASSENGER","PERSONAL","N","STRAIGHT AHEAD","true",,"1",,,,,,,,,,,,,,,"true",,,"OTHER",,,,,,,,,,,,,,,,,,,,,,,,,,,,,,,,,
"757101","JC467550","2019-10-10T14:50:00","1","DRIVER",,"719158",,"HONDA","ACCORD","IL","2018","NONE","PASSENGER","PERSONAL","E","TURNING RIGHT",,,"1",,,,,,,,,"true",,,,,,,,,"REAR",,,,,,,,,,,,,,,,,,,,,,,,,,,,,,,,,
"757102","JC467550","2019-10-10T14:50:00","2","DRIVER","1","719149",,"KIA MOTORS CORP","Optima","IL","2015","NONE","PASSENGER","PERSONAL","E","TURNING RIGHT",,,"2",,,,,,,,,,,"false",,,,"true",,,"TOTAL (ALL AREAS)",,,,,,,,,,,,,,,,,,,,,,,,,,,,,,,,,
"757133","JC467514","2019-10-10T14:50:00","1","DRIVER",,"719190",,"CHEVROLET","UPLANDER",,"2005","NONE","PASSENGER","PERSONAL","S","SLOW/STOP IN TRAFFIC",,,"1",,,,,,,,,,"false",,,,,,"true",,"OTHER",,,,,,,,,,,,,,,,,,,,,,,,,,,,,,,,,
"757134","JC467514","2019-10-10T14:50:00","2","DRIVER",,"719213",,"NISSAN","NISSAN ALTIMA","IL","1999","NONE","PASSENGER","PERSONAL","S","SLOW/STOP IN TRAFFIC",,,"1",,,,,,,,,,"true",,,,,,,,"REAR-LEFT",,,,,,,,,,,,,,,,,,,,,,,,,,,,,,,,,
"757332","JC467870","2019-10-10T14:45:00","1","DRIVER",,"719386",,"FORD","UNKNOWN","AZ","2019","UNKNOWN","UNKNOWN/NA","UNKNOWN/NA","E","OTHER",,,"1",,,,"true",,,,,,,,,,,,,,"FRONT",,,,,,,,,,,,,,,,,,,,,,,,,,,,,,,,,
"757333","JC467870","2019-10-10T14:45:00","2","DRIVERLESS",,"719395",,"KIA MOTORS CORP","KIA MOTORS CORP","IL","2017","UNKNOWN","SPORT UTILITY VEHICLE (SUV)","PERSONAL","UNKNOWN","PARKED",,,"0",,,,,"true",,,,,,,,,,"true","true",,"TOTAL (ALL AREAS)",,,,,,,,,,,,,,,,,,,,,,,,,,,,,,,,,
"757205","JC467671","2019-10-10T14:45:00","1","DRIVER","3","719260",,"PONTIAC","UNKNOWN","IL","2003","NONE","VAN/MINI-VAN","PERSONAL","E","BACKING",,,"4",,,,,,,,,"true","true",,,,,,,,"REAR-RIGHT",,,,,,,,,,,,,,,,,,,,,,,,,,,,,,,,,
"757206","JC467671","2019-10-10T14:45:00","2","PARKED",,"719242",,"SUBARU","OUTBACK","IL","2014","NONE","SPORT UTILITY VEHICLE (SUV)","NOT IN USE","N","PARKED",,,"0",,,,,,"true",,,,,,,,,,,,"SIDE-RIGHT",,,,,,,,,,,,,,,,,,,,,,,,,,,,,,,,,
"757166","JC467576","2019-10-10T14:45:00","1","DRIVER",,"719249",,"TOYOTA MOTOR COMPANY, LTD.","Highlander(beginning vehicle year 2001)","IL","2004","NONE","SPORT UTILITY VEHICLE (SUV)","PERSONAL","SE","STRAIGHT AHEAD",,,"1",,,,"false","true",,,,,,,,,,,,,"FRONT",,,,,,,,,,,,,,,,,,,,,,,,,,,,,,,,,
"757167","JC467576","2019-10-10T14:45:00","2","DRIVER",,"719265",,"JEEP","Wrangler (for vehicle years 1989 to present)","IN","2018","NONE","SPORT UTILITY VEHICLE (SUV)","PERSONAL","SE","STRAIGHT AHEAD",,,"1",,,,"true",,,,,,,,,,,,,,,,,,,,,,,,,,,,,,,,,,,,,,,,,,,,,,,
"757129","JC467557","2019-10-10T14:45:00","1","DRIVER",,"719179",,"MITSUBISHI","GALANT","IL","2009","UNKNOWN","PASSENGER","UNKNOWN/NA","UNKNOWN","STRAIGHT AHEAD",,,"1",,,,,,,,,,,,,,,"true","true",,"TOTAL (ALL AREAS)",,,,,,,,,,,,,,,,,,,,,,,,,,,,,,,,,
"757130","JC467557","2019-10-10T14:45:00","2","DRIVER",,"719191",,"TOYOTA MOTOR COMPANY, LTD.","COROLLA","IL","2016","UNKNOWN","PASSENGER","PERSONAL","UNKNOWN","BACKING",,,"1",,,,,,,,,,,"true",,,,,,,"SIDE-LEFT",,,,,,,,,,,,,,,,,,,,,,,,,,,,,,,,,
"757084","JC467517","2019-10-10T14:45:00","1","DRIVER",,"719136",,"TOYOTA MOTOR COMPANY, LTD.","CAMRY","IL","2017","NONE","PASSENGER","TAXI/FOR HIRE","E","CHANGING LANES",,,"1",,,,,"true",,,,,,,,,,,,,"FRONT",,,,,,,,,,,,,,,,,,,,,,,,,,,,,,,,,
"757085","JC467517","2019-10-10T14:45:00","2","DRIVER",,"719148",,"NISSAN","ROGUE","IL",,"UNKNOWN","SPORT UTILITY VEHICLE (SUV)","UNKNOWN/NA","E","STRAIGHT AHEAD",,,"1",,,,,,,,,,,"true",,,,,,,"FRONT-LEFT",,,,,,,,,,,,,,,,,,,,,,,,,,,,,,,,,
"757119","JC467492","2019-10-10T14:38:00","1","DRIVER",,"719175",,"DODGE","DODGE","IL","2005","NONE","TRUCK - SINGLE UNIT","OTHER","N","TURNING LEFT",,,"1",,,,,"true",,,,,,,,,,"true","true",,"OTHER",,,,,,,,,,,,,,,,,,,,,,,,,,,,,,,,,
"757120","JC467492","2019-10-10T14:38:00","2","DRIVER",,"719188",,"KIA MOTORS CORP","SOUL","IL","2010","NONE","PASSENGER","PERSONAL","W","STRAIGHT AHEAD","true",,"1",,,,,,,,,,,,,,"true","true","true",,"UNDER CARRIAGE",,,,,,,,,,,,,,,,,,,,,,,,,,,,,,,,,
"757113","JC467499","2019-10-10T14:35:00","1","DRIVER","1","719172",,"GENERAL MOTORS CORP.","Envoy","IL","2005","NONE","PASSENGER","PERSONAL","N","TURNING RIGHT",,,"2",,,,,"true",,,,,,,,,,"true","true",,"FRONT",,,,,,,,,,,,,,,,,,,,,,,,,,,,,,,,,
"757114","JC467499","2019-10-10T14:35:00","2","DRIVER",,"719209",,"PONTIAC","GRAND PRIX","IL","2004","NONE","PASSENGER","PERSONAL","N","STRAIGHT AHEAD",,,"1",,,,,,,,,,,,,,"true","true",,,"TOTAL (ALL AREAS)",,,,,,,,,,,,,,,,,,,,,,,,,,,,,,,,,
"757221","JC467605","2019-10-10T14:31:00","1","DRIVER",,"719285","true","UNKNOWN","UNKNOWN","IL","2015","NONE","BUS OVER 15 PASS.","CTA","N","SLOW/STOP IN TRAFFIC",,,"1",,,,,,,,,,,,,,,,"true",,"OTHER",,,,,,,,,,,,,,,,,,,,,,,,,,,,,,,,,
"757222","JC467605","2019-10-10T14:31:00","2","DRIVER",,"719271",,"JEEP","Grand Cherokee (for vehicle years 1989 to present)","IL","2014","NONE","PASSENGER","PERSONAL","N","SLOW/STOP IN TRAFFIC",,,"1",,,,,,,,,,"true",,,,,,,,"REAR-LEFT",,,,,,,,,,,,,,,,,,,,,,,,,,,,,,,,,
"757121","JC467519","2019-10-10T14:30:00","1","DRIVER",,"719187",,"HYUNDAI","TUCSON","IL","2005","UNKNOWN","PASSENGER","PERSONAL","S","CHANGING LANES",,,"1",,,,,,,,"true",,,,,,,,,,"REAR-RIGHT",,,,,,,,,,,,,,,,,,,,,,,,,,,,,,,,,
"757122","JC467519","2019-10-10T14:30:00","2","DRIVER",,"719294",,"FORD","UNKNOWN","IL","2012","UNKNOWN","PASSENGER","PERSONAL","S","STRAIGHT AHEAD",,,"1",,,,,,,,,,,,,,,"true",,,"TOTAL (ALL AREAS)",,,,,,,,,,,,,,,,,,,,,,,,,,,,,,,,,
"757115","JC467515","2019-10-10T14:30:00","1","DRIVER",,"719170",,"UNKNOWN","UNKNOWN","IL",,"UNKNOWN","SINGLE UNIT TRUCK WITH TRAILER","UNKNOWN/NA","S","UNKNOWN/NA",,,"1",,,,,"true",,,,,,,,,,,,,"FRONT",,,,,,,,,,,,,,,,,,,,,,,,,,,,,,,,,
"757116","JC467515","2019-10-10T14:30:00","2","NON-MOTOR VEHICLE",,,,,,,,,,,,,,,,,,,,,,,,,,,,,,,,,,,,,,,,,,,,,,,,,,,,,,,,,,,,,,,,,,
"757075","JC467489","2019-10-10T14:30:00","1","DRIVER","2","719121",,"TOYOTA MOTOR COMPANY, LTD.","YARIS","IL","2007","NONE","PASSENGER","PERSONAL","S","SLOW/STOP IN TRAFFIC",,,"3",,,,,"true","true","true","true","true",,,,,,,,,"SIDE-RIGHT",,,,,,,,,,,,,,,,,,,,,,,,,,,,,,,,,
"757076","JC467489","2019-10-10T14:30:00","2","DRIVER",,"719130",,"VOLKSWAGEN","JETTA","IL","2012","NONE","PASSENGER","PERSONAL","E","STRAIGHT AHEAD",,,"1",,,,,"true",,,,,,,,,,"true","true",,"OTHER",,,,,,,,,,,,,,,,,,,,,,,,,,,,,,,,,
"757095","JC467486","2019-10-10T14:30:00","1","DRIVER",,"719144",,"UNKNOWN","UNKNOWN","IL",,"UNKNOWN","UNKNOWN/NA","UNKNOWN/NA","S","UNKNOWN/NA",,,"1",,,,,"true","true","true",,,,,,,,,,,"SIDE-RIGHT",,,,,,,,,,,,,,,,,,,,,,,,,,,,,,,,,
"757096","JC467486","2019-10-10T14:30:00","2","PARKED",,"719152",,"DODGE","Avenger","IL","2013","NONE","PASSENGER","PERSONAL","S","PARKED",,,"0",,,,,,,,,,,,,"true","true","true",,,"ROOF",,,,,,,,,,,,,,,,,,,,,,,,,,,,,,,,,
"757103","JC467485","2019-10-10T14:30:00","1","DRIVER",,"719151",,"UNKNOWN","UNKNOWN","IL",,"UNKNOWN","UNKNOWN/NA","UNKNOWN/NA","E","OTHER",,,"1",,,,"true",,,,,,,,,,,,,,"FRONT",,,,,,,,,,,,,,,,,,,,,,,,,,,,,,,,,
"757104","JC467485","2019-10-10T14:30:00","2","DRIVER",,"719159",,"JEEP","UNKNOWN","IL","2002","NONE","PASSENGER","PERSONAL","W","OTHER","true",,"1",,"DRIVER",,,"true",,,,,,"true",,,,,"true",,"TOTAL (ALL AREAS)",,,,,,,,,,,,,,,,,,,,,,,,,,,,,,,,,
"757065","JC467480","2019-10-10T14:30:00","1","DRIVER",,"719119",,"HYUNDAI","VERACRUZ","IL","2007","NONE","PASSENGER","PERSONAL","W","BACKING",,,"1",,,,"true",,,,,,,,,,,,,,"REAR-LEFT",,,,,,,,,,,,,,,,,,,,,,,,,,,,,,,,,
"757066","JC467480","2019-10-10T14:30:00","2","PARKED",,"719162",,"TOYOTA MOTOR COMPANY, LTD.","Prius","IL","2017","BRAKES","PASSENGER","OTHER","E","PARKED",,,"0",,,,,,,,,,,,,,,,,,"OTHER",,,,,,,,,,,,,,,,,,,,,,,,,,,,,,,,,
"757091","JC467508","2019-10-10T14:19:00","1","DRIVER",,"719150",,"CHEVROLET","SUBURBAN","IL","2007","UNKNOWN","SPORT UTILITY VEHICLE (SUV)","PERSONAL","NE","BACKING",,,"1",,,,,,,,,,"true","true",,,,,,,"REAR-LEFT",,,,,,,,,,,,,,,,,,,,,,,,,,,,,,,,,
"757092","JC467508","2019-10-10T14:19:00","2","DRIVER",,"719165",,"FORD","UNKNOWN","IL","2015","NONE","VAN/MINI-VAN","COMMERCIAL - MULTI-UNIT","SW","OTHER",,,"1",,,,,,,,"true","true","true",,,,,,,,"REAR-RIGHT",,,,,,,,,,,,,,,,,,,,,,,,,,,,,,,,,
"757513","JC468241","2019-10-10T14:15:00","1","DRIVER",,"719554",,"CHEVROLET","CAPRICE","IL","1992","NONE","PASSENGER","PERSONAL","E","CHANGING LANES",,,"1",,,,,,,,,,,,,"true","true","true",,,"ROOF",,,,,,,,,,,,,,,,,,,,,,,,,,,,,,,,,
"757514","JC468241","2019-10-10T14:15:00","2","DRIVER",,"719558",,"GENERAL MOTORS CORP.","SIERRA","IL","2018","NONE","PICKUP","PERSONAL","E","STRAIGHT AHEAD",,,"1",,,,,"true","true","true","true","false",,,,,,,,,"SIDE-RIGHT",,,,,,,,,,,,,,,,,,,,,,,,,,,,,,,,,
"757172","JC467634","2019-10-10T14:15:00","1","DRIVER",,"719226",,"NEW FLYER","NEW FLYER","IL","2009","NONE","BUS OVER 15 PASS.","CTA","E","TURNING LEFT",,,"1",,,,,,,"true",,,,,,,,,,,"SIDE-RIGHT",,,,,,,,,,,,,,,,,,,,,,,,,,,,,,,,,
"757173","JC467634","2019-10-10T14:15:00","2","PARKED",,"719235",,"FORD","EXPLORER","IL","2017","NONE","OTHER","POLICE","E","PARKED",,,"0",,,,,,,,,,"true","true",,,,,,,"SIDE-LEFT",,,,,,,,,,,,,,,,,,,,,,,,,,,,,,,,,
"757153","JC467551","2019-10-10T14:15:00","1","DRIVER",,"719204",,"HONDA","ACCORD","IL","2006","NONE","PASSENGER","PERSONAL","E","STRAIGHT AHEAD",,,"1",,,,,"true",,,,,,,,,,"true","true",,"OTHER",,,,,,,,,,,,,,,,,,,,,,,,,,,,,,,,,
"757147","JC467551","2019-10-10T14:15:00","2","DRIVER",,"719208",,"JEEP","UNKNOWN","IL","2016","NONE","PASSENGER","PERSONAL","E","STRAIGHT AHEAD",,,"1",,,,,,,,,"true","true","true",,,,,,,"REAR",,,,,,,,,,,,,,,,,,,,,,,,,,,,,,,,,
"757099","JC467516","2019-10-10T14:15:00","1","DRIVER",,"719155",,"TOYOTA MOTOR COMPANY, LTD.","Prius","IL","2010","UNKNOWN","PASSENGER","PERSONAL","N","MERGING",,,"1",,,,,"true","true","true",,,,,,,,,,,"FRONT",,,,,,,,,,,,,,,,,,,,,,,,,,,,,,,,,
"757100","JC467516","2019-10-10T14:15:00","2","DRIVER",,"719176",,"FORD","UNKNOWN","OH","2017","UNKNOWN","PASSENGER","PERSONAL","N","STRAIGHT AHEAD",,,"1",,,,,,,,,,,,"true","true","true","true",,,"ROOF",,,,,,,,,,,,,,,,,,,,,,,,,,,,,,,,,
"757061","JC467478","2019-10-10T14:15:00","1","DRIVER",,"719116",,"CHEVROLET","CHEVROLET-TRUCK,VAN,SUV,ETC","IL","2017","NONE","TRUCK - SINGLE UNIT","OTHER","N","TURNING LEFT",,,"1",,,,"true",,,,,,,,,,,,,,"OTHER",,,,,,,,,,,,,,,,,,,,,,,,,,,,,,,,,
"757062","JC467478","2019-10-10T14:15:00","2","DRIVER",,"719117",,"TOYOTA MOTOR COMPANY, LTD.","CAMRY","IL","2012","UNKNOWN","UNKNOWN/NA","UNKNOWN/NA","NW","UNKNOWN/NA",,,"1",,,,,,,,,,"true",,,,,,,,"REAR-LEFT",,,,,,,,,,,,,,,,,,,,,,,,,,,,,,,,,
"757086","JC467495","2019-10-10T14:10:00","1","DRIVER","1","719137",,"TOYOTA MOTOR COMPANY, LTD.","CAMRY","IL","2010","UNKNOWN","PASSENGER","PERSONAL","S","U-TURN",,,"2",,,,,,,,,,,,,,,"true",,,"TOTAL (ALL AREAS)",,,,,,,,,,,,,,,,,,,,,,,,,,,,,,,,,
"757087","JC467495","2019-10-10T14:10:00","2","DRIVER",,"719154",,"CHEVROLET","EQUINOX","IL","2020","UNKNOWN","SPORT UTILITY VEHICLE (SUV)","OTHER","S","STRAIGHT AHEAD",,,"1",,,,,,,"true","true",,,,,,,,,,"SIDE-RIGHT",,,,,,,,,,,,,,,,,,,,,,,,,,,,,,,,,
"757796","JC468758","2019-10-10T14:00:00","1","DRIVER","2","719832",,"HONDA","ACCORD",,"2018","NONE","PASSENGER","NOT IN USE","S","CHANGING LANES",,,"3",,,,,"true","true",,,,,,,,,,,,"FRONT",,,,,,,,,,,,,,,,,,,,,,,,,,,,,,,,,
"757797","JC468758","2019-10-10T14:00:00","2","DRIVER",,"719837",,"JEEP","Grand Cherokee (for vehicle years 1989 to present)","IL","1998","NONE","SPORT UTILITY VEHICLE (SUV)","PERSONAL","S","STRAIGHT AHEAD",,,"1",,,,,,,,,,,,,,"true","true",,,"TOTAL (ALL AREAS)",,,,,,,,,,,,,,,,,,,,,,,,,,,,,,,,,
"757192","JC467604","2019-10-10T14:00:00","1","DRIVER",,"719247",,"MERCURY","MARINER","IL","2009","UNKNOWN","PASSENGER","PERSONAL","E","BACKING",,,"1",,,,,,,,,,"true",,,,,,"false",,"REAR-LEFT",,,,,,,,,,,,,,,,,,,,,,,,,,,,,,,,,
"757193","JC467604","2019-10-10T14:00:00","2","PARKED",,"719258",,"TOYOTA MOTOR COMPANY, LTD.","RAV4 (sport utility)","IL","2019","NONE","PASSENGER","NOT IN USE","E","PARKED",,,"0",,,,,,,,,,,,,,,,"true",,"OTHER",,,,,,,,,,,,,,,,,,,,,,,,,,,,,,,,,
"757109","JC467525","2019-10-10T14:00:00","1","DRIVER",,"719167",,"CHEVROLET","MALIBU (CHEVELLE)","IL","2012","UNKNOWN","PASSENGER","PERSONAL","S","STRAIGHT AHEAD","true",,"1",,"PRIVATE TOW TRUCK","UNKNOWN","false",,,,,,,,,,,,"true",,"OTHER",,,,,,,,,,,,,,,,,,,,,,,,,,,,,,,,,
"757110","JC467525","2019-10-10T14:00:00","2","DRIVER","1","719181",,"CHRYSLER","300","IL","2013","UNKNOWN","PASSENGER","PERSONAL","W","STRAIGHT AHEAD","true",,"2",,"PRIVATE TOW TRUCK","UNKNOWN","false",,,"true","true","true",,,,,,,,,"REAR-RIGHT",,,,,,,,,,,,,,,,,,,,,,,,,,,,,,,,,
"757090","JC467504","2019-10-10T14:00:00","1","DRIVER","1","719142",,"FORD","UNKNOWN","IL","2018","NONE","OTHER","AMBULANCE","N","STRAIGHT AHEAD",,,"2",,,,,,,,,,,,,,,,,,"REAR-RIGHT",,,,,,,,,,,,,,,,,,,,,,,,,,,,,,,,,
"757048","JC467455","2019-10-10T14:00:00","1","DRIVER",,"719129",,"MERCEDES-BENZ","350 Series","IL","2003","NONE","PASSENGER","PERSONAL","E","STRAIGHT AHEAD",,,"1",,,,,"true",,,,,,,,,,"true","true",,"OTHER",,,,,,,,,,,,,,,,,,,,,,,,,,,,,,,,,
"757049","JC467455","2019-10-10T14:00:00","2","DRIVER",,"719133",,"HYUNDAI","ELANTRA","IL","2018","NONE","PASSENGER","PERSONAL","E","SLOW/STOP IN TRAFFIC","true",,"1",,"ZACKS TOWING","BERWYN, IL",,,,,,"true","true","true",,,,,,,"REAR-LEFT",,,,,,,,,,,,,,,,,,,,,,,,,,,,,,,,,
"757067","JC467449","2019-10-10T13:57:00","1","DRIVER",,"719124",,"NISSAN","ROGUE","IL","2019","NONE","SPORT UTILITY VEHICLE (SUV)","PERSONAL","W","STRAIGHT AHEAD",,,"1",,,,,,"true",,,,,,,,,,,,"SIDE-RIGHT",,,,,,,,,,,,,,,,,,,,,,,,,,,,,,,,,