"crash_unit_id","rd_no","crash_date","unit_no","unit_type","num_passengers","vehicle_id","cmrc_veh_i","make","model","lic_plate_state","vehicle_year","vehicle_defect","vehicle_type","vehicle_use","travel_direction","maneuver","towed_i","fire_i","occupant_cnt","exceed_speed_limit_i","towed_by","towed_to","area_00_i","area_01_i","area_02_i","area_03_i","area_04_i","area_05_i","area_06_i","area_07_i","area_08_i","area_09_i","area_10_i","area_11_i","area_12_i","area_99_i","first_contact_point","cmv_id","usdot_no","ccmc_no","ilcc_no","commercial_src","gvwr","carrier_name","carrier_state","carrier_city","hazmat_placards_i","hazmat_name","un_no","hazmat_present_i","hazmat_report_i","hazmat_report_no","mcs_report_i","mcs_report_no","hazmat_vio_cause_crash_i","mcs_vio_cause_crash_i","idot_permit_no","wide_load_i","trailer1_width","trailer2_width","trailer1_length","trailer2_length","total_vehicle_length","axle_cnt","vehicle_config","cargo_body_type","load_type","hazmat_out_of_service_i","mcs_out_of_service_i","hazmat_class"
"756961","JC467256","2019-10-10T11:36:00","1","DRIVER",,"719026",,"PONTIAC","Vibe (sport wagon)","IL","2014","NONE","PASSENGER","PERSONAL","E","TURNING RIGHT",,,"1",,,,,,,,,,,,,,,"true",,,"TOTAL (ALL AREAS)",,,,,,,,,,,,,,,,,,,,,,,,,,,,,,,,,
"756962","JC467256","2019-10-10T11:36:00","2","DRIVER",,"719036",,"STERLINE FLATBED TRAILER","STERLINE FLATBED TRAILER","IL","2009","NONE","TRUCK - SINGLE UNIT","CONSTRUCTION/MAINTENANCE","E","TURNING RIGHT",,,"1",,,,,,,"true",,,,,,,,,,,"SIDE-RIGHT",,,,,,,,,,,,,,,,,,,,,,,,,,,,,,,,,
"757498","JC467268","2019-10-10T11:35:00","1","DRIVER",,"719535",,"BUICK","LACROSSE","IL",,"NONE","PASSENGER","PERSONAL","S","STRAIGHT AHEAD",,,"1",,,,,,,,,,,,,,,,"true",,"OTHER",,,,,,,,,,,,,,,,,,,,,,,,,,,,,,,,,
"757499","JC467268","2019-10-10T11:35:00","2","DRIVER",,"719537",,"MITSUBISHI","MITSUBISHI",,,"NONE","TRUCK - SINGLE UNIT","COMMERCIAL - MULTI-UNIT","S","STARTING IN TRAFFIC",,,"1",,,,,,,,,,"true",,,,,,,,"REAR-LEFT",,,,,,,,,,,,,,,,,,,,,,,,,,,,,,,,,
"757144","JC467286","2019-10-10T11:30:00","1","DRIVER","1","719201",,"CHEVROLET","UNKNOWN","IL","2011","NONE","PICKUP","PERSONAL","W","STRAIGHT AHEAD",,,"2",,,,,,,,,,,,"true",,,,,,"REAR-RIGHT",,,,,,,,,,,,,,,,,,,,,,,,,,,,,,,,,
"756944","JC467264","2019-10-10T11:30:00","1","DRIVER",,"719016","false","FORD","FORD-TRUCK,VAN,SUV, ETC","IL","2018","UNKNOWN","VAN/MINI-VAN","OTHER","W","NEGOTIATING A CURVE",,,"1",,,,,,,"true","true",,,,,,,,,,"SIDE-RIGHT",,,,,,,,,,,,,,,,,,,,,,,,,,,,,,,,,
"756945","JC467264","2019-10-10T11:30:00","2","DRIVER",,"719027",,"FORD","FORD-TRUCK,VAN,SUV, ETC","IL","2014","NONE","TRUCK - SINGLE UNIT","OTHER","W","OTHER",,,"1",,,,,,,,,,,"true",,,,,,,"SIDE-LEFT",,,,,,,,,,,,,,,,,,,,,,,,,,,,,,,,,
"756996","JC467251","2019-10-10T11:30:00","1","DRIVER",,"719067",,"CADILLAC","SEVILLE","IL","2000","NONE","PASSENGER","PERSONAL","N","STRAIGHT AHEAD","true",,"1",,"private","private",,,,,,,,,,,,,"true","true","OTHER",,,,,,,,,,,,,,,,,,,,,,,,,,,,,,,,,
"756997","JC467251","2019-10-10T11:30:00","2","DRIVER",,"719077","true","CHEVROLET","UPLANDER","IL","2010","NONE","OTHER","OTHER","N","AVOIDING VEHICLES/OBJECTS",,,"1",,,,"false",,,,,,"true",,,,,,,,"REAR-LEFT",,,,,,,,,,,,,,,,,,,,,,,,,,,,,,,,,
"756951","JC467285","2019-10-10T11:20:00","1","DRIVER",,"719014",,"NISSAN","NISSAN MAXIMA","IL","2007","NONE","PASSENGER","PERSONAL","S","SLOW/STOP IN TRAFFIC",,,"1",,,,,"true",,,,,,,,,,"true","true",,"OTHER",,,,,,,,,,,,,,,,,,,,,,,,,,,,,,,,,
"756952","JC467285","2019-10-10T11:20:00","2","DRIVER","1","719022",,"HYUNDAI","TUCSON","IL","2015","NONE","SPORT UTILITY VEHICLE (SUV)","PERSONAL","S","SLOW/STOP IN TRAFFIC",,,"2",,,,,,,,,"true","true","true",,,,,,,"REAR-LEFT",,,,,,,,,,,,,,,,,,,,,,,,,,,,,,,,,
"756920","JC467243","2019-10-10T11:20:00","1","DRIVER",,"718991",,"INFINITI","UNKNOWN","IN","2018","UNKNOWN","VAN/MINI-VAN","PERSONAL","S","STRAIGHT AHEAD",,,"1",,,,,,,,,,,,,,,,"true",,"OTHER",,,,,,,,,,,,,,,,,,,,,,,,,,,,,,,,,
"756921","JC467243","2019-10-10T11:20:00","2","PARKED",,"718995",,"CHEVROLET","CRUZE","IL","2016","NONE","PASSENGER","PERSONAL","S","PARKED IN TRAFFIC LANE",,,"0",,,,,,,,,"true","true",,,,,,,,"REAR",,,,,,,,,,,,,,,,,,,,,,,,,,,,,,,,,
"757495","JC467324","2019-10-10T11:00:00","1","DRIVER",,"719534",,"HYUNDAI","TUCSON","IL","2018","UNKNOWN","PASSENGER","PERSONAL","UNKNOWN","UNKNOWN/NA",,,"1",,,,,,,,,"true",,,,,,,,,"REAR-RIGHT",,,,,,,,,,,,,,,,,,,,,,,,,,,,,,,,,
"757496","JC467324","2019-10-10T11:00:00","2","PARKED",,"719544",,"MAZDA","Mazda 3","IL","2010","NONE","PASSENGER","NOT IN USE","N","PARKED",,,"0",,,,,,,,,,,"true",,,,,,,"FRONT-LEFT",,,,,,,,,,,,,,,,,,,,,,,,,,,,,,,,,
"756977","JC467314","2019-10-10T11:00:00","1","DRIVER",,"719049",,"HONDA","ACCORD","IL","2009","NONE","PASSENGER","PERSONAL","W","TURNING RIGHT",,,"1",,,,,,,,,,,,,,,"true",,,"UNDER CARRIAGE",,,,,,,,,,,,,,,,,,,,,,,,,,,,,,,,,
"756978","JC467314","2019-10-10T11:00:00","2","DRIVER",,"719055",,"LEXUS","LX450 (luxury sport utility)","IL","2006","NONE","SPORT UTILITY VEHICLE (SUV)","PERSONAL","W","TURNING RIGHT",,,"1",,,,,,"true",,,,,,,,,,,,"FRONT-RIGHT",,,,,,,,,,,,,,,,,,,,,,,,,,,,,,,,,
"756965","JC467269","2019-10-10T11:00:00","1","DRIVER",,"719030",,"TOYOTA MOTOR COMPANY, LTD.","UNKNOWN","IL",,"UNKNOWN","UNKNOWN/NA","UNKNOWN/NA","UNKNOWN","STRAIGHT AHEAD",,,"1",,,,"false","false",,"false","false",,,,,,,"false","true",,"OTHER",,,,,,,,,,,,,,,,,,,,,,,,,,,,,,,,,
"756966","JC467269","2019-10-10T11:00:00","2","DRIVER",,"719073","true","INTERNATIONAL TRAILER CORP.","INTERNATIONAL TRAILER CORP.","MO",,"UNKNOWN","TRUCK - SINGLE UNIT","COMMERCIAL - SINGLE UNIT","W","TURNING LEFT",,,"1",,,,,,,"true","true",,,,,,,,,,"SIDE-RIGHT",,,,,,,,,,,,,,,,,,,,,,,,,,,,,,,,,
"756909","JC467207","2019-10-10T10:45:00","1","DRIVER",,"718966",,"BUICK","LACROSSE","IL","2007","NONE","PASSENGER","PERSONAL","N","STRAIGHT AHEAD",,,"1",,,,,,,,,,,,,,,,"true",,"OTHER",,,,,,,,,,,,,,,,,,,,,,,,,,,,,,,,,
"756910","JC467207","2019-10-10T10:45:00","2","DRIVER",,"718972",,"TOYOTA MOTOR COMPANY, LTD.","Sienna (van)","IL","2009","NONE","VAN/MINI-VAN","PERSONAL","N","STRAIGHT AHEAD",,,"1",,,,,,,,,,"true",,,,,,,,"REAR-LEFT",,,,,,,,,,,,,,,,,,,,,,,,,,,,,,,,,
"756924","JC467216","2019-10-10T10:43:00","1","DRIVER",,"718994",,"NISSAN","SENTRA (DATSUN AND NISSAN HAVE MERGED)",,"2002","UNKNOWN","UNKNOWN/NA","UNKNOWN/NA","S","STRAIGHT AHEAD","true",,"1",,,,,,,,,,,,,,,"true","true",,"TOTAL (ALL AREAS)",,,,,,,,,,,,,,,,,,,,,,,,,,,,,,,,,
"756925","JC467216","2019-10-10T10:43:00","2","PARKED",,"719001",,"CHEVROLET","MALIBU (CHEVELLE)","IL","2006","NONE","PASSENGER","PERSONAL","S","PARKED",,,"0",,,,,,,,,,,"true","true","true","true","true",,,"SIDE-LEFT",,,,,,,,,,,,,,,,,,,,,,,,,,,,,,,,,
"756926","JC467216","2019-10-10T10:43:00","3","PARKED",,"719009",,"KIA MOTORS CORP","SORENTO","KY","2019","NONE","PASSENGER","NOT IN USE","S","PARKED",,,"0",,,,,,,,,,"false","true",,,,,"true",,"REAR-LEFT",,,,,,,,,,,,,,,,,,,,,,,,,,,,,,,,,
"756927","JC467216","2019-10-10T10:43:00","4","PARKED",,"719023",,"BUICK","Electra (Park Avenue), Park Avenue (Electra)","IL","1988","UNKNOWN","PASSENGER","NOT IN USE","S","STRAIGHT AHEAD",,,"0",,,,,,,,,,"true",,,,,,,,"REAR-LEFT",,,,,,,,,,,,,,,,,,,,,,,,,,,,,,,,,
"756901","JC467190","2019-10-10T10:35:00","1","DRIVER",,"718963",,"VOLVO","XC60","IL","2019","NONE","SPORT UTILITY VEHICLE (SUV)","PERSONAL","N","STRAIGHT AHEAD",,,"1",,,,,"true",,,,,,,,,,,"true",,"FRONT",,,,,,,,,,,,,,,,,,,,,,,,,,,,,,,,,
"756902","JC467190","2019-10-10T10:35:00","2","PARKED","1","718981",,"LINCOLN-CONTINENTAL","MKZ","IL","2015","NONE","PASSENGER","NOT IN USE","N","PARKED",,,"1",,,,,,,,,,,"true",,,,,,,"SIDE-LEFT",,,,,,,,,,,,,,,,,,,,,,,,,,,,,,,,,
"756913","JC467213","2019-10-10T10:31:00","1","DRIVER",,"718973",,"TOYOTA MOTOR COMPANY, LTD.","Prius","IL","2004","NONE","PASSENGER","PERSONAL","W","SLOW/STOP IN TRAFFIC",,,"1",,,,,,,,,,,,,,,,"true",,"OTHER",,,,,,,,,,,,,,,,,,,,,,,,,,,,,,,,,
"756914","JC467213","2019-10-10T10:31:00","2","DRIVER",,"718985",,"HYUNDAI","ELANTRA","IL","2016","NONE","PASSENGER","PERSONAL","W","STRAIGHT AHEAD",,,"1",,,,,,,,,,"true",,,,,,,,"REAR-LEFT",,,,,,,,,,,,,,,,,,,,,,,,,,,,,,,,,
"756930","JC467225","2019-10-10T10:30:00","1","DRIVER",,"718997",,"HYUNDAI","SONATA","IL","2009","NONE","PASSENGER","PERSONAL","N","PASSING/OVERTAKING",,,"1",,,,,,"true",,,,,,,,,,,,"SIDE-RIGHT",,,,,,,,,,,,,,,,,,,,,,,,,,,,,,,,,
"756931","JC467225","2019-10-10T10:30:00","2","DRIVER",,"719008",,"UNKNOWN","UNKNOWN","IL","2000","NONE","BUS OVER 15 PASS.","CTA","N","SLOW/STOP IN TRAFFIC",,,"1",,,,,,,,,,,,"true",,,,,,"FRONT-LEFT",,,,,,,,,,,,,,,,,,,,,,,,,,,,,,,,,
"756915","JC467224","2019-10-10T10:30:00","1","DRIVER",,"718978",,"CHEVROLET","MALIBU (CHEVELLE)","IL","2009","UNKNOWN","PASSENGER","PERSONAL","N","STRAIGHT AHEAD",,,"1",,,,,,,,,,,,,,,,,"true","UNKNOWN",,,,,,,,,,,,,,,,,,,,,,,,,,,,,,,,,
"756916","JC467224","2019-10-10T10:30:00","2","DRIVER",,"718986",,"CHEVROLET","Aveo","IL","2009","NONE","PASSENGER","PERSONAL","N","SLOW/STOP IN TRAFFIC",,,"1",,,,,,,,,,"true","true",,,,,,,"REAR-LEFT",,,,,,,,,,,,,,,,,,,,,,,,,,,,,,,,,
"756934","JC467221","2019-10-10T10:30:00","1","DRIVER",,"719005",,"FREIGHTLINER CORP.","FREIGHTLINER CORP.","IL","2019","UNKNOWN","TRUCK - SINGLE UNIT","OTHER","S","BACKING",,,"1",,,,,,,,,"true",,,,,,,,,"REAR",,,,,,,,,,,,,,,,,,,,,,,,,,,,,,,,,
"756935","JC467221","2019-10-10T10:30:00","2","PARKED",,"719020",,"JEEP","PATRIOT","IL","2008","UNKNOWN","PASSENGER","NOT IN USE","E","PARKED",,,"0",,,,,,,,,,,,,,,,"true",,"TOTAL (ALL AREAS)",,,,,,,,,,,,,,,,,,,,,,,,,,,,,,,,,
"756899","JC467184","2019-10-10T10:30:00","1","DRIVER",,"718961",,"CHEVROLET","TAHOE","IL","2005","NONE","SPORT UTILITY VEHICLE (SUV)","PERSONAL","N","STRAIGHT AHEAD",,,"1",,,,,,,,,,,,,,,,"true",,"OTHER",,,,,,,,,,,,,,,,,,,,,,,,,,,,,,,,,
"756900","JC467184","2019-10-10T10:30:00","2","DRIVER","1","718979",,"NISSAN","NISSAN ALTIMA","IL","2017","NONE","PASSENGER","PERSONAL","N","STRAIGHT AHEAD",,,"2",,,,,,,,,,"true",,,,,,,,"REAR-LEFT",,,,,,,,,,,,,,,,,,,,,,,,,,,,,,,,,
"756905","JC467218","2019-10-10T10:20:00","1","DRIVER",,"718968",,"DODGE","Avenger","IL","2008","UNKNOWN","PASSENGER","PERSONAL","W","ENTERING TRAFFIC LANE FROM PARKING",,,"1",,,,,,,,,,,,,,,"true",,,"TOTAL (ALL AREAS)",,,,,,,,,,,,,,,,,,,,,,,,,,,,,,,,,
"756906","JC467218","2019-10-10T10:20:00","2","DRIVER",,"718984",,"AUDI","Q7","IL","2009","NONE","PASSENGER","PERSONAL","W","STRAIGHT AHEAD",,,"1",,,,,,,"true",,,,,,,,,,,"SIDE-RIGHT",,,,,,,,,,,,,,,,,,,,,,,,,,,,,,,,,
"756932","JC467210","2019-10-10T10:20:00","1","DRIVER",,"718996",,"FORD","Focus","IL","2014","UNKNOWN","PASSENGER","UNKNOWN/NA","N","STRAIGHT AHEAD",,,"1",,,,,,,,,,,,,,,,,"true","UNKNOWN",,,,,,,,,,,,,,,,,,,,,,,,,,,,,,,,,
"756933","JC467210","2019-10-10T10:20:00","2","DRIVER",,"719006",,"HONDA","ACCORD","IL","2007","NONE","PASSENGER","PERSONAL","N","STRAIGHT AHEAD",,,"1",,,,,,,,,,"true",,,,,,,,"REAR-LEFT",,,,,,,,,,,,,,,,,,,,,,,,,,,,,,,,,
"756928","JC467181","2019-10-10T10:17:00","1","DRIVER",,"719002",,"VOLKSWAGEN","PASSAT","IL","2013","UNKNOWN","PASSENGER","PERSONAL","S","STRAIGHT AHEAD","true",,"1",,"PRIVATE TOW","PRIVATE TOW",,,,,,,,,,,,,"true",,"OTHER",,,,,,,,,,,,,,,,,,,,,,,,,,,,,,,,,
"756929","JC467181","2019-10-10T10:17:00","2","DRIVER",,"719013",,"CHEVROLET","IMPALA","IL","2016","UNKNOWN","PASSENGER","PERSONAL","S","STRAIGHT AHEAD","true",,"1",,"PRIVATE TOW","PRIVATE TOW",,,,,,,"true",,,,,,,,"REAR-LEFT",,,,,,,,,,,,,,,,,,,,,,,,,,,,,,,,,
"756946","JC467157","2019-10-10T10:03:00","1","BICYCLE",,,,,,,,,,,,,,,,,,,,,,,,,,,,,,,,,,,,,,,,,,,,,,,,,,,,,,,,,,,,,,,,,,
"756947","JC467157","2019-10-10T10:03:00","2","DRIVER",,"719017",,"DODGE","UNKNOWN",,,"UNKNOWN","PICKUP","PERSONAL","N","STARTING IN TRAFFIC","false",,"1",,,,,"true",,,,,,,,,,,"true",,"FRONT",,,,,,,,,,,,,,,,,,,,,,,,,,,,,,,,,
"756948","JC467157","2019-10-10T10:03:00","3","DRIVER",,"719029",,"JEEP","UNKNOWN","IL","2008","UNKNOWN","SPORT UTILITY VEHICLE (SUV)","PERSONAL","E","SLOW/STOP IN TRAFFIC",,,"1",,,,,"true",,,,,,,,,,"true","true",,"OTHER",,,,,,,,,,,,,,,,,,,,,,,,,,,,,,,,,
"756882","JC467144","2019-10-10T10:02:00","1","DRIVER",,"718974",,"NISSAN","NISSAN MAXIMA","IL","2010","UNKNOWN","PASSENGER","PERSONAL","S","STRAIGHT AHEAD",,,"1",,,,,"true",,,,,,,,,,"true","true",,"OTHER",,,,,,,,,,,,,,,,,,,,,,,,,,,,,,,,,
"756883","JC467144","2019-10-10T10:02:00","2","DRIVER",,"719032",,"LINCOLN-CONTINENTAL","TOWNCAR","IL","2004","NONE","PASSENGER","PERSONAL","E","STRAIGHT AHEAD",,,"1",,,,,,,,,,,"true",,,,,,,"SIDE-LEFT",,,,,,,,,,,,,,,,,,,,,,,,,,,,,,,,,
"757079","JC467467","2019-10-10T10:00:00","1","DRIVER",,"719143",,"UNKNOWN","UNKNOWN",,,"UNKNOWN","UNKNOWN/NA","UNKNOWN/NA","UNKNOWN","UNKNOWN/NA",,,"1",,,,,,,,,,,,,,,,,"true","UNKNOWN",,,,,,,,,,,,,,,,,,,,,,,,,,,,,,,,,
"757080","JC467467","2019-10-10T10:00:00","2","PARKED",,"719127",,"CHEVROLET","MALIBU (CHEVELLE)","IL","2014","NONE","PASSENGER","PERSONAL","E","PARKED",,,"0",,,,,,,,,,,,,,,,"true",,"OTHER",,,,,,,,,,,,,,,,,,,,,,,,,,,,,,,,,
"756880","JC467176","2019-10-10T10:00:00","1","DRIVER",,"718953",,"TOYOTA MOTOR COMPANY, LTD.","CAMRY","IL","2004","NONE","PASSENGER","PERSONAL","N","STRAIGHT AHEAD",,,"1",,,,,,,,,,,,,,,,"true",,"OTHER",,,,,,,,,,,,,,,,,,,,,,,,,,,,,,,,,
"756881","JC467176","2019-10-10T10:00:00","2","DRIVER",,"718955",,"AUDI","Q5","IL","2017","NONE","PASSENGER","PERSONAL","N","SLOW/STOP IN TRAFFIC",,,"1",,,,,,,,,,"true",,,,,,,,"REAR-LEFT",,,,,,,,,,,,,,,,,,,,,,,,,,,,,,,,,
"756907","JC467169","2019-10-10T10:00:00","1","DRIVER","3","718964",,"HONDA","ACCORD","IL","2001","UNKNOWN","PASSENGER","UNKNOWN/NA","W","PASSING/OVERTAKING",,,"4",,,,,"true",,,,,,,,,,,,,"FRONT",,,,,,,,,,,,,,,,,,,,,,,,,,,,,,,,,
"756908","JC467169","2019-10-10T10:00:00","2","DRIVER",,"718980",,"NISSAN","SENTRA (DATSUN AND NISSAN HAVE MERGED)","IL","2013","NONE","PASSENGER","PERSONAL","W","STRAIGHT AHEAD",,,"1",,,,,,,,,,,"true",,,,,,,"SIDE-LEFT",,,,,,,,,,,,,,,,,,,,,,,,,,,,,,,,,
"756873","JC467162","2019-10-10T10:00:00","1","DRIVER",,"718947",,"FORD","FORD","IL","2011","NONE","OTHER","OTHER","N","OTHER",,,"1",,,,"true",,,,,,,,,,,,,,,,,,,,,,,,,,,,,,,,,,,,,,,,,,,,,,,
"756874","JC467162","2019-10-10T10:00:00","2","PARKED",,"718949",,"CHEVROLET","MALIBU (CHEVELLE)","IL","2010","NONE","PASSENGER","PERSONAL","W","PARKED",,,"0",,,,,,,,,,"true",,,,,,,,"REAR-LEFT",,,,,,,,,,,,,,,,,,,,,,,,,,,,,,,,,
"756879","JC467150","2019-10-10T09:51:00","1","DRIVER",,"718950",,"CALDWELL DIV., SMITH INTERNATIONAL, INC.","CALDWELL DIV., SMITH INTERNATIONAL, INC.","IL","2014","NONE","TRUCK - SINGLE UNIT","STATE OWNED","N","ENTER FROM DRIVE/ALLEY",,,"1",,,,"true",,,,,,,,,,,,,,,,,,,,,,,,,,,,,,,,,,,,,,,,,,,,,,,
"756893","JC467152","2019-10-10T09:50:00","1","DRIVER",,"718998",,"UNKNOWN","UNKNOWN","IL","2016","NONE","BUS OVER 15 PASS.","SCHOOL BUS","N","TURNING LEFT",,,"30",,,,,,,,,,,,"false",,,,,,,,,,,,,,,,,,,,,,,,,,,,,,,,,,,,,,,
"756894","JC467152","2019-10-10T09:50:00","2","DRIVER",,"719010","true","FREIGHTLINER CORP.","FREIGHTLINER CORP.","IL","2019","NONE","TRACTOR W/O SEMI-TRAILER","OTHER","N","TURNING LEFT",,,"1",,,,,,,,,,,,,,,,,,,"8383","147217",,"220833","DRIVER","2","TRADESHOW TRANSPORT","IL","CHICAGO",,,,"N","N",,"U",,"N","N",,,,,,,"18","3","TRUCK/TRACTOR","OTHER","OTHER","false","false",
"756867","JC467134","2019-10-10T09:28:00","1","DRIVER",,"718939",,"GENERAL MOTORS CORP.","UNKNOWN","IL","2006","NONE","TRUCK - SINGLE UNIT","OTHER","S","STRAIGHT AHEAD",,,"1",,,,,,,"true",,,,,,,,,,,"SIDE-RIGHT",,,,,,,,,,,,,,,,,,,,,,,,,,,,,,,,,
"756868","JC467134","2019-10-10T09:28:00","2","DRIVER",,"718946",,"UNKNOWN","UNKNOWN","IL","2001","NONE","BUS OVER 15 PASS.","CTA","S","SLOW/STOP IN TRAFFIC",,,"1",,,,,,,,,,,,,,,"true",,,"ROOF",,,,,,,,,,,,,,,,,,,,,,,,,,,,,,,,,
"756884","JC467149","2019-10-10T09:22:00","1","DRIVER",,"718959",,"CHEVROLET","SILVERADO","IL","2014","UNKNOWN","PICKUP","UNKNOWN/NA","N","STRAIGHT AHEAD",,,"1",,,,,,"true",,,,,,,,,,,,"FRONT-RIGHT",,,,,,,,,,,,,,,,,,,,,,,,,,,,,,,,,
"756885","JC467149","2019-10-10T09:22:00","2","DRIVER",,"718971",,"NEW FLYER","NEW FLYER","IL","2008","NONE","BUS OVER 15 PASS.","CTA","N","SLOW/STOP IN TRAFFIC",,,"1",,,,,,,,,,,,,,"true",,,,"FRONT-RIGHT",,,,,,,,,,,,,,,,,,,,,,,,,,,,,,,,,
"756861","JC467132","2019-10-10T09:20:00","1","DRIVER",,"718934",,"CHRYSLER","TOWN & COUNTRY","IL","2006","NONE","VAN/MINI-VAN","OTHER","N","STRAIGHT AHEAD",,,"1",,,,,,,,,,,,,,,,,,"OTHER",,,,,,,,,,,,,,,,,,,,,,,,,,,,,,,,,
"756862","JC467132","2019-10-10T09:20:00","2","DRIVER",,"718941",,"TOYOTA MOTOR COMPANY, LTD.","CAMRY","IL","2017","NONE","PASSENGER","PERSONAL","N","SLOW/STOP IN TRAFFIC","true",,"1",,,,,,,,,,,,,,,,,,"REAR-LEFT",,,,,,,,,,,,,,,,,,,,,,,,,,,,,,,,,
"756839","JC467110","2019-10-10T09:20:00","1","DRIVER",,"718915",,"UNKNOWN","UNKNOWN",,,"UNKNOWN","PASSENGER","UNKNOWN/NA","S","BACKING",,,"1",,,,,,,,,"true","true","true",,,,,,,"REAR-LEFT",,,,,,,,,,,,,,,,,,,,,,,,,,,,,,,,,
"756840","JC467110","2019-10-10T09:20:00","2","DRIVER",,"718927",,"UNKNOWN","UNKNOWN","WI",,"NONE","VAN/MINI-VAN","CONSTRUCTION/MAINTENANCE","W","STRAIGHT AHEAD",,,"1",,,,,,"true","true","true",,,,,,,,,,"SIDE-RIGHT",,,,,,,,,,,,,,,,,,,,,,,,,,,,,,,,,
"756863","JC467117","2019-10-10T09:14:00","1","DRIVER",,"718938",,"LEXUS","UNKNOWN","IL","2017","UNKNOWN","PASSENGER","PERSONAL","W","TURNING RIGHT",,,"1",,,,"false",,"true","true",,,,,,,,,,,"FRONT",,,,,,,,,,,,,,,,,,,,,,,,,,,,,,,,,
"756864","JC467117","2019-10-10T09:14:00","2","BICYCLE",,,,,,,,,,,,,,,,,,,,,,,,,,,,,,,,,,,,,,,,,,,,,,,,,,,,,,,,,,,,,,,,,,
"757806","JC468761","2019-10-10T09:00:00","1","DRIVER",,"719836",,"UNKNOWN","UNKNOWN",,,"NONE","TRUCK - SINGLE UNIT","OTHER","W","BACKING",,,"1",,,,,,,,,,,"true",,,,,,,"SIDE-LEFT",,,,,,,,,,,,,,,,,,,,,,,,,,,,,,,,,
"757807","JC468761","2019-10-10T09:00:00","2","PARKED",,"719845",,"CHEVROLET","MALIBU (CHEVELLE)","IL","2012","NONE","PASSENGER","PERSONAL","W","PARKED",,,"0",,,,,,,,,,,,,,"true","true",,,"UNDER CARRIAGE",,,,,,,,,,,,,,,,,,,,,,,,,,,,,,,,,
"756858","JC467140","2019-10-10T09:00:00","1","DRIVER",,"718928",,"FORD","EDGE","IL","2017","NONE","SPORT UTILITY VEHICLE (SUV)","PERSONAL","N","PASSING/OVERTAKING",,,"1",,,,,,,,,,,"true",,,,,,,"FRONT-LEFT",,,,,,,,,,,,,,,,,,,,,,,,,,,,,,,,,
"756859","JC467140","2019-10-10T09:00:00","2","DRIVER",,"718937",,"CHEVROLET","MALIBU (CHEVELLE)","IL","2015","NONE","PASSENGER","PERSONAL","N","MERGING",,,"1",,,,,"true","true","true",,,,,,,,,,,"SIDE-RIGHT",,,,,,,,,,,,,,,,,,,,,,,,,,,,,,,,,
"756852","JC467099","2019-10-10T08:55:00","1","DRIVER",,"718924",,"CHEVROLET","Trail Blazer","IL","2007","BRAKES","PASSENGER","PERSONAL","W","AVOIDING VEHICLES/OBJECTS",,,"1",,,,,,,,"true","true",,,,,,,,,"REAR-RIGHT",,,,,,,,,,,,,,,,,,,,,,,,,,,,,,,,,
"756853","JC467099","2019-10-10T08:55:00","2","DRIVER",,"718935","true","CHEVROLET","CHEVROLET-TRUCK,VAN,SUV,ETC","IL","2015","NONE","VAN/MINI-VAN","COMMERCIAL - SINGLE UNIT","S","STRAIGHT AHEAD",,,"1",,,,,"true",,,,,,,,,,"true","true",,"OTHER",,,,,,,,,,,,,,,,,,,,,,,,,,,,,,,,,
"756831","JC467082","2019-10-10T08:55:00","1","DRIVER",,"718899",,"HONDA","ACCORD",,"2009","NONE","PASSENGER","PERSONAL","W","BACKING",,,"1",,,,,,,,,"true","true","true",,,,,,,"REAR-LEFT",,,,,,,,,,,,,,,,,,,,,,,,,,,,,,,,,
"756832","JC467082","2019-10-10T08:55:00","2","DRIVER","1","718905",,"DODGE","GRAND CARAVAN","IL","2007","NONE","VAN/MINI-VAN","PERSONAL","S","SLOW/STOP IN TRAFFIC",,,"2",,,,,,,,,,,,,"true",,,,,"ROOF",,,,,,,,,,,,,,,,,,,,,,,,,,,,,,,,,
"756917","JC467231","2019-10-10T08:50:00","1","DRIVER",,"718982",,"LINCOLN-CONTINENTAL","MKT","IL","2014","NONE","PASSENGER","PERSONAL","N","STRAIGHT AHEAD",,,"1",,,,,,,,,,,,,,,,"true",,"OTHER",,,,,,,,,,,,,,,,,,,,,,,,,,,,,,,,,
"756918","JC467231","2019-10-10T08:50:00","2","DRIVER",,"718987",,"HONDA","CIVIC","IL","2016","NONE","PASSENGER","PERSONAL","N","STRAIGHT AHEAD",,,"1",,,,,,,,,,"true",,,,,,"true",,"REAR-LEFT",,,,,,,,,,,,,,,,,,,,,,,,,,,,,,,,,
"756919","JC467231","2019-10-10T08:50:00","3","DRIVER",,"718990",,"HONDA","ACCORD","IL","2016","NONE","PASSENGER","UNKNOWN/NA","N","STRAIGHT AHEAD",,,"1",,,,,,,,,,"true",,,,,,,,"REAR-LEFT",,,,,,,,,,,,,,,,,,,,,,,,,,,,,,,,,
"756955","JC467090","2019-10-10T08:49:00","1","DRIVER",,"719031","true","FORD","F550","NC","2019","UNKNOWN","OTHER","OTHER","W","BACKING",,,"1",,,,,,,,,,"true",,,,,,,,"REAR-LEFT","8385","2337380",,,,"2","ALTEC CAPITAL TRUST","AL","BIRMINGHAM",,,,"N","N",,"N",,"N","U",,,,,,,,,"UNKNOWN HEAVY TRUCK","OTHER","UNKNOWN","false","false",