"crash_unit_id","rd_no","crash_date","unit_no","unit_type","num_passengers","vehicle_id","cmrc_veh_i","make","model","lic_plate_state","vehicle_year","vehicle_defect","vehicle_type","vehicle_use","travel_direction","maneuver","towed_i","fire_i","occupant_cnt","exceed_speed_limit_i","towed_by","towed_to","area_00_i","area_01_i","area_02_i","area_03_i","area_04_i","area_05_i","area_06_i","area_07_i","area_08_i","area_09_i","area_10_i","area_11_i","area_12_i","area_99_i","first_contact_point","cmv_id","usdot_no","ccmc_no","ilcc_no","commercial_src","gvwr","carrier_name","carrier_state","carrier_city","hazmat_placards_i","hazmat_name","un_no","hazmat_present_i","hazmat_report_i","hazmat_report_no","mcs_report_i","mcs_report_no","hazmat_vio_cause_crash_i","mcs_vio_cause_crash_i","idot_permit_no","wide_load_i","trailer1_width","trailer2_width","trailer1_length","trailer2_length","total_vehicle_length","axle_cnt","vehicle_config","cargo_body_type","load_type","hazmat_out_of_service_i","mcs_out_of_service_i","hazmat_class"
"756956","JC467090","2019-10-10T08:49:00","2","DRIVER","6","719046",,"CHEVROLET","TAHOE","IL","1999","UNKNOWN","PASSENGER","PERSONAL","N","STRAIGHT AHEAD","true",,"7",,"private tow","unknown",,"true",,"true","true","true",,,,,,,"true",,"SIDE-RIGHT",,,,,,,,,,,,,,,,,,,,,,,,,,,,,,,,,
"756828","JC467056","2019-10-10T08:40:00","1","DRIVER",,"718904","true","GENERAL MOTORS CORP.","UNKNOWN","IL","2007","NONE","TRUCK - SINGLE UNIT","OTHER","E","BACKING",,,"1",,,,,,,,,,"true",,,,,,,,"REAR-LEFT",,,,,,,,,,,,,,,,,,,,,,,,,,,,,,,,,
"756829","JC467056","2019-10-10T08:40:00","2","DRIVER",,"718912",,"JEEP","CHEROKEE","IL","2015","NONE","PASSENGER","PERSONAL","E","STRAIGHT AHEAD",,,"1",,,,,,,,,,,,,,,,"true",,"OTHER",,,,,,,,,,,,,,,,,,,,,,,,,,,,,,,,,
"758001","JC469045","2019-10-10T08:30:00","1","DRIVER",,"720022",,"CADILLAC","CADILLAC","IL","2005","UNKNOWN","PASSENGER","PERSONAL","W","STRAIGHT AHEAD",,,"1",,,,,,,,,,,,,,,,"true",,"OTHER",,,,,,,,,,,,,,,,,,,,,,,,,,,,,,,,,
"758002","JC469045","2019-10-10T08:30:00","2","DRIVER",,"720030",,"CHEVROLET","MALIBU (CHEVELLE)","IL","2013","UNKNOWN","PASSENGER","PERSONAL","W","SLOW/STOP IN TRAFFIC",,,"1",,,,,,,,,,"true",,,,,,,,"REAR-LEFT",,,,,,,,,,,,,,,,,,,,,,,,,,,,,,,,,
"756822","JC467062","2019-10-10T08:30:00","1","DRIVER","2","718894",,"MAZDA","UNKNOWN","IL","2007","UNKNOWN","PASSENGER","UNKNOWN/NA","S","PASSING/OVERTAKING",,,"3",,,,,"true",,,,,,,,,,,,,"FRONT",,,,,,,,,,,,,,,,,,,,,,,,,,,,,,,,,
"756823","JC467062","2019-10-10T08:30:00","2","DRIVER",,"718910",,"HYUNDAI","SONATA","IL","2006","NONE","PASSENGER","PERSONAL","N","STRAIGHT AHEAD",,,"1",,,,,,,,"true","true",,,,,,,,,"REAR",,,,,,,,,,,,,,,,,,,,,,,,,,,,,,,,,
"756812","JC467058","2019-10-10T08:30:00","1","DRIVER",,"718882",,"KIA MOTORS CORP","Sedona","IL","2011","NONE","PASSENGER","PERSONAL","N","ENTERING TRAFFIC LANE FROM PARKING",,,"1",,,,,,,,,,,,,,,"true",,,"TOTAL (ALL AREAS)",,,,,,,,,,,,,,,,,,,,,,,,,,,,,,,,,
"756813","JC467058","2019-10-10T08:30:00","2","DRIVER",,"718884",,"NISSAN","NISSAN MAXIMA","IL","2013","NONE","PASSENGER","PERSONAL","N","STRAIGHT AHEAD",,,"1",,,,,,,"true","true","true",,,,,,,,,"ROOF",,,,,,,,,,,,,,,,,,,,,,,,,,,,,,,,,
"756843","JC467063","2019-10-10T08:26:00","1","DRIVER",,"718918",,"ISUZU","UNKNOWN","IL","2020","UNKNOWN","TRUCK - SINGLE UNIT","UNKNOWN/NA","SE","STRAIGHT AHEAD",,,"1",,,,,,,"true","true",,,,,,,,,,"SIDE-RIGHT",,,,,,,,,,,,,,,,,,,,,,,,,,,,,,,,,
"756844","JC467063","2019-10-10T08:26:00","2","DRIVER",,"718926",,"JEEP","Wrangler (for vehicle years 1989 to present)","IL","2017","UNKNOWN","PASSENGER","PERSONAL","E","TURNING RIGHT",,,"1",,,,,,,,,,,,,,,"true",,,"TOTAL (ALL AREAS)",,,,,,,,,,,,,,,,,,,,,,,,,,,,,,,,,
"756957","JC467252","2019-10-10T08:20:00","1","DRIVER",,"719038",,"CHEVROLET","Tracker (beginning vehicle year 1998)","IL","2016","NONE","SPORT UTILITY VEHICLE (SUV)","PERSONAL","W","STRAIGHT AHEAD",,,"1",,,,,"true",,,,,,,,,,"true","true",,"OTHER",,,,,,,,,,,,,,,,,,,,,,,,,,,,,,,,,
"756958","JC467252","2019-10-10T08:20:00","2","DRIVER",,"719045",,"TOYOTA MOTOR COMPANY, LTD.","RAV4 (sport utility)","IL","2017","NONE","SPORT UTILITY VEHICLE (SUV)","PERSONAL","W","SLOW/STOP IN TRAFFIC",,,"1",,,,,,,,,"true","true","true",,,,,,,"REAR-LEFT",,,,,,,,,,,,,,,,,,,,,,,,,,,,,,,,,
"756845","JC467103","2019-10-10T08:20:00","1","DRIVER",,"718923",,"TOYOTA MOTOR COMPANY, LTD.","RAV4 (sport utility)","IL","2006","NONE","SPORT UTILITY VEHICLE (SUV)","PERSONAL","N","TURNING LEFT",,,"1",,,,,"true",,,,,,,,,,,,,"FRONT",,,,,,,,,,,,,,,,,,,,,,,,,,,,,,,,,
"756846","JC467103","2019-10-10T08:20:00","2","DRIVER",,"718931",,"HONDA","Odyssey (minivan)","IL","2002","NONE","VAN/MINI-VAN","PERSONAL","E","TURNING LEFT",,,"1",,,,,,,,,"true",,,,,,,,,"REAR",,,,,,,,,,,,,,,,,,,,,,,,,,,,,,,,,
"756816","JC467075","2019-10-10T08:20:00","1","DRIVER",,"718889",,"BLUEBIRD INTERNATIONAL","BLUEBIRD INTERNATIONAL","IL","2004","UNKNOWN","TRUCK - SINGLE UNIT","OTHER","W","STRAIGHT AHEAD",,,"1",,,,,,,,,,,,,,,,,,"NONE",,,,,,,,,,,,,,,,,,,,,,,,,,,,,,,,,
"756817","JC467075","2019-10-10T08:20:00","2","DRIVER",,"718897",,"HONDA","CRV","IL","2007","NONE","PASSENGER","PERSONAL","E","STRAIGHT AHEAD",,,"1",,,,,,,,,,,"true",,,,,,,"SIDE-LEFT",,,,,,,,,,,,,,,,,,,,,,,,,,,,,,,,,
"756826","JC467051","2019-10-10T08:20:00","1","DRIVER",,"718896",,"CHRYSLER","UNKNOWN","IL","2009","UNKNOWN","PASSENGER","PERSONAL","N","STRAIGHT AHEAD",,,"1",,,,,,,,,,,,,,,,"true",,"OTHER",,,,,,,,,,,,,,,,,,,,,,,,,,,,,,,,,
"756827","JC467051","2019-10-10T08:20:00","2","DRIVER",,"718908",,"HYUNDAI","Accent","IL","2013","UNKNOWN","PASSENGER","PERSONAL","E","STRAIGHT AHEAD","true",,"1",,"PRIVATE TOW","PRIVATE TOW",,"true","true","true","true",,,,,,,,,,"SIDE-RIGHT",,,,,,,,,,,,,,,,,,,,,,,,,,,,,,,,,
"756838","JC467027","2019-10-10T08:15:00","1","DRIVER",,"718913",,"CHEVROLET","IMPALA","IL","2004","UNKNOWN","PASSENGER","PERSONAL","S","STRAIGHT AHEAD","true",,"1",,,,,"true","true","true",,,,,,,,,"true",,"FRONT",,,,,,,,,,,,,,,,,,,,,,,,,,,,,,,,,
"756836","JC467050","2019-10-10T08:10:00","1","DRIVER",,"718906",,"UNKNOWN","UNKNOWN",,,"UNKNOWN","VAN/MINI-VAN","UNKNOWN/NA","N","SLOW/STOP IN TRAFFIC",,,"1",,,,,,,,,"true","true","true",,,,,,,"REAR-LEFT",,,,,,,,,,,,,,,,,,,,,,,,,,,,,,,,,
"756837","JC467050","2019-10-10T08:10:00","2","DRIVER",,"718911",,"CHEVROLET","IMPALA","IL","2008","NONE","PASSENGER","PERSONAL","N","STRAIGHT AHEAD",,,"1",,,,,"true",,,,,,,,,,"true","true",,"OTHER",,,,,,,,,,,,,,,,,,,,,,,,,,,,,,,,,
"756942","JC467239","2019-10-10T08:08:00","1","DRIVER",,"719011",,"FORD","FORD-TRUCK,VAN,SUV, ETC","IL","2018","NONE","SPORT UTILITY VEHICLE (SUV)","PERSONAL","W","BACKING",,,"1",,,,,,,,,,,"true",,,,,,,"FRONT-LEFT",,,,,,,,,,,,,,,,,,,,,,,,,,,,,,,,,
"756943","JC467239","2019-10-10T08:08:00","2","DRIVER",,"719018",,"CHEVROLET","MALIBU (CHEVELLE)","IL","2014","NONE","PASSENGER","PERSONAL","W","STRAIGHT AHEAD",,,"1",,,,,"true",,,,,,,,,,,,,"FRONT",,,,,,,,,,,,,,,,,,,,,,,,,,,,,,,,,
"756865","JC467083","2019-10-10T08:07:00","1","DRIVER",,"718940",,"CHEVROLET","MALIBU (CHEVELLE)","IL","2015","NONE","PASSENGER","PERSONAL","N","STRAIGHT AHEAD","true",,"1",,"NORTHWEST TOWING","7340 W 56TH PL SUMMIT IL 60501",,"true",,,,,,,,,,,"true",,,,,,,,,,,,,,,,,,,,,,,,,,,,,,,,,,,
"756866","JC467083","2019-10-10T08:07:00","2","DRIVER","1","718952",,"SCION","TC","MT","2015","NONE","PASSENGER","PERSONAL","W","STRAIGHT AHEAD","true",,"2",,"COOK COUNTY TOWING","UNK.",,,,,,,,,,,,"true","true",,,,,,,,,,,,,,,,,,,,,,,,,,,,,,,,,,,
"756869","JC467060","2019-10-10T08:03:00","1","DRIVER","1","718944",,"MERCURY","GRAND MARQUIS","IL","2003","NONE","PASSENGER","PERSONAL","E","STRAIGHT AHEAD",,,"2",,,,,,,,,,,,,,,,"true",,"OTHER",,,,,,,,,,,,,,,,,,,,,,,,,,,,,,,,,
"756870","JC467060","2019-10-10T08:03:00","2","DRIVER",,"718948",,"TOYOTA MOTOR COMPANY, LTD.","COROLLA","IL","2014","NONE","PASSENGER","PERSONAL","W","STRAIGHT AHEAD",,,"1",,,,,,,,,,,,,,,,"true",,"OTHER",,,,,,,,,,,,,,,,,,,,,,,,,,,,,,,,,
"757362","JC467841","2019-10-10T08:00:00","1","DRIVER",,"719402",,"UNKNOWN","UNKNOWN","IL",,"UNKNOWN","UNKNOWN/NA","UNKNOWN/NA","UNKNOWN","UNKNOWN/NA",,,"1",,,,,,,,,,,,,,,,,"true","UNKNOWN",,,,,,,,,,,,,,,,,,,,,,,,,,,,,,,,,
"757363","JC467841","2019-10-10T08:00:00","2","PARKED",,"719406",,"KIA MOTORS CORP","SORENTO",,"2014","NONE","PASSENGER","NOT IN USE","N","PARKED",,,"0",,,,,,,,,,,,,"true",,"true",,,"UNKNOWN",,,,,,,,,,,,,,,,,,,,,,,,,,,,,,,,,
"756892","JC467113","2019-10-10T08:00:00","1","DRIVER",,"718958",,"UNKNOWN","UNKNOWN","IL",,"UNKNOWN","UNKNOWN/NA","UNKNOWN/NA","UNKNOWN","UNKNOWN/NA",,,"1",,,,,,,,,,,,,,,,,"true","UNKNOWN",,,,,,,,,,,,,,,,,,,,,,,,,,,,,,,,,
"756851","JC467113","2019-10-10T08:00:00","2","PARKED",,"718919",,"CHEVROLET","IMPALA","IL","2012","NONE","PASSENGER","PERSONAL","W","PARKED",,,"0",,,,,,,,,,"true",,,,,,"true",,"REAR",,,,,,,,,,,,,,,,,,,,,,,,,,,,,,,,,
"756806","JC467087","2019-10-10T08:00:00","1","DRIVER",,"718881",,"HONDA","CRV","IL","2008","NONE","SPORT UTILITY VEHICLE (SUV)","PERSONAL","E","SLOW/STOP IN TRAFFIC",,,"1",,,,,,,,,,,,,,,,"true",,"FRONT",,,,,,,,,,,,,,,,,,,,,,,,,,,,,,,,,
"756807","JC467087","2019-10-10T08:00:00","2","PARKED",,"718885",,"UNKNOWN","UNKNOWN",,,"NONE","TRUCK - SINGLE UNIT","FIRE","S","PARKED",,,"0",,,,"true",,,,,,,,,,,,,,"REAR",,,,,,,,,,,,,,,,,,,,,,,,,,,,,,,,,
"756804","JC467038","2019-10-10T08:00:00","1","DRIVER",,"718878",,"INFINITI","UNKNOWN","IL","2014","NONE","PASSENGER","PERSONAL","S","STRAIGHT AHEAD",,,"1",,,,,,,,,,,,,,"true","true","false",,"FRONT",,,,,,,,,,,,,,,,,,,,,,,,,,,,,,,,,
"756805","JC467038","2019-10-10T08:00:00","2","DRIVER",,"718895",,"VOLKSWAGEN","JETTA","IL","2010","NONE","PASSENGER","PERSONAL","S","CHANGING LANES",,,"1",,,,,,,,,"true",,,,,,,,,"REAR",,,,,,,,,,,,,,,,,,,,,,,,,,,,,,,,,
"757403","JC468011","2019-10-10T07:58:00","1","DRIVER",,"719448",,"TOYOTA MOTOR COMPANY, LTD.","COROLLA","IL","2000","NONE","PASSENGER","PERSONAL","N","PASSING/OVERTAKING",,,"1",,,,,,"true",,,,,,,,,,,,"FRONT-RIGHT",,,,,,,,,,,,,,,,,,,,,,,,,,,,,,,,,
"757404","JC468011","2019-10-10T07:58:00","2","DRIVER",,"719454",,"CHRYSLER","TOWN & COUNTRY","IL","2007","NONE","VAN/MINI-VAN","PERSONAL","N","SLOW/STOP IN TRAFFIC",,,"1",,,,,,,,,,,"true",,,,,,,"SIDE-LEFT",,,,,,,,,,,,,,,,,,,,,,,,,,,,,,,,,
"756833","JC467086","2019-10-10T07:57:00","1","DRIVER",,"718903",,"JEEP","UNKNOWN","IL",,"NONE","SPORT UTILITY VEHICLE (SUV)","PERSONAL","N","SLOW/STOP IN TRAFFIC",,,"1",,,,,,,,,,,,,,,,"true",,"OTHER",,,,,,,,,,,,,,,,,,,,,,,,,,,,,,,,,
"756834","JC467086","2019-10-10T07:57:00","2","DRIVER",,"718909",,"CHEVROLET","MALIBU (CHEVELLE)","IL",,"NONE","PASSENGER","PERSONAL","N","SLOW/STOP IN TRAFFIC",,,"1",,,,,,,,,,"true",,,,,,,,"REAR-LEFT",,,,,,,,,,,,,,,,,,,,,,,,,,,,,,,,,
"756808","JC467024","2019-10-10T07:50:00","1","DRIVER",,"718876",,"CHEVROLET","IMPALA","IL","2006","NONE","PASSENGER","UNKNOWN/NA","E","STRAIGHT AHEAD",,,"1",,,,,,,,,,,,,,,,,,"UNKNOWN",,,,,,,,,,,,,,,,,,,,,,,,,,,,,,,,,
"756809","JC467024","2019-10-10T07:50:00","2","DRIVER","1","718879",,"KIA MOTORS CORP","SORENTO","IL","2014","NONE","PASSENGER","PERSONAL","N","STRAIGHT AHEAD","true",,"2",,"owner","owner",,"true",,,,,,,,,,"true","true",,"OTHER",,,,,,,,,,,,,,,,,,,,,,,,,,,,,,,,,
"756877","JC467154","2019-10-10T07:45:00","1","DRIVER","1","718951",,"JEEP","CHEROKEE",,"2005","UNKNOWN","UNKNOWN/NA","UNKNOWN/NA","W","OTHER",,,"2",,,,,"true",,,,,,,,,,"true","true",,"OTHER",,,,,,,,,,,,,,,,,,,,,,,,,,,,,,,,,
"756878","JC467154","2019-10-10T07:45:00","2","DRIVER",,"718989",,"MAZDA","Tribute","IL","2002","UNKNOWN","UNKNOWN/NA","UNKNOWN/NA","N","STRAIGHT AHEAD","true",,"1",,"PRIVATE","HOME",,"true","true",,,,,,,,,,,,"FRONT-RIGHT",,,,,,,,,,,,,,,,,,,,,,,,,,,,,,,,,
"756810","JC467031","2019-10-10T07:45:00","1","DRIVER",,"718880",,"TOYOTA MOTOR COMPANY, LTD.","COROLLA","MI","2006","NONE","PASSENGER","PERSONAL","S","TURNING LEFT","true",,"1",,"private, insurance",,,"true","true",,,,,,,,,,"true",,"FRONT",,,,,,,,,,,,,,,,,,,,,,,,,,,,,,,,,
"756811","JC467031","2019-10-10T07:45:00","2","DRIVER",,"718887",,"NISSAN","X-Terra","IL",,"NONE","PASSENGER","PERSONAL","N","STRAIGHT AHEAD",,,"1",,,,,"false",,,,,,,,,,"true","true",,"OTHER",,,,,,,,,,,,,,,,,,,,,,,,,,,,,,,,,
"756799","JC467034","2019-10-10T07:44:00","1","DRIVER","1","718871",,"KIA MOTORS CORP","SOUL","IL","2019","UNKNOWN","SPORT UTILITY VEHICLE (SUV)","PERSONAL","E","CHANGING LANES",,,"2",,,,,,,,,,,,,"true","false",,,,"ROOF",,,,,,,,,,,,,,,,,,,,,,,,,,,,,,,,,
"756800","JC467034","2019-10-10T07:44:00","2","DRIVER",,"718869",,"HONDA","CRV","IL","2007","UNKNOWN","SPORT UTILITY VEHICLE (SUV)","PERSONAL","E","SLOW/STOP IN TRAFFIC",,,"1",,,,,"true",,,,,,,,,,,,,"FRONT",,,,,,,,,,,,,,,,,,,,,,,,,,,,,,,,,
"756783","JC467015","2019-10-10T07:42:00","1","DRIVER","5","718862",,"UNKNOWN","UNKNOWN","IL","2009","NONE","BUS OVER 15 PASS.","SCHOOL BUS","E","TURNING LEFT",,,"6",,,,,,,,,"true",,,,,,,,,"REAR",,,,,,,,,,,,,,,,,,,,,,,,,,,,,,,,,
"756784","JC467015","2019-10-10T07:42:00","2","DRIVER",,"718874",,"CHEVROLET","SILVERADO","IL","2018","NONE","PICKUP","PERSONAL","E","STRAIGHT AHEAD",,,"1",,,,,,,,,,,,,"true","true","true",,,,,,,,,,,,,,,,,,,,,,,,,,,,,,,,,,,,
"756854","JC467012","2019-10-10T07:30:00","1","DRIVER",,"718922",,"TOYOTA MOTOR COMPANY, LTD.","COROLLA","IL","2009","UNKNOWN","PASSENGER","PERSONAL","E","PASSING/OVERTAKING",,,"1",,,,,"true",,,,,,,,,,"true","true",,"OTHER",,,,,,,,,,,,,,,,,,,,,,,,,,,,,,,,,
"756855","JC467012","2019-10-10T07:30:00","2","DRIVER",,"718929",,"FORD","ECONOLINE E350","IL","2012","UNKNOWN","VAN/MINI-VAN","UNKNOWN/NA","W","TURNING LEFT",,,"1",,,,,,,"true",,,,,,,,,,,"SIDE-RIGHT",,,,,,,,,,,,,,,,,,,,,,,,,,,,,,,,,
"756785","JC467006","2019-10-10T07:26:00","1","DRIVER",,"718857",,"UNKNOWN","UNKNOWN",,,"UNKNOWN","UNKNOWN/NA","UNKNOWN/NA","UNKNOWN","UNKNOWN/NA",,,"1",,,,,,,,,,,,,,,,,"true","UNKNOWN",,,,,,,,,,,,,,,,,,,,,,,,,,,,,,,,,
"756786","JC467006","2019-10-10T07:26:00","2","PARKED",,"718858",,"FORD","ESCAPE (SUV)","IL","2018","UNKNOWN","PASSENGER","NOT IN USE","W","PARKED","true",,"0",,"PERSONAL",,,,,,,,,"true","true","true","true","true",,,"ROOF",,,,,,,,,,,,,,,,,,,,,,,,,,,,,,,,,
"756824","JC466997","2019-10-10T06:55:00","1","DRIVER",,"718892",,"UNKNOWN","UNKNOWN","IL",,"UNKNOWN","UNKNOWN/NA","UNKNOWN/NA","S","STRAIGHT AHEAD",,,"1",,,,,,,,,,,,,,,,,"true","UNKNOWN",,,,,,,,,,,,,,,,,,,,,,,,,,,,,,,,,
"756825","JC466997","2019-10-10T06:55:00","2","PARKED",,"718898",,"JEEP","JEEP - YEAR GREATER 1988","IL","2011","NONE","SPORT UTILITY VEHICLE (SUV)","NOT IN USE","S","PARKED","true",,"0",,"PRIVATE TOW","UNKNOWN",,,,,,,,"true",,,,,,,"FRONT-LEFT",,,,,,,,,,,,,,,,,,,,,,,,,,,,,,,,,
"756774","JC466989","2019-10-10T06:40:00","1","DRIVER",,"718848",,"FORD","EXPLORER","IL","2002","NONE","PASSENGER","PERSONAL","SE","BACKING",,,"1",,,,,,,,,,,"true",,,,,,,"FRONT-LEFT",,,,,,,,,,,,,,,,,,,,,,,,,,,,,,,,,
"756775","JC466989","2019-10-10T06:40:00","2","DRIVER",,"718853","true","BLUE BIRD BODY CO.","BLUE BIRD BODY CO.","IL","2012","NONE","BUS OVER 15 PASS.","SCHOOL BUS","E","STRAIGHT AHEAD",,,"1",,,,,,,,,,,,,,,"true",,,"TOTAL (ALL AREAS)","8382",,,,,"1","SUNRISE TRANSPORTATION","IL","CRESTWOOD",,,,"N","N",,"N",,"N","N",,,,,,,,,"BUS",,,"false","false",
"756770","JC466988","2019-10-10T06:40:00","1","DRIVER","1","718843",,"CHEVROLET","UNKNOWN","IL","2006","UNKNOWN","PASSENGER","PERSONAL","S","STRAIGHT AHEAD",,,"2",,,,,"true",,,,,,,,,,,,,"OTHER",,,,,,,,,,,,,,,,,,,,,,,,,,,,,,,,,
"756771","JC466988","2019-10-10T06:40:00","2","DRIVER",,"718845",,"CHEVROLET","SILVERADO","IL","2004","NONE","PASSENGER","PERSONAL","S","STRAIGHT AHEAD",,,"1",,,,,,,,,,"true",,,,,,,,"REAR-LEFT",,,,,,,,,,,,,,,,,,,,,,,,,,,,,,,,,
"756776","JC467014","2019-10-10T06:30:00","1","DRIVER",,"718849",,"CHEVROLET","IMPALA","IL","2000","UNKNOWN","PASSENGER","PERSONAL","N","CHANGING LANES",,,"1",,,,,"true",,,,,,,,,,,,,"FRONT",,,,,,,,,,,,,,,,,,,,,,,,,,,,,,,,,
"756777","JC467014","2019-10-10T06:30:00","2","DRIVER",,"718854",,"LAND ROVER","LAND ROVER","IL","2012","UNKNOWN","PASSENGER","PERSONAL","N","STRAIGHT AHEAD",,,"1",,,,,,,,,,"true","true","true",,,,,,"SIDE-LEFT",,,,,,,,,,,,,,,,,,,,,,,,,,,,,,,,,
"756781","JC466987","2019-10-10T06:30:00","1","DRIVER",,"718856",,"HYUNDAI","ELANTRA","IL","2016","NONE","PASSENGER","PERSONAL","N","CHANGING LANES",,,"1",,,,,,,,,,,"true",,,,,,,"SIDE-LEFT",,,,,,,,,,,,,,,,,,,,,,,,,,,,,,,,,
"756782","JC466987","2019-10-10T06:30:00","2","DRIVER",,"718860",,"DODGE","CHARGER","IL","2014","NONE","PASSENGER","PERSONAL","N","STRAIGHT AHEAD","true",,"1",,"city of chicago","3100 s moe drive",,"true",,,,,,,,,,,,,"FRONT",,,,,,,,,,,,,,,,,,,,,,,,,,,,,,,,,
"756756","JC466974","2019-10-10T06:05:00","1","DRIVER",,"718834",,"UNKNOWN","UNKNOWN",,,"UNKNOWN","UNKNOWN/NA","UNKNOWN/NA","N","UNKNOWN/NA",,,"1",,,,"false",,,,,,,,,,,,,"true","OTHER",,,,,,,,,,,,,,,,,,,,,,,,,,,,,,,,,
"756757","JC466974","2019-10-10T06:05:00","2","DRIVER",,"718836",,"FREIGHTLINER CORP.","FREIGHTLINER CORP.","IL","2019","NONE","TRUCK - SINGLE UNIT","COMMERCIAL - SINGLE UNIT","N","STRAIGHT AHEAD",,,"1",,,,"true",,,,,,,,,,,,,,"REAR-LEFT",,,,,,,,,,,,,,,,,,,,,,,,,,,,,,,,,
"756818","JC467071","2019-10-10T06:00:00","1","DRIVER",,"718888",,"UNKNOWN","UNKNOWN",,,"UNKNOWN","UNKNOWN/NA","UNKNOWN/NA","N","STRAIGHT AHEAD",,,"1",,,,,"false",,,,,,,,,,,"false","true","FRONT",,,,,,,,,,,,,,,,,,,,,,,,,,,,,,,,,
"756819","JC467071","2019-10-10T06:00:00","2","PARKED",,"718893",,"TOYOTA MOTOR COMPANY, LTD.","RAV4 (sport utility)","IL","2009","UNKNOWN","PICKUP","PERSONAL","N","PARKED",,,"0",,,,,,,,,,,,,,"true","true","true",,"TOTAL (ALL AREAS)",,,,,,,,,,,,,,,,,,,,,,,,,,,,,,,,,
"756778","JC466968","2019-10-10T05:40:00","1","DRIVER",,"718859",,"HONDA","CIVIC","IL","2014","NONE","PASSENGER","PERSONAL","S","STRAIGHT AHEAD",,,"1",,,,,"true",,,,,,,,,,"true","true",,"OTHER",,,,,,,,,,,,,,,,,,,,,,,,,,,,,,,,,
"756779","JC466968","2019-10-10T05:40:00","2","DRIVER",,"718855",,"TOYOTA MOTOR COMPANY, LTD.","COROLLA","IL","2016","NONE","PASSENGER","PERSONAL","E","STRAIGHT AHEAD","true",,"1",,"DISTRICT TOWING","UNK",,,,,,,,,,"true","true","true","true",,"TOTAL (ALL AREAS)",,,,,,,,,,,,,,,,,,,,,,,,,,,,,,,,,
"756780","JC466968","2019-10-10T05:40:00","3","DRIVER",,"718852",,"INFINITI","UNKNOWN","IL","2016","NONE","PASSENGER","PERSONAL","N","SLOW/STOP IN TRAFFIC",,,"1",,,,,,,,,,,,,,"true","true","true",,"TOTAL (ALL AREAS)",,,,,,,,,,,,,,,,,,,,,,,,,,,,,,,,,
"756758","JC466971","2019-10-10T05:38:00","1","DRIVER",,"718835",,"JEEP","Grand Cherokee (for vehicle years 1989 to present)","IL",,"NONE","SPORT UTILITY VEHICLE (SUV)","PERSONAL","S","CHANGING LANES",,,"1",,,,,,,,,,,,,"true","true","true",,,"ROOF",,,,,,,,,,,,,,,,,,,,,,,,,,,,,,,,,
"756759","JC466971","2019-10-10T05:38:00","2","DRIVER","2","718838",,"HONDA","ACCORD","IL",,"NONE","PASSENGER","PERSONAL","S","STRAIGHT AHEAD",,,"3",,,,,"true","true","true","true","true",,,,,,,,,"SIDE-RIGHT",,,,,,,,,,,,,,,,,,,,,,,,,,,,,,,,,
"756768","JC466983","2019-10-10T05:20:00","1","DRIVER","1","718841","true","UNKNOWN","UNKNOWN","IL",,"UNKNOWN","UNKNOWN/NA","COMMERCIAL - SINGLE UNIT","NW","STRAIGHT AHEAD",,,"2",,,,,,,,,,,,,,,,,"true","UNDER CARRIAGE",,,,,,,,,,,,,,,,,,,,,,,,,,,,,,,,,
"756769","JC466983","2019-10-10T05:20:00","2","DRIVER",,"718844",,"GENERAL MOTORS CORP.","YUKON","IL","1997","UNKNOWN","PASSENGER","PERSONAL","NW","SLOW/STOP IN TRAFFIC","true",,"1",,"PRIVATE","RESIDENCE",,"true","true",,,,,,,,,,"true",,"FRONT-RIGHT",,,,,,,,,,,,,,,,,,,,,,,,,,,,,,,,,
"756742","JC466937","2019-10-10T03:00:00","1","DRIVER","1","718821",,"CHRYSLER","Sebring","IL","2004","STEERING","PASSENGER","PERSONAL","W","STRAIGHT AHEAD","true",,"2",,"personal",,,"true","true",,,,,,,,,,"true",,"FRONT",,,,,,,,,,,,,,,,,,,,,,,,,,,,,,,,,
"756743","JC466937","2019-10-10T03:00:00","2","PARKED",,"718823",,"KIA MOTORS CORP","Optima","IL","2015","UNKNOWN","PASSENGER","UNKNOWN/NA","W","PARKED",,,"0",,,,,"true","true",,"true","true",,,"true","true","true","true",,,"ROOF",,,,,,,,,,,,,,,,,,,,,,,,,,,,,,,,,
"757023","JC467389","2019-10-10T02:00:00","1","DRIVER",,"719084",,"UNKNOWN","UNKNOWN",,,"UNKNOWN","UNKNOWN/NA","UNKNOWN/NA","UNKNOWN","UNKNOWN/NA",,,"1",,,,,,,,,,,,,,,,"false","true","UNKNOWN",,,,,,,,,,,,,,,,,,,,,,,,,,,,,,,,,
"757024","JC467389","2019-10-10T02:00:00","2","PARKED",,"719088",,"HYUNDAI","SONATA","IL","2015","NONE","PASSENGER","PERSONAL","W","PARKED",,,"0",,,,,,,,,,,,,,,"true",,,"TOTAL (ALL AREAS)",,,,,,,,,,,,,,,,,,,,,,,,,,,,,,,,,
"756849","JC467128","2019-10-10T02:00:00","1","DRIVER",,"718917",,"UNKNOWN","UNKNOWN","IL",,"UNKNOWN","UNKNOWN/NA","UNKNOWN/NA","UNKNOWN","UNKNOWN/NA",,,"1",,,,,,,,,,,,,,,,,"true","UNKNOWN",,,,,,,,,,,,,,,,,,,,,,,,,,,,,,,,,