"crash_unit_id","rd_no","crash_date","unit_no","unit_type","num_passengers","vehicle_id","cmrc_veh_i","make","model","lic_plate_state","vehicle_year","vehicle_defect","vehicle_type","vehicle_use","travel_direction","maneuver","towed_i","fire_i","occupant_cnt","exceed_speed_limit_i","towed_by","towed_to","area_00_i","area_01_i","area_02_i","area_03_i","area_04_i","area_05_i","area_06_i","area_07_i","area_08_i","area_09_i","area_10_i","area_11_i","area_12_i","area_99_i","first_contact_point","cmv_id","usdot_no","ccmc_no","ilcc_no","commercial_src","gvwr","carrier_name","carrier_state","carrier_city","hazmat_placards_i","hazmat_name","un_no","hazmat_present_i","hazmat_report_i","hazmat_report_no","mcs_report_i","mcs_report_no","hazmat_vio_cause_crash_i","mcs_vio_cause_crash_i","idot_permit_no","wide_load_i","trailer1_width","trailer2_width","trailer1_length","trailer2_length","total_vehicle_length","axle_cnt","vehicle_config","cargo_body_type","load_type","hazmat_out_of_service_i","mcs_out_of_service_i","hazmat_class"
"756850","JC467128","2019-10-10T02:00:00","2","PARKED",,"718920",,"JEEP","UNKNOWN","IL","2019","NONE","SPORT UTILITY VEHICLE (SUV)","NOT IN USE","E","PARKED",,,"0",,,,,"true",,,,,,,,,,"false","true",,"OTHER",,,,,,,,,,,,,,,,,,,,,,,,,,,,,,,,,
"756744","JC466903","2019-10-10T01:26:00","1","DRIVER",,"718822",,"TOYOTA MOTOR COMPANY, LTD.","COROLLA","IL","1999","UNKNOWN","PASSENGER","PERSONAL","N","STRAIGHT AHEAD","true",,"1",,"PRIVATE TOW","OWNERS RESIDENCE",,"true","true",,,,,,,"false","true","true","true",,"FRONT",,,,,,,,,,,,,,,,,,,,,,,,,,,,,,,,,
"756736","JC466889","2019-10-10T00:20:00","1","DRIVERLESS",,"718811",,"UNKNOWN","UNKNOWN","IL",,"UNKNOWN","UNKNOWN/NA","UNKNOWN/NA","E","STRAIGHT AHEAD",,,"0",,,,,"true","true",,,,,,,,,"true","true",,"OTHER",,,,,,,,,,,,,,,,,,,,,,,,,,,,,,,,,
"756737","JC466889","2019-10-10T00:20:00","2","PARKED",,"718812",,"HYUNDAI","Accent","IL","2019","UNKNOWN","PASSENGER","NOT IN USE","E","PARKED","true",,"0",,"private-insurance related",,,,,,,"true","true","true","true","true",,,,,"SIDE-LEFT",,,,,,,,,,,,,,,,,,,,,,,,,,,,,,,,,
"756940","JC467270","2019-10-10T00:01:00","1","DRIVER",,"719015",,"TOYOTA MOTOR COMPANY, LTD.","UNKNOWN","IL","2015","UNKNOWN","PASSENGER","PERSONAL","N","STRAIGHT AHEAD",,,"1",,,,,,,,,,,,,,,,"true",,"OTHER",,,,,,,,,,,,,,,,,,,,,,,,,,,,,,,,,
"756941","JC467270","2019-10-10T00:01:00","2","DRIVER",,"719004",,"JEEP","JEEP - YEAR GREATER 1988","IL","2019","NONE","SPORT UTILITY VEHICLE (SUV)","PERSONAL","N","SLOW/STOP IN TRAFFIC",,,"1",,,,,,,,,,,"true",,,,,,,"SIDE-LEFT",,,,,,,,,,,,,,,,,,,,,,,,,,,,,,,,,
"756738","JC466892","2019-10-10T00:00:00","1","DRIVER",,"718813",,"UNKNOWN","UNKNOWN",,,"UNKNOWN","UNKNOWN/NA","UNKNOWN/NA","UNKNOWN","UNKNOWN/NA",,,"1",,,,,,,,,,,,,,,,,"true","UNKNOWN",,,,,,,,,,,,,,,,,,,,,,,,,,,,,,,,,
"756739","JC466892","2019-10-10T00:00:00","2","PARKED",,"718814",,"PETERBILT MOTORS CO., DIVISION PACCAR, INC.","UNKNOWN","OH","2017","NONE","TRUCK - SINGLE UNIT","NOT IN USE","UNKNOWN","PARKED",,,"0",,,,,"true",,,,,,,,,,,,,"FRONT",,,,,,,,,,,,,,,,,,,,,,,,,,,,,,,,,
"758197","JC466872","2019-10-10T00:00:00","1","DRIVER",,"720191",,"UNKNOWN","UNKNOWN",,,"UNKNOWN","UNKNOWN/NA","UNKNOWN/NA","N","UNKNOWN/NA",,,"1",,,,,,,,,,,,,,,"true",,,"TOTAL (ALL AREAS)",,,,,,,,,,,,,,,,,,,,,,,,,,,,,,,,,
"758198","JC466872","2019-10-10T00:00:00","2","DRIVERLESS","1","720192",,"CHEVROLET","CAVALIER","IL","2005","UNKNOWN","PASSENGER","PERSONAL","S","PARKED",,,"1",,,,,,,,,,,"true","true","true",,,,,"FRONT-LEFT",,,,,,,,,,,,,,,,,,,,,,,,,,,,,,,,,
"756726","JC466850","2019-10-09T23:05:00","1","DRIVER",,"718797",,"TOYOTA MOTOR COMPANY, LTD.","CAMRY","XX",,"UNKNOWN","PASSENGER","UNKNOWN/NA","S","UNKNOWN/NA",,,"1",,,,,"true",,,,,,,,,,,"true","true","FRONT",,,,,,,,,,,,,,,,,,,,,,,,,,,,,,,,,
"756727","JC466850","2019-10-09T23:05:00","2","DRIVER",,"718801",,"TOYOTA MOTOR COMPANY, LTD.","CAMRY","IL","2015","UNKNOWN","PASSENGER","PERSONAL","S","SLOW/STOP IN TRAFFIC",,,"1",,,,,,,,,"true","true","true","true",,,,,"true","SIDE-LEFT",,,,,,,,,,,,,,,,,,,,,,,,,,,,,,,,,
"756732","JC466838","2019-10-09T23:05:00","1","DRIVER",,"718803",,"UNKNOWN","UNKNOWN",,,"UNKNOWN","UNKNOWN/NA","UNKNOWN/NA","S","STRAIGHT AHEAD",,,"1",,,,,,,,,,,,,,,,,"true","OTHER",,,,,,,,,,,,,,,,,,,,,,,,,,,,,,,,,
"756733","JC466838","2019-10-09T23:05:00","2","DRIVER","2","718806",,"BMW","760 LI","IL","2008","NONE","PASSENGER","PERSONAL","S","STRAIGHT AHEAD","true",,"3",,"private tow",,,"true",,,,,"true","true",,,,,"true",,"SIDE-LEFT",,,,,,,,,,,,,,,,,,,,,,,,,,,,,,,,,
"756730","JC466849","2019-10-09T22:50:00","1","DRIVER",,"718804",,"SATURN","Ion","IL","2005","NONE","PASSENGER","PERSONAL","S","AVOIDING VEHICLES/OBJECTS","true",,"1",,"E&R",,,"true","true",,,,,,,,"true","true","true",,"FRONT",,,,,,,,,,,,,,,,,,,,,,,,,,,,,,,,,
"756731","JC466849","2019-10-09T22:50:00","2","PARKED",,"718807",,"FORD","F150","IL","2003","NONE","PASSENGER","PERSONAL","S","PARKED",,,"0",,,,,,,,,"false","true","true","true",,,,,,"SIDE-LEFT",,,,,,,,,,,,,,,,,,,,,,,,,,,,,,,,,
"756716","JC466824","2019-10-09T22:30:00","1","DRIVER",,"718795",,"BMW","UNKNOWN","IL",,"UNKNOWN","PASSENGER","PERSONAL","N","TURNING LEFT",,,"1",,,,,"true",,,,,,,,,,"true","true",,"OTHER",,,,,,,,,,,,,,,,,,,,,,,,,,,,,,,,,
"756717","JC466824","2019-10-09T22:30:00","2","DRIVER","4","718799",,"KIA MOTORS CORP","UNKNOWN","IL","2016","UNKNOWN","PASSENGER","TAXI/FOR HIRE","E","STRAIGHT AHEAD","true",,"5",,"city of chicago","350 e lower wacker",,"true",,,,"true","true","true","true",,,,,,"REAR-LEFT",,,,,,,,,,,,,,,,,,,,,,,,,,,,,,,,,
"756714","JC466810","2019-10-09T22:15:00","1","DRIVER","1","718783",,"CHEVROLET","IMPALA","IL","2011","NONE","PASSENGER","PERSONAL","N","STRAIGHT AHEAD",,,"2",,,,,"true",,,,,,,,,,,,,"FRONT",,,,,,,,,,,,,,,,,,,,,,,,,,,,,,,,,
"756715","JC466810","2019-10-09T22:15:00","2","DRIVER",,"718786",,"MITSUBISHI","UNKNOWN","IL","2019","NONE","PASSENGER","PERSONAL","N","STRAIGHT AHEAD",,,"1",,,,,,,,,,,"true",,,,,,,"FRONT-LEFT",,,,,,,,,,,,,,,,,,,,,,,,,,,,,,,,,
"756718","JC466811","2019-10-09T22:13:00","1","DRIVER",,"718789",,"SATURN","Ion","IL","2003","NONE","PASSENGER","PERSONAL","E","STRAIGHT AHEAD",,,"1",,,,,"true",,,,,,,,,,,"true",,"OTHER",,,,,,,,,,,,,,,,,,,,,,,,,,,,,,,,,
"756719","JC466811","2019-10-09T22:13:00","2","DRIVER",,"718792",,"FORD","EXPLORER","IL","2018","NONE","SPORT UTILITY VEHICLE (SUV)","POLICE","E","STRAIGHT AHEAD",,,"1",,,,,,,,,,"true","true",,,,,,,"REAR-LEFT",,,,,,,,,,,,,,,,,,,,,,,,,,,,,,,,,
"756701","JC466791","2019-10-09T21:55:00","1","DRIVER",,"718779",,"FORD","UNKNOWN","IL","2012","NONE","PASSENGER","PERSONAL","S","STRAIGHT AHEAD",,,"1",,,,,"true",,,,,,,,,,"true","true",,"OTHER",,,,,,,,,,,,,,,,,,,,,,,,,,,,,,,,,
"756702","JC466791","2019-10-09T21:55:00","2","DRIVER",,"718782",,"NISSAN","UNKNOWN","IL","2003","NONE","PASSENGER","PERSONAL","E","STRAIGHT AHEAD",,,"1",,,,,"false","false","false","false",,,"true","true",,,,,,"FRONT-LEFT",,,,,,,,,,,,,,,,,,,,,,,,,,,,,,,,,
"756705","JC466778","2019-10-09T21:51:00","1","DRIVER",,"718777",,"CHEVROLET","IMPALA","IL","2004","NONE","PASSENGER","PERSONAL","S","CHANGING LANES",,,"2",,,,,,,,,,,,,,"true","true",,,"UNDER CARRIAGE",,,,,,,,,,,,,,,,,,,,,,,,,,,,,,,,,
"756706","JC466778","2019-10-09T21:51:00","2","DRIVER",,"718781",,"CHEVROLET","CRUZE","IL","2014","NONE","PASSENGER","PERSONAL","S","STRAIGHT AHEAD",,,"1",,,,,,"true","true","true",,,,,,,,,,"SIDE-RIGHT",,,,,,,,,,,,,,,,,,,,,,,,,,,,,,,,,
"756703","JC466780","2019-10-09T21:50:00","1","DRIVER",,"718778",,"UNKNOWN","UNKNOWN",,,"UNKNOWN","UNKNOWN/NA","UNKNOWN/NA","E","OTHER",,,"1",,,,,,,,,,,,,,,"false",,"true","ROOF",,,,,,,,,,,,,,,,,,,,,,,,,,,,,,,,,
"756704","JC466780","2019-10-09T21:50:00","2","PARKED",,"718780",,"TOYOTA MOTOR COMPANY, LTD.","CAMRY","IL","2006","UNKNOWN","PASSENGER","PERSONAL","W","PARKED",,,"0",,,,,,,,,,,,"true","true","true",,,,"ROOF",,,,,,,,,,,,,,,,,,,,,,,,,,,,,,,,,
"756683","JC466776","2019-10-09T21:30:00","1","DRIVER",,"718755",,"UNKNOWN","UNKNOWN",,,"UNKNOWN","SINGLE UNIT TRUCK WITH TRAILER","UNKNOWN/NA","NW","UNKNOWN/NA",,,"1",,,,,,,,,,,,,,,,,"true","UNKNOWN",,,,,,,,,,,,,,,,,,,,,,,,,,,,,,,,,
"756684","JC466776","2019-10-09T21:30:00","2","DRIVER",,"718759",,"FORD","EDGE","IL","2007","NONE","PASSENGER","PERSONAL","E","STRAIGHT AHEAD",,,"1",,,,,,,,,"true","true","true",,,,,,,"REAR-LEFT",,,,,,,,,,,,,,,,,,,,,,,,,,,,,,,,,
"756711","JC466751","2019-10-09T21:06:00","1","DRIVER",,"718785",,"FORD","FUSION","IL","2017","NONE","PASSENGER","PERSONAL","NE","TURNING RIGHT","true",,"1",,"e&r towing","10200 s doty",,"true",,,,,,,,,,"true",,,"TOTAL (ALL AREAS)",,,,,,,,,,,,,,,,,,,,,,,,,,,,,,,,,
"756712","JC466751","2019-10-09T21:06:00","2","DRIVERLESS",,"718791",,"TOYOTA MOTOR COMPANY, LTD.","Sequoia","IL","2002","UNKNOWN","SPORT UTILITY VEHICLE (SUV)","NOT IN USE","W","PARKED",,,"0",,,,,"true",,,,,,,,,,"true","true",,"TOTAL (ALL AREAS)",,,,,,,,,,,,,,,,,,,,,,,,,,,,,,,,,
"756713","JC466751","2019-10-09T21:06:00","3","DRIVERLESS",,"718793",,"NISSAN","NISSAN ALTIMA","IL","2009","NONE","PASSENGER","NOT IN USE","S","PARKED",,,"0",,,,,,,,,,,"true",,,,,,,"FRONT-LEFT",,,,,,,,,,,,,,,,,,,,,,,,,,,,,,,,,
"756694","JC466788","2019-10-09T21:00:00","1","DRIVER",,"718771",,"JAGUAR","JAGUAR","MI","2018","NONE","PASSENGER","PERSONAL","S","U-TURN",,,"1",,,,,,,,,,,,,,,,,"true","UNKNOWN",,,,,,,,,,,,,,,,,,,,,,,,,,,,,,,,,
"756695","JC466788","2019-10-09T21:00:00","2","DRIVER",,"718776",,"FORD","FUSION","IL","2006","NONE","PASSENGER","PERSONAL","S","STRAIGHT AHEAD",,,"2",,,,,,,,,,,,,,,"true",,,"TOTAL (ALL AREAS)",,,,,,,,,,,,,,,,,,,,,,,,,,,,,,,,,
"756660","JC466715","2019-10-09T20:50:00","1","DRIVER",,"718739",,"INFINITI","G37","IN","2012","NONE","PASSENGER","PERSONAL","E","NEGOTIATING A CURVE",,,"1",,,,,,,,,,,,,"true","true","true",,,"UNDER CARRIAGE",,,,,,,,,,,,,,,,,,,,,,,,,,,,,,,,,
"756661","JC466715","2019-10-09T20:50:00","2","DRIVER",,"718743",,"SUBARU","OUTBACK","IL","2016","NONE","PASSENGER","PERSONAL","E","NEGOTIATING A CURVE",,,"1",,,,,"true","true","true",,,,,,,,,,,"SIDE-RIGHT",,,,,,,,,,,,,,,,,,,,,,,,,,,,,,,,,
"756693","JC466708","2019-10-09T20:38:00","1","DRIVER",,"718769",,"DODGE","NITRO","IL","2010","UNKNOWN","PASSENGER","PERSONAL","W","STRAIGHT AHEAD","true",,"3",,"private tow",,,,,,,,,,,,,,"true",,"OTHER",,,,,,,,,,,,,,,,,,,,,,,,,,,,,,,,,
"756666","JC466698","2019-10-09T20:29:00","1","DRIVER",,"718742",,"TOYOTA MOTOR COMPANY, LTD.","CAMRY","IL","2012","NONE","PASSENGER","PERSONAL","W","STRAIGHT AHEAD",,,"1",,,,"true",,,,,,,,,,,,,,"SIDE-RIGHT",,,,,,,,,,,,,,,,,,,,,,,,,,,,,,,,,
"756667","JC466698","2019-10-09T20:29:00","2","BICYCLE",,,,,,,,,,,,,,,,,,,,,,,,,,,,,,,,,,,,,,,,,,,,,,,,,,,,,,,,,,,,,,,,,,
"756668","JC466738","2019-10-09T20:15:00","1","DRIVER",,"718764",,"UNKNOWN","UNKNOWN","IL",,"UNKNOWN","UNKNOWN/NA","UNKNOWN/NA","E","STRAIGHT AHEAD",,,"1",,,,,"true",,,,,,,,,,"true","true",,"OTHER",,,,,,,,,,,,,,,,,,,,,,,,,,,,,,,,,
"756669","JC466738","2019-10-09T20:15:00","2","DRIVER",,"718746",,"ACURA (DIV. OF AMERICAN HONDA MOTOR CO.)","MDX","IL","2016","UNKNOWN","SPORT UTILITY VEHICLE (SUV)","PERSONAL","E","SLOW/STOP IN TRAFFIC",,,"1",,,,,,,,,"true","true","true",,,,,,,"REAR-LEFT",,,,,,,,,,,,,,,,,,,,,,,,,,,,,,,,,
"756654","JC466679","2019-10-09T20:14:00","1","DRIVER",,"718734",,"HYUNDAI","SONATA","IL","2016","UNKNOWN","PASSENGER","PERSONAL","E","STRAIGHT AHEAD","true",,"1",,,,,"true",,,,,,,,,,"true","true",,"OTHER",,,,,,,,,,,,,,,,,,,,,,,,,,,,,,,,,
"756655","JC466679","2019-10-09T20:14:00","2","DRIVER","1","718736",,"NISSAN","NISSAN","IL","2008","UNKNOWN","PASSENGER","PERSONAL","W","STRAIGHT AHEAD","true",,"2",,,,,"true",,,,,,,,,,"true","true",,"OTHER",,,,,,,,,,,,,,,,,,,,,,,,,,,,,,,,,
"756656","JC466638","2019-10-09T20:00:00","1","DRIVER","1","718737","false","FORD","F550",,"2000","UNKNOWN","UNKNOWN/NA","OTHER","SW","TURNING LEFT",,,"2",,,,,,,,,,,,,,,"true",,,"TOTAL (ALL AREAS)",,,,,,,,,,,,,,,,,,,,,,,,,,,,,,,,,
"756657","JC466638","2019-10-09T20:00:00","2","DRIVER",,"718745",,"TOYOTA MOTOR COMPANY, LTD.","CAMRY","IL","2013","NONE","OTHER","TAXI/FOR HIRE","NW","TURNING LEFT","true",,"1",,"city of chicago","1950 e 67th street",,"true",,,,,,,,,,"true","true",,"OTHER",,,,,,,,,,,,,,,,,,,,,,,,,,,,,,,,,
"756642","JC466659","2019-10-09T19:56:00","1","DRIVER",,"718718",,"UNKNOWN","UNKNOWN",,,"UNKNOWN","UNKNOWN/NA","UNKNOWN/NA","N","STRAIGHT AHEAD",,,"1",,,,,,,,,,,,,,,,,"true","UNKNOWN",,,,,,,,,,,,,,,,,,,,,,,,,,,,,,,,,
"756643","JC466659","2019-10-09T19:56:00","2","BICYCLE",,,,,,,,,,,,,,,,,,,,,,,,,,,,,,,,,,,,,,,,,,,,,,,,,,,,,,,,,,,,,,,,,,
"756627","JC466637","2019-10-09T19:47:00","1","DRIVER",,"718710",,"MERCURY","MILAN","IL","2005","UNKNOWN","PASSENGER","UNKNOWN/NA","E","UNKNOWN/NA",,,"1",,,,,,,,,,,,,,,,"true",,"OTHER",,,,,,,,,,,,,,,,,,,,,,,,,,,,,,,,,
"756628","JC466637","2019-10-09T19:47:00","2","PARKED",,"718705",,"DODGE","GRAND CARAVAN","IL",,"NONE","PASSENGER","NOT IN USE","E","PARKED",,,"0",,,,,,,,,,"true","true",,"true","true",,,,"SIDE-LEFT",,,,,,,,,,,,,,,,,,,,,,,,,,,,,,,,,
"757035","JC467390","2019-10-09T19:45:00","1","DRIVER",,"719115",,"CHRYSLER","300","IL","2006","UNKNOWN","PASSENGER","UNKNOWN/NA","NW","TURNING LEFT",,,"1",,,,,"true",,,,,,,,,,,,,"FRONT",,,,,,,,,,,,,,,,,,,,,,,,,,,,,,,,,
"757036","JC467390","2019-10-09T19:45:00","2","BICYCLE",,,,,,,,,,,,,,,,,,,,,,,,,,,,,,,,,,,,,,,,,,,,,,,,,,,,,,,,,,,,,,,,,,
"756652","JC466662","2019-10-09T19:40:00","1","DRIVER",,"718733",,"NISSAN","SENTRA (DATSUN AND NISSAN HAVE MERGED)","IL","2017","UNKNOWN","PASSENGER","RIDESHARE SERVICE","S","STRAIGHT AHEAD",,,"1",,,,,,"true","true","true",,,,,,,,,,"SIDE-RIGHT",,,,,,,,,,,,,,,,,,,,,,,,,,,,,,,,,
"756653","JC466662","2019-10-09T19:40:00","2","PARKED",,"718735",,"FREIGHTLINER CORP.","FREIGHTLINER CORP.","IL","2018","NONE","TRUCK - SINGLE UNIT","OTHER","S","PARKED",,,"0",,,,,,,,,,,,,,,"true",,,"UNDER CARRIAGE",,,,,,,,,,,,,,,,,,,,,,,,,,,,,,,,,
"756685","JC466676","2019-10-09T19:38:00","1","DRIVER",,"718757",,"FORD","ESCAPE (SUV)","IL","2010","NONE","SPORT UTILITY VEHICLE (SUV)","TAXI/FOR HIRE","S","UNKNOWN/NA",,,"1",,,,,,"true","true","true",,,,,,,,,,"SIDE-RIGHT",,,,,,,,,,,,,,,,,,,,,,,,,,,,,,,,,
"756686","JC466676","2019-10-09T19:38:00","2","DRIVER",,"718761",,"TOYOTA MOTOR COMPANY, LTD.","Prius","IL","2013","NONE","PASSENGER","TAXI/FOR HIRE","S","UNKNOWN/NA",,,"1",,,,,,,,,,,,"true","true","true",,,,"ROOF",,,,,,,,,,,,,,,,,,,,,,,,,,,,,,,,,
"756675","JC466731","2019-10-09T19:30:00","1","DRIVER",,"718756",,"FORD","FORD",,,"NONE","OTHER","AMBULANCE","N","STRAIGHT AHEAD",,,"3",,,,,"true",,,,,,,,,,,,,"FRONT",,,,,,,,,,,,,,,,,,,,,,,,,,,,,,,,,
"756676","JC466731","2019-10-09T19:30:00","2","DRIVER",,"718770",,"FORD","FUSION","IL","2014","NONE","PASSENGER","PERSONAL","N","STRAIGHT AHEAD",,,"1",,,,,,,,,,,"true","true",,,,,,"FRONT-LEFT",,,,,,,,,,,,,,,,,,,,,,,,,,,,,,,,,
"758156","JC469205","2019-10-09T19:23:00","1","DRIVER",,"720151",,"UNKNOWN","UNKNOWN",,,"UNKNOWN","UNKNOWN/NA","UNKNOWN/NA","UNKNOWN","UNKNOWN/NA",,,"1",,,,,,,,,,,,,,,,,"true",,,,,,,,,,,,,,,,,,,,,,,,,,,,,,,,,,
"758157","JC469205","2019-10-09T19:23:00","2","PARKED",,"720156",,"CHEVROLET","Aveo","IL","2005","NONE","PASSENGER","PERSONAL","W","PARKED",,,"0",,,,,,,,,,,"true",,,,,,,"FRONT-LEFT",,,,,,,,,,,,,,,,,,,,,,,,,,,,,,,,,
"756689","JC466716","2019-10-09T19:15:00","1","DRIVER",,"718768",,"FORD","UNKNOWN","IL","2012","UNKNOWN","PICKUP","UNKNOWN/NA","W","UNKNOWN/NA",,,"1",,,,,,,,,,,,,,,,,"true",,,,,,,,,,,,,,,,,,,,,,,,,,,,,,,,,,
"756690","JC466716","2019-10-09T19:15:00","2","PARKED",,"718775",,"HONDA","CIVIC","IL","2019","NONE","PASSENGER","PERSONAL","W","PARKED",,,"0",,,,,,,,,,,,,,,"true",,,"TOTAL (ALL AREAS)",,,,,,,,,,,,,,,,,,,,,,,,,,,,,,,,,
"756602","JC466629","2019-10-09T19:15:00","1","DRIVER",,"718675",,"MAZDA","UNKNOWN","IL","2014","NONE","OTHER VEHICLE WITH TRAILER","PERSONAL","N","STRAIGHT AHEAD",,,"1",,,,,"true",,,,,,,,,,,,,"FRONT",,,,,,,,,,,,,,,,,,,,,,,,,,,,,,,,,
"756603","JC466629","2019-10-09T19:15:00","2","DRIVER",,"718681",,"LEXUS","UNKNOWN","IL","2018","NONE","SPORT UTILITY VEHICLE (SUV)","PERSONAL","N","STRAIGHT AHEAD",,,"1",,,,,,,,,,,"true","true","true",,,,,"ROOF",,,,,,,,,,,,,,,,,,,,,,,,,,,,,,,,,
"756672","JC466624","2019-10-09T19:15:00","1","DRIVER","1","718744",,"HONDA","ACCORD","IL","2019","UNKNOWN","PASSENGER","UNKNOWN/NA","W","STRAIGHT AHEAD",,,"2",,,,,,,,,,,,,,,,"true",,"OTHER",,,,,,,,,,,,,,,,,,,,,,,,,,,,,,,,,
"756647","JC466624","2019-10-09T19:15:00","2","DRIVER",,"718728",,"TOYOTA MOTOR COMPANY, LTD.","COROLLA","IL","2004","NONE","PASSENGER","PERSONAL","N","TURNING LEFT",,,"1",,,,,"true","true","true",,,,,,,,,"true",,"FRONT",,,,,,,,,,,,,,,,,,,,,,,,,,,,,,,,,
"756610","JC466625","2019-10-09T19:10:00","1","DRIVER",,"718687",,"HYUNDAI","UNKNOWN","IL","2016","UNKNOWN","SPORT UTILITY VEHICLE (SUV)","UNKNOWN/NA","S","STRAIGHT AHEAD",,,"1",,,,,,,,,,,,,,,,"true",,"OTHER",,,,,,,,,,,,,,,,,,,,,,,,,,,,,,,,,
"756611","JC466625","2019-10-09T19:10:00","2","DRIVER",,"718694",,"FORD","TAURUS","IL","2003","NONE","PASSENGER","PERSONAL","W","STRAIGHT AHEAD",,,"1",,,,,,,"true","true","true",,,,,,,,,"REAR-RIGHT",,,,,,,,,,,,,,,,,,,,,,,,,,,,,,,,,
"756724","JC466863","2019-10-09T19:00:00","1","DRIVER",,"718796",,"HYUNDAI","SONATA","IL","2013","NONE","PASSENGER","PERSONAL","UNKNOWN","STRAIGHT AHEAD",,,"1",,,,,,,,,,,,,,,,"true",,"OTHER",,,,,,,,,,,,,,,,,,,,,,,,,,,,,,,,,
"756725","JC466863","2019-10-09T19:00:00","2","DRIVER",,"718798",,"MITSUBISHI","Outlander","IL","2009","NONE","PASSENGER","PERSONAL","UNKNOWN","STRAIGHT AHEAD",,,"1",,,,,,,,,,"true",,,,,,,,"REAR-LEFT",,,,,,,,,,,,,,,,,,,,,,,,,,,,,,,,,
"756670","JC466744","2019-10-09T19:00:00","1","DRIVER",,"718748",,"DODGE","UNKNOWN","IL",,"UNKNOWN","PASSENGER","UNKNOWN/NA","W","UNKNOWN/NA",,,"1",,,,,,,,,,,,,,,,,,"OTHER",,,,,,,,,,,,,,,,,,,,,,,,,,,,,,,,,
"756671","JC466744","2019-10-09T19:00:00","2","PARKED",,"718758",,"NISSAN","SENTRA (DATSUN AND NISSAN HAVE MERGED)","IL",,"NONE","PASSENGER","PERSONAL","W","PARKED",,,"0",,,,,,,,,,,,,,,,,,"REAR-LEFT",,,,,,,,,,,,,,,,,,,,,,,,,,,,,,,,,
"756632","JC466649","2019-10-09T19:00:00","1","DRIVER",,"718707",,"FORD","Explorer","IL","2000","BRAKES","PASSENGER","PERSONAL","S","STRAIGHT AHEAD","true",,"1",,"personal tow","relocated",,"true","true",,,,,,,,,,"true",,"FRONT",,,,,,,,,,,,,,,,,,,,,,,,,,,,,,,,,
"756633","JC466646","2019-10-09T19:00:00","1","DRIVER","1","718713",,"HONDA","CIVIC","IL","2000","UNKNOWN","PASSENGER","PERSONAL","W","TURNING LEFT",,,"2",,,,,,,,,,,"true","true","true","true",,,,"ROOF",,,,,,,,,,,,,,,,,,,,,,,,,,,,,,,,,
"756634","JC466646","2019-10-09T19:00:00","2","DRIVER",,"718721",,"TOYOTA MOTOR COMPANY, LTD.","RAV4 (sport utility)","IL","2016","UNKNOWN","SPORT UTILITY VEHICLE (SUV)","PERSONAL","E","STRAIGHT AHEAD",,,"1",,,,,,,,,,,"true",,,,,,,"SIDE-LEFT",,,,,,,,,,,,,,,,,,,,,,,,,,,,,,,,,
"756616","JC466605","2019-10-09T19:00:00","1","DRIVER",,"718696",,"DODGE","CHARGER",,,"UNKNOWN","PASSENGER","UNKNOWN/NA","W","STRAIGHT AHEAD",,,"1",,,,,,,,,,,,,,,,"true",,"OTHER",,,,,,,,,,,,,,,,,,,,,,,,,,,,,,,,,
"756617","JC466605","2019-10-09T19:00:00","2","PARKED",,"718698",,"INFINITI","G25","IL","2012","UNKNOWN","PASSENGER","PERSONAL","E","PARKED",,,"0",,,,,,,,,,,,"true",,,,,,"FRONT-LEFT",,,,,,,,,,,,,,,,,,,,,,,,,,,,,,,,,
"756640","JC466577","2019-10-09T19:00:00","1","DRIVER","1","718723",,"CHEVROLET","IMPALA","IL","2018","UNKNOWN","PASSENGER","PERSONAL","W","STRAIGHT AHEAD",,,"2",,,,,,,,,,,,,,,"true",,,"UNDER CARRIAGE",,,,,,,,,,,,,,,,,,,,,,,,,,,,,,,,,
"756641","JC466577","2019-10-09T19:00:00","2","DRIVER","1","718732",,"HONDA","CIVIC","IL","2017","UNKNOWN","OTHER","RIDESHARE SERVICE","N","STRAIGHT AHEAD",,,"2",,,,,,,,"true",,,,,,,,,,"REAR-RIGHT",,,,,,,,,,,,,,,,,,,,,,,,,,,,,,,,,
"756595","JC466584","2019-10-09T18:50:00","1","DRIVER",,"718671",,"NEW FLYER","NEW FLYER","IL","2001","NONE","BUS OVER 15 PASS.","OTHER","E","STRAIGHT AHEAD",,,"1",,,,,,"true","true","true",,,,,,,,,,"SIDE-RIGHT",,,,,,,,,,,,,,,,,,,,,,,,,,,,,,,,,
"756596","JC466584","2019-10-09T18:50:00","2","DRIVER",,"718685",,"FORD","F150","IL","2015","NONE","PICKUP","PERSONAL","E","OTHER",,,"1",,,,,,,,,,,,,"true","true",,,,"ROOF",,,,,,,,,,,,,,,,,,,,,,,,,,,,,,,,,
"756630","JC466656","2019-10-09T18:40:00","1","DRIVER",,"718711",,"UNKNOWN","UNKNOWN","IL","2005","UNKNOWN","OTHER","TOW TRUCK","NW","TURNING RIGHT",,,"1",,,,,,"true",,,,,,,,,,,,"SIDE-RIGHT",,,,,,,,,,,,,,,,,,,,,,,,,,,,,,,,,