"crash_unit_id","rd_no","crash_date","unit_no","unit_type","num_passengers","vehicle_id","cmrc_veh_i","make","model","lic_plate_state","vehicle_year","vehicle_defect","vehicle_type","vehicle_use","travel_direction","maneuver","towed_i","fire_i","occupant_cnt","exceed_speed_limit_i","towed_by","towed_to","area_00_i","area_01_i","area_02_i","area_03_i","area_04_i","area_05_i","area_06_i","area_07_i","area_08_i","area_09_i","area_10_i","area_11_i","area_12_i","area_99_i","first_contact_point","cmv_id","usdot_no","ccmc_no","ilcc_no","commercial_src","gvwr","carrier_name","carrier_state","carrier_city","hazmat_placards_i","hazmat_name","un_no","hazmat_present_i","hazmat_report_i","hazmat_report_no","mcs_report_i","mcs_report_no","hazmat_vio_cause_crash_i","mcs_vio_cause_crash_i","idot_permit_no","wide_load_i","trailer1_width","trailer2_width","trailer1_length","trailer2_length","total_vehicle_length","axle_cnt","vehicle_config","cargo_body_type","load_type","hazmat_out_of_service_i","mcs_out_of_service_i","hazmat_class"
"756631","JC466656","2019-10-09T18:40:00","2","DRIVER",,"718706",,"NISSAN","SENTRA (DATSUN AND NISSAN HAVE MERGED)","IL","2017","NONE","PASSENGER","PERSONAL","NW","TURNING RIGHT",,,"1",,,,,,,,,,,"true",,,"true",,,,"ROOF",,,,,,,,,,,,,,,,,,,,,,,,,,,,,,,,,
"756582","JC466567","2019-10-09T18:39:00","1","DRIVER","1","718662",,"INFINITI","UNKNOWN","IL","2005","NONE","PASSENGER","PERSONAL","N","STRAIGHT AHEAD",,,"2",,,,,,,,,,,,,,,,,"true","UNKNOWN",,,,,,,,,,,,,,,,,,,,,,,,,,,,,,,,,
"756583","JC466567","2019-10-09T18:39:00","2","DRIVER",,"718666",,"DODGE","CHARGER","IL","2010","NONE","PASSENGER","PERSONAL","N","SLOW/STOP IN TRAFFIC",,,"1",,,,,,,,,,,"true",,,,,,"true","FRONT-LEFT",,,,,,,,,,,,,,,,,,,,,,,,,,,,,,,,,
"756621","JC466590","2019-10-09T18:34:00","1","DRIVER",,"718702",,"FORD","FORD","IL","2001","UNKNOWN","PASSENGER","UNKNOWN/NA","N","STRAIGHT AHEAD","true",,"1",,,,,"true",,,,,,,,,,"true","true",,"OTHER",,,,,,,,,,,,,,,,,,,,,,,,,,,,,,,,,
"756622","JC466590","2019-10-09T18:34:00","2","DRIVER",,"718709",,"NISSAN","NISSAN","IL","2014","UNKNOWN","PASSENGER","PERSONAL","E","STRAIGHT AHEAD","true",,"1",,,,,"true","true","true","true",,,,,,,,,,"SIDE-RIGHT",,,,,,,,,,,,,,,,,,,,,,,,,,,,,,,,,
"756623","JC466590","2019-10-09T18:34:00","3","DRIVER","3","718712",,"TOYOTA MOTOR COMPANY, LTD.","TOYOTA","IL","2016","UNKNOWN","VAN/MINI-VAN","PERSONAL","W","STRAIGHT AHEAD",,,"4",,,,,,,,,,,,,,"true","true",,,"TOTAL (ALL AREAS)",,,,,,,,,,,,,,,,,,,,,,,,,,,,,,,,,
"756624","JC466590","2019-10-09T18:34:00","4","DRIVER",,"718714",,"INFINITI","UNKNOWN","IL","2005","UNKNOWN","PASSENGER","PERSONAL","W","STRAIGHT AHEAD",,,"1",,,,,"true",,,,,,"true",,,,,,,"SIDE-LEFT",,,,,,,,,,,,,,,,,,,,,,,,,,,,,,,,,
"756673","JC466674","2019-10-09T18:30:00","1","DRIVER",,"718747",,"TOYOTA MOTOR COMPANY, LTD.","Prius","IL","2013","NONE","PASSENGER","TAXI/FOR HIRE","N","UNKNOWN/NA",,,"1",,,,,"true",,,,,,,,,,,,,"FRONT",,,,,,,,,,,,,,,,,,,,,,,,,,,,,,,,,
"756674","JC466674","2019-10-09T18:30:00","2","DRIVER",,"718751",,"FORD","ESCAPE (SUV)","IL","2010","NONE","SPORT UTILITY VEHICLE (SUV)","TAXI/FOR HIRE","N","UNKNOWN/NA",,,"1",,,,,,,,,,,"true",,,,,,,"SIDE-LEFT",,,,,,,,,,,,,,,,,,,,,,,,,,,,,,,,,
"756576","JC466572","2019-10-09T18:30:00","1","DRIVER",,"718649",,"NISSAN","SENTRA (DATSUN AND NISSAN HAVE MERGED)","IL","2017","UNKNOWN","PASSENGER","UNKNOWN/NA","N","STRAIGHT AHEAD",,,"1",,,,,"true",,,,,,,,,,"true","true",,"OTHER",,,,,,,,,,,,,,,,,,,,,,,,,,,,,,,,,
"756577","JC466572","2019-10-09T18:30:00","2","DRIVER","1","718654",,"FORD","FUSION","IL","2011","UNKNOWN","PASSENGER","UNKNOWN/NA","N","STRAIGHT AHEAD",,,"2",,,,,,,,,"true","true","true",,,,,,,"REAR-LEFT",,,,,,,,,,,,,,,,,,,,,,,,,,,,,,,,,
"756614","JC466547","2019-10-09T18:30:00","1","DRIVER",,"718697",,"LEXUS","UNKNOWN","NY","2000","NONE","PASSENGER","PERSONAL","N","ENTERING TRAFFIC LANE FROM PARKING",,,"1",,,,,,,,,,,,,,,"true",,,"TOTAL (ALL AREAS)",,,,,,,,,,,,,,,,,,,,,,,,,,,,,,,,,
"756615","JC466547","2019-10-09T18:30:00","2","DRIVER",,"718700",,"NISSAN","NISSAN ALTIMA","IL","2005","NONE","PASSENGER","PERSONAL","N","STRAIGHT AHEAD",,,"1",,,,,"true","true",,,,,,,,,,,,"FRONT-RIGHT",,,,,,,,,,,,,,,,,,,,,,,,,,,,,,,,,
"757741","JC466536","2019-10-09T18:24:00","1","DRIVER",,"719775",,"FORD","MUSTANG","IL","2013","UNKNOWN","UNKNOWN/NA","PERSONAL","S","STRAIGHT AHEAD","true",,"1",,"A&E towing","6804 S. south chicago",,,,,,,,,,,,,"true",,"OTHER",,,,,,,,,,,,,,,,,,,,,,,,,,,,,,,,,
"757742","JC466536","2019-10-09T18:24:00","2","DRIVER","4","719776",,"CHEVROLET","UNKNOWN","IL","2002","NONE","PASSENGER","PERSONAL","S","STRAIGHT AHEAD",,,"5",,,,,,,,,"true",,,,,,,,,"REAR",,,,,,,,,,,,,,,,,,,,,,,,,,,,,,,,,
"756601","JC466609","2019-10-09T18:20:00","1","DRIVER",,"718674",,"TOYOTA MOTOR COMPANY, LTD.","COROLLA","IL","2015","NONE","PASSENGER","PERSONAL","N","STRAIGHT AHEAD",,,"1",,,,,,,,,,,,,,,,,,,,,,,,,,,,,,,,,,,,,,,,,,,,,,,,,,,
"756593","JC466557","2019-10-09T18:20:00","1","DRIVER","1","718670",,"JEEP","CHEROKEE","IL","2017","UNKNOWN","PASSENGER","PERSONAL","S","STRAIGHT AHEAD",,,"2",,,,,"true",,,,,,,,,,"true","true",,"OTHER",,,,,,,,,,,,,,,,,,,,,,,,,,,,,,,,,
"756594","JC466557","2019-10-09T18:20:00","2","DRIVER",,"718680",,"CHEVROLET","IMPALA","IL","2017","UNKNOWN","PASSENGER","PERSONAL","E","STRAIGHT AHEAD","true",,"1",,"private","private",,,,,,,,,,"false","true","true","true",,"TOTAL (ALL AREAS)",,,,,,,,,,,,,,,,,,,,,,,,,,,,,,,,,
"756574","JC466518","2019-10-09T18:18:00","1","DRIVER","1","718653","false","FORD","Explorer","IL","2017","UNKNOWN","PASSENGER","POLICE","UNKNOWN","STRAIGHT AHEAD",,,"2",,,,,,"true",,,,,,,,,,,,"SIDE-RIGHT",,,,,,,,,,,,,,,,,,,,,,,,,,,,,,,,,
"756575","JC466518","2019-10-09T18:18:00","2","DRIVERLESS",,"718661",,"WINDSOR MOBILE HOMES (VMA WAS WINS)","WINDSOR MOBILE HOMES (VMA WAS WINS)","IL","2003","UNKNOWN","PASSENGER","NOT IN USE","UNKNOWN","PARKED",,,"0",,,,,,"false",,,,,,,,"true",,,,"ROOF",,,,,,,,,,,,,,,,,,,,,,,,,,,,,,,,,
"756591","JC466569","2019-10-09T18:17:00","1","DRIVER",,"718665",,"CADILLAC","SRX","IL","2012","NONE","PASSENGER","PERSONAL","E","STRAIGHT AHEAD","true",,"1",,"State Farm","unknown",,"true",,,,,,,,,,"true","true",,"OTHER",,,,,,,,,,,,,,,,,,,,,,,,,,,,,,,,,
"756592","JC466569","2019-10-09T18:17:00","2","DRIVER",,"718673",,"BUICK","LACROSSE","IL","2010","NONE","PASSENGER","PERSONAL","N","STRAIGHT AHEAD","true",,"1",,"Zac's","residence",,,,,"true","true","true","true",,,,,,,"REAR-RIGHT",,,,,,,,,,,,,,,,,,,,,,,,,,,,,,,,,
"756679","JC466767","2019-10-09T18:16:00","1","DRIVER",,"718754",,"HONDA","ACCORD","IL","1999","UNKNOWN","PASSENGER","PERSONAL","N","STRAIGHT AHEAD",,,"1",,,,,,,,,,,,,,,,"true",,"OTHER",,,,,,,,,,,,,,,,,,,,,,,,,,,,,,,,,
"756680","JC466767","2019-10-09T18:16:00","2","DRIVER",,"718752",,"TOYOTA MOTOR COMPANY, LTD.","RAV4 (sport utility)","IL","2010","NONE","PASSENGER","PERSONAL","N","STRAIGHT AHEAD",,,"1",,,,,,,,,,"true",,,,,,,,"REAR-LEFT",,,,,,,,,,,,,,,,,,,,,,,,,,,,,,,,,
"756605","JC466619","2019-10-09T18:15:00","1","DRIVER","1","718689",,"FORD","EXPLORER","IL","2016","NONE","SPORT UTILITY VEHICLE (SUV)","POLICE","S","TURNING RIGHT",,,"2",,,,,,,"true","true","true",,,,,,,,,"SIDE-RIGHT",,,,,,,,,,,,,,,,,,,,,,,,,,,,,,,,,
"756587","JC466595","2019-10-09T18:15:00","1","BICYCLE",,,,,,,,,,,,,,,,,,,,,,,,,,,,,,,,,,,,,,,,,,,,,,,,,,,,,,,,,,,,,,,,,,
"756588","JC466595","2019-10-09T18:15:00","2","DRIVER","1","718668",,"TOYOTA MOTOR COMPANY, LTD.","Highlander(beginning vehicle year 2001)","IL","2019","NONE","SPORT UTILITY VEHICLE (SUV)","PERSONAL","E","STRAIGHT AHEAD",,,"2",,,,,,,,,,,,,"false","true","true","false",,"ROOF",,,,,,,,,,,,,,,,,,,,,,,,,,,,,,,,,
"756604","JC466582","2019-10-09T18:15:00","1","DRIVER","1","718679",,"CHEVROLET","MALIBU (CHEVELLE)","IL","2009","NONE","PASSENGER","PERSONAL","N","STRAIGHT AHEAD","true",,"2",,"chicago police","10300 s doty",,"true",,,,,,,,,,"true","true",,"OTHER",,,,,,,,,,,,,,,,,,,,,,,,,,,,,,,,,
"756568","JC466564","2019-10-09T18:05:00","1","DRIVER",,"718639",,"LINCOLN-CONTINENTAL","TOWNCAR","IL","2003","UNKNOWN","PASSENGER","UNKNOWN/NA","W","ENTERING TRAFFIC LANE FROM PARKING",,,"1",,,,,,,,,,,,,,,"true","true",,"TOTAL (ALL AREAS)",,,,,,,,,,,,,,,,,,,,,,,,,,,,,,,,,
"756569","JC466564","2019-10-09T18:05:00","2","DRIVER",,"718650",,"MAZDA","6 (Six)","IL","2007","UNKNOWN","PASSENGER","UNKNOWN/NA","W","STRAIGHT AHEAD",,,"1",,,,,,"true","true","true",,,,,,,,,,"SIDE-RIGHT",,,,,,,,,,,,,,,,,,,,,,,,,,,,,,,,,
"756566","JC466542","2019-10-09T17:50:00","1","DRIVER",,"718643",,"HONDA","HONDA","IL","2012","UNKNOWN","UNKNOWN/NA","UNKNOWN/NA","N","TURNING RIGHT",,,"1",,,,,,,,,,,,,,,"true",,,"UNDER CARRIAGE",,,,,,,,,,,,,,,,,,,,,,,,,,,,,,,,,
"756567","JC466542","2019-10-09T17:50:00","2","DRIVER",,"718659",,"TOYOTA MOTOR COMPANY, LTD.","CAMRY","FL","2019","NONE","PASSENGER","PERSONAL","E","STRAIGHT AHEAD",,,"1",,,,,,,,"true","true",,,,,,,,,"REAR",,,,,,,,,,,,,,,,,,,,,,,,,,,,,,,,,
"756527","JC466490","2019-10-09T17:50:00","1","DRIVER",,"718606",,"HONDA","ACCORD","IL","2005","UNKNOWN","PASSENGER","PERSONAL","S","TURNING LEFT",,,"1",,,,,,,,,,,,,,,,,"true","UNKNOWN",,,,,,,,,,,,,,,,,,,,,,,,,,,,,,,,,
"756528","JC466490","2019-10-09T17:50:00","2","DRIVER",,"718610",,"KIA MOTORS CORP","FORTE","IL","2017","NONE","PASSENGER","PERSONAL","S","STRAIGHT AHEAD",,,"1",,,,,"true","true",,,,,,,,,,,,"FRONT-RIGHT",,,,,,,,,,,,,,,,,,,,,,,,,,,,,,,,,
"756523","JC466491","2019-10-09T17:45:00","1","DRIVER",,"718599",,"TOYOTA MOTOR COMPANY, LTD.","Prius","IL","2011","UNKNOWN","UNKNOWN/NA","UNKNOWN/NA","UNKNOWN","MERGING",,,"1",,,,,"true",,,,,,,,,,,,,"FRONT",,,,,,,,,,,,,,,,,,,,,,,,,,,,,,,,,
"756524","JC466491","2019-10-09T17:45:00","2","DRIVER",,"718605",,"TOYOTA MOTOR COMPANY, LTD.","Prius","IL","2011","NONE","PASSENGER","TAXI/FOR HIRE","N","STRAIGHT AHEAD",,,"1",,,,,,,,,,,,,,,"true",,,"TOTAL (ALL AREAS)",,,,,,,,,,,,,,,,,,,,,,,,,,,,,,,,,
"756618","JC466493","2019-10-09T17:35:00","1","DRIVER",,"718699",,"NISSAN","ROGUE","IL","2019","NONE","PASSENGER","PERSONAL","N","TURNING RIGHT",,,"1",,,,,"true",,,,,,,,,,"true","true",,"OTHER",,,,,,,,,,,,,,,,,,,,,,,,,,,,,,,,,
"756619","JC466493","2019-10-09T17:35:00","2","PARKED",,"718703",,"GENERAL MOTORS CORP.","UNKNOWN","IL","2015","NONE","PICKUP","PERSONAL","N","PARKED",,,"0",,,,,,,,,,,,"true","true","true","true",,,"ROOF",,,,,,,,,,,,,,,,,,,,,,,,,,,,,,,,,
"756620","JC466493","2019-10-09T17:35:00","3","PARKED",,"718708",,"FORD","F150","IL","2005","NONE","PICKUP","PERSONAL","N","PARKED",,,"0",,,,,,,,,,,,,,,"true",,,"ROOF",,,,,,,,,,,,,,,,,,,,,,,,,,,,,,,,,
"756584","JC466511","2019-10-09T17:33:00","1","DRIVER",,"718672",,"JEEP","PATRIOT","IL","2013","NONE","SPORT UTILITY VEHICLE (SUV)","PERSONAL","E","STRAIGHT AHEAD",,,"1",,,,,,,"true",,,,,,,,,,,"SIDE-RIGHT",,,,,,,,,,,,,,,,,,,,,,,,,,,,,,,,,
"756585","JC466511","2019-10-09T17:33:00","2","PARKED",,"718684",,"HONDA","Odyssey (minivan)","IL","2008","NONE","VAN/MINI-VAN","UNKNOWN/NA","E","PARKED",,,"0",,,,,,,,,,,,,"true",,,,,"UNDER CARRIAGE",,,,,,,,,,,,,,,,,,,,,,,,,,,,,,,,,
"756586","JC466578","2019-10-09T17:30:00","1","DRIVER",,"718677","true","EL DORADO INTERNATIONAL, INC.; EL DORADO MFG., LTD.","EL DORADO INTERNATIONAL, INC.","IN","2015","NONE","TRACTOR W/ SEMI-TRAILER","COMMERCIAL - MULTI-UNIT","W","BACKING",,,"1",,,,,,"true",,,,,,,,,,,,"TOTAL (ALL AREAS)","8381","63391",,,"DRIVER","2","R AND L TRANSFER INC.","IN","ALEXANDRIA","false",,,"N","N",,"N",,"N","N",,,">102",,,,,,"TRACTOR/SEMI-TRAILER","VAN/ENCLOSED BOX","UNKNOWN","false","false",
"756549","JC466530","2019-10-09T17:30:00","1","DRIVER",,"718644",,"ACURA","ACURA","IL","2016","UNKNOWN","PASSENGER","PERSONAL","NW","TURNING LEFT",,,"1",,,,,"true","false",,,,,,,,,,"true",,"FRONT",,,,,,,,,,,,,,,,,,,,,,,,,,,,,,,,,
"756550","JC466530","2019-10-09T17:30:00","2","DRIVER","1","718656",,"CHEVROLET","UNKNOWN","IL","2017","UNKNOWN","PASSENGER","PERSONAL","S","STRAIGHT AHEAD",,,"2",,,,,,,,,,,,,,"true","true","true",,"TOTAL (ALL AREAS)",,,,,,,,,,,,,,,,,,,,,,,,,,,,,,,,,
"756531","JC466472","2019-10-09T17:30:00","1","DRIVER",,"718613",,"AMTRAN CORP, GENSIS BUSES","AMTRAN CORP, GENSIS BUSES","IL","2015","UNKNOWN","BUS UP TO 15 PASS.","OTHER","S","TURNING RIGHT",,,"1",,,,,,,,,,,"true",,,,,,,"FRONT-LEFT",,,,,,,,,,,,,,,,,,,,,,,,,,,,,,,,,
"756532","JC466472","2019-10-09T17:30:00","2","DRIVER",,"718620",,"HONDA","ACCORD","IL","2004","UNKNOWN","PASSENGER","PERSONAL","S","STRAIGHT AHEAD",,,"1",,,,,,,"true",,,,,,,,,,,"SIDE-RIGHT",,,,,,,,,,,,,,,,,,,,,,,,,,,,,,,,,
"756572","JC466483","2019-10-09T17:19:00","1","DRIVER",,"718647",,"GENERAL MOTORS CORP.","UNKNOWN","VA","2018","NONE","PASSENGER","OTHER","S","UNKNOWN/NA",,,"1",,,,,,,,,,,,,,,"true",,,"TOTAL (ALL AREAS)",,,,,,,,,,,,,,,,,,,,,,,,,,,,,,,,,
"756573","JC466483","2019-10-09T17:19:00","2","PARKED",,"718658",,"FORD","TAURUS","IL","1995","UNKNOWN","PASSENGER","PERSONAL","S","PARKED",,,"0",,,,,,,,,,,,,,,,"true",,"OTHER",,,,,,,,,,,,,,,,,,,,,,,,,,,,,,,,,
"756543","JC466465","2019-10-09T17:16:00","1","DRIVER","3","718623",,"VOLKSWAGEN","VOLKSWAGEN","IL","2007","UNKNOWN","PASSENGER","PERSONAL","S","STRAIGHT AHEAD",,,"4",,,,,"true",,,,,,,,,,"true","true",,"OTHER",,,,,,,,,,,,,,,,,,,,,,,,,,,,,,,,,
"756544","JC466465","2019-10-09T17:16:00","2","DRIVER",,"718632",,"CHEVROLET","CHEVROLET","IL","2018","UNKNOWN","PASSENGER","PERSONAL","S","STRAIGHT AHEAD",,,"1",,,,,,,,,"true","true","true",,,,,,,"REAR-LEFT",,,,,,,,,,,,,,,,,,,,,,,,,,,,,,,,,
"756515","JC466477","2019-10-09T17:06:00","1","DRIVER",,"718593",,"TOYOTA MOTOR COMPANY, LTD.","RAV4 (sport utility)","IL","2003","NONE","SPORT UTILITY VEHICLE (SUV)","PERSONAL","UNKNOWN","STRAIGHT AHEAD",,,"1",,,,,,,,,,,,,,,"true","false",,"TOTAL (ALL AREAS)",,,,,,,,,,,,,,,,,,,,,,,,,,,,,,,,,
"756516","JC466477","2019-10-09T17:06:00","2","DRIVER",,"718600",,"TOYOTA MOTOR COMPANY, LTD.","CAMRY","NC","2009","NONE","PASSENGER","PERSONAL","UNKNOWN","STRAIGHT AHEAD",,,"1",,,,,,,,,,,,,"true",,,,,"ROOF",,,,,,,,,,,,,,,,,,,,,,,,,,,,,,,,,
"757964","JC468997","2019-10-09T17:00:00","1","DRIVER",,"719980",,"FORD","WINDSTAR",,"2003","UNKNOWN","VAN/MINI-VAN","PERSONAL","S","STRAIGHT AHEAD",,,"1",,,,,"true",,,,,,,,,,"true","true",,"OTHER",,,,,,,,,,,,,,,,,,,,,,,,,,,,,,,,,
"757965","JC468997","2019-10-09T17:00:00","2","DRIVER",,"719986",,"JEEP","UNKNOWN","IL","2014","UNKNOWN","PASSENGER","PERSONAL","S","STRAIGHT AHEAD",,,"1",,,,,,,,,"true","true","true",,,,,,,"REAR-LEFT",,,,,,,,,,,,,,,,,,,,,,,,,,,,,,,,,
"756787","JC467033","2019-10-09T17:00:00","1","DRIVER",,"718861",,"UNKNOWN","UNKNOWN","IL",,"UNKNOWN","TRACTOR W/ SEMI-TRAILER","PERSONAL","N","STRAIGHT AHEAD",,,"1",,,,,,,,,,,,,,,,,,"UNKNOWN",,,,,,,,,,,,,,,,,,,,,,,,,,,,,,,,,
"756788","JC467033","2019-10-09T17:00:00","2","DRIVER",,"718863",,"LINCOLN-CONTINENTAL","NAVIGATOR","IL","2011","NONE","SPORT UTILITY VEHICLE (SUV)","PERSONAL","N","SLOW/STOP IN TRAFFIC",,,"1",,,,,,,"true",,,,,,,,,,,"SIDE-RIGHT",,,,,,,,,,,,,,,,,,,,,,,,,,,,,,,,,
"756545","JC466522","2019-10-09T17:00:00","1","DRIVER",,"718621",,"UNKNOWN","UNKNOWN",,,"UNKNOWN","UNKNOWN/NA","UNKNOWN/NA","UNKNOWN","UNKNOWN/NA",,,"1",,,,,,,,,,,,,,,,,"true","UNKNOWN",,,,,,,,,,,,,,,,,,,,,,,,,,,,,,,,,
"756546","JC466522","2019-10-09T17:00:00","2","PARKED",,"718624",,"INFINITI","UNKNOWN","IL","2015","NONE","PASSENGER","PERSONAL","UNKNOWN","PARKED",,,"0",,,,,"true","true","true",,,,,,,,,"true",,"FRONT",,,,,,,,,,,,,,,,,,,,,,,,,,,,,,,,,
"756529","JC466494","2019-10-09T17:00:00","1","DRIVER",,"718609",,"FORD","Focus","IL","2018","NONE","PASSENGER","PERSONAL","S","TURNING LEFT",,,"1",,,,,"true","true",,,,,,,,,,,,"FRONT",,,,,,,,,,,,,,,,,,,,,,,,,,,,,,,,,
"756530","JC466494","2019-10-09T17:00:00","2","DRIVER",,"718618",,"JEEP","CHEROKEE","IL","2015","NONE","PASSENGER","PERSONAL","S","STRAIGHT AHEAD",,,"1",,,,,,,,,,,,,,,"true",,,"TOTAL (ALL AREAS)",,,,,,,,,,,,,,,,,,,,,,,,,,,,,,,,,
"756511","JC466463","2019-10-09T17:00:00","1","DRIVER",,"718587",,"FORD","ESCAPE (SUV)","IL","2012","UNKNOWN","SPORT UTILITY VEHICLE (SUV)","OTHER","S","BACKING",,,"2",,,,,,,,,,,,,,,,,"true","REAR-LEFT",,,,,,,,,,,,,,,,,,,,,,,,,,,,,,,,,
"756512","JC466463","2019-10-09T17:00:00","2","PARKED","1","718594",,"CHEVROLET","CRUZE","IL","2016","UNKNOWN","PASSENGER","UNKNOWN/NA","S","PARKED",,,"1",,,,,,,,,,,,,,,,"true",,"OTHER",,,,,,,,,,,,,,,,,,,,,,,,,,,,,,,,,
"756762","JC466957","2019-10-09T16:58:00","1","DRIVER",,"718902",,"NISSAN","NISSAN ALTIMA","IL","2012","UNKNOWN","UNKNOWN/NA","UNKNOWN/NA","S","STRAIGHT AHEAD",,,"1",,,,,,,,,,,,,,,,,"true","OTHER",,,,,,,,,,,,,,,,,,,,,,,,,,,,,,,,,
"756763","JC466957","2019-10-09T16:58:00","2","DRIVER",,"718886",,"TOYOTA MOTOR COMPANY, LTD.","RAV4 (sport utility)","IL","2014","NONE","PASSENGER","PERSONAL","S","STRAIGHT AHEAD",,,"1",,,,,,,,,,"true",,,,,,,,"REAR-LEFT",,,,,,,,,,,,,,,,,,,,,,,,,,,,,,,,,
"756463","JC466407","2019-10-09T16:50:00","1","DRIVER",,"718543",,"HONDA","Odyssey (minivan)",,,"BRAKES","PASSENGER","PERSONAL","S","TURNING LEFT",,,"1",,,,"false",,,,,,,,,,,,,"true","ROOF",,,,,,,,,,,,,,,,,,,,,,,,,,,,,,,,,
"756464","JC466407","2019-10-09T16:50:00","2","DRIVER",,"718550",,"TOYOTA MOTOR COMPANY, LTD.","Avalon",,"2006","NONE","PASSENGER","PERSONAL","S","TURNING LEFT",,,"1",,,,,"true","true",,,,,,,,,,,,"FRONT",,,,,,,,,,,,,,,,,,,,,,,,,,,,,,,,,
"756470","JC466398","2019-10-09T16:50:00","1","DRIVER",,"718555",,"FORD","FORD-TRUCK,VAN,SUV, ETC","IL","2016","NONE","VAN/MINI-VAN","OTHER","E","PASSING/OVERTAKING",,,"1",,,,,,,,,"true",,,,,,,,,"REAR-RIGHT",,,,,,,,,,,,,,,,,,,,,,,,,,,,,,,,,
"756471","JC466398","2019-10-09T16:50:00","2","DRIVER",,"718568",,"BMW","X5","IL","2017","NONE","PASSENGER","PERSONAL","E","SLOW/STOP IN TRAFFIC",,,"1",,,,,,,,,,,"true",,,,,,,"SIDE-LEFT",,,,,,,,,,,,,,,,,,,,,,,,,,,,,,,,,
"756513","JC466427","2019-10-09T16:45:00","1","DRIVER",,"718604",,"JEEP","CHEROKEE","PA","1991","NONE","PASSENGER","PERSONAL","W","TURNING LEFT",,,"1",,,,,,,"true","true",,,,,,,,,,"SIDE-RIGHT",,,,,,,,,,,,,,,,,,,,,,,,,,,,,,,,,
"756514","JC466427","2019-10-09T16:45:00","2","DRIVER","1","718612",,"NISSAN","JUKE","IL","2014","NONE","PASSENGER","PERSONAL","S","STRAIGHT AHEAD","true",,"2",,"PRIVATE TOW",,,"true",,,,,,,,,,"true","true",,"OTHER",,,,,,,,,,,,,,,,,,,,,,,,,,,,,,,,,
"756612","JC466631","2019-10-09T16:40:00","1","DRIVER",,"718688",,"FORD","Focus","IL","2018","UNKNOWN","UNKNOWN/NA","UNKNOWN/NA","E","UNKNOWN/NA",,,"1",,,,,"true",,,,,,,,,,,,,"FRONT",,,,,,,,,,,,,,,,,,,,,,,,,,,,,,,,,
"756613","JC466631","2019-10-09T16:40:00","2","DRIVER",,"718692",,"JEEP","CHEROKEE","IL","2015","NONE","PASSENGER","PERSONAL","E","STRAIGHT AHEAD",,,"1",,,,,,,,,,,,"true","true","true",,,,"ROOF",,,,,,,,,,,,,,,,,,,,,,,,,,,,,,,,,
"756553","JC466390","2019-10-09T16:40:00","1","DRIVER",,"718640",,"KIA MOTORS CORP","FORTE","IL","2013","NONE","PASSENGER","PERSONAL","W","STRAIGHT AHEAD","true",,"1",,"unknown","unknown",,"true",,,,,,,,,,"true","true","true","OTHER",,,,,,,,,,,,,,,,,,,,,,,,,,,,,,,,,
"756554","JC466390","2019-10-09T16:40:00","2","DRIVER",,"718655",,"MAZDA","6 (Six)","IL","2018","NONE","PASSENGER","PERSONAL","W","STRAIGHT AHEAD","true",,"1",,"unknown","unknown",,"true",,,,"true","true","true",,"true",,"true","true","true","REAR-LEFT",,,,,,,,,,,,,,,,,,,,,,,,,,,,,,,,,
"756555","JC466390","2019-10-09T16:40:00","3","DRIVER",,"718664",,"PONTIAC","Aztek","IL","2005","NONE","PASSENGER","PERSONAL","NE","TURNING LEFT","true",,"1",,"unknown","unknown",,"true",,,,,,,,,,"true","true","true","FRONT",,,,,,,,,,,,,,,,,,,,,,,,,,,,,,,,,
"756556","JC466390","2019-10-09T16:40:00","4","DRIVER",,"718676",,"VOLKSWAGEN","VOLKSWAGEN","IL","2018","NONE","PASSENGER","PERSONAL","S","STRAIGHT AHEAD","true",,"1",,"unknown","unknown",,,,,,,,,,,,,"true","true","OTHER",,,,,,,,,,,,,,,,,,,,,,,,,,,,,,,,,
"756557","JC466390","2019-10-09T16:40:00","5","DRIVER",,"718695",,"ALLIED STEEL AND TRACTOR PRODUCTS","ALLIED STEEL AND TRACTOR PRODUCTS","IL","1995","NONE","TRACTOR W/ SEMI-TRAILER","PERSONAL","W","AVOIDING VEHICLES/OBJECTS",,,"1",,,,"true",,,,,,,,,,,,,,"NONE",,,,,,,,,,,,,,,,,,,,,,,,,,,,,,,,,
"756472","JC446376","2019-10-09T16:40:00","1","DRIVER",,"718573",,"KIA MOTORS CORP","FORTE","MO",,"NONE","PASSENGER","RIDESHARE SERVICE","S","STRAIGHT AHEAD",,,"1",,,,,,,,,,,,,,,,"true",,"OTHER",,,,,,,,,,,,,,,,,,,,,,,,,,,,,,,,,
"756473","JC446376","2019-10-09T16:40:00","2","DRIVER",,"718563",,"TOYOTA MOTOR COMPANY, LTD.","Prius","IL","2010","NONE","PASSENGER","PERSONAL","S","SLOW/STOP IN TRAFFIC",,,"1",,,,,,,,,,"true",,,,,,,,"REAR-LEFT",,,,,,,,,,,,,,,,,,,,,,,,,,,,,,,,,