"crash_unit_id","rd_no","crash_date","unit_no","unit_type","num_passengers","vehicle_id","cmrc_veh_i","make","model","lic_plate_state","vehicle_year","vehicle_defect","vehicle_type","vehicle_use","travel_direction","maneuver","towed_i","fire_i","occupant_cnt","exceed_speed_limit_i","towed_by","towed_to","area_00_i","area_01_i","area_02_i","area_03_i","area_04_i","area_05_i","area_06_i","area_07_i","area_08_i","area_09_i","area_10_i","area_11_i","area_12_i","area_99_i","first_contact_point","cmv_id","usdot_no","ccmc_no","ilcc_no","commercial_src","gvwr","carrier_name","carrier_state","carrier_city","hazmat_placards_i","hazmat_name","un_no","hazmat_present_i","hazmat_report_i","hazmat_report_no","mcs_report_i","mcs_report_no","hazmat_vio_cause_crash_i","mcs_vio_cause_crash_i","idot_permit_no","wide_load_i","trailer1_width","trailer2_width","trailer1_length","trailer2_length","total_vehicle_length","axle_cnt","vehicle_config","cargo_body_type","load_type","hazmat_out_of_service_i","mcs_out_of_service_i","hazmat_class"
"756481","JC466453","2019-10-09T16:37:00","1","DRIVER",,"718570",,"MAZDA","UNKNOWN","IL","2016","NONE","SPORT UTILITY VEHICLE (SUV)","PERSONAL","UNKNOWN","BACKING",,,"1",,,,,,,,,,,,,,,,,,"UNKNOWN",,,,,,,,,,,,,,,,,,,,,,,,,,,,,,,,,
"756482","JC466453","2019-10-09T16:37:00","2","DRIVER",,"718562",,"TOYOTA MOTOR COMPANY, LTD.","Prius","IL","2013","NONE","PASSENGER","PERSONAL","UNKNOWN","STRAIGHT AHEAD",,,"1",,,,,,,,,,,,,"true","true",,,,"ROOF",,,,,,,,,,,,,,,,,,,,,,,,,,,,,,,,,
"756606","JC466620","2019-10-09T16:36:00","1","DRIVER",,"718683",,"UNKNOWN","UNKNOWN",,,"UNKNOWN","UNKNOWN/NA","UNKNOWN/NA","UNKNOWN","UNKNOWN/NA",,,"1",,,,,,,,,,,,,,,,,"true","UNKNOWN",,,,,,,,,,,,,,,,,,,,,,,,,,,,,,,,,
"756607","JC466620","2019-10-09T16:36:00","2","PARKED",,"718686",,"TOYOTA MOTOR COMPANY, LTD.","Avalon","IL","2003","NONE","PASSENGER","NOT IN USE","E","PARKED",,,"0",,,,,,,,,,,,,,,"true",,,"UNKNOWN",,,,,,,,,,,,,,,,,,,,,,,,,,,,,,,,,
"756456","JC466397","2019-10-09T16:35:00","1","DRIVER",,"718551",,"UNKNOWN","UNKNOWN",,,"UNKNOWN","PASSENGER","UNKNOWN/NA","N","STRAIGHT AHEAD",,,"1",,,,,"true","true","true","true",,,,,,,,,,"SIDE-RIGHT",,,,,,,,,,,,,,,,,,,,,,,,,,,,,,,,,
"756457","JC466397","2019-10-09T16:35:00","2","DRIVER",,"718537",,"HYUNDAI","PONY","IL","2005","OTHER","PASSENGER","PERSONAL","N","SLOW/STOP IN TRAFFIC",,,"1",,,,,,,,,,,"true","true","true","true","true",,,"ROOF",,,,,,,,,,,,,,,,,,,,,,,,,,,,,,,,,
"756448","JC466410","2019-10-09T16:30:00","1","DRIVER",,"718536",,"UNKNOWN","UNKNOWN","IL",,"NONE","UNKNOWN/NA","UNKNOWN/NA","N","UNKNOWN/NA",,,"1",,,,,,,,,,,,,,,,,,"UNKNOWN",,,,,,,,,,,,,,,,,,,,,,,,,,,,,,,,,
"756449","JC466410","2019-10-09T16:30:00","2","PARKED",,"718528",,"RANGE ROVER OF NORTH AMERICA","RANGE ROVER OF NORTH AMERICA","IL","2013","NONE","SPORT UTILITY VEHICLE (SUV)","PERSONAL","S","PARKED",,,"0",,,,,,,,,,,,,,,,,,"ROOF",,,,,,,,,,,,,,,,,,,,,,,,,,,,,,,,,
"756465","JC466401","2019-10-09T16:30:00","1","DRIVER",,"718542",,"DODGE","UNKNOWN","IL",,"NONE","VAN/MINI-VAN","OTHER","S","BACKING",,,"1",,,,,,,,,"true","true","true",,,,,,,"REAR-LEFT",,,,,,,,,,,,,,,,,,,,,,,,,,,,,,,,,
"756466","JC466401","2019-10-09T16:30:00","2","DRIVER",,"718552",,"CHEVROLET","MALIBU (CHEVELLE)","IL","2015","NONE","PASSENGER","PERSONAL","S","STRAIGHT AHEAD",,,"1",,,,,"true",,,,,,,,,,"true","true",,"OTHER",,,,,,,,,,,,,,,,,,,,,,,,,,,,,,,,,
"756525","JC466377","2019-10-09T16:30:00","1","DRIVER",,"718607",,"NISSAN","SENTRA (DATSUN AND NISSAN HAVE MERGED)","IL","2017","NONE","PASSENGER","PERSONAL","E","STRAIGHT AHEAD",,,"1",,,,,"true",,,,,,,,,,"true","true",,"UNKNOWN",,,,,,,,,,,,,,,,,,,,,,,,,,,,,,,,,
"756526","JC466377","2019-10-09T16:30:00","2","DRIVER",,"718614",,"TOYOTA MOTOR COMPANY, LTD.","Prius","IL","2009","NONE","PASSENGER","PERSONAL","N","STRAIGHT AHEAD",,,"1",,,,,"true",,,,,,,,,,"true","true",,"UNKNOWN",,,,,,,,,,,,,,,,,,,,,,,,,,,,,,,,,
"756417","JC466354","2019-10-09T16:30:00","1","DRIVER",,"718508",,"FORD","ESCAPE (SUV)","IL","2011","NONE","PASSENGER","PERSONAL","N","STRAIGHT AHEAD",,,"1",,,,,,,,,,,,,,,,,"true","UNKNOWN",,,,,,,,,,,,,,,,,,,,,,,,,,,,,,,,,
"756418","JC466354","2019-10-09T16:30:00","2","PARKED",,"718515",,"SUBARU","UNKNOWN","IL","2019","NONE","PASSENGER","PERSONAL","N","PARKED",,,"0",,,,,,,,,,,"true",,,,,,,"SIDE-LEFT",,,,,,,,,,,,,,,,,,,,,,,,,,,,,,,,,
"756533","JC466387","2019-10-09T16:28:00","1","PARKED",,"718634",,"DODGE","CARAVAN","IL","2007","UNKNOWN","PASSENGER","PERSONAL","W","PARKED",,,"0",,,,,,,,,,,,,"true",,,,,"ROOF",,,,,,,,,,,,,,,,,,,,,,,,,,,,,,,,,
"756534","JC466387","2019-10-09T16:28:00","2","DRIVER",,"718645",,"AM GENERAL/HUMMER","H3","IL","2008","UNKNOWN","PASSENGER","PERSONAL","W","STRAIGHT AHEAD",,,"1",,,,,,,,"true",,,,,,,,,,"SIDE-RIGHT",,,,,,,,,,,,,,,,,,,,,,,,,,,,,,,,,
"756599","JC466350","2019-10-09T16:28:00","1","DRIVER","1","718678",,"JEEP","Wagoneer (for vehicle years 1989 to present)","IL","2012","NONE","SPORT UTILITY VEHICLE (SUV)","PERSONAL","S","STRAIGHT AHEAD",,,"2",,,,"true",,,,,,,,,,,,,,"OTHER",,,,,,,,,,,,,,,,,,,,,,,,,,,,,,,,,
"756600","JC466350","2019-10-09T16:28:00","2","DRIVER",,"718690",,"FORD","ESCAPE (SUV)","IN","2012","NONE","SPORT UTILITY VEHICLE (SUV)","PERSONAL","S","SLOW/STOP IN TRAFFIC",,,"1",,,,,,,,,"true","true","true",,,,,,,"REAR-LEFT",,,,,,,,,,,,,,,,,,,,,,,,,,,,,,,,,
"756539","JC466438","2019-10-09T16:25:00","1","DRIVER",,"718622",,"CHEVROLET","SILVERADO","IL","2011","UNKNOWN","PICKUP","UNKNOWN/NA","S","OTHER",,,"1",,,,,,,,,,,,,,"true","true",,,"TOTAL (ALL AREAS)",,,,,,,,,,,,,,,,,,,,,,,,,,,,,,,,,
"756540","JC466438","2019-10-09T16:25:00","2","DRIVER",,"718630",,"PONTIAC","G6","IL","2006","NONE","PASSENGER","PERSONAL","N","STRAIGHT AHEAD","true",,"1",,,,,,,,,,,,"true","true","true",,,,"ROOF",,,,,,,,,,,,,,,,,,,,,,,,,,,,,,,,,
"756537","JC466432","2019-10-09T16:24:00","1","DRIVER",,"718615",,"GENERAL MOTORS CORP.","UNKNOWN","IL",,"UNKNOWN","SPORT UTILITY VEHICLE (SUV)","UNKNOWN/NA","N","STRAIGHT AHEAD",,,"1",,,,,"true",,,,,,,,,,,,"false","OTHER",,,,,,,,,,,,,,,,,,,,,,,,,,,,,,,,,
"756538","JC466432","2019-10-09T16:24:00","2","DRIVER",,"718625",,"CHEVROLET","MALIBU (CHEVELLE)","IL","2017","UNKNOWN","UNKNOWN/NA","UNKNOWN/NA","N","STRAIGHT AHEAD","true",,"1",,"PERSONAL TOW","UNKOWN",,,,,,"true","true","true","true",,"true","true",,,"REAR-LEFT",,,,,,,,,,,,,,,,,,,,,,,,,,,,,,,,,
"756450","JC466359","2019-10-09T16:20:00","1","DRIVER",,"718529",,"NISSAN","SENTRA (DATSUN AND NISSAN HAVE MERGED)","IL","2019","NONE","PASSENGER","PERSONAL","E","STARTING IN TRAFFIC",,,"1",,,,,,,,,,,,"true","true","true","true","true",,"ROOF",,,,,,,,,,,,,,,,,,,,,,,,,,,,,,,,,
"756451","JC466359","2019-10-09T16:20:00","2","DRIVER",,"718544",,"HONDA","Odyssey (minivan)","IL","2015","NONE","PASSENGER","PERSONAL","S","TURNING LEFT",,,"1",,,,,"true","true",,,,,,,,,,"true",,"FRONT",,,,,,,,,,,,,,,,,,,,,,,,,,,,,,,,,
"756489","JC466439","2019-10-09T16:15:00","1","DRIVER",,"718572",,"FORD","Focus","IL","2010","UNKNOWN","PASSENGER","PERSONAL","S","STRAIGHT AHEAD",,,"1",,,,,,,,,,,,,,,,"true",,"OTHER",,,,,,,,,,,,,,,,,,,,,,,,,,,,,,,,,
"756490","JC466439","2019-10-09T16:15:00","2","DRIVER",,"718578",,"CHEVROLET","UNKNOWN","IL","2016","NONE","PASSENGER","PERSONAL","S","STRAIGHT AHEAD",,,"1",,,,,,,,,,"true",,,,,,,,"REAR-LEFT",,,,,,,,,,,,,,,,,,,,,,,,,,,,,,,,,
"756479","JC466409","2019-10-09T16:15:00","1","DRIVER",,"718557",,"UNKNOWN","UNKNOWN",,,"UNKNOWN","UNKNOWN/NA","UNKNOWN/NA","S","UNKNOWN/NA",,,"1",,,,,,,,,,,,,,,,,"true","OTHER",,,,,,,,,,,,,,,,,,,,,,,,,,,,,,,,,
"756480","JC466409","2019-10-09T16:15:00","2","DRIVER",,"718576",,"TOYOTA MOTOR COMPANY, LTD.","COROLLA","IL","2016","NONE","PASSENGER","PERSONAL","S","STRAIGHT AHEAD",,,"1",,,,,,,,,"true","true","true",,,,,,,"REAR-LEFT",,,,,,,,,,,,,,,,,,,,,,,,,,,,,,,,,
"756444","JC466346","2019-10-09T16:15:00","1","DRIVER",,"718535",,"NISSAN","ROGUE","IL","2017","UNKNOWN","PASSENGER","PERSONAL","W","STRAIGHT AHEAD",,,"1",,,,,,,,,,,,,,,,"true",,"TOTAL (ALL AREAS)",,,,,,,,,,,,,,,,,,,,,,,,,,,,,,,,,
"756445","JC466346","2019-10-09T16:15:00","2","DRIVER",,"718559",,"TOYOTA MOTOR COMPANY, LTD.","CAMRY","IL","2017","UNKNOWN","PASSENGER","PERSONAL","W","SLOW/STOP IN TRAFFIC",,,"1",,,,,,,,,"true","true",,,,,,,,"REAR",,,,,,,,,,,,,,,,,,,,,,,,,,,,,,,,,
"756476","JC466428","2019-10-09T16:10:00","1","DRIVER",,"718561",,"FORD","UNKNOWN","IL","2019","UNKNOWN","OTHER","LAWN CARE/LANDSCAPING","W","STRAIGHT AHEAD",,,"1",,,,,,,,,,,"true",,,,,,,"REAR-LEFT",,,,,,,,,,,,,,,,,,,,,,,,,,,,,,,,,
"756477","JC466428","2019-10-09T16:10:00","2","DRIVER",,"718566",,"NISSAN","NISSAN MAXIMA","IL","2017","UNKNOWN","PASSENGER","UNKNOWN/NA","W","STRAIGHT AHEAD",,,"1",,,,,"true","true",,,,,,,,,,,,"FRONT",,,,,,,,,,,,,,,,,,,,,,,,,,,,,,,,,
"756503","JC466418","2019-10-09T16:10:00","1","DRIVER",,"718591",,"NISSAN","NISSAN ALTIMA","IL","2013","NONE","PASSENGER","PERSONAL","S","STRAIGHT AHEAD",,,"1",,,,"true",,,,,,,,,,,,,,"NONE",,,,,,,,,,,,,,,,,,,,,,,,,,,,,,,,,
"756504","JC466418","2019-10-09T16:10:00","2","PEDESTRIAN",,,,,,,,,,,,,,,,,,,,,,,,,,,,,,,,,,,,,,,,,,,,,,,,,,,,,,,,,,,,,,,,,,
"756430","JC466353","2019-10-09T16:10:00","1","DRIVER",,"718560",,"VOLKSWAGEN","PASSAT","IL","2016","UNKNOWN","PASSENGER","UNKNOWN/NA","S","STRAIGHT AHEAD",,,"1",,,,,,,,,,,,,,,,,"true","UNKNOWN",,,,,,,,,,,,,,,,,,,,,,,,,,,,,,,,,
"756431","JC466353","2019-10-09T16:10:00","2","DRIVER","1","718598",,"FORD","ESCAPE (SUV)","IL","2012","NONE","OTHER","TAXI/FOR HIRE","S","STRAIGHT AHEAD",,,"2",,,,,,,,,,"true",,,,,,,,"REAR-RIGHT",,,,,,,,,,,,,,,,,,,,,,,,,,,,,,,,,
"756454","JC466362","2019-10-09T16:07:00","1","DRIVER",,"718533",,"LINCOLN ELECTRIC CO., INC. CLEVELAND, OH ; LINCOLN WELDER","LINCOLN ELECTRIC CO., INC., MFRS, OF LINCOL WELDER","IL","2006","NONE","UNKNOWN/NA","UNKNOWN/NA","W","STRAIGHT AHEAD",,,"1",,,,,,,,,,,,,,,,,,"OTHER",,,,,,,,,,,,,,,,,,,,,,,,,,,,,,,,,
"756455","JC466362","2019-10-09T16:07:00","2","DRIVER",,"718553",,"UNKNOWN","UNKNOWN","IL","2009","UNKNOWN","BUS OVER 15 PASS.","SCHOOL BUS","W","STRAIGHT AHEAD",,,"1",,,,,,,,,,,,,,,,,,"REAR-LEFT",,,,,,,,,,,,,,,,,,,,,,,,,,,,,,,,,
"756507","JC466466","2019-10-09T16:06:00","1","DRIVER",,"718592",,"TOYOTA MOTOR COMPANY, LTD.","COROLLA","IL","2016","UNKNOWN","PASSENGER","UNKNOWN/NA","SW","TURNING LEFT",,,"1",,,,,,,,,,,,,,"true",,,,"ROOF",,,,,,,,,,,,,,,,,,,,,,,,,,,,,,,,,
"756508","JC466466","2019-10-09T16:06:00","2","BICYCLE",,,,,,,,,,,,,,,,,,,,,,,,,,,,,,,,,,,,,,,,,,,,,,,,,,,,,,,,,,,,,,,,,,
"756421","JC466347","2019-10-09T16:06:00","1","DRIVER",,"718519",,"TOYOTA MOTOR COMPANY, LTD.","CAMRY","IL","2002","NONE","PASSENGER","PERSONAL","W","STRAIGHT AHEAD","true",,"1",,"PRIVATE TOW",,,,,,"false",,,,,,,,,,"SIDE-LEFT",,,,,,,,,,,,,,,,,,,,,,,,,,,,,,,,,
"756422","JC466347","2019-10-09T16:06:00","2","DRIVER",,"718530",,"MERCEDES-BENZ","UNKNOWN","IL","2016","NONE","PASSENGER","PERSONAL","W","STRAIGHT AHEAD",,,"1",,,,,"false","false",,,,,,,,,,,,"FRONT",,,,,,,,,,,,,,,,,,,,,,,,,,,,,,,,,
"756425","JC466364","2019-10-09T16:05:00","1","DRIVER",,"718510",,"HONDA","HONDA","IL","2004","UNKNOWN","PASSENGER","UNKNOWN/NA","N","TURNING RIGHT",,,"1",,,,,"true",,,,,,,,,,"false","true",,"FRONT",,,,,,,,,,,,,,,,,,,,,,,,,,,,,,,,,
"756426","JC466364","2019-10-09T16:05:00","2","DRIVER",,"718517",,"KIA MOTORS CORP","KIA MOTORS CORP","IL","2019","NONE","PASSENGER","PERSONAL","N","STRAIGHT AHEAD",,,"1",,,,,,,,,,"true","true",,,,,,,"SIDE-LEFT",,,,,,,,,,,,,,,,,,,,,,,,,,,,,,,,,
"756493","JC466337","2019-10-09T16:03:00","1","DRIVER",,"718579",,"NISSAN","SENTRA (DATSUN AND NISSAN HAVE MERGED)","IL","2019","NONE","PASSENGER","PERSONAL","S","STRAIGHT AHEAD",,,"1",,,,,,,,,,,,,,,,,"true","UNKNOWN",,,,,,,,,,,,,,,,,,,,,,,,,,,,,,,,,
"756494","JC466337","2019-10-09T16:03:00","2","PEDESTRIAN",,,,,,,,,,,,,,,,,,,,,,,,,,,,,,,,,,,,,,,,,,,,,,,,,,,,,,,,,,,,,,,,,,
"756495","JC466337","2019-10-09T16:03:00","3","PEDESTRIAN",,,,,,,,,,,,,,,,,,,,,,,,,,,,,,,,,,,,,,,,,,,,,,,,,,,,,,,,,,,,,,,,,,
"756496","JC466337","2019-10-09T16:03:00","4","PEDESTRIAN",,,,,,,,,,,,,,,,,,,,,,,,,,,,,,,,,,,,,,,,,,,,,,,,,,,,,,,,,,,,,,,,,,
"757039","JC467443","2019-10-09T16:00:00","1","DRIVER",,"719096",,"UNKNOWN","UNKNOWN",,,"UNKNOWN","UNKNOWN/NA","UNKNOWN/NA","W","STRAIGHT AHEAD",,,"1",,,,,,,,,,,,,,,,,"true","OTHER",,,,,,,,,,,,,,,,,,,,,,,,,,,,,,,,,
"757040","JC467443","2019-10-09T16:00:00","2","DRIVER",,"719101",,"NISSAN","UNKNOWN",,,"NONE","PASSENGER","OTHER","W","SLOW/STOP IN TRAFFIC",,,"1",,,,,,,,,"true","true","true",,,,,,,"REAR-LEFT",,,,,,,,,,,,,,,,,,,,,,,,,,,,,,,,,
"756467","JC466381","2019-10-09T16:00:00","1","DRIVER",,"718546",,"AM GENERAL/HUMMER","H3","IL",,"UNKNOWN","SPORT UTILITY VEHICLE (SUV)","PERSONAL","S","STRAIGHT AHEAD",,,"1",,,,,,,,,,,,,,,,"true",,"OTHER",,,,,,,,,,,,,,,,,,,,,,,,,,,,,,,,,
"756468","JC466381","2019-10-09T16:00:00","2","DRIVER","1","718556",,"CHRYSLER","TOWN & COUNTRY","IL","2006","NONE","VAN/MINI-VAN","PERSONAL","S","STRAIGHT AHEAD",,,"2",,,,,,,,,,"true","true",,,,,,,"REAR-LEFT",,,,,,,,,,,,,,,,,,,,,,,,,,,,,,,,,
"756423","JC466332","2019-10-09T16:00:00","1","BICYCLE",,,,,,,,,,,,,,,,,,,,,,,,,,,,,,,,,,,,,,,,,,,,,,,,,,,,,,,,,,,,,,,,,,
"756424","JC466332","2019-10-09T16:00:00","2","DRIVER","1","718516",,"TOYOTA MOTOR COMPANY, LTD.","COROLLA","IL","2016","NONE","PASSENGER","RIDESHARE SERVICE","W","STRAIGHT AHEAD",,,"2",,,,,,,,,,,,,"true","true","true",,,"TOTAL (ALL AREAS)",,,,,,,,,,,,,,,,,,,,,,,,,,,,,,,,,
"756460","JC466355","2019-10-09T15:59:00","1","DRIVER","1","718538",,"BUICK","LACROSSE","IL","2007","UNKNOWN","PASSENGER","UNKNOWN/NA","S","BACKING",,,"2",,,,"true",,,,,,,,,,,,,"true","REAR-LEFT",,,,,,,,,,,,,,,,,,,,,,,,,,,,,,,,,
"756461","JC466355","2019-10-09T15:59:00","2","PEDESTRIAN",,,,,,,,,,,,,,,,,,,,,,,,,,,,,,,,,,,,,,,,,,,,,,,,,,,,,,,,,,,,,,,,,,
"756505","JC466365","2019-10-09T15:50:00","1","DRIVER",,"718588",,"UNKNOWN","UNKNOWN",,,"UNKNOWN","TRACTOR W/ SEMI-TRAILER","UNKNOWN/NA","E","TURNING LEFT",,,"1",,,,,,,,,,,,,,,,,"true","UNKNOWN",,,,,,,,,,,,,,,,,,,,,,,,,,,,,,,,,
"756506","JC466365","2019-10-09T15:50:00","2","DRIVER",,"718601",,"FORD","UNKNOWN","IL","2017","NONE","PASSENGER","PERSONAL","S","STRAIGHT AHEAD",,,"1",,,,,,,,,"true","true","true",,,,,,,"REAR-LEFT",,,,,,,,,,,,,,,,,,,,,,,,,,,,,,,,,
"756439","JC466341","2019-10-09T15:47:00","1","DRIVER",,"718522",,"FORD","FORD","IL","2014","UNKNOWN","PASSENGER","POLICE","W","PASSING/OVERTAKING",,,"1",,,,,"true",,,,,,,,,,,,,"FRONT",,,,,,,,,,,,,,,,,,,,,,,,,,,,,,,,,
"756440","JC466341","2019-10-09T15:47:00","2","DRIVER",,"718532",,"DODGE","RAM 1500 VAN","IL","2018","UNKNOWN","PICKUP","UNKNOWN/NA","W","SLOW/STOP IN TRAFFIC",,,"1",,,,,,,,,,,"true",,,,,,,"SIDE-LEFT",,,,,,,,,,,,,,,,,,,,,,,,,,,,,,,,,
"756535","JC466503","2019-10-09T15:45:00","1","DRIVER",,"718619","true","UNKNOWN","UNKNOWN","IL","2015","NONE","BUS OVER 15 PASS.","SCHOOL BUS","N","BACKING",,,"1",,,,"true","false",,,,,,,,,,,,,"REAR-LEFT","8380",,,,,"3","COMPASS TRANS LLC--FIRM OWNED","IL","SKOKIE",,,,,,,,,,,,,,,,,,,,,,,,
"756536","JC466503","2019-10-09T15:45:00","2","PARKED",,"718627",,"MERCEDES-BENZ","E500","IL","2012","NONE","PASSENGER","PERSONAL","S","PARKED",,,"0",,,,,"true",,,,,,,,,,,"true",,"FRONT",,,,,,,,,,,,,,,,,,,,,,,,,,,,,,,,,
"756415","JC466319","2019-10-09T15:45:00","1","DRIVER",,"718506",,"SAAB","9-3","IL","2006","UNKNOWN","PASSENGER","PERSONAL","E","STRAIGHT AHEAD",,,"1",,,,,,,,,,,,,,"true","true",,,"TOTAL (ALL AREAS)",,,,,,,,,,,,,,,,,,,,,,,,,,,,,,,,,
"756416","JC466319","2019-10-09T15:45:00","2","DRIVER",,"718521",,"TOYOTA MOTOR COMPANY, LTD.","COROLLA","IL","2006","UNKNOWN","PASSENGER","PERSONAL","S","TURNING LEFT",,,"1",,,,,"true","true",,,,,,,,,,,,"FRONT",,,,,,,,,,,,,,,,,,,,,,,,,,,,,,,,,
"756378","JC466294","2019-10-09T15:45:00","1","DRIVER",,"718473",,"MERCEDES-BENZ","Sprinter","IL","2011","NONE","OTHER","UNKNOWN/NA","W","MERGING",,,"1",,,,,,,"true","true","true",,,,,,,,,"SIDE-RIGHT",,,,,,,,,,,,,,,,,,,,,,,,,,,,,,,,,
"756379","JC466294","2019-10-09T15:45:00","2","DRIVER",,"718484",,"DODGE","DURANGO","IL","2014","NONE","SPORT UTILITY VEHICLE (SUV)","PERSONAL","W","STRAIGHT AHEAD",,,"1",,,,,,,,,,,"true","true",,,,,,"FRONT-LEFT",,,,,,,,,,,,,,,,,,,,,,,,,,,,,,,,,
"756386","JC466307","2019-10-09T15:40:00","1","DRIVER",,"718474",,"JEEP","Liberty","IL","2004","UNKNOWN","UNKNOWN/NA","UNKNOWN/NA","N","BACKING",,,"1",,,,,,,,,"true",,,,,,,,,"REAR",,,,,,,,,,,,,,,,,,,,,,,,,,,,,,,,,
"756387","JC466307","2019-10-09T15:40:00","2","DRIVER",,"718489",,"NISSAN","X-Terra","IL","2007","UNKNOWN","UNKNOWN/NA","UNKNOWN/NA","W","STRAIGHT AHEAD",,,"1",,,,,,,,,,,,,,,"true",,,"TOTAL (ALL AREAS)",,,,,,,,,,,,,,,,,,,,,,,,,,,,,,,,,
"756407","JC466280","2019-10-09T15:38:00","1","PEDESTRIAN",,,,,,,,,,,,,,,,,,,,,,,,,,,,,,,,,,,,,,,,,,,,,,,,,,,,,,,,,,,,,,,,,,
"756408","JC466280","2019-10-09T15:38:00","2","DRIVER","2","718509",,"CHEVROLET","CRUZE","IL","2017","UNKNOWN","PASSENGER","PERSONAL","W","STRAIGHT AHEAD",,,"3",,,,,"true",,,,,,,,,,,,,"FRONT",,,,,,,,,,,,,,,,,,,,,,,,,,,,,,,,,
"756509","JC466461","2019-10-09T15:30:00","1","DRIVER",,"718585",,"UNKNOWN","UNKNOWN",,,"UNKNOWN","PASSENGER","UNKNOWN/NA","S","STRAIGHT AHEAD",,,"1",,,,,,,,,,,,,,,,,"true","OTHER",,,,,,,,,,,,,,,,,,,,,,,,,,,,,,,,,
"756510","JC466461","2019-10-09T15:30:00","2","DRIVER","1","718589",,"AUDI","UNKNOWN","IL","2015","UNKNOWN","PASSENGER","PERSONAL","S","STRAIGHT AHEAD",,,"2",,,,,,,,,,"true",,,,,,,,"REAR-LEFT",,,,,,,,,,,,,,,,,,,,,,,,,,,,,,,,,
"756419","JC466360","2019-10-09T15:30:00","1","DRIVER",,"718505",,"DODGE","Avenger",,"2008","NONE","PASSENGER","PERSONAL","W","CHANGING LANES",,,"1",,,,,"true","true","true","true","true",,,,,,,,,"SIDE-RIGHT",,,,,,,,,,,,,,,,,,,,,,,,,,,,,,,,,
"756420","JC466360","2019-10-09T15:30:00","2","DRIVER",,"718504",,"GENERAL MOTORS CORP.","YUKON",,"2007","NONE","SPORT UTILITY VEHICLE (SUV)","PERSONAL","W","STRAIGHT AHEAD",,,"1",,,,,,,,,,,"true","true","true","true","true",,,"ROOF",,,,,,,,,,,,,,,,,,,,,,,,,,,,,,,,,
"756400","JC466252","2019-10-09T15:25:00","1","DRIVER",,"718490",,"CHEVROLET","BLAZER","IL","1998","NONE","PASSENGER","PERSONAL","S","STRAIGHT AHEAD",,,"1",,,,,,,,,,,,,,,,,,"TOTAL (ALL AREAS)",,,,,,,,,,,,,,,,,,,,,,,,,,,,,,,,,
"756401","JC466252","2019-10-09T15:25:00","2","BICYCLE",,,,,,,,,,,,,,,,,,,,,,,,,,,,,,,,,,,,,,,,,,,,,,,,,,,,,,,,,,,,,,,,,,
"756483","JC466326","2019-10-09T15:23:00","1","DRIVER",,"718567",,"CHEVROLET","UNKNOWN","IL","2018","UNKNOWN","VAN/MINI-VAN","OTHER","N","BACKING",,,"1",,,,,,,,,"true","true","true",,,,,,,"REAR-LEFT",,,,,,,,,,,,,,,,,,,,,,,,,,,,,,,,,
"756484","JC466326","2019-10-09T15:23:00","2","PARKED",,"718577","true","KENWORTH MOTOR TRUCK CO.","KENWORTH MOTOR TRUCK CO.","IL","2019","NONE","TRACTOR W/ SEMI-TRAILER","COMMERCIAL - SINGLE UNIT","E","PARKED",,,"0",,,,,,,,,,,"true","true","true",,"false",,,"ROOF","8379","144020",,,"SIDE OF TRUCK",,"JDS LEASING INC","IL","NAPERVILLE",,,,,,,,,,,,,,,,,,,"TRACTOR/SEMI-TRAILER","TANK","UNKNOWN",,,
"756388","JC466282","2019-10-09T15:20:00","1","DRIVER",,"718496",,"GENERAL MOTORS CORP.","ACADIA","IL","2020","UNKNOWN","SPORT UTILITY VEHICLE (SUV)","UNKNOWN/NA","S","STRAIGHT AHEAD",,,"1",,,,,,,,,,,,,,,,"true",,"OTHER",,,,,,,,,,,,,,,,,,,,,,,,,,,,,,,,,
"756389","JC466282","2019-10-09T15:20:00","2","DRIVER",,"718479",,"TOYOTA MOTOR COMPANY, LTD.","RAV4 (sport utility)","IL","2019","NONE","SPORT UTILITY VEHICLE (SUV)","PERSONAL","S","STRAIGHT AHEAD",,,"1",,,,,,,,,,"true",,,,,,,,"REAR-LEFT",,,,,,,,,,,,,,,,,,,,,,,,,,,,,,,,,
"756402","JC466316","2019-10-09T15:15:00","1","DRIVER",,"718492",,"HONDA","CIVIC","IL","2008","UNKNOWN","PASSENGER","PERSONAL","N","STRAIGHT AHEAD",,,"1",,,,,,,,,,,,,,,,,"true","UNKNOWN",,,,,,,,,,,,,,,,,,,,,,,,,,,,,,,,,
"756403","JC466316","2019-10-09T15:15:00","2","PARKED",,"718495",,"HONDA","ACCORD","IL","2009","NONE","PASSENGER","PERSONAL","N","PARKED",,,"0",,,,,,,,,,,,"true","true",,,,,"FRONT-LEFT",,,,,,,,,,,,,,,,,,,,,,,,,,,,,,,,,
"756365","JC466251","2019-10-09T15:15:00","1","DRIVER",,"718459",,"CHEVROLET","CRUZE","IL","2011","NONE","PASSENGER","PERSONAL","N","TURNING LEFT",,,"1",,,,,"true","true",,,,,,,,,,"true",,"FRONT",,,,,,,,,,,,,,,,,,,,,,,,,,,,,,,,,
"756366","JC466251","2019-10-09T15:15:00","2","DRIVER",,"718457",,"BUICK","ENCLAVE",,"2011","NONE","SPORT UTILITY VEHICLE (SUV)","PERSONAL","SW","STRAIGHT AHEAD",,,"1",,,,,,,,,,,,"true","true","true",,,,"ROOF",,,,,,,,,,,,,,,,,,,,,,,,,,,,,,,,,
"756469","JC466245","2019-10-09T15:06:00","1","DRIVER",,"718554",,"DODGE","RAM 1500 VAN","IL","2019","UNKNOWN","VAN/MINI-VAN","OTHER","NE","PASSING/OVERTAKING",,,"1",,,,,,"true",,,,,,,,,,,,"FRONT-RIGHT",,,,,,,,,,,,,,,,,,,,,,,,,,,,,,,,,