"crash_unit_id","rd_no","crash_date","unit_no","unit_type","num_passengers","vehicle_id","cmrc_veh_i","make","model","lic_plate_state","vehicle_year","vehicle_defect","vehicle_type","vehicle_use","travel_direction","maneuver","towed_i","fire_i","occupant_cnt","exceed_speed_limit_i","towed_by","towed_to","area_00_i","area_01_i","area_02_i","area_03_i","area_04_i","area_05_i","area_06_i","area_07_i","area_08_i","area_09_i","area_10_i","area_11_i","area_12_i","area_99_i","first_contact_point","cmv_id","usdot_no","ccmc_no","ilcc_no","commercial_src","gvwr","carrier_name","carrier_state","carrier_city","hazmat_placards_i","hazmat_name","un_no","hazmat_present_i","hazmat_report_i","hazmat_report_no","mcs_report_i","mcs_report_no","hazmat_vio_cause_crash_i","mcs_vio_cause_crash_i","idot_permit_no","wide_load_i","trailer1_width","trailer2_width","trailer1_length","trailer2_length","total_vehicle_length","axle_cnt","vehicle_config","cargo_body_type","load_type","hazmat_out_of_service_i","mcs_out_of_service_i","hazmat_class"
"756453","JC466245","2019-10-09T15:06:00","2","PARKED","1","718575","true","NEW FLYER","NEW FLYER","IL",,"UNKNOWN","BUS OVER 15 PASS.","CTA","E","PARKED",,,"1",,,,"true",,,,,,,,,,"false",,,,"UNDER CARRIAGE",,,,,,,,,,,,,,,,,,,,,,,,,,,,,,,,,
"756560","JC466531","2019-10-09T15:05:00","1","DRIVER","1","718638",,"HYUNDAI","UNKNOWN","IL","2014","NONE","PASSENGER","PERSONAL","W","TURNING LEFT",,,"2",,,,,,,,,,,,,,,,,,"SIDE-RIGHT",,,,,,,,,,,,,,,,,,,,,,,,,,,,,,,,,
"756561","JC466531","2019-10-09T15:05:00","2","DRIVER",,"718646",,"VOLKSWAGEN","PASSAT","IL","2013","NONE","PASSENGER","NOT IN USE","E","TURNING RIGHT",,,"1",,,,,,,,,,,,,,,,,,"OTHER",,,,,,,,,,,,,,,,,,,,,,,,,,,,,,,,,
"756406","JC466310","2019-10-09T15:05:00","1","DRIVER",,"718507","true","BLUEBIRD INTERNATIONAL","UNKNOWN","IN","2005","NONE","TRACTOR W/ SEMI-TRAILER","COMMERCIAL - MULTI-UNIT","E","BACKING",,,"1",,,,"true",,,,,,"false",,,,,,,,"REAR-LEFT","8378","75806",,,"PAPERS","3","USF HOLLAND","MI","HOLLAND",,,,"N","N",,"N",,"N","N",,,,,,,,,"SINGLE UNIT TRUCK, 3 OR MORE AXLES","VAN/ENCLOSED BOX","BUILDING MATERIALS","false","false",
"757125","JC467562","2019-10-09T15:00:00","1","DRIVER",,"719180",,"TOYOTA MOTOR COMPANY, LTD.","RAV4 (sport utility)","IL","2016","NONE","PASSENGER","PERSONAL","W","STRAIGHT AHEAD",,,"1",,,,,,,,,,,,,,,,"true",,"OTHER",,,,,,,,,,,,,,,,,,,,,,,,,,,,,,,,,
"757126","JC467562","2019-10-09T15:00:00","2","DRIVER",,"719174",,"FORD","Focus","IL","2008","NONE","PASSENGER","PERSONAL","W","STRAIGHT AHEAD",,,"1",,,,,,,,,,"true",,,,,,,,"REAR-LEFT",,,,,,,,,,,,,,,,,,,,,,,,,,,,,,,,,
"756558","JC466419","2019-10-09T15:00:00","1","DRIVER",,"718631",,"CHEVROLET","SUBURBAN","IN","2003","NONE","PASSENGER","PERSONAL","S","STRAIGHT AHEAD",,,"1",,,,,,,,,,,,,,,,"true","true","OTHER",,,,,,,,,,,,,,,,,,,,,,,,,,,,,,,,,
"756559","JC466419","2019-10-09T15:00:00","2","DRIVER",,"718652","false","FORD","UNKNOWN","IL",,"NONE","VAN/MINI-VAN","CONSTRUCTION/MAINTENANCE","S","STRAIGHT AHEAD",,,"1",,,,,,,,,"true","true","true",,,,,,,"REAR-LEFT",,,,,,,,,,,,,,,,,,,,,,,,,,,,,,,,,
"756501","JC466404","2019-10-09T15:00:00","1","DRIVER",,"718584",,"VOLKSWAGEN","PASSAT","IL","2013","UNKNOWN","PASSENGER","PERSONAL","E","CHANGING LANES",,,"1",,,,,"true",,,,,,,,,,,,,"FRONT",,,,,,,,,,,,,,,,,,,,,,,,,,,,,,,,,
"756502","JC466404","2019-10-09T15:00:00","2","DRIVER","1","718595",,"HYUNDAI","ELANTRA","IL","2014","NONE","PASSENGER","PERSONAL","S","STRAIGHT AHEAD",,,"2",,,,,,"true","true",,,,,,,,,,,"SIDE-RIGHT",,,,,,,,,,,,,,,,,,,,,,,,,,,,,,,,,
"756409","JC466314","2019-10-09T15:00:00","1","DRIVER",,"718498",,"NISSAN","NISSAN ALTIMA","IL","2000","UNKNOWN","UNKNOWN/NA","PERSONAL","W","STRAIGHT AHEAD",,,"1",,,,,,,,,,,,,,,,"true",,"OTHER",,,,,,,,,,,,,,,,,,,,,,,,,,,,,,,,,
"756410","JC466314","2019-10-09T15:00:00","2","DRIVER",,"718503",,"TOYOTA MOTOR COMPANY, LTD.","CAMRY","OH","2007","UNKNOWN","UNKNOWN/NA","PERSONAL","W","STRAIGHT AHEAD",,,"1",,,,,,,,,,"true",,,,,,,,"REAR-LEFT",,,,,,,,,,,,,,,,,,,,,,,,,,,,,,,,,
"756458","JC466295","2019-10-09T14:58:00","1","DRIVER",,"718547",,"VOLVO","S60","IL","2016","UNKNOWN","PASSENGER","PERSONAL","S","TURNING LEFT",,,"1",,,,,,,,,,,,,,,,"true",,"TOTAL (ALL AREAS)",,,,,,,,,,,,,,,,,,,,,,,,,,,,,,,,,
"756459","JC466295","2019-10-09T14:58:00","2","BICYCLE",,,,,,,,,,,,,,,,,,,,,,,,,,,,,,,,,,,,,,,,,,,,,,,,,,,,,,,,,,,,,,,,,,
"756396","JC466292","2019-10-09T14:57:00","1","DRIVER",,"718480",,"FORD","ESCAPE (SUV)","IL","2002","UNKNOWN","PASSENGER","RIDESHARE SERVICE","N","STRAIGHT AHEAD",,,"1",,,,,"true","true","false",,,,,,,,,"true",,"FRONT",,,,,,,,,,,,,,,,,,,,,,,,,,,,,,,,,
"756397","JC466292","2019-10-09T14:57:00","2","DRIVERLESS",,"718494",,"NISSAN","NISSAN ALTIMA","IL","2018","NONE","PASSENGER","NOT IN USE","N","PARKED",,,"0",,,,,,,,,,,,,,"false","true","true",,"TOTAL (ALL AREAS)",,,,,,,,,,,,,,,,,,,,,,,,,,,,,,,,,
"756357","JC466221","2019-10-09T14:53:00","1","DRIVER",,"718458",,"CADILLAC","UNKNOWN","IL","2012","UNKNOWN","PASSENGER","PERSONAL","E","TURNING RIGHT",,,"1",,,,"true",,,,,,,,,,,,,,"OTHER",,,,,,,,,,,,,,,,,,,,,,,,,,,,,,,,,
"756362","JC466221","2019-10-09T14:53:00","2","PEDESTRIAN",,,,,,,,,,,,,,,,,,,,,,,,,,,,,,,,,,,,,,,,,,,,,,,,,,,,,,,,,,,,,,,,,,
"756427","JC466357","2019-10-09T14:50:00","1","DRIVER",,"718540",,"UNKNOWN","UNKNOWN","IN",,"UNKNOWN","TRUCK - SINGLE UNIT","UNKNOWN/NA","E","STRAIGHT AHEAD",,,"1",,,,,,,,,,,,,,,,,"true","UNKNOWN",,,,,,,,,,,,,,,,,,,,,,,,,,,,,,,,,
"756428","JC466357","2019-10-09T14:50:00","2","DRIVER","1","718520",,"CHEVROLET","MALIBU (CHEVELLE)","IL","2015","NONE","PASSENGER","PERSONAL","E","SLOW/STOP IN TRAFFIC",,,"2",,,,,,,,,,,,,,"true",,,,"ROOF",,,,,,,,,,,,,,,,,,,,,,,,,,,,,,,,,
"756411","JC466312","2019-10-09T14:45:00","1","DRIVER",,"718511","false","FORD","ECONOLINE E150","IL","2010","UNKNOWN","VAN/MINI-VAN","OTHER","W","STRAIGHT AHEAD",,,"1",,,,,,,,,,,,,,,,,"true","UNKNOWN",,,,,,,,,,,,,,,,,,,,,,,,,,,,,,,,,
"756412","JC466312","2019-10-09T14:45:00","2","PARKED",,"718545",,"FORD","F150","IL","2006","NONE","PICKUP","NOT IN USE","W","PARKED",,,"0",,,,,,,,,,,,,,,"true",,,"TOTAL (ALL AREAS)",,,,,,,,,,,,,,,,,,,,,,,,,,,,,,,,,
"756432","JC466243","2019-10-09T14:45:00","1","DRIVER",,"718514",,"UNKNOWN","UNKNOWN","XX",,"UNKNOWN","PICKUP","UNKNOWN/NA","UNKNOWN","OTHER",,,"1",,,,,,,,,,,,,,,,"false","true","OTHER",,,,,,,,,,,,,,,,,,,,,,,,,,,,,,,,,
"756478","JC466243","2019-10-09T14:45:00","2","PEDESTRIAN",,,,,,,,,,,,,,,,,,,,,,,,,,,,,,,,,,,,,,,,,,,,,,,,,,,,,,,,,,,,,,,,,,
"756367","JC463223","2019-10-09T14:45:00","1","DRIVER",,"718460",,"NEW FLYER","NEW FLYER","IL","2008","NONE","BUS OVER 15 PASS.","CTA","N","CHANGING LANES",,,"1",,,,,,,,,,,,,,,,,"true","UNKNOWN",,,,,,,,,,,,,,,,,,,,,,,,,,,,,,,,,
"756368","JC463223","2019-10-09T14:45:00","2","DRIVER","1","718464",,"TOYOTA MOTOR COMPANY, LTD.","CAMRY","IL","2014","NONE","PASSENGER","TAXI/FOR HIRE","N","SLOW/STOP IN TRAFFIC",,,"2",,,,,,,,,,,"true",,,,,,,"SIDE-LEFT",,,,,,,,,,,,,,,,,,,,,,,,,,,,,,,,,
"756519","JC466488","2019-10-09T14:40:00","1","DRIVER",,"718602",,"NISSAN","NISSAN ALTIMA","IL","2008","UNKNOWN","PASSENGER","PERSONAL","S","STRAIGHT AHEAD",,,"1",,,,,"true",,,,,,,,,,,,,"FRONT",,,,,,,,,,,,,,,,,,,,,,,,,,,,,,,,,
"756520","JC466488","2019-10-09T14:40:00","2","DRIVER",,"718611",,"TOYOTA MOTOR COMPANY, LTD.","RAV4 (sport utility)","IL","2007","UNKNOWN","PASSENGER","UNKNOWN/NA","S","STRAIGHT AHEAD",,,"1",,,,,,,,,,,,,,,"true",,,"TOTAL (ALL AREAS)",,,,,,,,,,,,,,,,,,,,,,,,,,,,,,,,,
"756380","JC466237","2019-10-09T14:40:00","1","DRIVER","1","718486","false","ICL CARGO TRAILER","ICL CARGO TRAILER","IL","2007","UNKNOWN","BUS OVER 15 PASS.","SCHOOL BUS","E","MERGING",,,"2",,,,,,,,,,,,,,,"true",,,"TOTAL (ALL AREAS)",,,,,,,,,,,,,,,,,,,,,,,,,,,,,,,,,
"756381","JC466237","2019-10-09T14:40:00","2","DRIVER",,"718499",,"FORD","UNKNOWN","WI","2017","UNKNOWN","VAN/MINI-VAN","CONSTRUCTION/MAINTENANCE","E","STRAIGHT AHEAD",,,"1",,,,,"false","true",,,,,,,,,,,,"FRONT",,,,,,,,,,,,,,,,,,,,,,,,,,,,,,,,,
"756371","JC466200","2019-10-09T14:35:00","1","DRIVER",,"718465",,"JEEP","CHEROKEE","IL","2000","NONE","PASSENGER","PERSONAL","E","STRAIGHT AHEAD",,,"1",,,,,"true",,,,,,,,,,,,,"FRONT",,,,,,,,,,,,,,,,,,,,,,,,,,,,,,,,,
"756374","JC466200","2019-10-09T14:35:00","2","PEDESTRIAN",,,,,,,,,,,,,,,,,,,,,,,,,,,,,,,,,,,,,,,,,,,,,,,,,,,,,,,,,,,,,,,,,,
"756487","JC466442","2019-10-09T14:30:00","1","DRIVER",,"718564",,"UNKNOWN","UNKNOWN",,,"UNKNOWN","UNKNOWN/NA","UNKNOWN/NA","UNKNOWN","UNKNOWN/NA",,,"1",,,,,,,,,,,,,,,,,"true","UNKNOWN",,,,,,,,,,,,,,,,,,,,,,,,,,,,,,,,,
"756488","JC466442","2019-10-09T14:30:00","2","PARKED",,"718569",,"NISSAN","ROGUE","IL","2015","NONE","SPORT UTILITY VEHICLE (SUV)","PERSONAL","S","PARKED",,,"0",,,,,,,,,,"true","true",,,,,,,"SIDE-LEFT",,,,,,,,,,,,,,,,,,,,,,,,,,,,,,,,,
"756390","JC466271","2019-10-09T14:30:00","1","DRIVER",,"718478",,"FORD","UNKNOWN","IL","2016","UNKNOWN","OTHER","OTHER","S","STRAIGHT AHEAD","true",,"1",,,,,"true","true","true","true",,,,,,,,,,"FRONT",,,,,,,,,,,,,,,,,,,,,,,,,,,,,,,,,
"756391","JC466271","2019-10-09T14:30:00","2","DRIVER",,"718491",,"TOYOTA MOTOR COMPANY, LTD.","RAV4 (sport utility)","IL","2016","UNKNOWN","SPORT UTILITY VEHICLE (SUV)","PERSONAL","E","STRAIGHT AHEAD","true",,"1",,,,,"true","false",,,,,,,,,,"true",,"FRONT",,,,,,,,,,,,,,,,,,,,,,,,,,,,,,,,,
"756392","JC466229","2019-10-09T14:30:00","1","DRIVER",,"718485","true","KENWORTH MOTOR TRUCK CO.","KENWORTH MOTOR TRUCK CO.","IN","2012","UNKNOWN","TRACTOR W/ SEMI-TRAILER","UNKNOWN/NA","UNKNOWN","BACKING",,,"1",,,,,,,,,,,,"true","true","true",,,,"ROOF","8376","943817",,,,,"INDIANA SUGARS INC","IN","GARY",,,,"N","N",,"N",,"N","N",,,,,,,,,,,,"false","false",
"756393","JC466229","2019-10-09T14:30:00","2","DRIVERLESS",,"718502","true","WESCO TRUCK & TRAILER SALES","WESCO TRUCK & TRAILER SALES","IL","2002","OTHER","TRUCK - SINGLE UNIT","UNKNOWN/NA","UNKNOWN","PARKED",,,"0",,,,,,,,,,,,,,,,,,"UNKNOWN","8377","2131437","755564",,"PAPERS",,"AMERICAN CARGO SOLUTION","IL","ELMWOOD PARK",,,,"N","N",,"U",,"N","N",,,,,,,,,,,,"false","false",
"756375","JC466197","2019-10-09T14:25:00","1","DRIVER",,"718470",,"CHEVROLET","SUBURBAN","IL","2015","NONE","SPORT UTILITY VEHICLE (SUV)","PERSONAL","W","SLOW/STOP IN TRAFFIC","true",,"1",,,,,"true","true",,,,,,,,"true","true","true",,"OTHER",,,,,,,,,,,,,,,,,,,,,,,,,,,,,,,,,
"756376","JC466197","2019-10-09T14:25:00","2","DRIVER",,"718472",,"TOYOTA MOTOR COMPANY, LTD.","Highlander(beginning vehicle year 2001)","IL","2015","NONE","SPORT UTILITY VEHICLE (SUV)","PERSONAL","W","SLOW/STOP IN TRAFFIC","true",,"1",,,,,"true",,,,"true","true","true",,,,"true","true",,"REAR-LEFT",,,,,,,,,,,,,,,,,,,,,,,,,,,,,,,,,
"756377","JC466197","2019-10-09T14:25:00","3","DRIVER",,"718481",,"CHRYSLER","TOWN & COUNTRY","WI","2015","NONE","VAN/MINI-VAN","PERSONAL","W","SLOW/STOP IN TRAFFIC","false",,"4",,,,,,,,,,,"true",,,,,,,"SIDE-LEFT",,,,,,,,,,,,,,,,,,,,,,,,,,,,,,,,,
"756337","JC466202","2019-10-09T14:20:00","1","DRIVER",,"718439",,"SUBARU","UNKNOWN",,,"UNKNOWN","PASSENGER","PERSONAL","UNKNOWN","BACKING",,,"1",,,,,,,,,,"true",,,,,,,,"REAR-LEFT",,,,,,,,,,,,,,,,,,,,,,,,,,,,,,,,,
"756338","JC466202","2019-10-09T14:20:00","2","DRIVER",,"718436",,"VOLKSWAGEN","PASSAT","IL","2017","UNKNOWN","PASSENGER","UNKNOWN/NA","UNKNOWN","STRAIGHT AHEAD",,,"1",,,,,,,,,,,,,,,,"true",,"OTHER",,,,,,,,,,,,,,,,,,,,,,,,,,,,,,,,,
"756345","JC466185","2019-10-09T14:17:00","1","DRIVER",,"718443",,"UNKNOWN","UNKNOWN",,,"UNKNOWN","PASSENGER","PERSONAL","SW","NEGOTIATING A CURVE",,,"1",,,,,,,,,,,,,,,,,"true","UNKNOWN",,,,,,,,,,,,,,,,,,,,,,,,,,,,,,,,,
"756346","JC466185","2019-10-09T14:17:00","2","DRIVER",,"718451",,"DODGE","RAM 1500 PU","IL","2016","UNKNOWN","PICKUP","PERSONAL","SW","NEGOTIATING A CURVE",,,"1",,,,,,"true","true","true",,,,,,,,,,"SIDE-RIGHT",,,,,,,,,,,,,,,,,,,,,,,,,,,,,,,,,
"756349","JC466226","2019-10-09T14:15:00","1","DRIVER",,"718447",,"UNKNOWN","UNKNOWN","IL",,"NONE","TRACTOR W/ SEMI-TRAILER","UNKNOWN/NA","SW","UNKNOWN/NA",,,"1",,,,,,,,,,,,,,,,,,"UNKNOWN",,,,,,,,,,,,,,,,,,,,,,,,,,,,,,,,,
"756350","JC466226","2019-10-09T14:15:00","2","PARKED",,"718444",,"NISSAN","Murano","IL","2007","NONE","SPORT UTILITY VEHICLE (SUV)","PERSONAL","W","PARKED",,,"0",,,,,,,,,,,"true","true",,,,,,"FRONT-LEFT",,,,,,,,,,,,,,,,,,,,,,,,,,,,,,,,,
"756335","JC466194","2019-10-09T14:10:00","1","DRIVER","1","718438",,"BUICK","BUICK","IL","2018","NONE","SPORT UTILITY VEHICLE (SUV)","PERSONAL","S","STRAIGHT AHEAD",,,"2",,,,,,,,,,,,,,,"true","true",,"OTHER",,,,,,,,,,,,,,,,,,,,,,,,,,,,,,,,,
"756336","JC466194","2019-10-09T14:10:00","2","DRIVER",,"718428",,"CHEVROLET","CRUZE","MI","2019","NONE","PASSENGER","PERSONAL","S","SLOW/STOP IN TRAFFIC",,,"1",,,,,,,,,"true",,,,,,,,,"REAR",,,,,,,,,,,,,,,,,,,,,,,,,,,,,,,,,
"757050","JC467456","2019-10-09T14:00:00","1","DRIVER",,"719128",,"UNKNOWN","UNKNOWN","IL",,"UNKNOWN","UNKNOWN/NA","UNKNOWN/NA","S","STRAIGHT AHEAD",,,"1",,,,,,,,,,,,,,,,,"true","OTHER",,,,,,,,,,,,,,,,,,,,,,,,,,,,,,,,,
"757051","JC467456","2019-10-09T14:00:00","2","DRIVER",,"719112",,"CHEVROLET","CRUZE","IL","2012","UNKNOWN","PASSENGER","PERSONAL","S","STRAIGHT AHEAD",,,"1",,,,,,,,,,"true",,,,,,,,"REAR-LEFT",,,,,,,,,,,,,,,,,,,,,,,,,,,,,,,,,
"756343","JC466205","2019-10-09T14:00:00","1","DRIVER",,"718431",,"ACURA","ACURA","IL","2006","NONE","PASSENGER","PERSONAL","W","ENTERING TRAFFIC LANE FROM PARKING",,,"1",,,,,"true",,,,,,,,,,,,,"FRONT",,,,,,,,,,,,,,,,,,,,,,,,,,,,,,,,,
"756344","JC466205","2019-10-09T14:00:00","2","DRIVER",,"718435",,"ACURA","ACURA","IL","2000","NONE","PASSENGER","PERSONAL","E","LEAVING TRAFFIC LANE TO PARK",,,"1",,,,,,,,,,,"true",,,,,,,"FRONT-LEFT",,,,,,,,,,,,,,,,,,,,,,,,,,,,,,,,,
"756317","JC466174","2019-10-09T13:54:00","1","DRIVER",,"718411",,"FORD","UNKNOWN","IL","2013","NONE","VAN/MINI-VAN","PERSONAL","E","STRAIGHT AHEAD",,,"1",,,,,,,,,,,,,,,,"true","true","OTHER",,,,,,,,,,,,,,,,,,,,,,,,,,,,,,,,,
"756318","JC466174","2019-10-09T13:54:00","2","DRIVER",,"718421",,"NISSAN","NISSAN ALTIMA","IL","2012","NONE","PASSENGER","PERSONAL","E","STRAIGHT AHEAD",,,"1",,,,,,,,,,"true",,,,,,,"false","REAR-LEFT",,,,,,,,,,,,,,,,,,,,,,,,,,,,,,,,,
"756339","JC466191","2019-10-09T13:49:00","1","DRIVER",,"718432",,"FORD","Focus","IL","2016","UNKNOWN","PASSENGER","UNKNOWN/NA","UNKNOWN","UNKNOWN/NA",,,"1",,,,,,,,,,,"true",,,,,,,"SIDE-LEFT",,,,,,,,,,,,,,,,,,,,,,,,,,,,,,,,,
"756340","JC466191","2019-10-09T13:49:00","2","PARKED",,"718437",,"TOYOTA MOTOR COMPANY, LTD.","YARIS","IL","2019","NONE","PASSENGER","PERSONAL","S","PARKED",,,"0",,,,,,,,,,,"true",,,,,,,"SIDE-LEFT",,,,,,,,,,,,,,,,,,,,,,,,,,,,,,,,,
"756903","JC467204","2019-10-09T13:45:00","1","DRIVER",,"718962",,"BUICK","UNKNOWN","IL","2016","NONE","UNKNOWN/NA","UNKNOWN/NA","W","OTHER",,,"1",,,,,,,,,,,,,,,,"true",,"OTHER",,,,,,,,,,,,,,,,,,,,,,,,,,,,,,,,,
"756904","JC467204","2019-10-09T13:45:00","2","DRIVER",,"718977",,"HONDA","UNKNOWN","IL","2017","NONE","UNKNOWN/NA","PERSONAL","N","OTHER",,,"1",,,,,,,,"true","true",,,,,,,,,"REAR-RIGHT",,,,,,,,,,,,,,,,,,,,,,,,,,,,,,,,,
"756293","JC466146","2019-10-09T13:45:00","1","DRIVER",,"718385",,"DODGE","DURANGO","IL","2018","NONE","SPORT UTILITY VEHICLE (SUV)","PERSONAL","UNKNOWN","STRAIGHT AHEAD",,,"1",,,,,"true",,,,,,,,,,,,,"FRONT",,,,,,,,,,,,,,,,,,,,,,,,,,,,,,,,,
"756294","JC466146","2019-10-09T13:45:00","2","DRIVER",,"718389",,"NISSAN","SENTRA (DATSUN AND NISSAN HAVE MERGED)",,"2002","NONE","PASSENGER","PERSONAL","UNKNOWN","BACKING",,,"1",,,,,,,,,,,,,,,"true",,,"TOTAL (ALL AREAS)",,,,,,,,,,,,,,,,,,,,,,,,,,,,,,,,,
"757343","JC467887","2019-10-09T13:40:00","1","DRIVER",,"719385",,"NISSAN","NISSAN","IL","2015","UNKNOWN","UNKNOWN/NA","UNKNOWN/NA","UNKNOWN","UNKNOWN/NA",,,"1",,,,,,,,,,,,,,,,,"true","UNKNOWN",,,,,,,,,,,,,,,,,,,,,,,,,,,,,,,,,
"757344","JC467887","2019-10-09T13:40:00","2","PARKED",,"719387",,"HYUNDAI","ELANTRA","IL","2013","NONE","PASSENGER","PERSONAL","W","PARKED",,,"0",,,,,,,,,"true",,,,,,,,,"REAR-RIGHT",,,,,,,,,,,,,,,,,,,,,,,,,,,,,,,,,
"756331","JC466198","2019-10-09T13:30:00","1","DRIVER",,"718424",,"UNKNOWN","UNKNOWN","IL",,"UNKNOWN","UNKNOWN/NA","PERSONAL","UNKNOWN","UNKNOWN/NA",,,"1",,,,,,,,,,,,,,,,,"true","UNKNOWN",,,,,,,,,,,,,,,,,,,,,,,,,,,,,,,,,
"756332","JC466198","2019-10-09T13:30:00","2","PARKED",,"718426",,"NISSAN","NISSAN ALTIMA","IL","2013","NONE","PASSENGER","PERSONAL","N","PARKED",,,"0",,,,,"true",,,,,,,,,,"true","true",,"OTHER",,,,,,,,,,,,,,,,,,,,,,,,,,,,,,,,,
"756279","JC466132","2019-10-09T13:25:00","1","DRIVER",,"718376",,"UNKNOWN","UNKNOWN","IL",,"UNKNOWN","UNKNOWN/NA","UNKNOWN/NA","N","PASSING/OVERTAKING",,,"1",,,,,,,,,,,,,,,,,"true","UNKNOWN",,,,,,,,,,,,,,,,,,,,,,,,,,,,,,,,,
"756280","JC466132","2019-10-09T13:25:00","2","DRIVER",,"718381",,"TOYOTA MOTOR COMPANY, LTD.","Prius","IL","2011","NONE","PASSENGER","PERSONAL","N","STRAIGHT AHEAD",,,"1",,,,,,,,,,,,,,,,,,,,,,,,,,,,,,,,,,,,,,,,,,,,,,,,,,,
"756303","JC466130","2019-10-09T13:17:00","1","DRIVER",,"718398",,"DODGE","DURANGO",,"2012","UNKNOWN","PASSENGER","UNKNOWN/NA","S","CHANGING LANES",,,"1",,,,,,,,,,,,,,,,,"true","UNKNOWN",,,,,,,,,,,,,,,,,,,,,,,,,,,,,,,,,
"756304","JC466130","2019-10-09T13:17:00","2","DRIVER","3","718401",,"GENERAL MOTORS CORP.","YUKON","IN","2013","UNKNOWN","PASSENGER","PERSONAL","S","STRAIGHT AHEAD",,,"4",,,,,,,,,,,,,"true","true","true",,,"TOTAL (ALL AREAS)",,,,,,,,,,,,,,,,,,,,,,,,,,,,,,,,,
"756321","JC466154","2019-10-09T13:10:00","1","DRIVER",,"718413",,"VOLKSWAGEN","Touareg","IL","2008","NONE","SPORT UTILITY VEHICLE (SUV)","PERSONAL","N","STARTING IN TRAFFIC","true",,"1",,"private tow","unknown",,"true",,,,,,,,,,"true","true",,"OTHER",,,,,,,,,,,,,,,,,,,,,,,,,,,,,,,,,
"756322","JC466154","2019-10-09T13:10:00","2","DRIVER",,"718420",,"KIA MOTORS CORP","SORENTO","IL","2019","NONE","SPORT UTILITY VEHICLE (SUV)","PERSONAL","N","SLOW/STOP IN TRAFFIC",,,"1",,,,,,,,,"true","true","true",,,,,,,"REAR-LEFT",,,,,,,,,,,,,,,,,,,,,,,,,,,,,,,,,
"756323","JC466154","2019-10-09T13:10:00","3","DRIVER",,"718427",,"TOYOTA MOTOR COMPANY, LTD.","Avalon","IL","2011","NONE","PASSENGER","UNKNOWN/NA","N","SLOW/STOP IN TRAFFIC",,,"1",,,,,,,,,"true",,,,,,,,,"REAR",,,,,,,,,,,,,,,,,,,,,,,,,,,,,,,,,
"756277","JC466148","2019-10-09T13:10:00","1","DRIVER",,"718380",,"LEXUS","UNKNOWN","IL","2008","NONE","PASSENGER","PERSONAL","E","STRAIGHT AHEAD",,,"1",,,,,,,,,,,,,,,,"true",,"OTHER",,,,,,,,,,,,,,,,,,,,,,,,,,,,,,,,,
"756278","JC466148","2019-10-09T13:10:00","2","DRIVER",,"718375",,"FORD","ECONOLINE E350","IL","2006","NONE","VAN/MINI-VAN","STATE OWNED","E","STRAIGHT AHEAD",,,"1",,,,,,,,,,"true",,,,,,,,"REAR-LEFT",,,,,,,,,,,,,,,,,,,,,,,,,,,,,,,,,
"756351","JC466161","2019-10-09T13:00:00","1","DRIVER",,"718446",,"CHRYSLER","TOWN & COUNTRY",,"2002","NONE","VAN/MINI-VAN","PERSONAL","N","STRAIGHT AHEAD",,,"1",,,,,"true",,,,,,,,,,"true","true",,"OTHER",,,,,,,,,,,,,,,,,,,,,,,,,,,,,,,,,
"756352","JC466161","2019-10-09T13:00:00","2","DRIVER","3","718448",,"NISSAN","SENTRA (DATSUN AND NISSAN HAVE MERGED)","IL","2018","NONE","PASSENGER","PERSONAL","N","TURNING LEFT",,,"4",,,,,,,,,"true","true","true","false",,,,,,"REAR-LEFT",,,,,,,,,,,,,,,,,,,,,,,,,,,,,,,,,
"756341","JC466141","2019-10-09T13:00:00","1","DRIVER",,"718430",,"UNKNOWN","UNKNOWN",,,"NONE","UNKNOWN/NA","UNKNOWN/NA","UNKNOWN","UNKNOWN/NA",,,"1",,,,,,,,,,,"false",,,,,,"true","UNKNOWN",,,,,,,,,,,,,,,,,,,,,,,,,,,,,,,,,
"756342","JC466141","2019-10-09T13:00:00","2","PARKED",,"718433",,"CHEVROLET","IMPALA","IL","2007","NONE","PASSENGER","PERSONAL","S","PARKED",,,"0",,,,,,,,,"true","true","true",,,,,,,"REAR-LEFT",,,,,,,,,,,,,,,,,,,,,,,,,,,,,,,,,
"756295","JC466114","2019-10-09T13:00:00","1","DRIVER",,"718386",,"UNKNOWN","UNKNOWN",,,"UNKNOWN","UNKNOWN/NA","UNKNOWN/NA","UNKNOWN","UNKNOWN/NA",,,"1",,,,,,,,,,,,,,,,,"true","UNKNOWN",,,,,,,,,,,,,,,,,,,,,,,,,,,,,,,,,
"756296","JC466114","2019-10-09T13:00:00","2","PARKED",,"718390",,"NISSAN","VERSA","IL",,"NONE","PASSENGER","PERSONAL","N","PARKED",,,"0",,,,,,,,,,,,,,,,"true",,"OTHER",,,,,,,,,,,,,,,,,,,,,,,,,,,,,,,,,
"756285","JC466100","2019-10-09T13:00:00","1","DRIVER","3","718378",,"UNKNOWN","UNKNOWN","IL",,"UNKNOWN","UNKNOWN/NA","UNKNOWN/NA","E","TURNING LEFT",,,"4",,,,,"true","true","true","true","true",,,,,,,,,"SIDE-RIGHT",,,,,,,,,,,,,,,,,,,,,,,,,,,,,,,,,
"756286","JC466100","2019-10-09T13:00:00","2","DRIVER",,"718391",,"SATURN","AURA","IL","2008","UNKNOWN","PASSENGER","PERSONAL","W","STRAIGHT AHEAD","true",,"1",,"PERSONAL TOW","UNK",,"true",,,,,,,,,,"true","true",,"OTHER",,,,,,,,,,,,,,,,,,,,,,,,,,,,,,,,,