"crash_unit_id","rd_no","crash_date","unit_no","unit_type","num_passengers","vehicle_id","cmrc_veh_i","make","model","lic_plate_state","vehicle_year","vehicle_defect","vehicle_type","vehicle_use","travel_direction","maneuver","towed_i","fire_i","occupant_cnt","exceed_speed_limit_i","towed_by","towed_to","area_00_i","area_01_i","area_02_i","area_03_i","area_04_i","area_05_i","area_06_i","area_07_i","area_08_i","area_09_i","area_10_i","area_11_i","area_12_i","area_99_i","first_contact_point","cmv_id","usdot_no","ccmc_no","ilcc_no","commercial_src","gvwr","carrier_name","carrier_state","carrier_city","hazmat_placards_i","hazmat_name","un_no","hazmat_present_i","hazmat_report_i","hazmat_report_no","mcs_report_i","mcs_report_no","hazmat_vio_cause_crash_i","mcs_vio_cause_crash_i","idot_permit_no","wide_load_i","trailer1_width","trailer2_width","trailer1_length","trailer2_length","total_vehicle_length","axle_cnt","vehicle_config","cargo_body_type","load_type","hazmat_out_of_service_i","mcs_out_of_service_i","hazmat_class"
"756268","JC466078","2019-10-09T12:59:00","1","DRIVER",,"718364",,"CHEVROLET","SPORTVAN","IL","2003","NONE","VAN/MINI-VAN","UNKNOWN/NA","W","STRAIGHT AHEAD",,,"1",,,,,"true",,,,,,,,,,,,,"SIDE-RIGHT",,,,,,,,,,,,,,,,,,,,,,,,,,,,,,,,,
"756269","JC466078","2019-10-09T12:59:00","2","PARKED",,"718366",,"PONTIAC","GRAND AM","IL","1999","NONE","PASSENGER","NOT IN USE","W","PARKED","true",,"0",,"owner sister","owner sister",,,,,,,,,,,,"true",,,"SIDE-LEFT",,,,,,,,,,,,,,,,,,,,,,,,,,,,,,,,,
"756298","JC466085","2019-10-09T12:52:00","1","DRIVER",,"718399",,"TOYOTA MOTOR COMPANY, LTD.","COROLLA","IL","2013","UNKNOWN","PASSENGER","PERSONAL","N","OTHER","true",,"1",,"E&R","48 SIMMONDS DRIVE",,"true","true","false",,,,"true","true","true","true","true","true",,"UNKNOWN",,,,,,,,,,,,,,,,,,,,,,,,,,,,,,,,,
"756299","JC466085","2019-10-09T12:52:00","2","DRIVER",,"718405",,"FORD","Focus","IL","2012","NONE","PASSENGER","PERSONAL","N","STRAIGHT AHEAD",,,"1",,,,,"true",,,,,,,,,,,,,"FRONT",,,,,,,,,,,,,,,,,,,,,,,,,,,,,,,,,
"756300","JC466085","2019-10-09T12:52:00","3","DRIVER",,"718417",,"HONDA","Insight",,"2012","UNKNOWN","PASSENGER","PERSONAL","N","UNKNOWN/NA","true",,"1",,"E&R","48 SIMMONDS DRIVE",,"true","true","true","true","true","true","true","true","true","true","true","true",,"SIDE-RIGHT",,,,,,,,,,,,,,,,,,,,,,,,,,,,,,,,,
"756289","JC466060","2019-10-09T12:45:00","1","DRIVER",,"718383",,"DODGE","Avenger","IL","2009","NONE","PASSENGER","PERSONAL","S","STRAIGHT AHEAD","true",,"1",,,,,"true",,,,,,,,,,,"true",,"FRONT",,,,,,,,,,,,,,,,,,,,,,,,,,,,,,,,,
"756290","JC466060","2019-10-09T12:45:00","2","DRIVER",,"718393",,"BOBCAT SKID STEER LOADER, (MFD. BY MELROE DIV.)","BOBCAT SKID STEER LOADER, (MFD. BY MELROE DIV.)","IL",,"NONE","OTHER","CONSTRUCTION/MAINTENANCE","S","BACKING",,,"1",,,,,,,,,,,,,,,"true",,,"TOTAL (ALL AREAS)",,,,,,,,,,,,,,,,,,,,,,,,,,,,,,,,,
"756270","JC466062","2019-10-09T12:43:00","1","DRIVER",,"718373",,"CHEVROLET","CHEVROLET-TRUCK,VAN,SUV,ETC","IL","2016","NONE","SPORT UTILITY VEHICLE (SUV)","PERSONAL","E","STRAIGHT AHEAD","true",,"1",,"self",,,,,,"true","true",,,,,,,,,"REAR",,,,,,,,,,,,,,,,,,,,,,,,,,,,,,,,,
"756271","JC466062","2019-10-09T12:43:00","2","DRIVER",,"718396",,"TOYOTA MOTOR COMPANY, LTD.","CAMRY","IL","2009","NONE","PASSENGER","PERSONAL","N","STRAIGHT AHEAD","true",,"1",,"SELF",,,,,,,,,,,,,,"true",,"OTHER",,,,,,,,,,,,,,,,,,,,,,,,,,,,,,,,,
"756369","JC466248","2019-10-09T12:41:00","1","DRIVER",,"718462",,"MAZDA","UNKNOWN","IL","2013","UNKNOWN","SPORT UTILITY VEHICLE (SUV)","UNKNOWN/NA","E","STRAIGHT AHEAD",,,"1",,,,,,,,,,,,,,,,"true",,"OTHER",,,,,,,,,,,,,,,,,,,,,,,,,,,,,,,,,
"756370","JC466248","2019-10-09T12:41:00","2","DRIVER",,"718466",,"TOYOTA MOTOR COMPANY, LTD.","CAMRY","IL","2011","UNKNOWN","PASSENGER","PERSONAL","E","SLOW/STOP IN TRAFFIC",,,"1",,,,,,,,,,"true",,,,,,,,"REAR-LEFT",,,,,,,,,,,,,,,,,,,,,,,,,,,,,,,,,
"756435","JC466366","2019-10-09T12:40:00","1","DRIVER",,"718526",,"FORD","Econoline E-450","IL","2011","UNKNOWN","BUS OVER 15 PASS.","UNKNOWN/NA","E","STRAIGHT AHEAD",,,"1",,,,,,,"true","true","true",,,,,,,,,"REAR-RIGHT",,,,,,,,,,,,,,,,,,,,,,,,,,,,,,,,,
"756436","JC466366","2019-10-09T12:40:00","2","PARKED",,"718541",,"DODGE","UNKNOWN","IL","2005","UNKNOWN","UNKNOWN/NA","UNKNOWN/NA","W","PARKED",,,"0",,,,,,,,,,,,,,,,,"true","SIDE-RIGHT",,,,,,,,,,,,,,,,,,,,,,,,,,,,,,,,,
"756281","JC466072","2019-10-09T12:38:00","1","DRIVER",,"718388",,"DODGE","DAYTONA","IL","2015","NONE","PASSENGER","PERSONAL","N","STRAIGHT AHEAD",,,"1",,,,,,,,,,,,,,,,"true",,"OTHER",,,,,,,,,,,,,,,,,,,,,,,,,,,,,,,,,
"756283","JC466072","2019-10-09T12:38:00","2","DRIVER",,"718409",,"CHEVROLET","CHEVROLET-TRUCK,VAN,SUV,ETC","IL","2016","NONE","VAN/MINI-VAN","NOT IN USE","N","STRAIGHT AHEAD",,,"1",,,,,,,,,,"true",,,,,,,,"REAR-LEFT",,,,,,,,,,,,,,,,,,,,,,,,,,,,,,,,,
"756282","JC466072","2019-10-09T12:38:00","3","NON-CONTACT VEHICLE",,"718957",,"GENERAL MOTORS CORP.","UNKNOWN","IL","2007","NONE","PASSENGER","PERSONAL","N","TURNING LEFT",,,"1",,,,,,,,,,,,,,,,,,,,,,,,,,,,,,,,,,,,,,,,,,,,,,,,,,,
"756284","JC466072","2019-10-09T12:38:00","4","DRIVER",,"718429",,"PETERBILT MOTORS CO., DIVISION PACCAR, INC.","UNKNOWN","IL","2016","NONE","TRUCK - SINGLE UNIT","OTHER","N","STRAIGHT AHEAD",,,"1",,,,,,,,,,,,,,,"true",,,"OTHER",,,,,,,,,,,,,,,,,,,,,,,,,,,,,,,,,
"757033","JC467439","2019-10-09T12:30:00","1","DRIVER",,"719103",,"HYUNDAI","SONATA","IL","2007","NONE","PASSENGER","PERSONAL","S","SLOW/STOP IN TRAFFIC",,,"1",,,,,,,,,,"true",,,,,,,,"REAR-LEFT",,,,,,,,,,,,,,,,,,,,,,,,,,,,,,,,,
"757034","JC467439","2019-10-09T12:30:00","2","DRIVER",,"719105",,"INFINITI","UNKNOWN","IL","2019","NONE","PASSENGER","PERSONAL","S","STRAIGHT AHEAD",,,"1",,,,,,,,,,,,,,,,"true",,"OTHER",,,,,,,,,,,,,,,,,,,,,,,,,,,,,,,,,
"756551","JC466538","2019-10-09T12:30:00","1","DRIVER",,"718626",,"HONDA","UNKNOWN","IL","2017","UNKNOWN","UNKNOWN/NA","UNKNOWN/NA","UNKNOWN","BACKING",,,"1",,,,,,,,,"true",,,,,,,,,"REAR",,,,,,,,,,,,,,,,,,,,,,,,,,,,,,,,,
"756552","JC466538","2019-10-09T12:30:00","2","DRIVER",,"718635",,"MERCEDES-BENZ","UNKNOWN","IL","2003","UNKNOWN","UNKNOWN/NA","UNKNOWN/NA","UNKNOWN","BACKING",,,"1",,,,,,,,,"true",,,,,,,,,"REAR",,,,,,,,,,,,,,,,,,,,,,,,,,,,,,,,,
"756244","JC446067","2019-10-09T12:30:00","1","DRIVER","1","718356",,"FORD","TAURUS","IL","2004","UNKNOWN","PASSENGER","PERSONAL","S","CHANGING LANES",,,"2",,,,,,,,,,,"true","true","true","true",,,,"ROOF",,,,,,,,,,,,,,,,,,,,,,,,,,,,,,,,,
"756245","JC446067","2019-10-09T12:30:00","2","DRIVER",,"718352",,"HONDA","Odyssey (minivan)","IL","2002","UNKNOWN","VAN/MINI-VAN","PERSONAL","S","STRAIGHT AHEAD",,,"1",,,,,,,"true","true",,,,,,,,,,"FRONT-LEFT",,,,,,,,,,,,,,,,,,,,,,,,,,,,,,,,,
"756517","JC466412","2019-10-09T12:00:00","1","DRIVER",,"718608",,"VOLKSWAGEN","JETTA","IL","2013","UNKNOWN","PICKUP","PERSONAL","S","ENTERING TRAFFIC LANE FROM PARKING",,,"1",,,,,,,,,,,,,,,"true",,,"TOTAL (ALL AREAS)",,,,,,,,,,,,,,,,,,,,,,,,,,,,,,,,,
"756518","JC466412","2019-10-09T12:00:00","2","DRIVER",,"718617",,"ACURA","ACURA","IL","2014","NONE","PASSENGER","PERSONAL","S","STRAIGHT AHEAD",,,"1",,,,,,,,,,,"true",,,,,,,"REAR",,,,,,,,,,,,,,,,,,,,,,,,,,,,,,,,,
"756234","JC466040","2019-10-09T12:00:00","1","DRIVER","1","718348",,"NISSAN","Murano","IL","2004","NONE","PASSENGER","PERSONAL","N","CHANGING LANES",,,"2",,,,,"true","true","true","true","true",,,,,,,,,"FRONT",,,,,,,,,,,,,,,,,,,,,,,,,,,,,,,,,
"756235","JC466040","2019-10-09T12:00:00","2","DRIVER",,"718341",,"CHEVROLET","SILVERADO","IL","2007","NONE","PASSENGER","PERSONAL","N","STRAIGHT AHEAD",,,"1",,,,,"false","false","false","false","false",,"true","true","true","true","true",,,"ROOF",,,,,,,,,,,,,,,,,,,,,,,,,,,,,,,,,
"756242","JC465999","2019-10-09T11:50:00","1","DRIVER",,"718346",,"GENERAL MOTORS CORP.","SIERRA","IL","2004","UNKNOWN","OTHER","OTHER","E","CHANGING LANES",,,"1",,,,,,,,,,,,,,,,,,"REAR-LEFT",,,,,,,,,,,,,,,,,,,,,,,,,,,,,,,,,
"756243","JC465999","2019-10-09T11:50:00","2","DRIVER",,"718349",,"NEW FLYER","NEW FLYER","IL","2008","UNKNOWN","BUS OVER 15 PASS.","CTA","E","STRAIGHT AHEAD",,,"1",,,,,,,,,,,,,,,,,,"TOTAL (ALL AREAS)",,,,,,,,,,,,,,,,,,,,,,,,,,,,,,,,,
"756307","JC466053","2019-10-09T11:46:00","1","DRIVER",,"718408",,"INFINITI","FX35","IL","2012","NONE","SPORT UTILITY VEHICLE (SUV)","PERSONAL","E","STRAIGHT AHEAD","true",,"1",,"AMGUARD INS.","106 E OAK ST",,,,,,,,,,,,"true","true",,"TOTAL (ALL AREAS)",,,,,,,,,,,,,,,,,,,,,,,,,,,,,,,,,
"756308","JC466053","2019-10-09T11:46:00","2","DRIVER",,"718440","true","DODGE","RAM 3500 PU","IL","2019","NONE","PASSENGER","PERSONAL","S","STRAIGHT AHEAD","true",,"1",,"COURIER EXPRESS INS","2801 S WESTERN AV",,"true",,,,,,,,,,,"true",,"FRONT","8375",,,,"DRIVER",,"AMAZON","IL","CHICAGO",,,,"N","N",,"U",,"N","N",,,,,,,,,"SINGLE UNIT TRUCK, 2 AXLES, 6 TIRES","VAN/ENCLOSED BOX","OTHER","false","false",
"756232","JC466005","2019-10-09T11:45:00","1","DRIVER",,"718337",,"VOLKSWAGEN","PASSAT","IL","2015","NONE","PASSENGER","PERSONAL","S","TURNING LEFT","true",,"1",,"PRIVATE TOW",,,,,,,,,,,,,"true",,,"TOTAL (ALL AREAS)",,,,,,,,,,,,,,,,,,,,,,,,,,,,,,,,,
"756233","JC466005","2019-10-09T11:45:00","2","DRIVER",,"718340",,"HONDA","ACCORD","IL","2005","NONE","PASSENGER","PERSONAL","N","STRAIGHT AHEAD","true",,"1",,"PRIVATE TOW",,,,,,,,,,,,"true","true",,,"UNDER CARRIAGE",,,,,,,,,,,,,,,,,,,,,,,,,,,,,,,,,
"756751","JC466028","2019-10-09T11:35:00","1","DRIVER",,"718830",,"FORD","UNKNOWN","IL","2015","UNKNOWN","PASSENGER","PERSONAL","E","STRAIGHT AHEAD",,,"1",,,,,"true","true",,,,,,,,,,,,"FRONT",,,,,,,,,,,,,,,,,,,,,,,,,,,,,,,,,
"756752","JC466028","2019-10-09T11:35:00","2","DRIVER",,"718831",,"CHEVROLET","UNKNOWN","IL","2017","UNKNOWN","PASSENGER","PERSONAL","E","TURNING LEFT",,,"1",,,,,,,,,,,"true","true",,,,,,"SIDE-LEFT",,,,,,,,,,,,,,,,,,,,,,,,,,,,,,,,,
"756248","JC466099","2019-10-09T11:30:00","1","DRIVER",,"718354",,"NISSAN","NISSAN MAXIMA","IL",,"NONE","PASSENGER","PERSONAL","S","U-TURN",,,"1",,,,,,,,,,,,,"true","true","false",,,"ROOF",,,,,,,,,,,,,,,,,,,,,,,,,,,,,,,,,
"756249","JC466099","2019-10-09T11:30:00","2","DRIVER",,"718351",,"KIA MOTORS CORP","Optima","IL","2017","NONE","PASSENGER","PERSONAL","N","SLOW/STOP IN TRAFFIC",,,"1",,,,,"true","true","false",,,,,,,,,,,"REAR",,,,,,,,,,,,,,,,,,,,,,,,,,,,,,,,,
"756260","JC466082","2019-10-09T11:30:00","1","DRIVER",,"718368",,"JEEP","Wrangler (for vehicle years 1989 to present)","IL","2019","NONE","SPORT UTILITY VEHICLE (SUV)","PERSONAL","W","STRAIGHT AHEAD",,,"1",,,,,,,,,,,,,,,,"true",,"OTHER",,,,,,,,,,,,,,,,,,,,,,,,,,,,,,,,,
"756261","JC466082","2019-10-09T11:30:00","2","DRIVER",,"718394",,"NISSAN","VERSA","IL","2017","NONE","PASSENGER","PERSONAL","W","SLOW/STOP IN TRAFFIC",,,"1",,,,,,,,,"true",,,,,,,,,"REAR-LEFT",,,,,,,,,,,,,,,,,,,,,,,,,,,,,,,,,
"756219","JC465973","2019-10-09T11:30:00","1","DRIVER",,"718327",,"UNKNOWN","UNKNOWN","IL",,"UNKNOWN","UNKNOWN/NA","UNKNOWN/NA","UNKNOWN","UNKNOWN/NA",,,"1",,,,,,,,,,,,,,,,,"true","UNKNOWN",,,,,,,,,,,,,,,,,,,,,,,,,,,,,,,,,
"756220","JC465973","2019-10-09T11:30:00","2","PARKED",,"718329",,"CHRYSLER","Pacifica (Sport Wagon)","IL","2017","NONE","PASSENGER","NOT IN USE","S","PARKED",,,"0",,,,,"true","true",,,,,,,"true","true",,,,"UNDER CARRIAGE",,,,,,,,,,,,,,,,,,,,,,,,,,,,,,,,,
"756258","JC465946","2019-10-09T11:30:00","1","DRIVER",,"718361",,"HONDA","ACCORD","IL","2007","NONE","PASSENGER","PERSONAL","S","STARTING IN TRAFFIC",,,"1",,,,,,,,,,,,,,,"true",,,"TOTAL (ALL AREAS)",,,,,,,,,,,,,,,,,,,,,,,,,,,,,,,,,
"756259","JC465946","2019-10-09T11:30:00","2","DRIVER",,"718374",,"BMW","BMW",,"2013","NONE","PASSENGER","PERSONAL","S","MERGING",,,"1",,,,,,,"true","true",,,,,,,,,,"SIDE-RIGHT",,,,,,,,,,,,,,,,,,,,,,,,,,,,,,,,,
"756221","JC465972","2019-10-09T11:20:00","1","DRIVER",,"718328",,"UNKNOWN","UNKNOWN","IL",,"UNKNOWN","UNKNOWN/NA","UNKNOWN/NA","S","UNKNOWN/NA",,,"1",,,,,,,,,,,,,,,,,,"UNKNOWN",,,,,,,,,,,,,,,,,,,,,,,,,,,,,,,,,
"756222","JC465972","2019-10-09T11:20:00","2","PARKED",,"718331",,"CHEVROLET","UNKNOWN","IL","2014","NONE","VAN/MINI-VAN","OTHER","S","PARKED",,,"0",,,,,,,,,,,,,,,"true","true",,"TOTAL (ALL AREAS)",,,,,,,,,,,,,,,,,,,,,,,,,,,,,,,,,
"756200","JC465932","2019-10-09T11:05:00","1","DRIVER",,"718307",,"TOYOTA MOTOR COMPANY, LTD.","UNKNOWN","IL","2016","UNKNOWN","TRUCK - SINGLE UNIT","UNKNOWN/NA","W","STRAIGHT AHEAD",,,"1",,,,,,,,,,,,,,,,"true",,"OTHER",,,,,,,,,,,,,,,,,,,,,,,,,,,,,,,,,
"756201","JC465932","2019-10-09T11:05:00","2","DRIVER","1","718314",,"HYUNDAI","ELANTRA","IL","2016","UNKNOWN","PASSENGER","PERSONAL","W","STRAIGHT AHEAD",,,"2",,,,,,,,,,"true",,,,,,,,"REAR-LEFT",,,,,,,,,,,,,,,,,,,,,,,,,,,,,,,,,
"756213","JC465930","2019-10-09T11:05:00","1","DRIVER",,"718323","true","ISUZU","UNKNOWN","IL","2017","UNKNOWN","TRUCK - SINGLE UNIT","COMMERCIAL - SINGLE UNIT","W","BACKING",,,"1",,,,,,,,,"true","false",,,,,,,,,,,,,,,,,,,,,,,,,,,,,,,,,,,,,,,,,
"756664","JC466726","2019-10-09T11:00:00","1","DRIVER",,"718765",,"UNKNOWN","UNKNOWN","IL",,"UNKNOWN","UNKNOWN/NA","UNKNOWN/NA","UNKNOWN","UNKNOWN/NA",,,"1",,,,,,,,,,,,,,,,,,"UNKNOWN",,,,,,,,,,,,,,,,,,,,,,,,,,,,,,,,,
"756665","JC466726","2019-10-09T11:00:00","2","PARKED",,"718762",,"MERCEDES-BENZ","MERCEDES-BENZ","IL","2009","NONE","PASSENGER","PERSONAL","N","PARKED",,,"0",,,,,,,,,,,,,,"true","true",,,,,,,,,,,,,,,,,,,,,,,,,,,,,,,,,,,,
"756198","JC465924","2019-10-09T10:50:00","1","DRIVER",,"718304",,"TOYOTA MOTOR COMPANY, LTD.","Prius","IL","2010","NONE","PASSENGER","PERSONAL","NW","STRAIGHT AHEAD",,,"1",,,,,,,,,,,,,,,"true",,,"TOTAL (ALL AREAS)",,,,,,,,,,,,,,,,,,,,,,,,,,,,,,,,,
"756199","JC465924","2019-10-09T10:50:00","2","DRIVER",,"718312",,"HYUNDAI","ELANTRA","IL","2017","NONE","PASSENGER","PERSONAL","NW","STRAIGHT AHEAD",,,"1",,,,,"true",,,,,,,,,,,,,"FRONT",,,,,,,,,,,,,,,,,,,,,,,,,,,,,,,,,
"756195","JC465911","2019-10-09T10:45:00","1","DRIVER",,"718300",,"TOYOTA MOTOR COMPANY, LTD.","CAMRY","IL","2012","UNKNOWN","UNKNOWN/NA","UNKNOWN/NA","N","STRAIGHT AHEAD",,,"1",,,,,,,,,,,,,,,,"true",,"OTHER",,,,,,,,,,,,,,,,,,,,,,,,,,,,,,,,,
"756196","JC465911","2019-10-09T10:45:00","2","DRIVER",,"718305",,"HYUNDAI","UNKNOWN","IL","2017","UNKNOWN","PASSENGER","UNKNOWN/NA","N","STRAIGHT AHEAD",,,"1",,,,,,,,,"true","true","true",,,,,,,"REAR-LEFT",,,,,,,,,,,,,,,,,,,,,,,,,,,,,,,,,
"756231","JC465917","2019-10-09T10:41:00","1","DRIVER",,"718334","false","FORD","UNKNOWN","AZ","2019","UNKNOWN","VAN/MINI-VAN","OTHER","N","CHANGING LANES",,,"1",,,,,"true","true","true","true",,,,,,,,,,"FRONT",,,,,,,,,,,,,,,,,,,,,,,,,,,,,,,,,
"756230","JC465917","2019-10-09T10:41:00","2","DRIVER","3","718343","true","NEW FLYER","NEW FLYER","IL","2006","NONE","BUS OVER 15 PASS.","CTA","N","STRAIGHT AHEAD",,,"4",,,,,,,,,,,"true",,,,,,,"FRONT-LEFT","8374",,,,,,"CHICAGO TRANSIT AUTHORITY","IL","CHICAGO",,,,,,,,,,,,,,,,,,,"BUS","BUS","OTHER",,,
"756662","JC466740","2019-10-09T10:40:00","1","DRIVER",,"718740",,"DODGE","JOURNEY","IL",,"NONE","SPORT UTILITY VEHICLE (SUV)","PERSONAL","UNKNOWN","BACKING",,,"1",,,,,,,,,"true","true","true",,,,,,,"REAR-LEFT",,,,,,,,,,,,,,,,,,,,,,,,,,,,,,,,,
"756663","JC466740","2019-10-09T10:40:00","2","DRIVER",,"718738",,"NISSAN","SENTRA (DATSUN AND NISSAN HAVE MERGED)",,"2017","NONE","PASSENGER","PERSONAL","UNKNOWN","SLOW/STOP IN TRAFFIC",,,"1",,,,,,,,,,,"true","true",,,,,,"FRONT-LEFT",,,,,,,,,,,,,,,,,,,,,,,,,,,,,,,,,
"757873","JC468852","2019-10-09T10:33:00","1","DRIVER",,"719898",,"BMW","525IA","IL","2009","NONE","PASSENGER","PERSONAL","W","STRAIGHT AHEAD",,,"1",,,,,,,,,,,,,,,,,"true","FRONT",,,,,,,,,,,,,,,,,,,,,,,,,,,,,,,,,
"757874","JC468852","2019-10-09T10:33:00","2","PARKED",,"719893",,"VOLKSWAGEN","CC","IL","2012","NONE","PASSENGER","PERSONAL","W","PARKED",,,"0",,,,,,,,,,,,,"true","true","true",,,"ROOF",,,,,,,,,,,,,,,,,,,,,,,,,,,,,,,,,
"756211","JC465953","2019-10-09T10:30:00","1","DRIVER",,"718317",,"TOYOTA MOTOR COMPANY, LTD.","Sienna (van)","IL","2017","NONE","VAN/MINI-VAN","PERSONAL","N","STRAIGHT AHEAD",,,"1",,,,"true",,,,,,,,,,,,,,"OTHER",,,,,,,,,,,,,,,,,,,,,,,,,,,,,,,,,
"756212","JC465953","2019-10-09T10:30:00","2","DRIVER",,"718321",,"GENERAL MOTORS CORP.","TERRAIN","IL","2019","NONE","SPORT UTILITY VEHICLE (SUV)","OTHER","N","STRAIGHT AHEAD",,,"1",,,,"true",,,,,,,,,,,,,,"REAR-LEFT",,,,,,,,,,,,,,,,,,,,,,,,,,,,,,,,,
"756179","JC465841","2019-10-09T10:16:00","1","DRIVER","1","718292",,"KIA MOTORS CORP","UNKNOWN","IL","2015","NONE","PASSENGER","PERSONAL","N","UNKNOWN/NA",,,"2",,,,,"true",,,,,,,,,,,,,"FRONT",,,,,,,,,,,,,,,,,,,,,,,,,,,,,,,,,
"756180","JC465841","2019-10-09T10:16:00","2","DRIVER",,"718296",,"CHRYSLER","300","IL",,"NONE","PASSENGER","PERSONAL","W","TURNING RIGHT",,,"1",,,,,,,,,,,"true",,,,,,,"FRONT-LEFT",,,,,,,,,,,,,,,,,,,,,,,,,,,,,,,,,
"756193","JC465891","2019-10-09T10:08:00","1","DRIVER",,"718302",,"NISSAN","VERSA","IL","2010","NONE","PASSENGER","PERSONAL","E","STRAIGHT AHEAD",,,"1",,,,,,,,,,,,,,"true","true","true",,"TOTAL (ALL AREAS)",,,,,,,,,,,,,,,,,,,,,,,,,,,,,,,,,
"756194","JC465891","2019-10-09T10:08:00","2","DRIVER",,"718298","true","FREIGHTLINER CORP.","FREIGHTLINER CORP.","IL","2016","NONE","BUS OVER 15 PASS.","COMMERCIAL - SINGLE UNIT","NE","TURNING LEFT",,,"1",,,,,,,,,"true","true",,,,,,,,"REAR","8372","2532398",,,"DRIVER","3","COOK DUPAGE TRANSPORTATION","IL","LISLE",,,,"N","N",,"N",,"N","N",,,,,,,,,"BUS","BUS","OTHER","false","false",
"756638","JC466684","2019-10-09T10:00:00","1","DRIVER",,"718717",,"UNKNOWN","UNKNOWN","IL",,"UNKNOWN","PASSENGER","UNKNOWN/NA","N","STRAIGHT AHEAD",,,"1",,,,,,,"true",,,,,,,,,,,"SIDE-RIGHT",,,,,,,,,,,,,,,,,,,,,,,,,,,,,,,,,
"756639","JC466684","2019-10-09T10:00:00","2","PARKED",,"718720",,"NISSAN","NISSAN ALTIMA","IL","2012","UNKNOWN","PASSENGER","NOT IN USE","N","PARKED",,,"0",,,,,,,,,,,,,"true",,,,,"ROOF",,,,,,,,,,,,,,,,,,,,,,,,,,,,,,,,,
"756177","JC465851","2019-10-09T10:00:00","1","DRIVER",,"718286",,"LINCOLN-CONTINENTAL","MKZ","IL","2018","UNKNOWN","PASSENGER","PERSONAL","W","STRAIGHT AHEAD",,,"1",,,,,"true",,,,,,,,,,"false",,,"FRONT",,,,,,,,,,,,,,,,,,,,,,,,,,,,,,,,,
"756178","JC465851","2019-10-09T10:00:00","2","DRIVER",,"718291",,"TOYOTA MOTOR COMPANY, LTD.","Prius","IL","2015","UNKNOWN","PASSENGER","PERSONAL","W","OTHER",,,"1",,,,,,,,,,,"true",,,,,,,"SIDE-LEFT",,,,,,,,,,,,,,,,,,,,,,,,,,,,,,,,,
"756155","JC465847","2019-10-09T10:00:00","1","DRIVER",,"718268",,"INTERNATIONAL TRAILER CORP.","INTERNATIONAL TRAILER CORP.","IN","2020","NONE","TRUCK - SINGLE UNIT","COMMERCIAL - SINGLE UNIT","W","PASSING/OVERTAKING",,,"1",,,,"true",,,,,,,,,,,,,,"REAR-RIGHT",,,,,,,,,,,,,,,,,,,,,,,,,,,,,,,,,
"756156","JC465847","2019-10-09T10:00:00","2","DRIVER","1","718272",,"KIA MOTORS CORP","FORTE",,"2015","NONE","PASSENGER","PERSONAL","W","STRAIGHT AHEAD",,,"2",,,,,,,,,,,,,,"true",,,,"ROOF",,,,,,,,,,,,,,,,,,,,,,,,,,,,,,,,,
"756170","JC465837","2019-10-09T09:52:00","1","DRIVER",,"718276",,"UNKNOWN","UNKNOWN",,,"UNKNOWN","PASSENGER","UNKNOWN/NA","S","STRAIGHT AHEAD",,,"1",,,,,,,,,,,,"true",,,,,,"FRONT-LEFT",,,,,,,,,,,,,,,,,,,,,,,,,,,,,,,,,
"756171","JC465837","2019-10-09T09:52:00","2","DRIVER","1","718280",,"NISSAN","SENTRA (DATSUN AND NISSAN HAVE MERGED)","IL","2016","NONE","PASSENGER","PERSONAL","W","STRAIGHT AHEAD",,,"2",,,,,,,,,,,,,,,,"true",,"OTHER",,,,,,,,,,,,,,,,,,,,,,,,,,,,,,,,,
"756215","JC465862","2019-10-09T09:50:00","1","DRIVER",,"718322","false","UNKNOWN","UNKNOWN","IL","2009","NONE","BUS OVER 15 PASS.","OTHER","E","BACKING",,,"1",,,,,,,,,"true",,,,,,,,,"REAR",,,,,,,,,,,,,,,,,,,,,,,,,,,,,,,,,
"756216","JC465862","2019-10-09T09:50:00","2","DRIVER",,"718325","false","UNKNOWN","MOTORIZED","IL",,"NONE","BUS OVER 15 PASS.","CTA","E","SLOW/STOP IN TRAFFIC",,,"1",,,,,"false",,,,,,,,,,"true",,,"TOTAL (ALL AREAS)",,,,,,,,,,,,,,,,,,,,,,,,,,,,,,,,,
"756187","JC465813","2019-10-09T09:50:00","1","DRIVER","1","718294",,"TOYOTA MOTOR COMPANY, LTD.","YARIS","IL",,"UNKNOWN","PASSENGER","PERSONAL","W","OTHER",,,"2",,,,,,,,,,,,,,,"true","true",,"OTHER",,,,,,,,,,,,,,,,,,,,,,,,,,,,,,,,,
"756188","JC465813","2019-10-09T09:50:00","2","PARKED",,"718299",,"FORD","Explorer","IL",,"UNKNOWN","SPORT UTILITY VEHICLE (SUV)","PERSONAL","W","PARKED",,,"0",,,,,,,,,,"true",,,,,,,,"REAR-LEFT",,,,,,,,,,,,,,,,,,,,,,,,,,,,,,,,,
"756189","JC465887","2019-10-09T09:40:00","1","DRIVER",,"718301",,"CHEVROLET","UNKNOWN","IL","2014","NONE","PASSENGER","PERSONAL","W","STRAIGHT AHEAD",,,"1",,,,,,,,,,,,,,,,,"true","UNKNOWN",,,,,,,,,,,,,,,,,,,,,,,,,,,,,,,,,