"crash_unit_id","rd_no","crash_date","unit_no","unit_type","num_passengers","vehicle_id","cmrc_veh_i","make","model","lic_plate_state","vehicle_year","vehicle_defect","vehicle_type","vehicle_use","travel_direction","maneuver","towed_i","fire_i","occupant_cnt","exceed_speed_limit_i","towed_by","towed_to","area_00_i","area_01_i","area_02_i","area_03_i","area_04_i","area_05_i","area_06_i","area_07_i","area_08_i","area_09_i","area_10_i","area_11_i","area_12_i","area_99_i","first_contact_point","cmv_id","usdot_no","ccmc_no","ilcc_no","commercial_src","gvwr","carrier_name","carrier_state","carrier_city","hazmat_placards_i","hazmat_name","un_no","hazmat_present_i","hazmat_report_i","hazmat_report_no","mcs_report_i","mcs_report_no","hazmat_vio_cause_crash_i","mcs_vio_cause_crash_i","idot_permit_no","wide_load_i","trailer1_width","trailer2_width","trailer1_length","trailer2_length","total_vehicle_length","axle_cnt","vehicle_config","cargo_body_type","load_type","hazmat_out_of_service_i","mcs_out_of_service_i","hazmat_class"
"756190","JC465887","2019-10-09T09:40:00","2","DRIVER",,"718306",,"HYUNDAI","ELANTRA","IL","2018","NONE","PASSENGER","PERSONAL","W","STRAIGHT AHEAD",,,"1",,,,,,,,,,,,,"true","true","true",,,"TOTAL (ALL AREAS)",,,,,,,,,,,,,,,,,,,,,,,,,,,,,,,,,
"756183","JC465821","2019-10-09T09:32:00","1","DRIVER",,"718288",,"HYUNDAI","UNKNOWN","IL","2007","UNKNOWN","PASSENGER","UNKNOWN/NA","W","TURNING ON RED",,,"1",,,,,,,,,,,,,,,,,"true","REAR",,,,,,,,,,,,,,,,,,,,,,,,,,,,,,,,,
"756184","JC465821","2019-10-09T09:32:00","2","PEDESTRIAN",,,,,,,,,,,,,,,,,,,,,,,,,,,,,,,,,,,,,,,,,,,,,,,,,,,,,,,,,,,,,,,,,,
"756185","JC465836","2019-10-09T09:31:00","1","DRIVER",,"718293",,"TOYOTA MOTOR COMPANY, LTD.","CAMRY","IL","2011","NONE","PASSENGER","TAXI/FOR HIRE","N","TURNING LEFT",,,"1",,,,,,,,,,,,"true","true","true","true",,,"ROOF",,,,,,,,,,,,,,,,,,,,,,,,,,,,,,,,,
"756186","JC465836","2019-10-09T09:31:00","2","DRIVER",,"718303",,"MERCEDES-BENZ","UNKNOWN","IL","2011","NONE","PASSENGER","PERSONAL","N","TURNING LEFT",,,"1",,,,,"true","true",,,,,,,,,"true","true",,"OTHER",,,,,,,,,,,,,,,,,,,,,,,,,,,,,,,,,
"756206","JC465863","2019-10-09T09:30:00","1","DRIVER",,"718308",,"SUBARU","FORESTER","IL","2009","UNKNOWN","PASSENGER","PERSONAL","S","STRAIGHT AHEAD","true",,"1",,"To Be Determined","To Be Determined",,,,,,,,,,,,,,,"TOTAL (ALL AREAS)",,,,,,,,,,,,,,,,,,,,,,,,,,,,,,,,,
"756140","JC465788","2019-10-09T09:30:00","1","DRIVER",,"718257",,"CADILLAC","SRX","IL","2013","NONE","PASSENGER","PERSONAL","N","TURNING RIGHT",,,"1",,,,,,,,,,,,,,,"true",,,"TOTAL (ALL AREAS)",,,,,,,,,,,,,,,,,,,,,,,,,,,,,,,,,
"756141","JC465788","2019-10-09T09:30:00","2","DRIVER",,"718263",,"CHEVROLET","CAVALIER","IL","2004","NONE","PASSENGER","PERSONAL","S","TURNING LEFT",,,"1",,,,,,"true","true","true",,,,,,,,,,"SIDE-RIGHT",,,,,,,,,,,,,,,,,,,,,,,,,,,,,,,,,
"756433","JC466317","2019-10-09T09:25:00","1","DRIVER",,"718518",,"SCION","XB","IL","2010","UNKNOWN","SPORT UTILITY VEHICLE (SUV)","UNKNOWN/NA","E","PASSING/OVERTAKING",,,"1",,,,,"true",,,,,,,,,,,,,"FRONT",,,,,,,,,,,,,,,,,,,,,,,,,,,,,,,,,
"756434","JC466317","2019-10-09T09:25:00","2","DRIVER",,"718531",,"PORSCHE","911","IL","2017","UNKNOWN","PASSENGER","OTHER","E","SLOW/STOP IN TRAFFIC",,,"1",,,,,,,,,,"true",,,,,"true",,,"FRONT",,,,,,,,,,,,,,,,,,,,,,,,,,,,,,,,,
"756138","JC465808","2019-10-09T09:25:00","1","DRIVER",,"718245",,"TOYOTA MOTOR COMPANY, LTD.","Highlander(beginning vehicle year 2001)","IL","2006","UNKNOWN","SPORT UTILITY VEHICLE (SUV)","PERSONAL","W","STRAIGHT AHEAD",,,"1",,,,,,,,,,,,,,"true","true",,,"TOTAL (ALL AREAS)",,,,,,,,,,,,,,,,,,,,,,,,,,,,,,,,,
"756139","JC465808","2019-10-09T09:25:00","2","DRIVER",,"718252",,"HYUNDAI","SONATA","IL","2013","UNKNOWN","PASSENGER","UNKNOWN/NA","W","STRAIGHT AHEAD",,,"1",,,,,,,,"true","true",,,,,,,,,"REAR",,,,,,,,,,,,,,,,,,,,,,,,,,,,,,,,,
"756126","JC465792","2019-10-09T09:25:00","1","DRIVER",,"718236",,"JEEP","Grand Cherokee (for vehicle years 1989 to present)","WI","2003","NONE","SPORT UTILITY VEHICLE (SUV)","PERSONAL","S","PASSING/OVERTAKING",,,"1",,,,,,,,,,,,,,,"true","true",,"ROOF",,,,,,,,,,,,,,,,,,,,,,,,,,,,,,,,,
"756127","JC465792","2019-10-09T09:25:00","2","DRIVER",,"718243",,"HONDA","ACCORD","IL","2016","NONE","PASSENGER","PERSONAL","S","STRAIGHT AHEAD",,,"1",,,,,"true","true","true","true","true",,,,,,,,,"SIDE-RIGHT",,,,,,,,,,,,,,,,,,,,,,,,,,,,,,,,,
"756266","JC466096","2019-10-09T09:20:00","1","DRIVER",,"718369",,"PORSCHE","911","IL","2017","UNKNOWN","PASSENGER","UNKNOWN/NA","W","CHANGING LANES",,,"1",,,,,,,,,,,,,,,"true",,,"TOTAL (ALL AREAS)",,,,,,,,,,,,,,,,,,,,,,,,,,,,,,,,,
"756267","JC466096","2019-10-09T09:20:00","2","DRIVER",,"718379",,"SCION","XB","IL","2010","NONE","PASSENGER","PERSONAL","W","STRAIGHT AHEAD",,,"1",,,,,"true",,,,,,,,,,,,,"FRONT",,,,,,,,,,,,,,,,,,,,,,,,,,,,,,,,,
"756355","JC466230","2019-10-09T09:11:00","1","DRIVER","1","718454",,"UNKNOWN","UNKNOWN",,,"UNKNOWN","UNKNOWN/NA","UNKNOWN/NA","E","PASSING/OVERTAKING",,,"2",,,,,,,,,,,,,,,,,"true","UNKNOWN",,,,,,,,,,,,,,,,,,,,,,,,,,,,,,,,,
"756356","JC466230","2019-10-09T09:11:00","2","DRIVER",,"718456",,"TOYOTA MOTOR COMPANY, LTD.","CAMRY","IL","2002","UNKNOWN","UNKNOWN/NA","UNKNOWN/NA","E","STRAIGHT AHEAD",,,"1",,,,,,"true","true","true",,,,,,,,,,"SIDE-RIGHT",,,,,,,,,,,,,,,,,,,,,,,,,,,,,,,,,
"756157","JC465765","2019-10-09T09:07:00","1","DRIVER","1","718273",,"FORD","FUSION","IL","2014","NONE","PASSENGER","RIDESHARE SERVICE","W","STRAIGHT AHEAD","true",,"2",,"citywide recovery","8607 s vincennes ave",,"true",,,,,,,,,,"true","true",,"OTHER",,,,,,,,,,,,,,,,,,,,,,,,,,,,,,,,,
"756158","JC465765","2019-10-09T09:07:00","2","DRIVER",,"718287",,"CHEVROLET","MALIBU (CHEVELLE)","IL","2015","NONE","PASSENGER","PERSONAL","S","STRAIGHT AHEAD",,,"1",,,,,,,,,,,,,"true","true","true",,,"ROOF",,,,,,,,,,,,,,,,,,,,,,,,,,,,,,,,,
"756608","JC466617","2019-10-09T09:00:00","1","DRIVER",,"718691",,"JEEP","UNKNOWN","IL","2019","NONE","SPORT UTILITY VEHICLE (SUV)","PERSONAL","N","CHANGING LANES",,,"1",,,,,"true",,,,,,,,,,,,,"FRONT",,,,,,,,,,,,,,,,,,,,,,,,,,,,,,,,,
"756609","JC466617","2019-10-09T09:00:00","2","DRIVER",,"718715",,"AUDI","A4","IL","2012","NONE","PASSENGER","PERSONAL","N","STRAIGHT AHEAD",,,"1",,,,,,,,,,,"true",,,,,,,"SIDE-LEFT",,,,,,,,,,,,,,,,,,,,,,,,,,,,,,,,,
"756485","JC466441","2019-10-09T09:00:00","1","DRIVER",,"718565",,"HONDA","FIT","IL","2011","UNKNOWN","UNKNOWN/NA","UNKNOWN/NA","E","UNKNOWN/NA",,,"1",,,,"true",,,,,,,,,,,,,,"OTHER",,,,,,,,,,,,,,,,,,,,,,,,,,,,,,,,,
"756486","JC466441","2019-10-09T09:00:00","2","DRIVER",,"718571",,"VOLKSWAGEN","VOLKSWAGEN","IL","2019","NONE","PASSENGER","PERSONAL","E","STRAIGHT AHEAD",,,"1",,,,,,,,,"true","true",,,,,,,,"REAR-LEFT",,,,,,,,,,,,,,,,,,,,,,,,,,,,,,,,,
"756174","JC465884","2019-10-09T09:00:00","1","DRIVER",,"718282",,"UNKNOWN","UNKNOWN",,,"UNKNOWN","UNKNOWN/NA","UNKNOWN/NA","UNKNOWN","UNKNOWN/NA",,,"1",,,,,,,,,,,,,,,,,"true","UNKNOWN",,,,,,,,,,,,,,,,,,,,,,,,,,,,,,,,,
"756175","JC465884","2019-10-09T09:00:00","2","PARKED",,"718279",,"TOYOTA MOTOR COMPANY, LTD.","COROLLA","IL","1993","UNKNOWN","PASSENGER","PERSONAL","N","PARKED",,,"0",,,,,,,,,,,,,,,,"true",,"OTHER",,,,,,,,,,,,,,,,,,,,,,,,,,,,,,,,,
"756136","JC465769","2019-10-09T08:55:00","1","DRIVER",,"718246",,"TOYOTA MOTOR COMPANY, LTD.","CAMRY","IL","2017","UNKNOWN","PASSENGER","PERSONAL","S","STRAIGHT AHEAD",,,"1",,,,,,,,,,,,,,,,"true",,"TOTAL (ALL AREAS)",,,,,,,,,,,,,,,,,,,,,,,,,,,,,,,,,
"756137","JC465769","2019-10-09T08:55:00","2","DRIVER",,"718255",,"TOYOTA MOTOR COMPANY, LTD.","COROLLA","IL","2010","UNKNOWN","PASSENGER","PERSONAL","E","STRAIGHT AHEAD",,,"1",,,,,,,,,,,"true","true","true",,,"true",,"FRONT-LEFT",,,,,,,,,,,,,,,,,,,,,,,,,,,,,,,,,
"756152","JC465749","2019-10-09T08:53:00","1","DRIVER",,"718265",,"CHEVROLET","SILVERADO","IL","2018","NONE","PICKUP","PERSONAL","E","TURNING RIGHT",,,"1",,,,,"true",,,,,,,,,,,"true",,"OTHER",,,,,,,,,,,,,,,,,,,,,,,,,,,,,,,,,
"756153","JC465749","2019-10-09T08:53:00","2","PEDESTRIAN",,,,,,,,,,,,,,,,,,,,,,,,,,,,,,,,,,,,,,,,,,,,,,,,,,,,,,,,,,,,,,,,,,
"756148","JC465818","2019-10-09T08:50:00","1","DRIVER",,"718259",,"CHEVROLET","UPLANDER","IL","2005","UNKNOWN","VAN/MINI-VAN","UNKNOWN/NA","N","STRAIGHT AHEAD",,,"1",,,,,,,,,,,,,,,,,"true","OTHER",,,,,,,,,,,,,,,,,,,,,,,,,,,,,,,,,
"756149","JC465818","2019-10-09T08:50:00","2","PARKED","1","718254",,"TOYOTA MOTOR COMPANY, LTD.","Highlander(beginning vehicle year 2001)","IL","2011","NONE","SPORT UTILITY VEHICLE (SUV)","PERSONAL","N","PARKED",,,"1",,,,,,,,,,"true","true","true",,,,,,"SIDE-LEFT",,,,,,,,,,,,,,,,,,,,,,,,,,,,,,,,,
"757566","JC465775","2019-10-09T08:50:00","1","DRIVER",,"719606",,"FORD","ESCAPE (SUV)","IN","2017","UNKNOWN","SPORT UTILITY VEHICLE (SUV)","UNKNOWN/NA","E","TURNING RIGHT",,,"1",,,,,,,,,,,,,,,,,"true","FRONT",,,,,,,,,,,,,,,,,,,,,,,,,,,,,,,,,
"757567","JC465775","2019-10-09T08:50:00","2","DRIVER","1","719609",,"INFINITI","QX56","IL","2019","UNKNOWN","SPORT UTILITY VEHICLE (SUV)","PERSONAL","E","STRAIGHT AHEAD",,,"2",,,,,,,,,,,,,,,"true",,,"TOTAL (ALL AREAS)",,,,,,,,,,,,,,,,,,,,,,,,,,,,,,,,,
"756360","JC465743","2019-10-09T08:50:00","1","DRIVER",,"718455",,"HONDA","CRV","IL","2005","UNKNOWN","SPORT UTILITY VEHICLE (SUV)","PERSONAL","SW","MERGING","true",,"1",,,,,"true","true",,,,,,,,,,,,"FRONT-RIGHT",,,,,,,,,,,,,,,,,,,,,,,,,,,,,,,,,
"756361","JC465743","2019-10-09T08:50:00","2","DRIVER",,"718461",,"DODGE","CHARGER","IL","2010","UNKNOWN","PASSENGER","PERSONAL","SE","STRAIGHT AHEAD",,,"1",,,,,,,,,,,,,,,"true",,,"TOTAL (ALL AREAS)",,,,,,,,,,,,,,,,,,,,,,,,,,,,,,,,,
"756118","JC465755","2019-10-09T08:49:00","1","DRIVER",,"718228",,"TOYOTA MOTOR COMPANY, LTD.","CAMRY","IL","2007","UNKNOWN","PASSENGER","UNKNOWN/NA","N","LEAVING TRAFFIC LANE TO PARK",,,"1",,,,,,,,,,,,,,,,"true",,"OTHER",,,,,,,,,,,,,,,,,,,,,,,,,,,,,,,,,
"756119","JC465755","2019-10-09T08:49:00","2","PARKED",,"718235",,"ALFA ROMEO","GIULIA","IL","2019","NONE","PASSENGER","NOT IN USE","N","PARKED",,,"0",,,,,,,,,,"true",,,,,,,,"REAR-LEFT",,,,,,,,,,,,,,,,,,,,,,,,,,,,,,,,,
"756150","JC465752","2019-10-09T08:47:00","1","DRIVER",,"718258",,"DODGE","CARAVAN","IL","2014","NONE","VAN/MINI-VAN","PERSONAL","S","STRAIGHT AHEAD","true",,"1",,"asap","asap",,"true",,,,,,,,,"true","true","true",,"OTHER",,,,,,,,,,,,,,,,,,,,,,,,,,,,,,,,,
"756151","JC465752","2019-10-09T08:47:00","2","DRIVER","1","718262",,"HONDA","CIVIC","IL","2003","NONE","PASSENGER","PERSONAL","N","TURNING LEFT","false",,"2",,,,,"true",,,,,,,,,,"true","true",,"OTHER",,,,,,,,,,,,,,,,,,,,,,,,,,,,,,,,,
"756166","JC465870","2019-10-09T08:37:00","1","DRIVER",,"718274",,"HONDA","CIVIC","IL","2008","NONE","PASSENGER","PERSONAL","S","STRAIGHT AHEAD",,,"1",,,,,"true",,,,,,,,,,,,,"FRONT",,,,,,,,,,,,,,,,,,,,,,,,,,,,,,,,,
"756167","JC465870","2019-10-09T08:37:00","2","DRIVER",,"718285",,"FORD","ESCAPE (SUV)","IL","2012","UNKNOWN","SPORT UTILITY VEHICLE (SUV)","PERSONAL","S","SLOW/STOP IN TRAFFIC",,,"1",,,,,,,,,,,"true",,,,,,,"SIDE-LEFT",,,,,,,,,,,,,,,,,,,,,,,,,,,,,,,,,
"756814","JC467064","2019-10-09T08:30:00","1","DRIVER",,"718890",,"CHRYSLER","200","IL","2015","NONE","PASSENGER","PERSONAL","S","CHANGING LANES",,,"1",,,,,"true","true",,,,,,,,,,,,"FRONT",,,,,,,,,,,,,,,,,,,,,,,,,,,,,,,,,
"756815","JC467064","2019-10-09T08:30:00","2","DRIVER","1","718883",,"JEEP","CHEROKEE","IL","2019","NONE","SPORT UTILITY VEHICLE (SUV)","PERSONAL","S","CHANGING LANES",,,"2",,,,,,,,,,,"true","true","true","true","false",,,"ROOF",,,,,,,,,,,,,,,,,,,,,,,,,,,,,,,,,
"756287","JC466108","2019-10-09T08:30:00","1","DRIVER",,"718384",,"KIA MOTORS CORP","FORTE","IL","2017","UNKNOWN","PASSENGER","UNKNOWN/NA","N","SLOW/STOP IN TRAFFIC",,,"1",,,,,,,,,,,,,,,,"true",,"OTHER",,,,,,,,,,,,,,,,,,,,,,,,,,,,,,,,,
"756288","JC466108","2019-10-09T08:30:00","2","DRIVER","1","718392",,"SATURN","Vue","IL","2008","NONE","PASSENGER","PERSONAL","N","SLOW/STOP IN TRAFFIC",,,"2",,,,,,,,,"true","true","true",,,,,,,"REAR-LEFT",,,,,,,,,,,,,,,,,,,,,,,,,,,,,,,,,
"756172","JC465879","2019-10-09T08:30:00","1","DRIVER",,"718281",,"CHEVROLET","CHEVROLET","IL","2010","NONE","PASSENGER","PERSONAL","E","CHANGING LANES",,,"1",,,,,"false","false",,,,,"true",,,,,,,"SIDE-LEFT",,,,,,,,,,,,,,,,,,,,,,,,,,,,,,,,,
"756173","JC465879","2019-10-09T08:30:00","2","DRIVER","1","718289",,"NISSAN","SENTRA (DATSUN AND NISSAN HAVE MERGED)","IL","2019","NONE","PASSENGER","PERSONAL","E","PASSING/OVERTAKING",,,"2",,,,,"true",,,"false","false",,,,,,,,,"TOTAL (ALL AREAS)",,,,,,,,,,,,,,,,,,,,,,,,,,,,,,,,,
"756124","JC465734","2019-10-09T08:30:00","1","DRIVER",,"718232",,"FORD","FUSION","IL","2019","NONE","PASSENGER","PERSONAL","E","STRAIGHT AHEAD",,,"1",,,,,"true","true","true",,,,,,,,,,,"SIDE-RIGHT",,,,,,,,,,,,,,,,,,,,,,,,,,,,,,,,,
"756125","JC465734","2019-10-09T08:30:00","2","PARKED",,"718238",,"HONDA","UNKNOWN","IL","2012","NONE","PASSENGER","PERSONAL","E","PARKED",,,"0",,,,,,,,,,,,,"false","true","true",,,"UNDER CARRIAGE",,,,,,,,,,,,,,,,,,,,,,,,,,,,,,,,,
"756103","JC465730","2019-10-09T08:28:00","1","DRIVER",,"718210",,"HONDA","ACCORD","IL","2014","UNKNOWN","UNKNOWN/NA","UNKNOWN/NA","W","STRAIGHT AHEAD",,,"1",,,,,,,,,,,,,,,"true","true",,"UNKNOWN",,,,,,,,,,,,,,,,,,,,,,,,,,,,,,,,,
"756104","JC465730","2019-10-09T08:28:00","2","DRIVER",,"718229",,"KIA MOTORS CORP","UNKNOWN","IL","2018","UNKNOWN","UNKNOWN/NA","UNKNOWN/NA","W","STRAIGHT AHEAD",,,"1",,,,,,,,,"true",,,,,,,"false",,"REAR",,,,,,,,,,,,,,,,,,,,,,,,,,,,,,,,,
"756081","JC465706","2019-10-09T08:25:00","1","DRIVER",,"718190",,"HONDA","CIVIC","IL","2013","UNKNOWN","PASSENGER","PERSONAL","N","CHANGING LANES",,,"1",,,,,,,,,"true",,,,,,,,,"REAR",,,,,,,,,,,,,,,,,,,,,,,,,,,,,,,,,
"756082","JC465706","2019-10-09T08:25:00","2","DRIVER",,"718188",,"TOYOTA MOTOR COMPANY, LTD.","RAV4 (sport utility)","IL","2013","UNKNOWN","SPORT UTILITY VEHICLE (SUV)","PERSONAL","N","STRAIGHT AHEAD",,,"1",,,,,,,,,,,,,,,"true",,,"TOTAL (ALL AREAS)",,,,,,,,,,,,,,,,,,,,,,,,,,,,,,,,,
"756112","JC465704","2019-10-09T08:25:00","1","DRIVER",,"718231",,"THOMAS BUILT BUS CO.","THOMAS BUILT BUS CO.","IL","2017","NONE","BUS OVER 15 PASS.","SCHOOL BUS","W","STRAIGHT AHEAD",,,"1",,,,,"true","true",,,,,,,,,,,,"FRONT",,,,,,,,,,,,,,,,,,,,,,,,,,,,,,,,,
"756113","JC465704","2019-10-09T08:25:00","2","DRIVER",,"718240",,"KIA MOTORS CORP","FORTE","IL","2017","NONE","PASSENGER","PERSONAL","W","STRAIGHT AHEAD",,,"1",,,,,,,,,,,"true","true","true","true","true",,,,,,,,,,,,,,,,,,,,,,,,,,,,,,,,,,,,
"756085","JC465676","2019-10-09T08:13:00","1","DRIVER",,"718224",,"UNKNOWN","UNKNOWN","XX",,"UNKNOWN","PASSENGER","UNKNOWN/NA","N","STRAIGHT AHEAD",,,"1",,,,,,,,"true","true",,,,,,,,,"REAR",,,,,,,,,,,,,,,,,,,,,,,,,,,,,,,,,
"756086","JC465676","2019-10-09T08:13:00","2","DRIVER","1","718203",,"NISSAN","NISSAN ALTIMA","IN","2017","UNKNOWN","PASSENGER","PERSONAL","N","STRAIGHT AHEAD",,,"2",,,,,,,,,,,,,,,"true",,,"TOTAL (ALL AREAS)",,,,,,,,,,,,,,,,,,,,,,,,,,,,,,,,,
"756101","JC465727","2019-10-09T08:10:00","1","DRIVER","2","718205",,"CHEVROLET","MALIBU (CHEVELLE)","IL","2007","UNKNOWN","PASSENGER","UNKNOWN/NA","W","STRAIGHT AHEAD",,,"3",,,,,"true",,,,,,,,,,,,,"FRONT",,,,,,,,,,,,,,,,,,,,,,,,,,,,,,,,,
"756102","JC465727","2019-10-09T08:10:00","2","DRIVER",,"718211",,"LEXUS","ES330","IL","2005","NONE","PASSENGER","PERSONAL","W","STRAIGHT AHEAD",,,"1",,,,,,,,,,,,,"true","true","true",,,"ROOF",,,,,,,,,,,,,,,,,,,,,,,,,,,,,,,,,
"756091","JC465705","2019-10-09T08:10:00","1","DRIVER","1","718199",,"PONTIAC","GRAND PRIX","IL","2006","NONE","PASSENGER","PERSONAL","W","STRAIGHT AHEAD",,,"2",,,,,,,,,,,,,"true","true",,,,"ROOF",,,,,,,,,,,,,,,,,,,,,,,,,,,,,,,,,
"756092","JC465705","2019-10-09T08:10:00","2","DRIVER",,"718212",,"CADILLAC","ELDORADO","IN","1996","UNKNOWN","PASSENGER","PERSONAL","W","STRAIGHT AHEAD",,,"1",,,,,,"true","true",,,,,,,,,,,"SIDE-RIGHT",,,,,,,,,,,,,,,,,,,,,,,,,,,,,,,,,
"756089","JC465691","2019-10-09T08:05:00","1","DRIVER",,"718207",,"HONDA","Pilot","IL","2011","UNKNOWN","PASSENGER","PERSONAL","N","CHANGING LANES",,,"1",,,,,,,"true",,,,,,,,,,,"SIDE-RIGHT",,,,,,,,,,,,,,,,,,,,,,,,,,,,,,,,,
"756090","JC465691","2019-10-09T08:05:00","2","DRIVER",,"718215",,"FORD","FUSION","IL","2012","UNKNOWN","PASSENGER","TAXI/FOR HIRE","N","STRAIGHT AHEAD",,,"1",,,,,,,,,,,,,,,,,"true","UNKNOWN",,,,,,,,,,,,,,,,,,,,,,,,,,,,,,,,,
"756491","JC466446","2019-10-09T08:00:00","1","DRIVER",,"718574",,"UNKNOWN","UNKNOWN","IL",,"UNKNOWN","UNKNOWN/NA","UNKNOWN/NA","UNKNOWN","UNKNOWN/NA",,,"1",,,,,,,,,,"false","false","false",,,,,"true","UNKNOWN",,,,,,,,,,,,,,,,,,,,,,,,,,,,,,,,,
"756492","JC466446","2019-10-09T08:00:00","2","PARKED",,"718581",,"LEXUS","IS250","IL","2007","NONE","PASSENGER","AMBULANCE","W","PARKED",,,"0",,,,,,,,,,"true","true","true",,,,,,"FRONT-LEFT",,,,,,,,,,,,,,,,,,,,,,,,,,,,,,,,,
"756246","JC466075","2019-10-09T08:00:00","1","DRIVER",,"718350",,"NISSAN","SENTRA (DATSUN AND NISSAN HAVE MERGED)","GA","2018","UNKNOWN","UNKNOWN/NA","UNKNOWN/NA","W","ENTER FROM DRIVE/ALLEY",,,"1",,,,,"true",,,,,,,,,,,"true",,"FRONT",,,,,,,,,,,,,,,,,,,,,,,,,,,,,,,,,
"756247","JC466075","2019-10-09T08:00:00","2","DRIVER",,"718358",,"FORD","FUSION","IL","2012","UNKNOWN","UNKNOWN/NA","UNKNOWN/NA","S","STRAIGHT AHEAD",,,"1",,,,,,,,,,,,,,,"true",,,"TOTAL (ALL AREAS)",,,,,,,,,,,,,,,,,,,,,,,,,,,,,,,,,
"756142","JC465811","2019-10-09T08:00:00","1","DRIVER",,"718250",,"FORD","UNKNOWN","IL",,"NONE","PASSENGER","UNKNOWN/NA","N","SLOW/STOP IN TRAFFIC",,,"1",,,,,,,,,,,,,,,,,"true","UNKNOWN",,,,,,,,,,,,,,,,,,,,,,,,,,,,,,,,,
"756143","JC465811","2019-10-09T08:00:00","2","DRIVER",,"718256",,"JEEP","CHEROKEE","IL","2015","NONE","PASSENGER","PERSONAL","N","SLOW/STOP IN TRAFFIC",,,"1",,,,,,,,,,"true",,,,,,,,"REAR-LEFT",,,,,,,,,,,,,,,,,,,,,,,,,,,,,,,,,
"756146","JC465761","2019-10-09T08:00:00","1","DRIVER",,"718251",,"BUICK","Rendezvous","IL","2005","NONE","PASSENGER","PERSONAL","E","STRAIGHT AHEAD",,,"1",,,,,,,,,,,,,,,,"true",,"OTHER",,,,,,,,,,,,,,,,,,,,,,,,,,,,,,,,,
"756147","JC465761","2019-10-09T08:00:00","2","DRIVER",,"718260",,"JEEP","Wrangler (for vehicle years 1989 to present)","TX","2018","NONE","PASSENGER","PERSONAL","E","SLOW/STOP IN TRAFFIC",,,"1",,,,,,,,,,,,,,,,,"true","REAR-LEFT",,,,,,,,,,,,,,,,,,,,,,,,,,,,,,,,,
"756128","JC465751","2019-10-09T08:00:00","1","DRIVER",,"718249",,"NISSAN","SENTRA (DATSUN AND NISSAN HAVE MERGED)","IL","2016","UNKNOWN","PASSENGER","PERSONAL","E","STRAIGHT AHEAD",,,"1",,,,,,,,,,,,,,,,"true",,"OTHER",,,,,,,,,,,,,,,,,,,,,,,,,,,,,,,,,
"756133","JC465751","2019-10-09T08:00:00","2","DRIVER",,"718239",,"CHEVROLET","IMPALA","IL","2010","UNKNOWN","PASSENGER","PERSONAL","E","SLOW/STOP IN TRAFFIC",,,"1",,,,,,,,,,"true",,,,,,,,"REAR-LEFT",,,,,,,,,,,,,,,,,,,,,,,,,,,,,,,,,
"756130","JC465729","2019-10-09T08:00:00","1","DRIVER",,"718237",,"UNKNOWN","UNKNOWN",,,"UNKNOWN","UNKNOWN/NA","UNKNOWN/NA","UNKNOWN","UNKNOWN/NA",,,"1",,,,,,,,,,,,,,,,,"true","UNKNOWN",,,,,,,,,,,,,,,,,,,,,,,,,,,,,,,,,
"756131","JC465729","2019-10-09T08:00:00","2","PARKED",,"718244",,"HONDA","S2000","IL","2013","NONE","PASSENGER","PERSONAL","UNKNOWN","PARKED",,,"0",,,,,,,,,,,,,,"true","true",,,"TOTAL (ALL AREAS)",,,,,,,,,,,,,,,,,,,,,,,,,,,,,,,,,
"756110","JC465722","2019-10-09T08:00:00","1","DRIVER","1","718219",,"CHEVROLET","IMPALA","IL","2007","UNKNOWN","PASSENGER","PERSONAL","E","ENTERING TRAFFIC LANE FROM PARKING",,,"2",,,,,,,,,,,,,,"false","true","false",,"TOTAL (ALL AREAS)",,,,,,,,,,,,,,,,,,,,,,,,,,,,,,,,,
"756111","JC465722","2019-10-09T08:00:00","2","DRIVER",,"718230",,"PONTIAC","TRANS SPORT/MONTANA","IL","1999","NONE","VAN/MINI-VAN","PERSONAL","SE","LEAVING TRAFFIC LANE TO PARK",,,"1",,,,,"true",,,,,,,,,,,,,"FRONT",,,,,,,,,,,,,,,,,,,,,,,,,,,,,,,,,
"756099","JC465683","2019-10-09T08:00:00","1","DRIVER",,"718206",,"TOYOTA MOTOR COMPANY, LTD.","Echo","IL","2003","UNKNOWN","PASSENGER","PERSONAL","NW","TURNING LEFT",,,"1",,,,,"true","true","true","true","true",,,,,,,,,"FRONT",,,,,,,,,,,,,,,,,,,,,,,,,,,,,,,,,
"756100","JC465683","2019-10-09T08:00:00","2","DRIVER",,"718218",,"VOLKSWAGEN","TIGUAN","IL","2016","UNKNOWN","PASSENGER","PERSONAL","E","TURNING RIGHT",,,"1",,,,,,,,,,,,,,,"true",,,"OTHER",,,,,,,,,,,,,,,,,,,,,,,,,,,,,,,,,
"756191","JC465708","2019-10-09T07:58:00","1","DRIVER",,"718309","true","FORD","F450","IL","2006","UNKNOWN","OTHER VEHICLE WITH TRAILER","COMMERCIAL - SINGLE UNIT","S","STRAIGHT AHEAD","true",,"1",,,,,,,,,,"false",,,,,,,,,"8373",,,,"DRIVER","2","COLFAX CORPORATION","IL","CHICAGO",,,,"N","N",,"N",,"N","N",,,,,,,,,"SINGLE UNIT TRUCK, 2 AXLES, 6 TIRES","BUS","UNKNOWN","false","false",