"crash_unit_id","rd_no","crash_date","unit_no","unit_type","num_passengers","vehicle_id","cmrc_veh_i","make","model","lic_plate_state","vehicle_year","vehicle_defect","vehicle_type","vehicle_use","travel_direction","maneuver","towed_i","fire_i","occupant_cnt","exceed_speed_limit_i","towed_by","towed_to","area_00_i","area_01_i","area_02_i","area_03_i","area_04_i","area_05_i","area_06_i","area_07_i","area_08_i","area_09_i","area_10_i","area_11_i","area_12_i","area_99_i","first_contact_point","cmv_id","usdot_no","ccmc_no","ilcc_no","commercial_src","gvwr","carrier_name","carrier_state","carrier_city","hazmat_placards_i","hazmat_name","un_no","hazmat_present_i","hazmat_report_i","hazmat_report_no","mcs_report_i","mcs_report_no","hazmat_vio_cause_crash_i","mcs_vio_cause_crash_i","idot_permit_no","wide_load_i","trailer1_width","trailer2_width","trailer1_length","trailer2_length","total_vehicle_length","axle_cnt","vehicle_config","cargo_body_type","load_type","hazmat_out_of_service_i","mcs_out_of_service_i","hazmat_class"
"756192","JC465708","2019-10-09T07:58:00","2","DRIVER",,"718319",,"UNKNOWN","UNKNOWN",,"2018","UNKNOWN","OTHER","CONSTRUCTION/MAINTENANCE","UNKNOWN","UNKNOWN/NA","true",,"1",,"PERSONAL TOW",,,,,,,,"true",,,,,,"true",,,,,,,,,,,,,,,,,,,,,,,,,,,,,,,,,,,
"756116","JC465776","2019-10-09T07:55:00","1","DRIVER",,"718227",,"TOYOTA MOTOR COMPANY, LTD.","RAV4 (sport utility)","IL","2016","NONE","PASSENGER","PERSONAL","E","STRAIGHT AHEAD",,,"1",,,,,,,,,,,,,,,,"true",,"OTHER",,,,,,,,,,,,,,,,,,,,,,,,,,,,,,,,,
"756117","JC465776","2019-10-09T07:55:00","2","DRIVER",,"718241",,"TOYOTA MOTOR COMPANY, LTD.","UNKNOWN","IL","2018","NONE","PASSENGER","UNKNOWN/NA","E","STRAIGHT AHEAD",,,"1",,,,,,,,,,"true","true",,,,,,,"SIDE-LEFT",,,,,,,,,,,,,,,,,,,,,,,,,,,,,,,,,
"756093","JC465717","2019-10-09T07:55:00","1","DRIVER",,"718242",,"CHEVROLET","EQUINOX","IL","2013","NONE","PASSENGER","PERSONAL","UNKNOWN","BACKING",,,"1",,,,,,,,,"true",,,,,,,,,"REAR",,,,,,,,,,,,,,,,,,,,,,,,,,,,,,,,,
"756094","JC465717","2019-10-09T07:55:00","2","DRIVER",,"718269",,"JEEP","Grand Cherokee (for vehicle years 1989 to present)","IL","2012","UNKNOWN","PASSENGER","PERSONAL","UNKNOWN","BACKING",,,"1",,,,,,,,,,,"true",,,,,,,"SIDE-LEFT",,,,,,,,,,,,,,,,,,,,,,,,,,,,,,,,,
"756181","JC465759","2019-10-09T07:53:00","1","DRIVER","1","718290",,"CHEVROLET","MALIBU (CHEVELLE)","IL","2004","WHEELS","PASSENGER","PERSONAL","W","TURNING LEFT","true",,"2",,"self-tow",,,,,,,,,,,,"true","true",,,"TOTAL (ALL AREAS)",,,,,,,,,,,,,,,,,,,,,,,,,,,,,,,,,
"756182","JC465759","2019-10-09T07:53:00","2","PARKED",,"718297",,"NISSAN","SENTRA (DATSUN AND NISSAN HAVE MERGED)","IL","2017","NONE","PASSENGER","PERSONAL","S","PARKED",,,"0",,,,,"true","true","true","true","true",,"false","false",,,,,,"SIDE-LEFT",,,,,,,,,,,,,,,,,,,,,,,,,,,,,,,,,
"756144","JC465719","2019-10-09T07:52:00","1","DRIVER",,"718248",,"CHRYSLER","TOWN & COUNTRY","IL","2005","NONE","VAN/MINI-VAN","PERSONAL","SE","TURNING RIGHT",,,"1",,,,"true",,,,,,,,,,,,,,"OTHER",,,,,,,,,,,,,,,,,,,,,,,,,,,,,,,,,
"756145","JC465719","2019-10-09T07:52:00","2","DRIVER",,"718253",,"TOYOTA MOTOR COMPANY, LTD.","Avalon","IL","2015","NONE","PASSENGER","PERSONAL","S","SLOW/STOP IN TRAFFIC",,,"1",,,,,,,,,,"true",,,,,,,,"REAR-LEFT",,,,,,,,,,,,,,,,,,,,,,,,,,,,,,,,,
"756677","JC466768","2019-10-09T07:50:00","1","DRIVER",,"718750",,"CHRYSLER","200","IL","2013","UNKNOWN","PASSENGER","PERSONAL","E","SLOW/STOP IN TRAFFIC",,,"1",,,,,,,,,,"true",,,,,,,,"REAR-LEFT",,,,,,,,,,,,,,,,,,,,,,,,,,,,,,,,,
"756678","JC466768","2019-10-09T07:50:00","2","DRIVER",,"718753",,"MITSUBISHI","Outlander","IL","2011","UNKNOWN","PASSENGER","PERSONAL","E","STRAIGHT AHEAD",,,"1",,,,,,,,,,,,,,,,"true",,"OTHER",,,,,,,,,,,,,,,,,,,,,,,,,,,,,,,,,
"756076","JC465684","2019-10-09T07:50:00","1","DRIVER",,"718191",,"NISSAN","ROGUE","IL","2014","NONE","SPORT UTILITY VEHICLE (SUV)","PERSONAL","E","STRAIGHT AHEAD",,,"4",,,,,,,,,,,,,,,"true","true",,"OTHER",,,,,,,,,,,,,,,,,,,,,,,,,,,,,,,,,
"756077","JC465684","2019-10-09T07:50:00","2","DRIVER",,"718198",,"KIA MOTORS CORP","UNKNOWN","IL","2018","NONE","PASSENGER","PERSONAL","S","STRAIGHT AHEAD",,,"1",,,,,"true",,,,,,,,,,,,,"FRONT",,,,,,,,,,,,,,,,,,,,,,,,,,,,,,,,,
"756095","JC465725","2019-10-09T07:45:00","1","DRIVER",,"718201",,"CHRYSLER","Pacifica (Sport Wagon)","IL","2005","UNKNOWN","UNKNOWN/NA","UNKNOWN/NA","W","STRAIGHT AHEAD",,,"1",,,,,,,,,,,,,,,,"true",,"OTHER",,,,,,,,,,,,,,,,,,,,,,,,,,,,,,,,,
"756096","JC465725","2019-10-09T07:45:00","2","DRIVER",,"718208",,"TOYOTA MOTOR COMPANY, LTD.","CAMRY","IL","2011","NONE","PASSENGER","PERSONAL","W","STRAIGHT AHEAD",,,"1",,,,,,,,,,"true",,,,,,,,"REAR-LEFT",,,,,,,,,,,,,,,,,,,,,,,,,,,,,,,,,
"756097","JC465723","2019-10-09T07:45:00","1","DRIVER",,"718204",,"DODGE","GRAND CARAVAN","IL","2016","UNKNOWN","VAN/MINI-VAN","PERSONAL","E","STRAIGHT AHEAD",,,"1",,,,,,"true","true","true","true",,,,,,,,,"SIDE-RIGHT",,,,,,,,,,,,,,,,,,,,,,,,,,,,,,,,,
"756098","JC465723","2019-10-09T07:45:00","2","DRIVER",,"718216",,"JEEP","CHEROKEE","IL","1999","UNKNOWN","PASSENGER","PERSONAL","E","STRAIGHT AHEAD",,,"1",,,,,,,,,,"true","true",,"true","true","true",,,"FRONT-LEFT",,,,,,,,,,,,,,,,,,,,,,,,,,,,,,,,,
"756083","JC465714","2019-10-09T07:45:00","1","DRIVER",,"718214",,"UNKNOWN","UNKNOWN",,,"UNKNOWN","UNKNOWN/NA","UNKNOWN/NA","UNKNOWN","UNKNOWN/NA",,,"1",,,,,,,,,,,,,,,,,"true","UNKNOWN",,,,,,,,,,,,,,,,,,,,,,,,,,,,,,,,,
"756084","JC465714","2019-10-09T07:45:00","2","DRIVERLESS",,"718193",,"CHEVROLET","EQUINOX","IL","2016","UNKNOWN","PASSENGER","PERSONAL","N","PARKED",,,"0",,,,,,,"true","true","true",,,,,,,,,"REAR-RIGHT",,,,,,,,,,,,,,,,,,,,,,,,,,,,,,,,,
"756650","JC466688","2019-10-09T07:40:00","1","DRIVER",,"718730",,"PETER PIRSCH & SONS CO., KENOSHA, WI","PETER PIRSCH & SONS CO., KENOSHA, WI","WI",,"UNKNOWN","TRACTOR W/ SEMI-TRAILER","UNKNOWN/NA","N","STRAIGHT AHEAD",,,"1",,,,,,,,,,,,,,,,,"true","UNKNOWN",,,,,,,,,,,,,,,,,,,,,,,,,,,,,,,,,
"756651","JC466688","2019-10-09T07:40:00","2","DRIVER","2","718731",,"JEEP","CHEROKEE","IL","2017","NONE","SPORT UTILITY VEHICLE (SUV)","PERSONAL","N","STRAIGHT AHEAD",,,"3",,,,,,"true","true",,,,,,,,,,,"SIDE-RIGHT",,,,,,,,,,,,,,,,,,,,,,,,,,,,,,,,,
"756441","JC466379","2019-10-09T07:40:00","1","DRIVER",,"718525",,"FORD","EXPLORER","IL","2011","UNKNOWN","SPORT UTILITY VEHICLE (SUV)","UNKNOWN/NA","NW","TURNING RIGHT",,,"1",,,,,,,,,,,,,,,,,,"FRONT",,,,,,,,,,,,,,,,,,,,,,,,,,,,,,,,,
"756442","JC466379","2019-10-09T07:40:00","2","PARKED","2","718539",,"NISSAN","ROGUE","IL","2016","NONE","SPORT UTILITY VEHICLE (SUV)","PERSONAL","N","PARKED",,,"2",,,,,,,,,,,"true",,,,,,,"SIDE-LEFT",,,,,,,,,,,,,,,,,,,,,,,,,,,,,,,,,
"756114","JC465744","2019-10-09T07:40:00","1","DRIVER",,"718217",,"UNKNOWN","UNKNOWN",,,"UNKNOWN","UNKNOWN/NA","OTHER","S","STRAIGHT AHEAD",,,"1",,,,,"true",,,,,,,,,,,"true",,"OTHER",,,,,,,,,,,,,,,,,,,,,,,,,,,,,,,,,
"756115","JC465744","2019-10-09T07:40:00","2","PARKED",,"718222",,"HONDA","ACCORD","IL","1987","NONE","PASSENGER","NOT IN USE","S","PARKED",,,"0",,,,,,,,,,,"true",,,,,,,"FRONT-LEFT",,,,,,,,,,,,,,,,,,,,,,,,,,,,,,,,,
"756087","JC465720","2019-10-09T07:40:00","1","DRIVER",,"718197",,"CHEVROLET","IMPALA","IL","2009","UNKNOWN","PASSENGER","UNKNOWN/NA","S","STRAIGHT AHEAD",,,"1",,,,,,,,,,,,,,,,"true",,"OTHER",,,,,,,,,,,,,,,,,,,,,,,,,,,,,,,,,
"756088","JC465720","2019-10-09T07:40:00","2","DRIVER",,"718202",,"JEEP","Grand Cherokee (for vehicle years 1989 to present)","IL","2016","UNKNOWN","PASSENGER","PERSONAL","S","STRAIGHT AHEAD",,,"1",,,,,,,,,,"true",,,,,,,,"REAR-LEFT",,,,,,,,,,,,,,,,,,,,,,,,,,,,,,,,,
"756067","JC465669","2019-10-09T07:40:00","1","DRIVER",,"718175",,"LEXUS","IS250","IL","2009","NONE","PASSENGER","PERSONAL","S","CHANGING LANES","true",,"1",,"private",,,"true",,,,,,,,,,,,,"FRONT",,,,,,,,,,,,,,,,,,,,,,,,,,,,,,,,,
"756068","JC465669","2019-10-09T07:40:00","2","DRIVER",,"718181",,"HYUNDAI","ELANTRA","IN","2016","NONE","PASSENGER","PERSONAL","S","STRAIGHT AHEAD","true",,"1",,"private",,,,,,,,"true","true","true",,,,,,"FRONT-LEFT",,,,,,,,,,,,,,,,,,,,,,,,,,,,,,,,,
"756521","JC466492","2019-10-09T07:30:00","1","DRIVER",,"718597",,"CHRYSLER","200",,,"NONE","PASSENGER","PERSONAL","N","TURNING RIGHT",,,"1",,,,,,,,,"true","true","true",,,,,,,"REAR-LEFT",,,,,,,,,,,,,,,,,,,,,,,,,,,,,,,,,
"756522","JC466492","2019-10-09T07:30:00","2","DRIVER",,"718603",,"MITSUBISHI","Outlander",,"2011","NONE","SPORT UTILITY VEHICLE (SUV)","PERSONAL","E","STRAIGHT AHEAD",,,"1",,,,,"true",,,,,,,,,,"true","true",,"OTHER",,,,,,,,,,,,,,,,,,,,,,,,,,,,,,,,,
"756122","JC465678","2019-10-09T07:30:00","1","DRIVER",,"718226",,"TOYOTA MOTOR COMPANY, LTD.","Highlander(beginning vehicle year 2001)","IL","2016","NONE","SPORT UTILITY VEHICLE (SUV)","PERSONAL","SE","TURNING LEFT","true",,"1",,"PERSONAL/PRIVATE","GARAGE",,"true",,,,,,,,,,"true","true",,"FRONT",,,,,,,,,,,,,,,,,,,,,,,,,,,,,,,,,
"756123","JC465678","2019-10-09T07:30:00","2","DRIVER",,"718233",,"DODGE","CHARGER","IL","2016","NONE","PASSENGER","PERSONAL","N","STRAIGHT AHEAD","true",,"1",,"STATE FARM TOW","PRIVATE GARAGE",,,,,,,,,,,"true","true","true",,"TOTAL (ALL AREAS)",,,,,,,,,,,,,,,,,,,,,,,,,,,,,,,,,
"756105","JC465666","2019-10-09T07:30:00","1","DRIVER",,"718209",,"HONDA","ACCORD","NC","2012","UNKNOWN","PASSENGER","PERSONAL","S","STRAIGHT AHEAD",,,"1",,,,,,,,,,,,,"true",,,,,"UNDER CARRIAGE",,,,,,,,,,,,,,,,,,,,,,,,,,,,,,,,,
"756106","JC465666","2019-10-09T07:30:00","2","DRIVER",,"718221",,"CHEVROLET","ASTRO","IL","2002","UNKNOWN","VAN/MINI-VAN","OTHER","W","STRAIGHT AHEAD",,,"1",,,,,,,,,,,,,,,,,,"TOTAL (ALL AREAS)",,,,,,,,,,,,,,,,,,,,,,,,,,,,,,,,,
"756073","JC465657","2019-10-09T07:30:00","1","DRIVER",,"718187",,"FORD","FIESTA","IL",,"NONE","PASSENGER","PERSONAL","S","PASSING/OVERTAKING",,,"1",,,,,"true",,,,,,,,,,"true",,,"FRONT",,,,,,,,,,,,,,,,,,,,,,,,,,,,,,,,,
"756074","JC465657","2019-10-09T07:30:00","2","DRIVER",,"718192",,"FORD","EXPLORER","IL",,"NONE","PASSENGER","POLICE","S","STRAIGHT AHEAD",,,"1",,,,,,,"true",,,,,,,,,,,"SIDE-RIGHT",,,,,,,,,,,,,,,,,,,,,,,,,,,,,,,,,
"756075","JC465657","2019-10-09T07:30:00","3","DRIVER",,"718195",,"CHRYSLER","UNKNOWN","IL",,"NONE","PASSENGER","PERSONAL","S","SLOW/STOP IN TRAFFIC",,,"1",,,,,"true",,,,,,,,,,,,,"FRONT",,,,,,,,,,,,,,,,,,,,,,,,,,,,,,,,,
"756728","JC466834","2019-10-09T07:20:00","1","DRIVER",,"718800",,"FORD","FORD","IL","2016","NONE","PICKUP","PERSONAL","N","STRAIGHT AHEAD",,,"1",,,,,,,,,,,,,,,,"true",,"OTHER",,,,,,,,,,,,,,,,,,,,,,,,,,,,,,,,,
"756729","JC466834","2019-10-09T07:20:00","2","DRIVER","1","718802",,"KIA MOTORS CORP","Sportage (sport utility)","IL","2018","NONE","PASSENGER","PERSONAL","N","SLOW/STOP IN TRAFFIC",,,"2",,,,,,,,,,"true",,,,,,,,"REAR-LEFT",,,,,,,,,,,,,,,,,,,,,,,,,,,,,,,,,
"756071","JC465659","2019-10-09T07:20:00","1","DRIVER","2","718178",,"GENERAL MOTORS CORP.","ACADIA","IL","2008","NONE","PASSENGER","PERSONAL","S","STRAIGHT AHEAD",,,"3",,,,,"true",,,,,,,,,,,"true",,"FRONT",,,,,,,,,,,,,,,,,,,,,,,,,,,,,,,,,
"756072","JC465659","2019-10-09T07:20:00","2","DRIVER",,"718186",,"NISSAN","VERSA","IL","2011","NONE","PASSENGER","PERSONAL","N","TURNING LEFT",,,"1",,,,,,,,,"true","true",,,,,,,,"REAR",,,,,,,,,,,,,,,,,,,,,,,,,,,,,,,,,
"756062","JC465647","2019-10-09T07:17:00","1","DRIVER","1","718196",,"CHEVROLET","IMPALA","IL","2003","UNKNOWN","PASSENGER","PERSONAL","N","BACKING","true",,"2",,"CITY",,,,,,"true","true","true",,,,,,,,"REAR",,,,,,,,,,,,,,,,,,,,,,,,,,,,,,,,,
"756203","JC465653","2019-10-09T07:10:00","1","DRIVER",,"718311",,"CHEVROLET","CRUZE","IL","2016","NONE","PASSENGER","PERSONAL","SW","TURNING LEFT",,,"1",,,,,,,,,,,"true",,,,"true",,,"OTHER",,,,,,,,,,,,,,,,,,,,,,,,,,,,,,,,,
"756204","JC465653","2019-10-09T07:10:00","2","DRIVER",,"718316",,"SUBARU","TRIBECA","IL","2007","NONE","SPORT UTILITY VEHICLE (SUV)","PERSONAL","E","STRAIGHT AHEAD","true",,"1",,,,,,,,,,,"true","true",,,,,,"FRONT-LEFT",,,,,,,,,,,,,,,,,,,,,,,,,,,,,,,,,
"756205","JC465653","2019-10-09T07:10:00","3","DRIVER","1","718318",,"NISSAN","NISSAN ALTIMA","IL","2017","NONE","PASSENGER","PERSONAL","SW","TURNING LEFT",,,"2",,,,,"true",,,,,,,,,,,"true",,"FRONT",,,,,,,,,,,,,,,,,,,,,,,,,,,,,,,,,
"756059","JC465656","2019-10-09T07:05:00","1","DRIVER",,"718171",,"BUICK","LACROSSE","IL","2013","UNKNOWN","PASSENGER","PERSONAL","E","SKIDDING/CONTROL LOSS",,,"1",,,,,,,,,,,,,,,"true","true",,"TOTAL (ALL AREAS)",,,,,,,,,,,,,,,,,,,,,,,,,,,,,,,,,
"756060","JC465656","2019-10-09T07:05:00","2","DRIVER","2","718161",,"GENERAL MOTORS CORP.","YUKON","IL","2007","NONE","SPORT UTILITY VEHICLE (SUV)","PERSONAL","E","SLOW/STOP IN TRAFFIC",,,"3",,,,,,,,,"true","true",,,,,,,,"REAR",,,,,,,,,,,,,,,,,,,,,,,,,,,,,,,,,
"756372","JC466284","2019-10-09T07:00:00","1","DRIVER",,"718469",,"FORD","MUSTANG","IL","2015","NONE","PASSENGER","PERSONAL","S","CHANGING LANES",,,"1",,,,,"false","false","false",,,,"true","true","true",,,,,"ROOF",,,,,,,,,,,,,,,,,,,,,,,,,,,,,,,,,
"756373","JC466284","2019-10-09T07:00:00","2","DRIVER",,"718468",,"GENERAL MOTORS CORP.","Envoy",,"2006","NONE","SPORT UTILITY VEHICLE (SUV)","PERSONAL","S","STRAIGHT AHEAD",,,"1",,,,,"true","true",,,,,"false","false","false",,"false",,,"SIDE-RIGHT",,,,,,,,,,,,,,,,,,,,,,,,,,,,,,,,,
"756051","JC465644","2019-10-09T07:00:00","1","DRIVER","2","718159",,"NISSAN","NISSAN MAXIMA","IL","2005","NONE","PASSENGER","PERSONAL","E","TURNING LEFT",,,"3",,,,,"true",,,,,,,,,,,,,"FRONT",,,,,,,,,,,,,,,,,,,,,,,,,,,,,,,,,
"756052","JC465644","2019-10-09T07:00:00","2","DRIVER",,"718163",,"TOYOTA MOTOR COMPANY, LTD.","UNKNOWN","IL","2019","UNKNOWN","UNKNOWN/NA","PERSONAL","N","STRAIGHT AHEAD",,,"1",,,,,,,,,,,,,,,"true",,,"TOTAL (ALL AREAS)",,,,,,,,,,,,,,,,,,,,,,,,,,,,,,,,,
"756053","JC465642","2019-10-09T07:00:00","1","DRIVER",,"718158",,"CHRYSLER","Pacifica (Sport Wagon)","IL","2005","UNKNOWN","PASSENGER","PERSONAL","N","STRAIGHT AHEAD",,,"1",,,,,"true",,,,,,,,,,,,,"FRONT",,,,,,,,,,,,,,,,,,,,,,,,,,,,,,,,,
"756054","JC465642","2019-10-09T07:00:00","2","DRIVER",,"718167",,"HONDA","CIVIC","IL","2004","UNKNOWN","PASSENGER","PERSONAL","N","STRAIGHT AHEAD",,,"1",,,,,,,,,,,"true","true","true",,,,,"ROOF",,,,,,,,,,,,,,,,,,,,,,,,,,,,,,,,,
"756047","JC465634","2019-10-09T07:00:00","1","DRIVER",,"718164",,"TOYOTA MOTOR COMPANY, LTD.","4RUNNER","IL","2007","NONE","SPORT UTILITY VEHICLE (SUV)","PERSONAL","SE","TURNING LEFT","true",,"1",,,,,,,,,,,,,,,"true",,,"TOTAL (ALL AREAS)",,,,,,,,,,,,,,,,,,,,,,,,,,,,,,,,,
"756048","JC465634","2019-10-09T07:00:00","2","DRIVER",,"718170",,"BMW","2000 SERIES","IL","1969","NONE","PASSENGER","NOT IN USE","N","STRAIGHT AHEAD","true",,"1",,,,,,,,,,,,,,,"true",,,"TOTAL (ALL AREAS)",,,,,,,,,,,,,,,,,,,,,,,,,,,,,,,,,
"756037","JC465636","2019-10-09T06:50:00","1","DRIVER",,"718146",,"FORD","EDGE","IL","2016","UNKNOWN","PASSENGER","UNKNOWN/NA","S","TURNING LEFT",,,"1",,,,,,,,,,,,"true","true",,,,,"FRONT-LEFT",,,,,,,,,,,,,,,,,,,,,,,,,,,,,,,,,
"756038","JC465636","2019-10-09T06:50:00","2","DRIVER",,"718148",,"TOYOTA MOTOR COMPANY, LTD.","COROLLA","IL","2001","UNKNOWN","PASSENGER","UNKNOWN/NA","W","STRAIGHT AHEAD",,,"1",,,,,,,,,,,,,,,,"true",,"OTHER",,,,,,,,,,,,,,,,,,,,,,,,,,,,,,,,,
"757004","JC466693","2019-10-09T06:45:00","1","DRIVER",,"719068",,"CHEVROLET","UNKNOWN","IL","2012","NONE","PASSENGER","PERSONAL","E","STRAIGHT AHEAD",,,"1",,,,,,,,,,,,,,,,"true",,"OTHER",,,,,,,,,,,,,,,,,,,,,,,,,,,,,,,,,
"757005","JC466693","2019-10-09T06:45:00","2","DRIVER",,"719069",,"HYUNDAI","TUCSON","IL","2019","NONE","PASSENGER","PERSONAL","E","STRAIGHT AHEAD",,,"1",,,,,,,,,,"true",,,,,,,,"REAR-LEFT",,,,,,,,,,,,,,,,,,,,,,,,,,,,,,,,,
"756061","JC465630","2019-10-09T06:38:00","1","DRIVER",,"718172",,"VOLVO","UNKNOWN","MA","2014","UNKNOWN","UNKNOWN/NA","OTHER","N","STRAIGHT AHEAD",,,"1",,,,,,,,,,,,,,,,,,,,,,,,,,,,,,,,,,,,,,,,,,,,,,,,,,,
"756035","JC465626","2019-10-09T06:35:00","1","DRIVER",,"718151",,"JEEP","Grand Cherokee (for vehicle years 1989 to present)","IL","2014","NONE","SPORT UTILITY VEHICLE (SUV)","PERSONAL","E","TURNING LEFT",,,"1",,,,,,,,,,,,,,,"true",,,"TOTAL (ALL AREAS)",,,,,,,,,,,,,,,,,,,,,,,,,,,,,,,,,
"756036","JC465626","2019-10-09T06:35:00","2","PEDESTRIAN",,,,,,,,,,,,,,,,,,,,,,,,,,,,,,,,,,,,,,,,,,,,,,,,,,,,,,,,,,,,,,,,,,
"756055","JC465632","2019-10-09T06:29:00","1","DRIVER",,"718162",,"CHRYSLER","200","IL","2015","NONE","PASSENGER","PERSONAL","E","TURNING RIGHT","true",,"1",,"PERSONAL TOW","PERSONAL TOW",,"true","true",,,,,,,,,,,,"FRONT",,,,,,,,,,,,,,,,,,,,,,,,,,,,,,,,,
"756056","JC465632","2019-10-09T06:29:00","2","PARKED",,"718169",,"NISSAN","NISSAN ALTIMA","IL","2015","NONE","PASSENGER","PERSONAL","E","PARKED",,,"0",,,,,,,,,,,"true","true",,,,,,"FRONT-LEFT",,,,,,,,,,,,,,,,,,,,,,,,,,,,,,,,,
"756028","JC465621","2019-10-09T06:16:00","1","DRIVER",,"718145",,"TOYOTA MOTOR COMPANY, LTD.","COROLLA","IL","2014","UNKNOWN","PASSENGER","PERSONAL","E","SLOW/STOP IN TRAFFIC",,,"1",,,,,"true",,,,,,,,,,"true","true",,"OTHER",,,,,,,,,,,,,,,,,,,,,,,,,,,,,,,,,
"756029","JC465621","2019-10-09T06:16:00","2","DRIVER",,"718152",,"HYUNDAI","UNKNOWN","IL","2001","UNKNOWN","PASSENGER","PERSONAL","E","SLOW/STOP IN TRAFFIC",,,"1",,,,,"true",,,,"true","true","true",,,,"true","true",,"REAR-LEFT",,,,,,,,,,,,,,,,,,,,,,,,,,,,,,,,,
"756030","JC465621","2019-10-09T06:16:00","3","DRIVER","1","718155",,"CHEVROLET","UNKNOWN","IL","2014","UNKNOWN","SPORT UTILITY VEHICLE (SUV)","PERSONAL","E","SLOW/STOP IN TRAFFIC",,,"2",,,,,,,,,"true","true","true",,,,,,,"REAR-LEFT",,,,,,,,,,,,,,,,,,,,,,,,,,,,,,,,,
"757786","JC468755","2019-10-09T06:00:00","1","DRIVER",,"719812",,"UNKNOWN","UNKNOWN",,,"UNKNOWN","UNKNOWN/NA","UNKNOWN/NA","UNKNOWN","UNKNOWN/NA",,,"1",,,,,,,,,,,,,,,,,"true","UNKNOWN",,,,,,,,,,,,,,,,,,,,,,,,,,,,,,,,,
"757787","JC468755","2019-10-09T06:00:00","2","PARKED",,"719824",,"NISSAN","ROGUE","IL","2016","NONE","PASSENGER","NOT IN USE","N","PARKED",,,"0",,,,,"false",,,,,,,,,,,"true",,"OTHER",,,,,,,,,,,,,,,,,,,,,,,,,,,,,,,,,
"756696","JC466784","2019-10-09T06:00:00","1","DRIVER",,"718794",,"UNKNOWN","UNKNOWN","IL",,"NONE","PICKUP","UNKNOWN/NA","UNKNOWN","UNKNOWN/NA",,,"1",,,,,,,,,,,,,,,,,,"UNKNOWN",,,,,,,,,,,,,,,,,,,,,,,,,,,,,,,,,
"756697","JC466784","2019-10-09T06:00:00","2","PARKED",,"718772",,"NISSAN","Titan","IL","2008","NONE","PICKUP","PERSONAL","N","PARKED",,,"0",,,,,,,,,,,,,"true","true","true","true",,,,,,,,,,,,,,,,,,,,,,,,,,,,,,,,,,,
"756262","JC466090","2019-10-09T06:00:00","1","DRIVER",,"718829",,"UNKNOWN","UNKNOWN",,,"UNKNOWN","UNKNOWN/NA","UNKNOWN/NA","UNKNOWN","UNKNOWN/NA",,,"1",,,,,,,,,,,,,,,,,"true","UNKNOWN",,,,,,,,,,,,,,,,,,,,,,,,,,,,,,,,,
"756263","JC466090","2019-10-09T06:00:00","2","PARKED",,"718362",,"JEEP","Jeepster,Utility Wag(for vehicle years 1989 to present)","IL","2012","UNKNOWN","SPORT UTILITY VEHICLE (SUV)","PERSONAL","W","PARKED",,,"0",,,,,"true",,,,,,,,,,"true","true",,"OTHER",,,,,,,,,,,,,,,,,,,,,,,,,,,,,,,,,
"756033","JC465625","2019-10-09T06:00:00","1","DRIVER","3","718147","true","FLEET CAP'N TRAILERS","FLEET CAP'N TRAILERS","IL","2006","UNKNOWN","BUS OVER 15 PASS.","SCHOOL BUS","E","TURNING RIGHT",,,"4",,,,,,"true","true","true",,,,,,,,,,"SIDE-RIGHT","8370",,,,"DRIVER",,"AM BUS COMPANY, AM MANAGEMENT","IL","CHICAGO",,,,,,,,,,,,,,,,,,,"BUS","BUS",,,,
"756034","JC465625","2019-10-09T06:00:00","2","PARKED",,"718157",,"HONDA","CRV","IL","2017","UNKNOWN","SPORT UTILITY VEHICLE (SUV)","UNKNOWN/NA","E","PARKED",,,"0",,,,,,,,,,,"true","true","true","true","true",,,"FRONT-LEFT",,,,,,,,,,,,,,,,,,,,,,,,,,,,,,,,,
"756021","JC465622","2019-10-09T05:55:00","1","DRIVER",,"718138",,"DODGE","NEON","IL","2002","NONE","PASSENGER","PERSONAL","N","STRAIGHT AHEAD",,,"1",,,,,,,,,,,,,,,"true","true",,"OTHER",,,,,,,,,,,,,,,,,,,,,,,,,,,,,,,,,
"756022","JC465622","2019-10-09T05:55:00","2","DRIVER",,"718142",,"TOYOTA MOTOR COMPANY, LTD.","CAMRY","IL","2019","NONE","PASSENGER","PERSONAL","N","STRAIGHT AHEAD",,,"1",,,,,,,,,"true","true",,,,,,,,"REAR-LEFT",,,,,,,,,,,,,,,,,,,,,,,,,,,,,,,,,
"756023","JC465617","2019-10-09T05:40:00","1","DRIVER",,"718139",,"UNKNOWN","UNKNOWN","XX",,"TIRES","SINGLE UNIT TRUCK WITH TRAILER","UNKNOWN/NA","N","STRAIGHT AHEAD",,,"1",,,,,,,,,,,,,,,,,"true","UNKNOWN",,,,,,,,,,,,,,,,,,,,,,,,,,,,,,,,,
"756017","JC465612","2019-10-09T05:33:00","1","DRIVER",,"718133",,"NISSAN","VERSA","IL","2011","NONE","PASSENGER","PERSONAL","NE","TURNING RIGHT",,,"1",,,,,,"true","true","true","false",,,,,,,,,"SIDE-RIGHT",,,,,,,,,,,,,,,,,,,,,,,,,,,,,,,,,