"crash_unit_id","rd_no","crash_date","unit_no","unit_type","num_passengers","vehicle_id","cmrc_veh_i","make","model","lic_plate_state","vehicle_year","vehicle_defect","vehicle_type","vehicle_use","travel_direction","maneuver","towed_i","fire_i","occupant_cnt","exceed_speed_limit_i","towed_by","towed_to","area_00_i","area_01_i","area_02_i","area_03_i","area_04_i","area_05_i","area_06_i","area_07_i","area_08_i","area_09_i","area_10_i","area_11_i","area_12_i","area_99_i","first_contact_point","cmv_id","usdot_no","ccmc_no","ilcc_no","commercial_src","gvwr","carrier_name","carrier_state","carrier_city","hazmat_placards_i","hazmat_name","un_no","hazmat_present_i","hazmat_report_i","hazmat_report_no","mcs_report_i","mcs_report_no","hazmat_vio_cause_crash_i","mcs_vio_cause_crash_i","idot_permit_no","wide_load_i","trailer1_width","trailer2_width","trailer1_length","trailer2_length","total_vehicle_length","axle_cnt","vehicle_config","cargo_body_type","load_type","hazmat_out_of_service_i","mcs_out_of_service_i","hazmat_class"
"756354","JC465267","2019-10-08T19:10:00","2","DRIVER",,"718450",,"TOYOTA MOTOR COMPANY, LTD.","CAMRY","IL","2014","NONE","PASSENGER","PERSONAL","W","STRAIGHT AHEAD",,,"1",,,,,,,,,,,,"true","true",,,,,"FRONT-LEFT",,,,,,,,,,,,,,,,,,,,,,,,,,,,,,,,,
"755925","JC465245","2019-10-08T19:07:00","1","DRIVER",,"718031",,"JEEP","CHEROKEE","IL","2018","NONE","PASSENGER","PERSONAL","E","TURNING LEFT","true",,"1",,"private tow",,,"true","true",,,,,,,,,,"true",,"FRONT",,,,,,,,,,,,,,,,,,,,,,,,,,,,,,,,,
"755926","JC465245","2019-10-08T19:07:00","2","DRIVER","1","718036",,"CHEVROLET","COBALT","IL","2008","NONE","PASSENGER","PERSONAL","W","STRAIGHT AHEAD","true",,"2",,"private tow",,,"true","true",,,,,,,,"true","true","true",,"OTHER",,,,,,,,,,,,,,,,,,,,,,,,,,,,,,,,,
"755917","JC465292","2019-10-08T19:05:00","1","DRIVER","1","718021","true","MACK TRUCKS, INC.","MACK TRUCKS, INC.","IL","2001","NONE","TRUCK - SINGLE UNIT","COMMERCIAL - SINGLE UNIT","N","STRAIGHT AHEAD",,,"2",,,,,"true",,,,,,,,,,"true","true",,"OTHER","8367",,,"212051","DRIVER","3","ENT LTD GARGOYLES","IL","BURBANK",,,,,,,,,,,,,,,,,"32","5","SINGLE UNIT TRUCK, 3 OR MORE AXLES","DUMP",,,,
"755918","JC465292","2019-10-08T19:05:00","2","DRIVER","2","718027",,"SUBARU","LEGACY","IL","2003","NONE","PASSENGER","PERSONAL","N","SLOW/STOP IN TRAFFIC",,,"3",,,,,,,,,"true","true","true",,,,,,,"REAR-LEFT",,,,,,,,,,,,,,,,,,,,,,,,,,,,,,,,,
"755921","JC465256","2019-10-08T19:05:00","1","DRIVER","1","718028",,"DODGE","DART","IL","2014","NONE","PASSENGER","PERSONAL","W","TURNING LEFT","true",,"2",,"PRIVATE TOW","UNKNOWN",,,,,,"true","true",,,,,,,,"REAR",,,,,,,,,,,,,,,,,,,,,,,,,,,,,,,,,
"755922","JC465256","2019-10-08T19:05:00","2","DRIVER",,"718033",,"DODGE","GRAND CARAVAN","IL","2012","NONE","VAN/MINI-VAN","PERSONAL","W","STRAIGHT AHEAD","true",,"1",,"PRIVATE TOW","UNKNOWN",,"true",,,,,,,,,,"true","true",,"OTHER",,,,,,,,,,,,,,,,,,,,,,,,,,,,,,,,,
"756326","JC466193","2019-10-08T19:00:00","1","DRIVER",,"718419",,"NISSAN","NISSAN ALTIMA","IL","2013","UNKNOWN","PASSENGER","PERSONAL","UNKNOWN","BACKING",,,"1",,,,,,,,,,"true","true",,,,,,,"SIDE-LEFT",,,,,,,,,,,,,,,,,,,,,,,,,,,,,,,,,
"756327","JC466193","2019-10-08T19:00:00","2","DRIVER",,"718425",,"HONDA","HONDA","IL","2018","NONE","PASSENGER","PERSONAL","W","STRAIGHT AHEAD",,,"1",,,,,,,,,,,,,,,"true",,,"TOTAL (ALL AREAS)",,,,,,,,,,,,,,,,,,,,,,,,,,,,,,,,,
"756227","JC465933","2019-10-08T19:00:00","1","DRIVER",,"718335",,"CHEVROLET","Trail Blazer","IL","2008","UNKNOWN","PASSENGER","PERSONAL","W","OTHER",,,"1",,,,,,,,,,,,,,,"true",,,"TOTAL (ALL AREAS)",,,,,,,,,,,,,,,,,,,,,,,,,,,,,,,,,
"756228","JC465933","2019-10-08T19:00:00","2","PARKED","1","718339",,"FORD","Focus","IL","2008","UNKNOWN","PASSENGER","PERSONAL","W","PARKED",,,"1",,,,,"true","true","true",,,,,,,,,,,"SIDE-RIGHT",,,,,,,,,,,,,,,,,,,,,,,,,,,,,,,,,
"755897","JC465268","2019-10-08T19:00:00","1","DRIVER","1","718007",,"HYUNDAI","Accent","IL","2010","NONE","PASSENGER","PERSONAL","S","STRAIGHT AHEAD",,,"2",,,,,,,,,,,,,,,,,,"OTHER",,,,,,,,,,,,,,,,,,,,,,,,,,,,,,,,,
"755898","JC465268","2019-10-08T19:00:00","2","DRIVER",,"718015",,"HONDA","CRV",,"2013","NONE","SPORT UTILITY VEHICLE (SUV)","PERSONAL","W","STRAIGHT AHEAD",,,"1",,,,,"true",,,,,,,,,,,,,"FRONT",,,,,,,,,,,,,,,,,,,,,,,,,,,,,,,,,
"755891","JC465229","2019-10-08T19:00:00","1","DRIVER",,"718003",,"FORD","Focus","IL","2016","NONE","PASSENGER","PERSONAL","N","STRAIGHT AHEAD",,,"1",,,,,"true",,,,,,,,,,,,,"FRONT",,,,,,,,,,,,,,,,,,,,,,,,,,,,,,,,,
"755892","JC465229","2019-10-08T19:00:00","2","DRIVER","1","718004",,"HONDA","UNKNOWN","IL","2013","NONE","PASSENGER","PERSONAL","N","STRAIGHT AHEAD",,,"2",,,,,,,,,,,,"true","true","true",,,,"ROOF",,,,,,,,,,,,,,,,,,,,,,,,,,,,,,,,,
"756274","JC465239","2019-10-08T18:40:00","1","DRIVER",,"718513",,"CHEVROLET","CRUZE","IL","2014","NONE","PASSENGER","PERSONAL","S","OTHER","true",,"1",,"STREETS AND SANITATION","323 E LOWER WACKER DRIVE",,"true","true","true","true",,,,"true","true","true","true","true",,"OTHER",,,,,,,,,,,,,,,,,,,,,,,,,,,,,,,,,
"756275","JC465239","2019-10-08T18:40:00","2","DRIVER",,"718549",,"CADILLAC","UNKNOWN","IL","2013","NONE","PASSENGER","PERSONAL","S","STRAIGHT AHEAD",,,"1",,,,,,,,,,"true","true","true","true","true","true",,,"REAR-LEFT",,,,,,,,,,,,,,,,,,,,,,,,,,,,,,,,,
"756276","JC465239","2019-10-08T18:40:00","3","DRIVER",,"718586",,"NISSAN","Pathfinder","IL","2015","NONE","PASSENGER","PERSONAL","S","STRAIGHT AHEAD",,,"2",,,,,"true","true","true","true","true",,,,,,,,,"REAR",,,,,,,,,,,,,,,,,,,,,,,,,,,,,,,,,
"756637","JC465239","2019-10-08T18:40:00","4","DRIVER","1","718719",,"TOYOTA MOTOR COMPANY, LTD.","CAMRY","IN","2016","NONE","PASSENGER","RIDESHARE SERVICE","S","STRAIGHT AHEAD",,,"2",,,,,,,,,,,"true","true","true","true","true",,,"SIDE-LEFT",,,,,,,,,,,,,,,,,,,,,,,,,,,,,,,,,
"755929","JC465217","2019-10-08T18:15:00","1","DRIVER",,"718040",,"CHEVROLET","MALIBU (CHEVELLE)","IL","2018","UNKNOWN","PASSENGER","PERSONAL","S","STRAIGHT AHEAD","true",,"1",,,,,"true",,,,,,,,,,"true","true",,"OTHER",,,,,,,,,,,,,,,,,,,,,,,,,,,,,,,,,
"755930","JC465217","2019-10-08T18:15:00","2","DRIVER",,"718043",,"FORD","F150","IL","2001","UNKNOWN","PASSENGER","PERSONAL","W","STRAIGHT AHEAD",,,"1",,,,,"true",,,,,,,,,,,,,,,,,,,,,,,,,,,,,,,,,,,,,,,,,,,,,,
"755954","JC465404","2019-10-08T18:00:00","1","DRIVER",,"718065",,"CHEVROLET","MALIBU (CHEVELLE)","IL","2018","NONE","PASSENGER","PERSONAL","E","STRAIGHT AHEAD",,,"1",,,,,,,,,,"true",,,,,,,,"REAR-LEFT",,,,,,,,,,,,,,,,,,,,,,,,,,,,,,,,,
"755955","JC465404","2019-10-08T18:00:00","2","DRIVER",,"718069",,"CHEVROLET","IMPALA","IL","2014","NONE","PASSENGER","PERSONAL","W","STRAIGHT AHEAD",,,"1",,,,,,,,,,"true",,,,,,,,"REAR-LEFT",,,,,,,,,,,,,,,,,,,,,,,,,,,,,,,,,
"755946","JC465365","2019-10-08T18:00:00","1","DRIVER",,"718055",,"HONDA","UNKNOWN","IL","2012","UNKNOWN","SPORT UTILITY VEHICLE (SUV)","PERSONAL","S","TURNING LEFT",,,"1",,,,,,,,,"true",,,,,,,,,"REAR",,,,,,,,,,,,,,,,,,,,,,,,,,,,,,,,,
"755947","JC465365","2019-10-08T18:00:00","2","DRIVER",,"718058",,"FORD","FUSION","IL","2011","UNKNOWN","PASSENGER","PERSONAL","N","STRAIGHT AHEAD",,,"1",,,,,"true",,,,,,,,,,,,,"FRONT",,,,,,,,,,,,,,,,,,,,,,,,,,,,,,,,,
"755875","JC465198","2019-10-08T18:00:00","1","DRIVER",,"717986",,"MITSUBISHI","UNKNOWN","IL","2017","UNKNOWN","TRUCK - SINGLE UNIT","UNKNOWN/NA","N","UNKNOWN/NA",,,"1",,,,,,,,,,"false",,,,,,,"true","REAR-LEFT",,,,,,,,,,,,,,,,,,,,,,,,,,,,,,,,,
"755876","JC465198","2019-10-08T18:00:00","2","PARKED",,"717993",,"LEXUS","RX300","IL","2010","NONE","PASSENGER","PERSONAL","N","PARKED",,,"0",,,,,,,,,,"true","true",,,,,,,"ROOF",,,,,,,,,,,,,,,,,,,,,,,,,,,,,,,,,
"756740","JC465447","2019-10-08T17:59:00","1","DRIVER",,"718816",,"FORD","FUSION","IL","2012","NONE","UNKNOWN/NA","UNKNOWN/NA","UNKNOWN","BACKING",,,"1",,,,,,,,,,,,,,,,,"true","UNKNOWN",,,,,,,,,,,,,,,,,,,,,,,,,,,,,,,,,
"756741","JC465447","2019-10-08T17:59:00","2","DRIVER",,"718818",,"TOYOTA MOTOR COMPANY, LTD.","CAMRY","IL","2013","NONE","PASSENGER","PERSONAL","UNKNOWN","STRAIGHT AHEAD",,,"1",,,,,,,,,,,,"true","true","true","false",,,"ROOF",,,,,,,,,,,,,,,,,,,,,,,,,,,,,,,,,
"755907","JC465271","2019-10-08T17:56:00","1","DRIVER",,"718011",,"TOYOTA MOTOR COMPANY, LTD.","CAMRY","IL","2008","UNKNOWN","PASSENGER","UNKNOWN/NA","UNKNOWN","UNKNOWN/NA",,,"1",,,,,,,,,,,,,,,,,"true","OTHER",,,,,,,,,,,,,,,,,,,,,,,,,,,,,,,,,
"755908","JC465271","2019-10-08T17:56:00","2","DRIVER",,"718017",,"CHRYSLER","300","TN","2006","UNKNOWN","UNKNOWN/NA","UNKNOWN/NA","W","STRAIGHT AHEAD",,,"1",,,,,"true",,,,,,,,,,,"true",,"OTHER",,,,,,,,,,,,,,,,,,,,,,,,,,,,,,,,,
"755871","JC465186","2019-10-08T17:45:00","1","DRIVER","1","717976",,"JEEP","Grand Cherokee (for vehicle years 1989 to present)","IL","2015","UNKNOWN","UNKNOWN/NA","UNKNOWN/NA","S","MERGING",,,"2",,,,,,,,,,,"true",,,,,,,"FRONT-LEFT",,,,,,,,,,,,,,,,,,,,,,,,,,,,,,,,,
"755872","JC465186","2019-10-08T17:45:00","2","DRIVER",,"717980",,"DODGE","JOURNEY","IL","2018","NONE","PASSENGER","PERSONAL","S","STRAIGHT AHEAD",,,"1",,,,,"true","true",,,,,,,,,,,,"FRONT",,,,,,,,,,,,,,,,,,,,,,,,,,,,,,,,,
"755867","JC465167","2019-10-08T17:40:00","1","DRIVER",,"717974",,"HONDA","CRV","IL","2014","UNKNOWN","PASSENGER","PERSONAL","SE","STRAIGHT AHEAD",,,"1",,,,,"true",,,,,,,,,,"true","true",,"OTHER",,,,,,,,,,,,,,,,,,,,,,,,,,,,,,,,,
"755868","JC465167","2019-10-08T17:40:00","2","DRIVER",,"717982",,"SUBARU","360 (various styles)","IL","2016","UNKNOWN","PASSENGER","PERSONAL","SE","SLOW/STOP IN TRAFFIC",,,"1",,,,,,,,"true","true","true",,,,,,,,"REAR",,,,,,,,,,,,,,,,,,,,,,,,,,,,,,,,,
"755895","JC465214","2019-10-08T17:30:00","1","DRIVER",,"718019",,"KIA MOTORS CORP","Sportage (sport utility)","IL","2017","NONE","PASSENGER","PERSONAL","UNKNOWN","U-TURN",,,"1",,,,,,,,,,,,,,,,,,"UNKNOWN",,,,,,,,,,,,,,,,,,,,,,,,,,,,,,,,,
"755896","JC465214","2019-10-08T17:30:00","2","DRIVER",,"718026",,"FORD","ESCAPE (SUV)","IL","2006","NONE","PASSENGER","PERSONAL","UNKNOWN","STRAIGHT AHEAD",,,"1",,,,,,,,,,,,,,,,,,"SIDE-LEFT",,,,,,,,,,,,,,,,,,,,,,,,,,,,,,,,,
"755850","JC465153","2019-10-08T17:30:00","1","DRIVER",,"717955",,"HYUNDAI","ELANTRA","IL","2018","NONE","PASSENGER","PERSONAL","W","STRAIGHT AHEAD",,,"1",,,,,,"true","true",,,,,,,,,,,"SIDE-RIGHT",,,,,,,,,,,,,,,,,,,,,,,,,,,,,,,,,
"755851","JC465153","2019-10-08T17:30:00","2","DRIVER",,"717961",,"BUICK","Rendezvous","IL","2007","NONE","SPORT UTILITY VEHICLE (SUV)","PERSONAL","W","TURNING LEFT",,,"1",,,,,,,,,,,,,,,"true",,,"TOTAL (ALL AREAS)",,,,,,,,,,,,,,,,,,,,,,,,,,,,,,,,,
"756547","JC466456","2019-10-08T17:29:00","1","DRIVER",,"718648",,"FORD","UNKNOWN","IL","2018","UNKNOWN","VAN/MINI-VAN","UNKNOWN/NA","N","STRAIGHT AHEAD",,,"1",,,,,"true",,,,,,,,,,"true","true",,"OTHER",,,,,,,,,,,,,,,,,,,,,,,,,,,,,,,,,
"756548","JC466456","2019-10-08T17:29:00","2","DRIVER",,"718642",,"CHEVROLET","CRUZE","IL","2013","UNKNOWN","PASSENGER","PERSONAL","W","STRAIGHT AHEAD","true",,"1",,"PRIVATE TOW",,,,,,,,,"true","true","true","true","true",,,"ROOF",,,,,,,,,,,,,,,,,,,,,,,,,,,,,,,,,
"755859","JC465109","2019-10-08T17:25:00","1","PEDESTRIAN",,,,,,,,,,,,,,,,,,,,,,,,,,,,,,,,,,,,,,,,,,,,,,,,,,,,,,,,,,,,,,,,,,
"755860","JC465109","2019-10-08T17:25:00","2","DRIVER",,"717973",,"HYUNDAI","UNKNOWN","IL","2002","NONE","PASSENGER","PERSONAL","W","STRAIGHT AHEAD",,,"1",,,,,,,"true",,,,,,,,,,,"SIDE-RIGHT",,,,,,,,,,,,,,,,,,,,,,,,,,,,,,,,,
"755817","JC465085","2019-10-08T17:25:00","1","DRIVER",,"717922",,"HONDA","ACCORD","IN","2001","NONE","PASSENGER","PERSONAL","W","STRAIGHT AHEAD",,,"1",,,,,,,,,,,,,,,,"true",,"OTHER",,,,,,,,,,,,,,,,,,,,,,,,,,,,,,,,,
"755818","JC465085","2019-10-08T17:25:00","2","DRIVER",,"717962",,"CHEVROLET","EQUINOX","TN","2019","NONE","PASSENGER","PERSONAL","W","STRAIGHT AHEAD",,,"1",,,,,,,,,,"true",,,,,,,,"REAR-LEFT",,,,,,,,,,,,,,,,,,,,,,,,,,,,,,,,,
"755905","JC465161","2019-10-08T17:22:00","1","DRIVER",,"718022",,"JEEP","Grand Cherokee (for vehicle years 1989 to present)","IL","2014","NONE","PASSENGER","PERSONAL","E","BACKING",,,"1",,,,,,,,,,"true",,,,,,,,"REAR-LEFT",,,,,,,,,,,,,,,,,,,,,,,,,,,,,,,,,
"755906","JC465161","2019-10-08T17:22:00","2","DRIVER",,"718032",,"HYUNDAI","UNKNOWN","IL","2019","NONE","PASSENGER","PERSONAL","N","STRAIGHT AHEAD",,,"1",,,,,,,,,,,,,"true","true",,,,,,,,,,,,,,,,,,,,,,,,,,,,,,,,,,,,,
"757255","JC465146","2019-10-08T17:21:00","1","DRIVER",,"719291",,"MERCURY","MARINER",,,"UNKNOWN","SPORT UTILITY VEHICLE (SUV)","UNKNOWN/NA","S","BACKING",,,"1",,,,,,,,"true",,,,,,,,,,"REAR-RIGHT",,,,,,,,,,,,,,,,,,,,,,,,,,,,,,,,,
"757256","JC465146","2019-10-08T17:21:00","2","DRIVER",,"719292",,"HYUNDAI","ELANTRA","IL",,"NONE","PASSENGER","PERSONAL","N","BACKING",,,"1",,,,,,,,,,"false",,,,,,,,"REAR",,,,,,,,,,,,,,,,,,,,,,,,,,,,,,,,,
"755819","JC465108","2019-10-08T17:20:00","1","DRIVER",,"717918",,"HYUNDAI","SONATA","IL","2016","NONE","PASSENGER","PERSONAL","W","MERGING",,,"1",,,,,,,,,,,,,,"true",,,,"ROOF",,,,,,,,,,,,,,,,,,,,,,,,,,,,,,,,,
"755820","JC465108","2019-10-08T17:20:00","2","DRIVER",,"717930",,"FORD","F150","IL","2012","NONE","PICKUP","PERSONAL","W","STRAIGHT AHEAD",,,"1",,,,,"true",,,,,,,,,,,,,"SIDE-RIGHT",,,,,,,,,,,,,,,,,,,,,,,,,,,,,,,,,
"755861","JC465168","2019-10-08T17:15:00","1","DRIVER",,"717966",,"MERCEDES-BENZ","G500","IL","2003","UNKNOWN","SPORT UTILITY VEHICLE (SUV)","UNKNOWN/NA","N","UNKNOWN/NA",,,"1",,,,,"false",,,,"false","false","false",,,,"false","false",,"OTHER",,,,,,,,,,,,,,,,,,,,,,,,,,,,,,,,,
"755862","JC465168","2019-10-08T17:15:00","2","DRIVER",,"717977",,"ACURA","ACURA","IL","2019","NONE","PASSENGER","PERSONAL","N","SLOW/STOP IN TRAFFIC",,,"1",,,,,,,,,"true","true","true",,,,,,,"REAR-LEFT",,,,,,,,,,,,,,,,,,,,,,,,,,,,,,,,,
"755909","JC465099","2019-10-08T17:14:00","1","DRIVER","1","718029",,"ACURA","ACURA","IL","2005","BRAKES","PASSENGER","PERSONAL","N","STRAIGHT AHEAD","true",,"2",,,,,,,,,,,,"true","true",,,"true",,"OTHER",,,,,,,,,,,,,,,,,,,,,,,,,,,,,,,,,
"755910","JC465099","2019-10-08T17:14:00","2","DRIVER",,"718035",,"TOYOTA MOTOR COMPANY, LTD.","COROLLA","IL","2016","NONE","PASSENGER","PERSONAL","S","TURNING LEFT","true",,"1",,,,,,,,,,,"true","true",,,,"true",,"OTHER",,,,,,,,,,,,,,,,,,,,,,,,,,,,,,,,,
"755825","JC465071","2019-10-08T17:12:00","1","DRIVER","1","717928",,"CHEVROLET","BLAZER","IL","2000","NONE","SPORT UTILITY VEHICLE (SUV)","PERSONAL","N","CHANGING LANES","true",,"2",,"private","unk",,"true","true",,,,,,,,,"true","true",,"FRONT",,,,,,,,,,,,,,,,,,,,,,,,,,,,,,,,,
"755826","JC465071","2019-10-08T17:12:00","2","DRIVER",,"717952",,"FORD","ESCORT","IL","2002","NONE","PASSENGER","PERSONAL","N","STRAIGHT AHEAD",,,"1",,,,,,,,,,,"true","true","true","false","false",,,"ROOF",,,,,,,,,,,,,,,,,,,,,,,,,,,,,,,,,
"755798","JC465075","2019-10-08T17:10:00","1","DRIVER",,"717911",,"HONDA","ACCORD","IL",,"UNKNOWN","PASSENGER","PERSONAL","S","LEAVING TRAFFIC LANE TO PARK",,,"1",,,,,,,,,,,,,,,,,,"FRONT",,,,,,,,,,,,,,,,,,,,,,,,,,,,,,,,,
"755799","JC465075","2019-10-08T17:10:00","2","PARKED",,"717907",,"BUICK","UNKNOWN","IL",,"UNKNOWN","SPORT UTILITY VEHICLE (SUV)","PERSONAL","S","PARKED",,,"1",,,,,,,,,,,,,,,,,,"SIDE-LEFT",,,,,,,,,,,,,,,,,,,,,,,,,,,,,,,,,
"755807","JC465084","2019-10-08T17:07:00","1","DRIVER","1","717924",,"SATURN","UNKNOWN","IL","2008","UNKNOWN","PASSENGER","UNKNOWN/NA","S","STRAIGHT AHEAD",,,"2",,,,,,,,,,,,,,,,,"true","OTHER",,,,,,,,,,,,,,,,,,,,,,,,,,,,,,,,,
"755808","JC465084","2019-10-08T17:07:00","2","DRIVER",,"717917",,"AUDI","A4","IN","2013","NONE","PASSENGER","PERSONAL","S","STRAIGHT AHEAD",,,"1",,,,,,,,,,"true",,,,,,,,"REAR-LEFT",,,,,,,,,,,,,,,,,,,,,,,,,,,,,,,,,
"757225","JC467641","2019-10-08T17:00:00","1","DRIVER",,"719272",,"UNKNOWN","UNKNOWN","IL",,"UNKNOWN","UNKNOWN/NA","UNKNOWN/NA","UNKNOWN","UNKNOWN/NA",,,"1",,,,,,,,,,,,,,,,,"true","UNKNOWN",,,,,,,,,,,,,,,,,,,,,,,,,,,,,,,,,
"757226","JC467641","2019-10-08T17:00:00","2","DRIVER",,"719281",,"VOLVO","UNKNOWN","IL","2004","UNKNOWN","PASSENGER","UNKNOWN/NA","E","STRAIGHT AHEAD",,,"1",,,,,"true",,,,,,,,,,"true","true",,"OTHER",,,,,,,,,,,,,,,,,,,,,,,,,,,,,,,,,
"756497","JC466450","2019-10-08T17:00:00","1","DRIVER",,"718583",,"CHEVROLET","C K 3500","IL","1999","NONE","PICKUP","UNKNOWN/NA","N","BACKING",,,"1",,,,,,,,,,"true",,,,,,,,"REAR-LEFT",,,,,,,,,,,,,,,,,,,,,,,,,,,,,,,,,
"756498","JC466450","2019-10-08T17:00:00","2","PARKED",,"718596",,"JEEP","CHEROKEE","IL","2008","NONE","SPORT UTILITY VEHICLE (SUV)","PERSONAL","N","PARKED",,,"0",,,,,,,,,,,,,,,,"true",,"OTHER",,,,,,,,,,,,,,,,,,,,,,,,,,,,,,,,,
"756256","JC466069","2019-10-08T17:00:00","1","DRIVER",,"718370",,"UNKNOWN","UNKNOWN","XX",,"UNKNOWN","UNKNOWN/NA","UNKNOWN/NA","UNKNOWN","UNKNOWN/NA",,,"1",,,,,,,,,,,,,,,,,"true","UNKNOWN",,,,,,,,,,,,,,,,,,,,,,,,,,,,,,,,,
"756257","JC466069","2019-10-08T17:00:00","2","PARKED",,"718371",,"FORD","TAURUS","IL","2007","NONE","PASSENGER","NOT IN USE","W","PARKED",,,"0",,,,,,,,,,,"true","true",,,,,,"SIDE-LEFT",,,,,,,,,,,,,,,,,,,,,,,,,,,,,,,,,
"755933","JC465212","2019-10-08T16:55:00","1","DRIVER","1","718044",,"DODGE","GRAND CARAVAN","IL","2003","UNKNOWN","VAN/MINI-VAN","UNKNOWN/NA","S","UNKNOWN/NA","false",,"2",,,,,,,,,,"true",,,,,,"true",,"REAR-LEFT",,,,,,,,,,,,,,,,,,,,,,,,,,,,,,,,,
"755934","JC465212","2019-10-08T16:55:00","2","PARKED",,"718046",,"KIA MOTORS CORP","UNKNOWN","IL","2029","NONE","PASSENGER","NOT IN USE","UNKNOWN","PARKED",,,"0",,,,,,,,,,"true",,,,,,"true",,"OTHER",,,,,,,,,,,,,,,,,,,,,,,,,,,,,,,,,
"755935","JC465212","2019-10-08T16:55:00","3","PARKED",,"718052",,"MERCURY","UNKNOWN","IL","2003","UNKNOWN","UNKNOWN/NA","NOT IN USE","UNKNOWN","PARKED",,,"0",,,,"true",,,,,,,,,,,,,,"NONE",,,,,,,,,,,,,,,,,,,,,,,,,,,,,,,,,
"755842","JC465154","2019-10-08T16:55:00","1","DRIVER",,"717942",,"DODGE","CALIBER","WI",,"OTHER","PASSENGER","PERSONAL","W","STRAIGHT AHEAD",,,"1",,,,,,,,,,,,,,,,"true",,"OTHER",,,,,,,,,,,,,,,,,,,,,,,,,,,,,,,,,
"755843","JC465154","2019-10-08T16:55:00","2","DRIVER",,"717948",,"TOYOTA MOTOR COMPANY, LTD.","CAMRY","IL","2014","NONE","PASSENGER","PERSONAL","W","STRAIGHT AHEAD",,,"1",,,,,,,,,,"true",,,,,,,,"REAR-LEFT",,,,,,,,,,,,,,,,,,,,,,,,,,,,,,,,,
"755873","JC465177","2019-10-08T16:48:00","1","DRIVER",,"717984",,"CHEVROLET","EQUINOX",,,"UNKNOWN","SPORT UTILITY VEHICLE (SUV)","UNKNOWN/NA","UNKNOWN","UNKNOWN/NA",,,"1",,,,,,,,,,,,,,,,,"true","OTHER",,,,,,,,,,,,,,,,,,,,,,,,,,,,,,,,,
"755874","JC465177","2019-10-08T16:48:00","2","PEDESTRIAN",,,,,,,,,,,,,,,,,,,,,,,,,,,,,,,,,,,,,,,,,,,,,,,,,,,,,,,,,,,,,,,,,,
"755814","JC465034","2019-10-08T16:48:00","1","DRIVER",,"717925","true","UNKNOWN","UNKNOWN","FL","2009","UNKNOWN","TRUCK - SINGLE UNIT","COMMERCIAL - SINGLE UNIT","E","ENTERING TRAFFIC LANE FROM PARKING",,,"1",,,,,,,,,,,,,,"true","true",,,"TOTAL (ALL AREAS)","8365",,,,"DRIVER","2","FEDEX","IL",,,,,"N","N",,"N",,"N","N",,,,,,,,,"SINGLE UNIT TRUCK, 2 AXLES, 6 TIRES","OTHER","OTHER","false","false",
"755815","JC465034","2019-10-08T16:48:00","2","DRIVER",,"717956",,"SUZUKI","UNKNOWN","IL","2006","UNKNOWN","PASSENGER","PERSONAL","E","STRAIGHT AHEAD","true",,"1",,,,,"true","true","true",,,,,,,,,,,"FRONT",,,,,,,,,,,,,,,,,,,,,,,,,,,,,,,,,
"755816","JC465034","2019-10-08T16:48:00","3","PARKED",,"717970",,"HYUNDAI","ELANTRA","IL","2016","UNKNOWN","PASSENGER","PERSONAL","E","PARKED","true",,"0",,,,,,,,,,,"true","true","true","true","true",,,"ROOF",,,,,,,,,,,,,,,,,,,,,,,,,,,,,,,,,
"755887","JC465208","2019-10-08T16:40:00","1","DRIVER",,"717999",,"TOYOTA MOTOR COMPANY, LTD.","Sienna (van)","IL","2009","NONE","VAN/MINI-VAN","PERSONAL","E","BACKING",,,"1",,,,,,,,,,,"true","true",,,,,,"FRONT-LEFT",,,,,,,,,,,,,,,,,,,,,,,,,,,,,,,,,
"755888","JC465208","2019-10-08T16:40:00","2","PARKED",,"718001",,"JEEP","Liberty","IL","2014","NONE","SPORT UTILITY VEHICLE (SUV)","NOT IN USE","W","PARKED",,,"0",,,,,,,,,,,,,"true",,,,,"ROOF",,,,,,,,,,,,,,,,,,,,,,,,,,,,,,,,,
"755835","JC465093","2019-10-08T16:40:00","1","DRIVER",,"717943",,"FORD","Explorer","IL","2006","UNKNOWN","PASSENGER","PERSONAL","E","ENTER FROM DRIVE/ALLEY",,,"1",,,,,,,,,,,,,,,,"true",,"OTHER",,,,,,,,,,,,,,,,,,,,,,,,,,,,,,,,,
"755836","JC465093","2019-10-08T16:40:00","2","DRIVER",,"717959",,"MAZDA","MX-6","IL","2015","UNKNOWN","PASSENGER","PERSONAL","E","STRAIGHT AHEAD","true",,"1",,,,,"true",,,,,,,,,,,"true",,"FRONT",,,,,,,,,,,,,,,,,,,,,,,,,,,,,,,,,