"crash_unit_id","rd_no","crash_date","unit_no","unit_type","num_passengers","vehicle_id","cmrc_veh_i","make","model","lic_plate_state","vehicle_year","vehicle_defect","vehicle_type","vehicle_use","travel_direction","maneuver","towed_i","fire_i","occupant_cnt","exceed_speed_limit_i","towed_by","towed_to","area_00_i","area_01_i","area_02_i","area_03_i","area_04_i","area_05_i","area_06_i","area_07_i","area_08_i","area_09_i","area_10_i","area_11_i","area_12_i","area_99_i","first_contact_point","cmv_id","usdot_no","ccmc_no","ilcc_no","commercial_src","gvwr","carrier_name","carrier_state","carrier_city","hazmat_placards_i","hazmat_name","un_no","hazmat_present_i","hazmat_report_i","hazmat_report_no","mcs_report_i","mcs_report_no","hazmat_vio_cause_crash_i","mcs_vio_cause_crash_i","idot_permit_no","wide_load_i","trailer1_width","trailer2_width","trailer1_length","trailer2_length","total_vehicle_length","axle_cnt","vehicle_config","cargo_body_type","load_type","hazmat_out_of_service_i","mcs_out_of_service_i","hazmat_class"
"755823","JC465101","2019-10-08T16:30:00","1","DRIVER",,"717931",,"TOYOTA MOTOR COMPANY, LTD.","RAV4 (sport utility)","IL","2017","NONE","SPORT UTILITY VEHICLE (SUV)","PERSONAL","E","OTHER",,,"1",,,,,,,,,,,,,"true",,,,,"SIDE-RIGHT",,,,,,,,,,,,,,,,,,,,,,,,,,,,,,,,,
"755824","JC465101","2019-10-08T16:30:00","2","DRIVER",,"717944",,"AUDI","QUATRRO","IL","2018","UNKNOWN","SPORT UTILITY VEHICLE (SUV)","PERSONAL","E","STRAIGHT AHEAD",,,"1",,,,,,"true",,,,,,,,,,,,"SIDE-RIGHT",,,,,,,,,,,,,,,,,,,,,,,,,,,,,,,,,
"755788","JC465062","2019-10-08T16:30:00","1","DRIVER",,"717900",,"TOYOTA MOTOR COMPANY, LTD.","RAV4 (sport utility)","IL","2016","NONE","PASSENGER","TAXI/FOR HIRE","W","STRAIGHT AHEAD",,,"2",,,,,,,"true",,,,,,,,,,,"SIDE-RIGHT",,,,,,,,,,,,,,,,,,,,,,,,,,,,,,,,,
"755789","JC465062","2019-10-08T16:30:00","2","BICYCLE",,,,,,,,,,,,,,,,,,,,,,,,,,,,,,,,,,,,,,,,,,,,,,,,,,,,,,,,,,,,,,,,,,
"755911","JC465031","2019-10-08T16:30:00","1","DRIVER",,"718010",,"DODGE","UNKNOWN","IL","2017","UNKNOWN","PASSENGER","UNKNOWN/NA","W","STRAIGHT AHEAD",,,"1",,,,,,,,,,,,,,,,,"true","UNKNOWN",,,,,,,,,,,,,,,,,,,,,,,,,,,,,,,,,
"755912","JC465031","2019-10-08T16:30:00","2","DRIVER",,"718024",,"FORD","Explorer Sport Trac","IL","2004","NONE","PICKUP","PERSONAL","W","OTHER",,,"1",,,,,,,,,,,,,,"true",,,,"ROOF",,,,,,,,,,,,,,,,,,,,,,,,,,,,,,,,,
"755856","JC465008","2019-10-08T16:25:00","1","DRIVER",,"717971",,"HONDA","Odyssey (minivan)","IL","2019","NONE","VAN/MINI-VAN","PERSONAL","S","STRAIGHT AHEAD",,,"1",,,,,,,,,,,,,,,"true","true",,"OTHER",,,,,,,,,,,,,,,,,,,,,,,,,,,,,,,,,
"755804","JC465003","2019-10-08T16:22:00","1","DRIVER",,"717912",,"HYUNDAI","TUCSON","IL","2016","UNKNOWN","PASSENGER","PERSONAL","W","TURNING RIGHT",,,"1",,,,,"true","true",,,,,,,,,"true","false",,"FRONT",,,,,,,,,,,,,,,,,,,,,,,,,,,,,,,,,
"755805","JC465003","2019-10-08T16:22:00","2","DRIVER",,"717915",,"DODGE","CARAVAN","IL","2005","UNKNOWN","VAN/MINI-VAN","PERSONAL","W","STRAIGHT AHEAD",,,"1",,,,,,,,,,,,,,"true","true","true",,"TOTAL (ALL AREAS)",,,,,,,,,,,,,,,,,,,,,,,,,,,,,,,,,
"755806","JC465003","2019-10-08T16:22:00","3","DRIVER",,"717920",,"FORD","UNKNOWN","IL","2016","UNKNOWN","VAN/MINI-VAN","UNKNOWN/NA","W","TURNING LEFT",,,"1",,,,,,,,"true","true",,,,,,,,,"REAR",,,,,,,,,,,,,,,,,,,,,,,,,,,,,,,,,
"755769","JC465004","2019-10-08T16:20:00","1","DRIVER",,"717877",,"DODGE","Avenger",,"2013","NONE","PASSENGER","PERSONAL","UNKNOWN","TURNING RIGHT",,,"1",,,,,,,,,,,,,,,"true",,,"UNDER CARRIAGE",,,,,,,,,,,,,,,,,,,,,,,,,,,,,,,,,
"755770","JC465004","2019-10-08T16:20:00","2","DRIVER",,"717874",,"ACURA (DIV. OF AMERICAN HONDA MOTOR CO.)","TSX",,"2004","NONE","PASSENGER","PERSONAL","UNKNOWN","TURNING RIGHT",,,"1",,,,,"true","true","true","true","true",,,,,,,,,"SIDE-RIGHT",,,,,,,,,,,,,,,,,,,,,,,,,,,,,,,,,
"755833","JC465081","2019-10-08T16:15:00","1","DRIVER",,"717927",,"UNKNOWN","UNKNOWN","XX",,"UNKNOWN","UNKNOWN/NA","UNKNOWN/NA","N","UNKNOWN/NA",,,"1",,,,,,,,,,,,,,,,,"true","UNKNOWN",,,,,,,,,,,,,,,,,,,,,,,,,,,,,,,,,
"755834","JC465081","2019-10-08T16:15:00","2","DRIVERLESS",,"717935",,"HYUNDAI","TUCSON","IL","2006","NONE","PASSENGER","PERSONAL","N","PARKED",,,"0",,,,,,,,,"true",,,,,,,,,"REAR",,,,,,,,,,,,,,,,,,,,,,,,,,,,,,,,,
"755763","JC465054","2019-10-08T16:10:00","1","DRIVER",,"717878",,"HYUNDAI","UNKNOWN","IL","2008","UNKNOWN","UNKNOWN/NA","UNKNOWN/NA","S","STRAIGHT AHEAD",,,"1",,,,,,,,,,,"true",,,,,,,"FRONT-LEFT",,,,,,,,,,,,,,,,,,,,,,,,,,,,,,,,,
"755764","JC465054","2019-10-08T16:10:00","2","DRIVER",,"717891",,"TOYOTA MOTOR COMPANY, LTD.","Sienna (van)","IN","2013","NONE","VAN/MINI-VAN","PERSONAL","S","STRAIGHT AHEAD",,,"1",,,,,,,,"true","true",,,,,,,,,"REAR-RIGHT",,,,,,,,,,,,,,,,,,,,,,,,,,,,,,,,,
"755802","JC465044","2019-10-08T16:05:00","1","DRIVER",,"717913",,"GENERAL MOTORS CORP.","UNKNOWN","IL",,"UNKNOWN","PICKUP","PERSONAL","S","STRAIGHT AHEAD",,,"1",,,,,,,,,,,,,"true",,,,,"UNDER CARRIAGE",,,,,,,,,,,,,,,,,,,,,,,,,,,,,,,,,
"755803","JC465044","2019-10-08T16:05:00","2","PARKED",,"717916",,"HARLEY-DAVIDSON","UNKNOWN","IL","2014","UNKNOWN","MOTORCYCLE (OVER 150CC)","PERSONAL","UNKNOWN","PARKED",,,"0",,,,,,,,,,,,"true",,"true","true",,,"ROOF",,,,,,,,,,,,,,,,,,,,,,,,,,,,,,,,,
"755771","JC465009","2019-10-08T16:04:00","1","DRIVER",,"717882",,"TOYOTA MOTOR COMPANY, LTD.","CAMRY","IL","2012","NONE","PASSENGER","TAXI/FOR HIRE","N","STRAIGHT AHEAD",,,"1",,,,,,,"true","true",,,,,,,,,,"SIDE-RIGHT",,,,,,,,,,,,,,,,,,,,,,,,,,,,,,,,,
"755772","JC465009","2019-10-08T16:04:00","2","DRIVER","1","717885",,"TOYOTA MOTOR COMPANY, LTD.","COROLLA","PA","2019","NONE","PASSENGER","OTHER","N","SLOW/STOP IN TRAFFIC",,,"2",,,,,,,,,,,"true",,,,,,,"SIDE-LEFT",,,,,,,,,,,,,,,,,,,,,,,,,,,,,,,,,
"755767","JC464975","2019-10-08T16:03:00","1","DRIVER",,"717883",,"JEEP","Liberty","IL","2006","UNKNOWN","PASSENGER","PERSONAL","W","STRAIGHT AHEAD",,,"1",,,,,,,,,,,,,,,"true",,,"TOTAL (ALL AREAS)",,,,,,,,,,,,,,,,,,,,,,,,,,,,,,,,,
"755768","JC464975","2019-10-08T16:03:00","2","DRIVER",,"717888",,"CHEVROLET","SILVERADO","MI","2017","UNKNOWN","PICKUP","PERSONAL","W","STRAIGHT AHEAD",,,"1",,,,,"true",,,,,,,,,,,,,"FRONT",,,,,,,,,,,,,,,,,,,,,,,,,,,,,,,,,
"757139","JC467593","2019-10-08T16:00:00","1","DRIVER",,"719203",,"TOYOTA MOTOR COMPANY, LTD.","UNKNOWN","IL","2016","UNKNOWN","PASSENGER","UNKNOWN/NA","S","STRAIGHT AHEAD",,,"1",,,,,,,,,,,,,,,,"true",,"OTHER",,,,,,,,,,,,,,,,,,,,,,,,,,,,,,,,,
"757140","JC467593","2019-10-08T16:00:00","2","DRIVER",,"719194",,"PONTIAC","G6","IL","2005","NONE","PASSENGER","UNKNOWN/NA","N","TURNING LEFT",,,"1",,,,,,,"true",,,,,,,,,,,"SIDE-RIGHT",,,,,,,,,,,,,,,,,,,,,,,,,,,,,,,,,
"756324","JC466180","2019-10-08T16:00:00","1","DRIVER",,"718414",,"NISSAN","ROGUE",,,"UNKNOWN","PASSENGER","UNKNOWN/NA","N","STRAIGHT AHEAD",,,"1",,,,,"true",,,,"false",,,,,,,,,"FRONT",,,,,,,,,,,,,,,,,,,,,,,,,,,,,,,,,
"756325","JC466180","2019-10-08T16:00:00","2","DRIVER",,"718422",,"TOYOTA MOTOR COMPANY, LTD.","CAMRY","IL",,"NONE","PASSENGER","OTHER","N","STRAIGHT AHEAD",,,"1",,,,,"false",,,,"true",,,,,,,,,"REAR",,,,,,,,,,,,,,,,,,,,,,,,,,,,,,,,,
"755837","JC465129","2019-10-08T16:00:00","1","DRIVER",,"717949",,"NISSAN","NISSAN ALTIMA","IL","2015","NONE","PASSENGER","PERSONAL","E","STRAIGHT AHEAD",,,"1",,,,,"true",,,,,,,,,,"false","true",,"FRONT-RIGHT",,,,,,,,,,,,,,,,,,,,,,,,,,,,,,,,,
"755827","JC465115","2019-10-08T16:00:00","1","DRIVER",,"717938",,"TOYOTA MOTOR COMPANY, LTD.","UNKNOWN","IL","2016","UNKNOWN","PASSENGER","TAXI/FOR HIRE","N","UNKNOWN/NA",,,"1",,,,,,,,,,,,,,,,"true",,"OTHER",,,,,,,,,,,,,,,,,,,,,,,,,,,,,,,,,
"755828","JC465115","2019-10-08T16:00:00","2","DRIVER",,"717923",,"HONDA","CIVIC","IL","2015","NONE","PASSENGER","PERSONAL","N","STRAIGHT AHEAD",,,"1",,,,,,,,,,"true",,,,,,,,"REAR-LEFT",,,,,,,,,,,,,,,,,,,,,,,,,,,,,,,,,
"755781","JC465036","2019-10-08T16:00:00","1","DRIVER",,"717894",,"FORD","ESCAPE (SUV)","IL","2012","NONE","SPORT UTILITY VEHICLE (SUV)","PERSONAL","S","STRAIGHT AHEAD",,,"1",,,,,"true",,,,,,,,,,,,,"FRONT",,,,,,,,,,,,,,,,,,,,,,,,,,,,,,,,,
"755782","JC465036","2019-10-08T16:00:00","2","DRIVER",,"717898",,"NISSAN","NISSAN ALTIMA","IL","2014","NONE","PASSENGER","PERSONAL","E","STRAIGHT AHEAD",,,"1",,,,,,,,,,,,,,,"true",,,"TOTAL (ALL AREAS)",,,,,,,,,,,,,,,,,,,,,,,,,,,,,,,,,
"755775","JC465018","2019-10-08T16:00:00","1","DRIVER",,"717887",,"TOYOTA MOTOR COMPANY, LTD.","Matrix (sport wagon)","IL","2013","NONE","PASSENGER","PERSONAL","S","MERGING",,,"1",,,,,,,,,,,,,,"true","true",,,"UNDER CARRIAGE",,,,,,,,,,,,,,,,,,,,,,,,,,,,,,,,,
"755776","JC465018","2019-10-08T16:00:00","2","DRIVER",,"717895",,"BMW","3 SERIES","IL","2005","NONE","PASSENGER","PERSONAL","S","STRAIGHT AHEAD",,,"1",,,,,,"true","true","true",,,,,,,,,,"SIDE-RIGHT",,,,,,,,,,,,,,,,,,,,,,,,,,,,,,,,,
"755762","JC464967","2019-10-08T16:00:00","1","DRIVER",,"717873",,"VOLKSWAGEN","PASSAT","IL",,"BRAKES","PASSENGER","PERSONAL","W","SKIDDING/CONTROL LOSS","true",,"1",,"PRIVATE",,,"true",,,,,,,,,,"true","true",,"OTHER",,,,,,,,,,,,,,,,,,,,,,,,,,,,,,,,,
"755800","JC465027","2019-10-08T15:57:00","1","DRIVER",,"717909",,"NEW FLYER","NEW FLYER","IL","2009","NONE","BUS OVER 15 PASS.","CTA","S","CHANGING LANES",,,"1",,,,,,,,,,,,,,,,,,"SIDE-RIGHT",,,,,,,,,,,,,,,,,,,,,,,,,,,,,,,,,
"755801","JC465027","2019-10-08T15:57:00","2","DRIVER",,"717947",,"MOTOR COACH INDUSTRIES, INC.","MOTOR COACH INDUSTRIES, INC.","IL","2014","NONE","BUS OVER 15 PASS.","OTHER","S","SLOW/STOP IN TRAFFIC",,,"1",,,,,,,,,,,,,,"false","true",,,"TOTAL (ALL AREAS)",,,,,,,,,,,,,,,,,,,,,,,,,,,,,,,,,
"755773","JC464966","2019-10-08T15:52:00","1","DRIVER","5","717884",,"CHEVROLET","TRAVERSE","IL","2016","UNKNOWN","PASSENGER","PERSONAL","W","TURNING LEFT",,,"6",,,,,"true","true",,,,,,,,,,,,"FRONT",,,,,,,,,,,,,,,,,,,,,,,,,,,,,,,,,
"755774","JC464966","2019-10-08T15:52:00","2","DRIVER","4","717893",,"TOYOTA MOTOR COMPANY, LTD.","Sienna (van)","IL","2019","UNKNOWN","VAN/MINI-VAN","PERSONAL","S","STRAIGHT AHEAD",,,"5",,,,,,,,,,,"true","true","true",,,,,"FRONT-LEFT",,,,,,,,,,,,,,,,,,,,,,,,,,,,,,,,,
"756272","JC466118","2019-10-08T15:45:00","1","DRIVER",,"718372",,"DODGE","CARAVAN","IL","2015","UNKNOWN","PASSENGER","PERSONAL","E","PASSING/OVERTAKING",,,"1",,,,,"true","true","true","true","true",,,,,,,,,"SIDE-RIGHT",,,,,,,,,,,,,,,,,,,,,,,,,,,,,,,,,
"756273","JC466118","2019-10-08T15:45:00","2","PARKED",,"718377",,"TOYOTA MOTOR COMPANY, LTD.","VENZA","IL",,"NONE","PASSENGER","PERSONAL","E","PARKED",,,"0",,,,,,,,,,,,"true","true","true",,,,"ROOF",,,,,,,,,,,,,,,,,,,,,,,,,,,,,,,,,
"755784","JC465064","2019-10-08T15:45:00","1","DRIVER",,"717902",,"UNKNOWN","UNKNOWN","IL",,"UNKNOWN","UNKNOWN/NA","UNKNOWN/NA","UNKNOWN","UNKNOWN/NA",,,"1",,,,,,,,,,,,,,,,,"true","UNKNOWN",,,,,,,,,,,,,,,,,,,,,,,,,,,,,,,,,
"755785","JC465064","2019-10-08T15:45:00","2","PARKED",,"717910",,"HYUNDAI","Accent","IL","2018","NONE","PASSENGER","NOT IN USE","N","PARKED",,,"0",,,,,,,,,,,,,,,"true",,,"TOTAL (ALL AREAS)",,,,,,,,,,,,,,,,,,,,,,,,,,,,,,,,,
"755777","JC464976","2019-10-08T15:45:00","1","DRIVER",,"717890",,"DODGE","JOURNEY",,"2015","UNKNOWN","SPORT UTILITY VEHICLE (SUV)","UNKNOWN/NA","E","STRAIGHT AHEAD",,,"1",,,,,,,"true","true",,,,,,,,,,"SIDE-RIGHT",,,,,,,,,,,,,,,,,,,,,,,,,,,,,,,,,
"755778","JC464976","2019-10-08T15:45:00","2","DRIVER",,"717899",,"BUICK","ENCLAVE","IL","2015","NONE","SPORT UTILITY VEHICLE (SUV)","UNKNOWN/NA","N","TURNING LEFT",,,"1",,,,,,,,,,,,,,,,,,"OTHER",,,,,,,,,,,,,,,,,,,,,,,,,,,,,,,,,
"755844","JC465130","2019-10-08T15:40:00","1","DRIVER","2","717951",,"KIA MOTORS CORP","UNKNOWN","IL","2016","UNKNOWN","UNKNOWN/NA","UNKNOWN/NA","NE","TURNING LEFT",,,"3",,,,,"false",,,,,,,,,,,,"true","OTHER",,,,,,,,,,,,,,,,,,,,,,,,,,,,,,,,,
"755845","JC465130","2019-10-08T15:40:00","2","DRIVER",,"717964",,"CHEVROLET","Trail Blazer","IL","2005","UNKNOWN","SPORT UTILITY VEHICLE (SUV)","PERSONAL","N","STRAIGHT AHEAD",,,"1",,,,,,,,,,,,"true",,,,,,"FRONT-LEFT",,,,,,,,,,,,,,,,,,,,,,,,,,,,,,,,,
"755734","JC464947","2019-10-08T15:40:00","1","DRIVER",,"717846",,"FORD","UNKNOWN","IL","2002","UNKNOWN","UNKNOWN/NA","UNKNOWN/NA","UNKNOWN","BACKING",,,"1",,,,,,,,,,,,,,,,,"true","UNKNOWN",,,,,,,,,,,,,,,,,,,,,,,,,,,,,,,,,
"755735","JC464947","2019-10-08T15:40:00","2","DRIVER",,"717853",,"LEXUS","ES300","IL","2002","UNKNOWN","PASSENGER","UNKNOWN/NA","UNKNOWN","BACKING",,,"1",,,,,,,,,"true","true","true",,,,,,,"REAR-LEFT",,,,,,,,,,,,,,,,,,,,,,,,,,,,,,,,,
"755740","JC464946","2019-10-08T15:39:00","1","DRIVER",,"717852",,"UNKNOWN","UNKNOWN","IL",,"UNKNOWN","UNKNOWN/NA","UNKNOWN/NA","UNKNOWN","UNKNOWN/NA",,,"1",,,,,,,,,,,,,,,,,"true","UNKNOWN",,,,,,,,,,,,,,,,,,,,,,,,,,,,,,,,,
"755741","JC464946","2019-10-08T15:39:00","2","PARKED",,"717858",,"TOYOTA MOTOR COMPANY, LTD.","Sienna (van)","IL","2013","OTHER","PASSENGER","PERSONAL","E","PARKED",,,"0",,,,,,,,,,,,,"true","true","true",,,"TOTAL (ALL AREAS)",,,,,,,,,,,,,,,,,,,,,,,,,,,,,,,,,
"755760","JC464936","2019-10-08T15:38:00","1","DRIVER",,"717879",,"TOYOTA MOTOR COMPANY, LTD.","CAMRY","IL",,"NONE","PASSENGER","PERSONAL","E","STRAIGHT AHEAD","true",,"1",,"PRIVATE",,,"true",,,,,,,,,,"true","true",,"OTHER",,,,,,,,,,,,,,,,,,,,,,,,,,,,,,,,,
"755761","JC464936","2019-10-08T15:38:00","2","DRIVER",,"717892",,"SUBARU","IMPREZA","IL",,"NONE","PASSENGER","PERSONAL","S","STRAIGHT AHEAD","true",,"1",,,,,,"true","true",,,,,,,,,,,"SIDE-RIGHT",,,,,,,,,,,,,,,,,,,,,,,,,,,,,,,,,
"755736","JC464940","2019-10-08T15:37:00","1","DRIVER",,"717845",,"KIA MOTORS CORP","UNKNOWN","IL","2018","UNKNOWN","SPORT UTILITY VEHICLE (SUV)","UNKNOWN/NA","W","STRAIGHT AHEAD",,,"1",,,,,"true",,,,,,,,,,"true","true",,"OTHER",,,,,,,,,,,,,,,,,,,,,,,,,,,,,,,,,
"755737","JC464940","2019-10-08T15:37:00","2","DRIVER","1","717867",,"JEEP","Liberty","IL","2006","NONE","SPORT UTILITY VEHICLE (SUV)","PERSONAL","W","STRAIGHT AHEAD",,,"2",,,,,,,,,,"true",,,,,,,,"REAR-LEFT",,,,,,,,,,,,,,,,,,,,,,,,,,,,,,,,,
"756163","JC465860","2019-10-08T15:30:00","1","DRIVER",,"718271",,"CHEVROLET","UNKNOWN","IL","2008","UNKNOWN","PASSENGER","UNKNOWN/NA","NE","BACKING",,,"1",,,,,,,,,"false","true",,,,,,,,"REAR-LEFT",,,,,,,,,,,,,,,,,,,,,,,,,,,,,,,,,
"756164","JC465860","2019-10-08T15:30:00","2","DRIVER",,"718278",,"BUICK","UNKNOWN","IL","2018","NONE","SPORT UTILITY VEHICLE (SUV)","PERSONAL","NW","SLOW/STOP IN TRAFFIC",,,"1",,,,,,,,,,,,,"true","true",,,,"UNDER CARRIAGE",,,,,,,,,,,,,,,,,,,,,,,,,,,,,,,,,
"755779","JC464974","2019-10-08T15:30:00","1","DRIVER",,"717889",,"NISSAN","SENTRA (DATSUN AND NISSAN HAVE MERGED)","IL",,"UNKNOWN","PASSENGER","PERSONAL","N","TURNING RIGHT",,,"1",,,,,,,,"true","true",,,,,,,,,"REAR",,,,,,,,,,,,,,,,,,,,,,,,,,,,,,,,,
"755780","JC464974","2019-10-08T15:30:00","2","DRIVER",,"717896",,"HONDA","Pilot","IL","2010","UNKNOWN","SPORT UTILITY VEHICLE (SUV)","PERSONAL","N","STRAIGHT AHEAD",,,"1",,,,,,,,,,,,,,"true","true",,,"TOTAL (ALL AREAS)",,,,,,,,,,,,,,,,,,,,,,,,,,,,,,,,,
"755750","JC464978","2019-10-08T15:26:00","1","DRIVER",,"717869",,"NISSAN","NISSAN ALTIMA","IL","2001","NONE","PASSENGER","PERSONAL","E","TURNING RIGHT",,,"1",,,,,,,,"true",,,,,,,,,,"SIDE-RIGHT",,,,,,,,,,,,,,,,,,,,,,,,,,,,,,,,,
"755751","JC464978","2019-10-08T15:26:00","2","DRIVER",,"717866",,"TOYOTA MOTOR COMPANY, LTD.","COROLLA","IL","2013","NONE","PASSENGER","PERSONAL","E","TURNING RIGHT",,,"1",,,,,,,,,,,,,,,,"true",,"OTHER",,,,,,,,,,,,,,,,,,,,,,,,,,,,,,,,,
"755811","JC464982","2019-10-08T15:20:00","1","DRIVER",,"717972",,"CHRYSLER","200","IN","2016","UNKNOWN","PASSENGER","UNKNOWN/NA","S","STRAIGHT AHEAD","true",,"1",,"RITE HOOK (PRIVATE TOW)","PRIVATE TOW",,,,,,,,,,,,,"true",,"OTHER",,,,,,,,,,,,,,,,,,,,,,,,,,,,,,,,,
"755812","JC464982","2019-10-08T15:20:00","2","DRIVER","1","717953",,"HONDA","ACCORD","IL","2015","UNKNOWN","PASSENGER","PERSONAL","S","SLOW/STOP IN TRAFFIC",,,"2",,,,,,,,,,"true",,,,,,"true",,"REAR-LEFT",,,,,,,,,,,,,,,,,,,,,,,,,,,,,,,,,
"755813","JC464982","2019-10-08T15:20:00","3","DRIVER","1","717941",,"CHEVROLET","IMPALA","IL",,"UNKNOWN","PASSENGER","PERSONAL","S","SLOW/STOP IN TRAFFIC",,,"2",,,,,,,,,,"true",,,,,,,,"REAR-LEFT",,,,,,,,,,,,,,,,,,,,,,,,,,,,,,,,,
"755821","JC464984","2019-10-08T15:15:00","1","DRIVER",,"717919",,"TOYOTA MOTOR COMPANY, LTD.","CAMRY","IL",,"UNKNOWN","PASSENGER","PERSONAL","SE","UNKNOWN/NA","true",,"1",,"private",,,,,,,,,,,,,,"true",,"OTHER",,,,,,,,,,,,,,,,,,,,,,,,,,,,,,,,,
"755822","JC464984","2019-10-08T15:15:00","2","DRIVER",,"717926",,"LINCOLN-CONTINENTAL","MKZ","IL","2017","UNKNOWN","PASSENGER","UNKNOWN/NA","NE","UNKNOWN/NA",,,"1",,,,,,,,,,,,,,,"true",,,"TOTAL (ALL AREAS)",,,,,,,,,,,,,,,,,,,,,,,,,,,,,,,,,
"755738","JC464902","2019-10-08T15:15:00","1","DRIVER",,"717851",,"UNKNOWN","UNKNOWN","IL",,"UNKNOWN","SPORT UTILITY VEHICLE (SUV)","UNKNOWN/NA","W","UNKNOWN/NA",,,"1",,,,,,,,,,,,,,,,"true",,"OTHER",,,,,,,,,,,,,,,,,,,,,,,,,,,,,,,,,
"755739","JC464902","2019-10-08T15:15:00","2","PEDESTRIAN",,,,,,,,,,,,,,,,,,,,,,,,,,,,,,,,,,,,,,,,,,,,,,,,,,,,,,,,,,,,,,,,,,
"755838","JC465124","2019-10-08T15:10:00","1","DRIVER",,"717939",,"FORD","FIESTA","IL","2015","UNKNOWN","PASSENGER","UNKNOWN/NA","N","STRAIGHT AHEAD",,,"1",,,,,,,,,,,,,,,,"true",,"OTHER",,,,,,,,,,,,,,,,,,,,,,,,,,,,,,,,,
"755839","JC465124","2019-10-08T15:10:00","2","DRIVER",,"717945",,"LEXUS","UNKNOWN","IL","2018","UNKNOWN","SPORT UTILITY VEHICLE (SUV)","UNKNOWN/NA","N","SLOW/STOP IN TRAFFIC",,,"1",,,,,,,,,,"true",,,,,,,,"REAR-LEFT",,,,,,,,,,,,,,,,,,,,,,,,,,,,,,,,,
"755752","JC464920","2019-10-08T15:09:00","1","DRIVER",,"717870",,"HYUNDAI","ELANTRA","IL","2017","NONE","PASSENGER","RIDESHARE SERVICE","S","ENTERING TRAFFIC LANE FROM PARKING",,,"1",,,,,"true",,,,,,,,,"true","true","true",,"UNDER CARRIAGE",,,,,,,,,,,,,,,,,,,,,,,,,,,,,,,,,
"755753","JC464920","2019-10-08T15:09:00","2","DRIVER",,"717875",,"DODGE","JOURNEY","IL","2015","NONE","VAN/MINI-VAN","PERSONAL","S","STRAIGHT AHEAD",,,"1",,,,,"true","true",,,,,,,,,,"true",,"FRONT-RIGHT",,,,,,,,,,,,,,,,,,,,,,,,,,,,,,,,,
"755848","JC464925","2019-10-08T15:05:00","1","DRIVER",,"717983",,"TOYOTA MOTOR COMPANY, LTD.","Highlander(beginning vehicle year 2001)","IL","2015","NONE","PASSENGER","PERSONAL","S","STRAIGHT AHEAD",,,"1",,,,,,"true",,,,,,,,,,,,"SIDE-RIGHT",,,,,,,,,,,,,,,,,,,,,,,,,,,,,,,,,
"755849","JC464925","2019-10-08T15:05:00","2","DRIVERLESS",,"717985",,"CADILLAC","UNKNOWN","IL",,"NONE","PASSENGER","PERSONAL","S","PARKED",,,"0",,,,,,,,,,,,,,"true",,,,"ROOF",,,,,,,,,,,,,,,,,,,,,,,,,,,,,,,,,
"755706","JC464870","2019-10-08T15:02:00","1","DRIVER",,"717826",,"LEXUS","ES300","IL","2001","NONE","PASSENGER","PERSONAL","W","CHANGING LANES",,,"1",,,,,"true","true",,,,,,,,,,,,"FRONT",,,,,,,,,,,,,,,,,,,,,,,,,,,,,,,,,
"755707","JC464870","2019-10-08T15:02:00","2","DRIVER",,"717841",,"MERCEDES-BENZ","GLK350","IL","2012","NONE","PASSENGER","PERSONAL","W","STRAIGHT AHEAD",,,"1",,,,,,,,,,,,,"true",,,,,"ROOF",,,,,,,,,,,,,,,,,,,,,,,,,,,,,,,,,
"755915","JC465277","2019-10-08T15:00:00","1","DRIVER","3","718016",,"GENERAL MOTORS CORP.","Envoy","IL","2003","UNKNOWN","SPORT UTILITY VEHICLE (SUV)","UNKNOWN/NA","E","BACKING",,,"4",,,,,,,,,,,,,,,,,"true","UNKNOWN",,,,,,,,,,,,,,,,,,,,,,,,,,,,,,,,,
"755916","JC465277","2019-10-08T15:00:00","2","DRIVER",,"718025",,"FORD","ESCAPE (SUV)","IL","2004","NONE","SPORT UTILITY VEHICLE (SUV)","PERSONAL","N","STRAIGHT AHEAD",,,"1",,,,,,"true","true","true","true",,,,,,,,,"SIDE-RIGHT",,,,,,,,,,,,,,,,,,,,,,,,,,,,,,,,,
"755913","JC465275","2019-10-08T15:00:00","1","DRIVER","1","718018",,"UNKNOWN","UNKNOWN","IL",,"UNKNOWN","TRACTOR W/ SEMI-TRAILER","UNKNOWN/NA","W","TURNING LEFT",,,"2",,,,,,,,,,,"true",,,,,,"true","SIDE-LEFT",,,,,,,,,,,,,,,,,,,,,,,,,,,,,,,,,
"755914","JC465275","2019-10-08T15:00:00","2","DRIVER",,"718013",,"JEEP","CHEROKEE","TX","2017","NONE","SPORT UTILITY VEHICLE (SUV)","PERSONAL","N","STRAIGHT AHEAD",,,"1",,,,,,,,,,,,,,,"true",,,"TOTAL (ALL AREAS)",,,,,,,,,,,,,,,,,,,,,,,,,,,,,,,,,
"755732","JC464907","2019-10-08T14:55:00","1","DRIVER",,"717849",,"CADILLAC","STS","IL","2011","UNKNOWN","PASSENGER","PERSONAL","E","BACKING",,,"1",,,,,,,,,"true","true",,,,,,,,"REAR",,,,,,,,,,,,,,,,,,,,,,,,,,,,,,,,,
"755733","JC464907","2019-10-08T14:55:00","2","DRIVER",,"717856",,"MINI","COOPER","IL","2017","UNKNOWN","PASSENGER","PERSONAL","W","STRAIGHT AHEAD",,,"1",,,,,,,,,,,,,,,,"true",,"OTHER",,,,,,,,,,,,,,,,,,,,,,,,,,,,,,,,,
"755712","JC464912","2019-10-08T14:53:00","1","DRIVER",,"717828",,"KIA MOTORS CORP","FORTE","IL",,"NONE","PASSENGER","RIDESHARE SERVICE","N","SLOW/STOP IN TRAFFIC",,,"1",,,,,,,,,,,,,,,"true",,,"TOTAL (ALL AREAS)",,,,,,,,,,,,,,,,,,,,,,,,,,,,,,,,,