"crash_unit_id","rd_no","crash_date","unit_no","unit_type","num_passengers","vehicle_id","cmrc_veh_i","make","model","lic_plate_state","vehicle_year","vehicle_defect","vehicle_type","vehicle_use","travel_direction","maneuver","towed_i","fire_i","occupant_cnt","exceed_speed_limit_i","towed_by","towed_to","area_00_i","area_01_i","area_02_i","area_03_i","area_04_i","area_05_i","area_06_i","area_07_i","area_08_i","area_09_i","area_10_i","area_11_i","area_12_i","area_99_i","first_contact_point","cmv_id","usdot_no","ccmc_no","ilcc_no","commercial_src","gvwr","carrier_name","carrier_state","carrier_city","hazmat_placards_i","hazmat_name","un_no","hazmat_present_i","hazmat_report_i","hazmat_report_no","mcs_report_i","mcs_report_no","hazmat_vio_cause_crash_i","mcs_vio_cause_crash_i","idot_permit_no","wide_load_i","trailer1_width","trailer2_width","trailer1_length","trailer2_length","total_vehicle_length","axle_cnt","vehicle_config","cargo_body_type","load_type","hazmat_out_of_service_i","mcs_out_of_service_i","hazmat_class"
"755713","JC464912","2019-10-08T14:53:00","2","DRIVER",,"717836",,"TOYOTA MOTOR COMPANY, LTD.","CAMRY","IL","2020","NONE","PASSENGER","PERSONAL","N","STRAIGHT AHEAD",,,"1",,,,,,,,,"true",,,,,,,,,"REAR",,,,,,,,,,,,,,,,,,,,,,,,,,,,,,,,,
"755714","JC464903","2019-10-08T14:50:00","1","DRIVER",,"717827",,"UNKNOWN","UNKNOWN","IL",,"UNKNOWN","UNKNOWN/NA","UNKNOWN/NA","S","PASSING/OVERTAKING",,,"1",,,,,,,,,,,,,,,,,"true","UNKNOWN",,,,,,,,,,,,,,,,,,,,,,,,,,,,,,,,,
"755715","JC464903","2019-10-08T14:50:00","2","DRIVER",,"717850",,"KIA MOTORS CORP","Optima","IL","2016","UNKNOWN","PASSENGER","PERSONAL","S","SLOW/STOP IN TRAFFIC",,,"1",,,,,,,,,,,"true",,,,,,,"SIDE-LEFT",,,,,,,,,,,,,,,,,,,,,,,,,,,,,,,,,
"755722","JC464899","2019-10-08T14:49:00","1","DRIVER",,"717840",,"NISSAN","SENTRA (DATSUN AND NISSAN HAVE MERGED)","IL","2016","NONE","PASSENGER","PERSONAL","W","CHANGING LANES",,,"1",,,,,"true",,,,,,,,,,"true","true",,"TOTAL (ALL AREAS)",,,,,,,,,,,,,,,,,,,,,,,,,,,,,,,,,
"755723","JC464899","2019-10-08T14:49:00","2","DRIVER","1","717848",,"BUICK","ENCLAVE","IL","2017","NONE","SPORT UTILITY VEHICLE (SUV)","PERSONAL","W","STRAIGHT AHEAD",,,"2",,,,,,"true","true","true",,,,,,,,,,"SIDE-RIGHT",,,,,,,,,,,,,,,,,,,,,,,,,,,,,,,,,
"755728","JC464887","2019-10-08T14:48:00","1","DRIVER",,"717838",,"KIA MOTORS CORP","UNKNOWN","IL",,"UNKNOWN","PASSENGER","PERSONAL","N","PASSING/OVERTAKING",,,"1",,,,,"true","true",,,,,,,,,,,,"FRONT",,,,,,,,,,,,,,,,,,,,,,,,,,,,,,,,,
"755729","JC464887","2019-10-08T14:48:00","2","DRIVER",,"717847",,"MITSUBISHI","UNKNOWN","IL",,"UNKNOWN","PASSENGER","PERSONAL","N","OTHER",,,"1",,,,,,,,,,,"true","true",,,"false",,,"SIDE-LEFT",,,,,,,,,,,,,,,,,,,,,,,,,,,,,,,,,
"755718","JC464921","2019-10-08T14:43:00","1","DRIVER",,"717832",,"DODGE","DURANGO","IL","2000","NONE","SPORT UTILITY VEHICLE (SUV)","PERSONAL","N","STRAIGHT AHEAD",,,"1",,,,,"true","true",,,,,,,,,,,,"FRONT",,,,,,,,,,,,,,,,,,,,,,,,,,,,,,,,,
"755719","JC464921","2019-10-08T14:43:00","2","DRIVER",,"717834",,"LEXUS","SC430","IL","2004","NONE","PASSENGER","PERSONAL","W","STRAIGHT AHEAD","true",,"1",,"OWNER",,,,,,,,,,,,"true","true",,,"TOTAL (ALL AREAS)",,,,,,,,,,,,,,,,,,,,,,,,,,,,,,,,,
"755720","JC464869","2019-10-08T14:42:00","1","DRIVER","1","717863",,"HONDA","CRV","IL","2016","NONE","PASSENGER","PERSONAL","W","U-TURN",,,"2",,,,,,"true","true",,,,,,,,,,,"SIDE-RIGHT",,,,,,,,,,,,,,,,,,,,,,,,,,,,,,,,,
"755721","JC464869","2019-10-08T14:42:00","2","DRIVER",,"717859",,"AUDI","UNKNOWN","IL","2010","NONE","PASSENGER","PERSONAL","S","STRAIGHT AHEAD",,,"1",,,,,,,,,,,,,,,,,,"FRONT",,,,,,,,,,,,,,,,,,,,,,,,,,,,,,,,,
"756394","JC466311","2019-10-08T14:40:00","1","DRIVER",,"718477",,"DODGE","JOURNEY",,,"UNKNOWN","SPORT UTILITY VEHICLE (SUV)","UNKNOWN/NA","UNKNOWN","BACKING",,,"1",,,,,,,,,,,,,,,,,"true","UNKNOWN",,,,,,,,,,,,,,,,,,,,,,,,,,,,,,,,,
"756395","JC466311","2019-10-08T14:40:00","2","PARKED",,"718482",,"HYUNDAI","TUCSON","IL","2017","NONE","SPORT UTILITY VEHICLE (SUV)","DRIVER EDUCATION","W","PARKED",,,"0",,,,,,,,,,,"true","true",,,,,,"FRONT-LEFT",,,,,,,,,,,,,,,,,,,,,,,,,,,,,,,,,
"756384","JC466301","2019-10-08T14:40:00","1","DRIVER","1","718475",,"TOYOTA MOTOR COMPANY, LTD.","FJ CRUISER","IL","2007","UNKNOWN","PASSENGER","PERSONAL","S","STRAIGHT AHEAD",,,"2",,,,"true",,,,,,,,,,,,,,"NONE",,,,,,,,,,,,,,,,,,,,,,,,,,,,,,,,,
"756385","JC466301","2019-10-08T14:40:00","2","DRIVER",,"718487",,"CHEVROLET","UNKNOWN","IL","2017","NONE","PASSENGER","PERSONAL","S","STRAIGHT AHEAD",,,"1",,,,,,,,,,"true","true",,,,,,,"REAR-LEFT",,,,,,,,,,,,,,,,,,,,,,,,,,,,,,,,,
"755790","JC465059","2019-10-08T14:40:00","1","DRIVER",,"717905",,"MERCEDES-BENZ","E300","IL","2017","UNKNOWN","PASSENGER","COMMERCIAL - SINGLE UNIT","E","BACKING",,,"1",,,,,,,,,"true",,,,,,,,,"REAR",,,,,,,,,,,,,,,,,,,,,,,,,,,,,,,,,
"755791","JC465059","2019-10-08T14:40:00","2","DRIVER","1","717914",,"LINCOLN-CONTINENTAL","UNKNOWN","IL","2008","NONE","PASSENGER","PERSONAL","W","BACKING",,,"2",,,,,,,,,"true",,,,,,,,,"REAR",,,,,,,,,,,,,,,,,,,,,,,,,,,,,,,,,
"755765","JC464941","2019-10-08T14:40:00","1","DRIVER",,"717880","true","INTERNATIONAL COACH MFG.","INTERNATIONAL COACH MFG.","IA","2020","NONE","TRACTOR W/ SEMI-TRAILER","COMMERCIAL - SINGLE UNIT","S","TURNING RIGHT",,,"1",,,,,,"true","true","true",,,,,,,,,,"SIDE-RIGHT","8364","69852",,,"SIDE OF TRUCK","3","SCHUSTER CO.","IA","LE MARS",,,,"N","N",,"N",,"N","N",,,,,,,,,"SINGLE UNIT TRUCK, 3 OR MORE AXLES","VAN/ENCLOSED BOX","OTHER","false","false",
"755766","JC464941","2019-10-08T14:40:00","2","PARKED",,"717886",,"GENERAL MOTORS CORP.","SIERRA","IL","2005","NONE","PICKUP","NOT IN USE","N","PARKED",,,"0",,,,,,,,,,,"true",,,,,,,"SIDE-LEFT",,,,,,,,,,,,,,,,,,,,,,,,,,,,,,,,,
"755716","JC464896","2019-10-08T14:35:00","1","DRIVER",,"717830",,"NISSAN","NISSAN ALTIMA","IL",,"UNKNOWN","UNKNOWN/NA","UNKNOWN/NA","E","STRAIGHT AHEAD",,,"1",,,,,,,,,,,,,,,,"true",,"OTHER",,,,,,,,,,,,,,,,,,,,,,,,,,,,,,,,,
"755717","JC464896","2019-10-08T14:35:00","2","DRIVER","1","717857",,"CHRYSLER","200","TN","2015","NONE","PASSENGER","PERSONAL","E","SLOW/STOP IN TRAFFIC",,,"2",,,,,,,,,,"true",,,,,,,,"REAR-LEFT",,,,,,,,,,,,,,,,,,,,,,,,,,,,,,,,,
"755704","JC464838","2019-10-08T14:31:00","1","DRIVER",,"717823",,"CHEVROLET","MALIBU (CHEVELLE)","IL","2011","NONE","PASSENGER","PERSONAL","S","STRAIGHT AHEAD","true",,"1",,"PRIVATE TOW","RESIDENCE",,"true","true",,,,,,,,,,,,"FRONT",,,,,,,,,,,,,,,,,,,,,,,,,,,,,,,,,
"755705","JC464838","2019-10-08T14:31:00","2","DRIVER",,"717831",,"PONTIAC","GRAND PRIX","IL","2006","NONE","PASSENGER","PERSONAL","N","TURNING LEFT","true",,"1",,"PRIVATE TOW","RESIDENCE",,,,,"true","true",,,,,,,,,"SIDE-LEFT",,,,,,,,,,,,,,,,,,,,,,,,,,,,,,,,,
"756176","JC465882","2019-10-08T14:30:00","1","DRIVER",,"718283",,"UNKNOWN","UNKNOWN",,,"UNKNOWN","UNKNOWN/NA","UNKNOWN/NA","UNKNOWN","UNKNOWN/NA",,,"1",,,,,,,,,,,,,,,,,"true","UNKNOWN",,,,,,,,,,,,,,,,,,,,,,,,,,,,,,,,,
"755869","JC465176","2019-10-08T14:30:00","1","DRIVER",,"717975",,"TOYOTA MOTOR COMPANY, LTD.","COROLLA","IL","2009","UNKNOWN","PASSENGER","UNKNOWN/NA","N","CHANGING LANES",,,"1",,,,,,,,,,,,,,,,,"true","UNKNOWN",,,,,,,,,,,,,,,,,,,,,,,,,,,,,,,,,
"755870","JC465176","2019-10-08T14:30:00","2","DRIVER",,"717981",,"NISSAN","NISSAN ALTIMA","IL","1998","NONE","PASSENGER","PERSONAL","N","STRAIGHT AHEAD",,,"1",,,,,,,,,,,,,,,"true","true",,"TOTAL (ALL AREAS)",,,,,,,,,,,,,,,,,,,,,,,,,,,,,,,,,
"755710","JC464909","2019-10-08T14:30:00","1","DRIVER","2","717825",,"MERCEDES-BENZ","C300","IL","2011","NONE","PASSENGER","RIDESHARE SERVICE","E","STRAIGHT AHEAD",,,"3",,,,,,,,,,,,,,,,"true",,"OTHER",,,,,,,,,,,,,,,,,,,,,,,,,,,,,,,,,
"755711","JC464909","2019-10-08T14:30:00","2","DRIVER",,"717835",,"ACURA","ACURA","IL","2006","UNKNOWN","PASSENGER","UNKNOWN/NA","S","UNKNOWN/NA",,,"1",,,,,,,,,,,,,,,,,"true","SIDE-RIGHT",,,,,,,,,,,,,,,,,,,,,,,,,,,,,,,,,
"755754","JC464846","2019-10-08T14:25:00","1","DRIVER",,"717871",,"HYUNDAI","Santa Fe","MO","2019","NONE","SPORT UTILITY VEHICLE (SUV)","PERSONAL","N","STRAIGHT AHEAD",,,"1",,,,,"true",,,,,,,,,,,"true",,"FRONT",,,,,,,,,,,,,,,,,,,,,,,,,,,,,,,,,
"755755","JC464846","2019-10-08T14:25:00","2","PEDESTRIAN",,,,,,,,,,,,,,,,,,,,,,,,,,,,,,,,,,,,,,,,,,,,,,,,,,,,,,,,,,,,,,,,,,
"755696","JC464861","2019-10-08T14:15:00","1","DRIVER",,"717815",,"NISSAN","ROGUE","IL",,"UNKNOWN","PASSENGER","PERSONAL","S","BACKING",,,"1",,,,,,,,,,"true",,,,,,,,"REAR-LEFT",,,,,,,,,,,,,,,,,,,,,,,,,,,,,,,,,
"755697","JC464861","2019-10-08T14:15:00","2","DRIVER","1","717818",,"LEXUS","ES350","IL","2015","NONE","PASSENGER","PERSONAL","S","SLOW/STOP IN TRAFFIC",,,"2",,,,,,,,,"true",,,,,,,,,"REAR",,,,,,,,,,,,,,,,,,,,,,,,,,,,,,,,,
"755702","JC464784","2019-10-08T13:39:00","1","DRIVER",,"717820",,"DODGE","CHARGER","IL","2006","UNKNOWN","PASSENGER","PERSONAL","S","STRAIGHT AHEAD",,,"1",,,,,"true",,,,,,,,,,"true","true",,"FRONT",,,,,,,,,,,,,,,,,,,,,,,,,,,,,,,,,
"755703","JC464784","2019-10-08T13:39:00","2","DRIVER","5","717821",,"DODGE","GRAND CARAVAN","IL","2008","UNKNOWN","VAN/MINI-VAN","PERSONAL","W","STRAIGHT AHEAD","true",,"6",,,,,"true",,,,"true",,,,,,,"true",,"REAR",,,,,,,,,,,,,,,,,,,,,,,,,,,,,,,,,
"755919","JC465298","2019-10-08T13:37:00","1","DRIVER",,"718034",,"UNKNOWN","UNKNOWN","IL",,"UNKNOWN","SPORT UTILITY VEHICLE (SUV)","UNKNOWN/NA","UNKNOWN","STRAIGHT AHEAD",,,"1",,,,,,,,,,,,,,,,,,"OTHER",,,,,,,,,,,,,,,,,,,,,,,,,,,,,,,,,
"755920","JC465298","2019-10-08T13:37:00","2","PARKED",,"718023",,"LINCOLN-CONTINENTAL","TOWNCAR",,,"UNKNOWN","PASSENGER","PERSONAL","UNKNOWN","PARKED",,,"0",,,,,,,,,,,,,,,,,,"SIDE-LEFT",,,,,,,,,,,,,,,,,,,,,,,,,,,,,,,,,
"755673","JC464815","2019-10-08T13:35:00","1","DRIVER","2","717792",,"DODGE","MAGNUM","IL","2006","NONE","PASSENGER","PERSONAL","S","TURNING LEFT",,,"3",,,,,,,,,,,,,,,"true","false",,"TOTAL (ALL AREAS)",,,,,,,,,,,,,,,,,,,,,,,,,,,,,,,,,
"755674","JC464815","2019-10-08T13:35:00","2","DRIVER",,"717788",,"CHEVROLET","SUBURBAN","IL","2019","NONE","SPORT UTILITY VEHICLE (SUV)","PERSONAL","N","TURNING LEFT",,,"1",,,,,,,,,,,,,,,,"true",,"OTHER",,,,,,,,,,,,,,,,,,,,,,,,,,,,,,,,,
"756039","JC464801","2019-10-08T13:30:00","1","DRIVER",,"718165",,"FORD","CLUB WAGON","IL","2009","NONE","PASSENGER","PERSONAL","N","BACKING",,,"1",,,,,,,,,,"true",,,,,,,"true","REAR-LEFT",,,,,,,,,,,,,,,,,,,,,,,,,,,,,,,,,
"756040","JC464801","2019-10-08T13:30:00","2","PEDESTRIAN",,,,,,,,,,,,,,,,,,,,,,,,,,,,,,,,,,,,,,,,,,,,,,,,,,,,,,,,,,,,,,,,,,
"755694","JC464810","2019-10-08T13:29:00","1","DRIVER",,"717814",,"UNKNOWN","MOTORIZED",,,"NONE","OTHER","OTHER","E","ENTERING TRAFFIC LANE FROM PARKING",,,"1",,,,,,,,,,,,,,,"true",,,"TOTAL (ALL AREAS)",,,,,,,,,,,,,,,,,,,,,,,,,,,,,,,,,
"755695","JC464810","2019-10-08T13:29:00","2","DRIVER",,"717816",,"CHEVROLET","EQUINOX","IL","2006","NONE","PASSENGER","PERSONAL","E","STRAIGHT AHEAD","true",,"1",,"private company","private lot",,"true","true",,,,,,,,,,,,"FRONT",,,,,,,,,,,,,,,,,,,,,,,,,,,,,,,,,
"755655","JC464748","2019-10-08T13:25:00","1","DRIVER",,"717771",,"CHEVROLET","CRUZE","IL","2012","NONE","PASSENGER","PERSONAL","S","UNKNOWN/NA",,,"1",,,,,,,,,,,,,"true","true",,,,"ROOF",,,,,,,,,,,,,,,,,,,,,,,,,,,,,,,,,
"755656","JC464748","2019-10-08T13:25:00","2","DRIVER",,"717774",,"VOLKSWAGEN","JETTA","IL","2006","NONE","PASSENGER","PERSONAL","S","UNKNOWN/NA",,,"1",,,,,"true",,,,,,,,,,,,,"FRONT-RIGHT",,,,,,,,,,,,,,,,,,,,,,,,,,,,,,,,,
"755684","JC464753","2019-10-08T13:12:00","1","DRIVER",,"719560",,"SUZUKI","SUZUKI","IL","2005","NONE","MOTORCYCLE (OVER 150CC)","PERSONAL","E","STRAIGHT AHEAD","true",,"1",,"personal tow","personal tow",,,,,,,,,,,,,,,,,,,,,,,,,,,,,,,,,,,,,,,,,,,,,,,,
"755685","JC464753","2019-10-08T13:12:00","2","DRIVER",,"717812",,"HONDA","CIVIC","IL","2014","NONE","PASSENGER","PERSONAL","S","TURNING LEFT","true",,"1",,"personal tow","personal tow",,"true","true","true","true",,,,,,,,,,"UNDER CARRIAGE",,,,,,,,,,,,,,,,,,,,,,,,,,,,,,,,,
"755659","JC464757","2019-10-08T13:11:00","1","DRIVER",,"717778",,"HONDA","Odyssey (minivan)","IL","2005","NONE","VAN/MINI-VAN","PERSONAL","W","STRAIGHT AHEAD","true",,"4",,,,,,"true","true","true",,,,,,,,,,"SIDE-RIGHT",,,,,,,,,,,,,,,,,,,,,,,,,,,,,,,,,
"755660","JC464757","2019-10-08T13:11:00","2","DRIVER",,"717790",,"CHEVROLET","IMPALA","IL","2010","NONE","PASSENGER","PERSONAL","S","STRAIGHT AHEAD",,,"1",,,,,,,,,,,,,,,"true",,,"TOTAL (ALL AREAS)",,,,,,,,,,,,,,,,,,,,,,,,,,,,,,,,,
"755680","JC464742","2019-10-08T13:10:00","1","DRIVER",,"717794",,"TOYOTA MOTOR COMPANY, LTD.","CAMRY","IL","1995","UNKNOWN","PASSENGER","PERSONAL","SW","UNKNOWN/NA",,,"1",,,,,,"true","true",,,,,,,,,,,"ROOF",,,,,,,,,,,,,,,,,,,,,,,,,,,,,,,,,
"755681","JC464742","2019-10-08T13:10:00","2","DRIVERLESS",,"717796",,"KIA MOTORS CORP","SOUL","IL","2020","NONE","PASSENGER","PERSONAL","UNKNOWN","PARKED",,,"0",,,,,,,,,,,,"true","true","true",,,,"ROOF",,,,,,,,,,,,,,,,,,,,,,,,,,,,,,,,,
"755669","JC464774","2019-10-08T13:07:00","1","DRIVER",,"717786",,"TOYOTA MOTOR COMPANY, LTD.","Prius","IL","2009","NONE","PASSENGER","PERSONAL","E","ENTERING TRAFFIC LANE FROM PARKING",,,"1",,,,,"true",,,,,,,,,,,,,"FRONT",,,,,,,,,,,,,,,,,,,,,,,,,,,,,,,,,
"755670","JC464774","2019-10-08T13:07:00","2","DRIVER",,"717803",,"KIA MOTORS CORP","Sedona","IL","2017","NONE","PASSENGER","PERSONAL","E","STRAIGHT AHEAD",,,"1",,,,,,,,,,,,,,,"true",,,"TOTAL (ALL AREAS)",,,,,,,,,,,,,,,,,,,,,,,,,,,,,,,,,
"755692","JC464855","2019-10-08T13:00:00","1","DRIVER",,"717813",,"CHRYSLER","PT Cruiser","IL","2007","NONE","SPORT UTILITY VEHICLE (SUV)","PERSONAL","E","STRAIGHT AHEAD",,,"1",,,,,,,,,,,,,,,,"true",,"OTHER",,,,,,,,,,,,,,,,,,,,,,,,,,,,,,,,,
"755693","JC464855","2019-10-08T13:00:00","2","DRIVER","1","717811",,"FORD","FUSION","IL","2014","NONE","PASSENGER","PERSONAL","N","STRAIGHT AHEAD",,,"2",,,,,,,,,,,,,"true",,,,,"ROOF",,,,,,,,,,,,,,,,,,,,,,,,,,,,,,,,,
"755651","JC464726","2019-10-08T13:00:00","1","DRIVER",,"717784",,"NISSAN","Titan","IL","2006","NONE","PASSENGER","PERSONAL","W","STRAIGHT AHEAD",,,"1",,,,,,,,,,,,,,,,"true",,"OTHER",,,,,,,,,,,,,,,,,,,,,,,,,,,,,,,,,
"755652","JC464726","2019-10-08T13:00:00","2","DRIVER",,"717787",,"FORD","FUSION","IL","2014","NONE","PASSENGER","PERSONAL","W","SLOW/STOP IN TRAFFIC",,,"1",,,,,,,,,,"true",,,,,,,,"REAR-LEFT",,,,,,,,,,,,,,,,,,,,,,,,,,,,,,,,,
"755671","JC464734","2019-10-08T12:45:00","1","DRIVER",,"717789",,"HONDA","ACCORD","IL","2019","NONE","PASSENGER","PERSONAL","E","STRAIGHT AHEAD",,,"1",,,,,,,,,,,,,,,"true",,,"UNDER CARRIAGE",,,,,,,,,,,,,,,,,,,,,,,,,,,,,,,,,
"755672","JC464734","2019-10-08T12:45:00","2","DRIVER","1","717799",,"OSHKOSH MOTOR TRUCK CO.","OSHKOSH MOTOR TRUCK CO.","IL","2001","NONE","OTHER","FIRE","S","STARTING IN TRAFFIC",,,"2",,,,,"true",,,,,,,,,,,,,"FRONT",,,,,,,,,,,,,,,,,,,,,,,,,,,,,,,,,
"755635","JC464709","2019-10-08T12:40:00","1","DRIVER",,"717748",,"HONDA","UNKNOWN",,"2003","UNKNOWN","UNKNOWN/NA","UNKNOWN/NA","E","STRAIGHT AHEAD",,,"1",,,,,"true",,,,,,,,,,"true","true",,"OTHER",,,,,,,,,,,,,,,,,,,,,,,,,,,,,,,,,
"755636","JC464709","2019-10-08T12:40:00","2","DRIVER",,"717752",,"NISSAN","ROGUE","IL","2012","NONE","SPORT UTILITY VEHICLE (SUV)","PERSONAL","E","SLOW/STOP IN TRAFFIC",,,"1",,,,,,,,,"true","true","true",,,,,,,"REAR-LEFT",,,,,,,,,,,,,,,,,,,,,,,,,,,,,,,,,
"756225","JC466016","2019-10-08T12:30:00","1","DRIVER",,"718336",,"INTERNATIONAL HARVESTER","INTERNATIONAL HARVESTER","IL","2015","NONE","TRUCK - SINGLE UNIT","COMMERCIAL - SINGLE UNIT","N","BACKING",,,"1",,,,,,,,"true",,,,,,,,,,"SIDE-RIGHT",,,,,,,,,,,,,,,,,,,,,,,,,,,,,,,,,
"756226","JC466016","2019-10-08T12:30:00","2","PARKED",,"718333",,"AUDI","Q5","IL","2016","NONE","SPORT UTILITY VEHICLE (SUV)","PERSONAL","W","PARKED",,,"0",,,,,,,,,,"true",,,,,,,,"REAR-LEFT",,,,,,,,,,,,,,,,,,,,,,,,,,,,,,,,,
"755633","JC464686","2019-10-08T12:30:00","1","DRIVER",,"717760",,"MERCEDES-BENZ","SL500","IL","2015","NONE","PASSENGER","PERSONAL","W","STRAIGHT AHEAD",,,"1",,,,,,,,,"true",,,,,,,,,"REAR",,,,,,,,,,,,,,,,,,,,,,,,,,,,,,,,,
"755634","JC464686","2019-10-08T12:30:00","2","DRIVER","1","717764",,"FORD","TAURUS","IL","2018","NONE","PASSENGER","TAXI/FOR HIRE","W","STRAIGHT AHEAD",,,"2",,,,,,,,,"true",,,,,,,,,"REAR",,,,,,,,,,,,,,,,,,,,,,,,,,,,,,,,,
"755623","JC464678","2019-10-08T12:30:00","1","DRIVER",,"717744",,"FORD","FORD","IL","2012","NONE","VAN/MINI-VAN","STATE OWNED","N","SKIDDING/CONTROL LOSS",,,"1",,,,"true",,,,,,,,,,,,,,"OTHER",,,,,,,,,,,,,,,,,,,,,,,,,,,,,,,,,
"755624","JC464678","2019-10-08T12:30:00","2","DRIVER",,"717750",,"VOLKSWAGEN","JETTA","IL","2006","NONE","PASSENGER","PERSONAL","N","CHANGING LANES",,,"1",,,,,,,,,"false","true","false",,,,,,,"REAR-LEFT",,,,,,,,,,,,,,,,,,,,,,,,,,,,,,,,,
"755649","JC464730","2019-10-08T12:25:00","1","DRIVER",,"717781",,"BMW","328i","IL","2010","UNKNOWN","SPORT UTILITY VEHICLE (SUV)","UNKNOWN/NA","UNKNOWN","BACKING",,,"1",,,,,,,,,,"true",,,,,,,,"REAR-LEFT",,,,,,,,,,,,,,,,,,,,,,,,,,,,,,,,,
"755650","JC464730","2019-10-08T12:25:00","2","DRIVER",,"717797",,"DODGE","UNKNOWN","IL","2018","NONE","VAN/MINI-VAN","OTHER","W","STRAIGHT AHEAD",,,"1",,,,,,,"true",,,,,,,,,,,"SIDE-RIGHT",,,,,,,,,,,,,,,,,,,,,,,,,,,,,,,,,
"755641","JC464695","2019-10-08T12:20:00","1","DRIVER",,"717762","false","FREIGHTLINER CORP.","FREIGHTLINER CORP.","IL","2014","NONE","TRACTOR W/ SEMI-TRAILER","COMMERCIAL - MULTI-UNIT","N","TURNING LEFT",,,"1",,,,,,,,,,,"true",,,,,,,"FRONT-LEFT",,,,,,,,,,,,,,,,,,,,,,,,,,,,,,,,,
"755642","JC464695","2019-10-08T12:20:00","2","PARKED",,"717765",,"JEEP","Wrangler (for vehicle years 1989 to present)","IL","2014","NONE","PASSENGER","NOT IN USE","E","PARKED",,,"0",,,,,,,,,,,,,,,"true",,,"TOTAL (ALL AREAS)",,,,,,,,,,,,,,,,,,,,,,,,,,,,,,,,,
"756217","JC456977","2019-10-08T12:20:00","1","DRIVER",,"718324",,"CHRYSLER","300",,"2006","NONE","PASSENGER","PERSONAL","S","BACKING",,,"1",,,,,,,,,"true","true",,,,,,,,"SIDE-RIGHT",,,,,,,,,,,,,,,,,,,,,,,,,,,,,,,,,
"756218","JC456977","2019-10-08T12:20:00","2","DRIVER",,"718330",,"MACK TRUCKS, INC.","MACK TRUCKS, INC.","IL","2009","NONE","TRUCK - SINGLE UNIT","COMMERCIAL - SINGLE UNIT","W","BACKING",,,"1",,,,,,,,,,,,,"true",,,,,"ROOF",,,,,,,,,,,,,,,,,,,,,,,,,,,,,,,,,
"755631","JC464663","2019-10-08T12:18:00","1","DRIVER",,"717749","true","INTERNATIONAL HARVESTER CO.","UNKNOWN","OH",,"NONE","TRUCK - SINGLE UNIT","COMMERCIAL - SINGLE UNIT","S","BACKING",,,"1",,,,,,,,,,"true",,,,,,,,"REAR-LEFT",,,,,,,,,,,,,,,,,,,,,,,,,,,,,,,,,
"755632","JC464663","2019-10-08T12:18:00","2","PARKED",,"717758",,"NISSAN","SENTRA (DATSUN AND NISSAN HAVE MERGED)","IL",,"NONE","PASSENGER","NOT IN USE","S","PARKED IN TRAFFIC LANE",,,"0",,,,,,,,,,,,,,,,,,"REAR-LEFT",,,,,,,,,,,,,,,,,,,,,,,,,,,,,,,,,
"756589","JC466601","2019-10-08T12:15:00","1","DRIVER",,"718667",,"FORD","EDGE","IL",,"NONE","SPORT UTILITY VEHICLE (SUV)","PERSONAL","UNKNOWN","BACKING",,,"1",,,,,,,,,"true","true","true",,,,,,,"REAR-LEFT",,,,,,,,,,,,,,,,,,,,,,,,,,,,,,,,,
"756590","JC466601","2019-10-08T12:15:00","2","DRIVER",,"718663",,"SAAB","9-3",,"2006","NONE","PASSENGER","PERSONAL","UNKNOWN","SLOW/STOP IN TRAFFIC",,,"1",,,,,"true",,,,,,,,,,"true","true",,"OTHER",,,,,,,,,,,,,,,,,,,,,,,,,,,,,,,,,
"755865","JC465133","2019-10-08T12:00:00","1","DRIVER",,"717994",,"UNKNOWN","UNKNOWN","IL",,"UNKNOWN","UNKNOWN/NA","UNKNOWN/NA","UNKNOWN","UNKNOWN/NA",,,"1",,,,,,,,,,,,,,,,,,"UNKNOWN",,,,,,,,,,,,,,,,,,,,,,,,,,,,,,,,,
"755866","JC465133","2019-10-08T12:00:00","2","PARKED",,"717998",,"HYUNDAI","Accent","IL","2017","NONE","PASSENGER","PERSONAL","UNKNOWN","PARKED",,,"0",,,,,,,,,,,,,,,,,,"OTHER",,,,,,,,,,,,,,,,,,,,,,,,,,,,,,,,,
"755637","JC464636","2019-10-08T11:57:00","1","DRIVER",,"717751",,"FORD","ESCAPE (SUV)","IL","2014","NONE","PASSENGER","PERSONAL","E","STRAIGHT AHEAD",,,"1",,,,,,,,,,,,,,,,"true",,"OTHER",,,,,,,,,,,,,,,,,,,,,,,,,,,,,,,,,
"755638","JC464636","2019-10-08T11:57:00","2","DRIVER",,"717761",,"FORD","UNKNOWN","IL","2010","NONE","VAN/MINI-VAN","CTA","E","SLOW/STOP IN TRAFFIC",,,"1",,,,,,,,,,"true",,,,,,,,"REAR-LEFT",,,,,,,,,,,,,,,,,,,,,,,,,,,,,,,,,
"755657","JC464739","2019-10-08T11:45:00","1","DRIVER","1","717791",,"HONDA","UNKNOWN","IL","2015","NONE","PASSENGER","PERSONAL","E","CHANGING LANES",,,"2",,,,,,,,,,,,,"true",,,,,"ROOF",,,,,,,,,,,,,,,,,,,,,,,,,,,,,,,,,
"755658","JC464739","2019-10-08T11:45:00","2","DRIVER",,"717805",,"HYUNDAI","SONATA","IL","2013","NONE","PASSENGER","PERSONAL","E","SLOW/STOP IN TRAFFIC",,,"1",,,,,"true",,,,,,,,,,,,,"FRONT",,,,,,,,,,,,,,,,,,,,,,,,,,,,,,,,,