"crash_unit_id","rd_no","crash_date","unit_no","unit_type","num_passengers","vehicle_id","cmrc_veh_i","make","model","lic_plate_state","vehicle_year","vehicle_defect","vehicle_type","vehicle_use","travel_direction","maneuver","towed_i","fire_i","occupant_cnt","exceed_speed_limit_i","towed_by","towed_to","area_00_i","area_01_i","area_02_i","area_03_i","area_04_i","area_05_i","area_06_i","area_07_i","area_08_i","area_09_i","area_10_i","area_11_i","area_12_i","area_99_i","first_contact_point","cmv_id","usdot_no","ccmc_no","ilcc_no","commercial_src","gvwr","carrier_name","carrier_state","carrier_city","hazmat_placards_i","hazmat_name","un_no","hazmat_present_i","hazmat_report_i","hazmat_report_no","mcs_report_i","mcs_report_no","hazmat_vio_cause_crash_i","mcs_vio_cause_crash_i","idot_permit_no","wide_load_i","trailer1_width","trailer2_width","trailer1_length","trailer2_length","total_vehicle_length","axle_cnt","vehicle_config","cargo_body_type","load_type","hazmat_out_of_service_i","mcs_out_of_service_i","hazmat_class"
"756045","JC464706","2019-10-08T11:30:00","1","DRIVER",,"718154",,"HYUNDAI","Accent","IL","2015","UNKNOWN","PASSENGER","PERSONAL","E","STRAIGHT AHEAD","true",,"1",,"OWNER",,,,,,,,,,,,,,"true",,"OTHER",,,,,,,,,,,,,,,,,,,,,,,,,,,,,,,,,
"756046","JC464706","2019-10-08T11:30:00","2","DRIVER",,"718156",,"CHEVROLET","S10","WI","1997","UNKNOWN","PICKUP","PERSONAL","S","STRAIGHT AHEAD",,,"1",,,,,,,,"true","true",,,,,,,,,"REAR",,,,,,,,,,,,,,,,,,,,,,,,,,,,,,,,,
"755626","JC464697","2019-10-08T11:30:00","1","DRIVER",,"717745",,"FIAT","UNKNOWN","IL","2012","UNKNOWN","PASSENGER","PERSONAL","E","CHANGING LANES",,,"1",,,,,,,,,,,,,,,"true",,,"UNDER CARRIAGE",,,,,,,,,,,,,,,,,,,,,,,,,,,,,,,,,
"755627","JC464697","2019-10-08T11:30:00","2","DRIVER","1","717757",,"TOYOTA MOTOR COMPANY, LTD.","COROLLA","IL","2015","UNKNOWN","PASSENGER","TAXI/FOR HIRE","E","STRAIGHT AHEAD",,,"2",,,,,,"true","true","true",,,,,,,,,,"SIDE-RIGHT",,,,,,,,,,,,,,,,,,,,,,,,,,,,,,,,,
"755603","JC464632","2019-10-08T11:30:00","1","DRIVER",,"717729",,"MAZDA","323","IN","2018","NONE","PASSENGER","RIDESHARE SERVICE","E","TURNING RIGHT",,,"1",,,,,,,"true",,,,,,,,,,,"SIDE-RIGHT",,,,,,,,,,,,,,,,,,,,,,,,,,,,,,,,,
"755604","JC464632","2019-10-08T11:30:00","2","DRIVER",,"717735",,"KIA MOTORS CORP","SORENTO","IL","2009","NONE","PASSENGER","PERSONAL","E","STRAIGHT AHEAD",,,"1",,,,"true",,,,,,,,,,,,,,"OTHER",,,,,,,,,,,,,,,,,,,,,,,,,,,,,,,,,
"755596","JC464566","2019-10-08T11:17:00","1","DRIVER",,"717725",,"HONDA","Odyssey (minivan)","IL","2013","NONE","VAN/MINI-VAN","PERSONAL","N","TURNING RIGHT",,,"1",,,,,"true",,,,,,,,,,,,,"FRONT",,,,,,,,,,,,,,,,,,,,,,,,,,,,,,,,,
"755597","JC464566","2019-10-08T11:17:00","2","PEDESTRIAN",,,,,,,,,,,,,,,,,,,,,,,,,,,,,,,,,,,,,,,,,,,,,,,,,,,,,,,,,,,,,,,,,,
"755661","JC464760","2019-10-08T11:15:00","1","DRIVER",,"717776",,"TOYOTA MOTOR COMPANY, LTD.","TOYOTA","IL","2019","NONE","PASSENGER","PERSONAL","E","TURNING RIGHT",,,"1",,,,,"true",,,,,,,,,,"true","true",,"OTHER",,,,,,,,,,,,,,,,,,,,,,,,,,,,,,,,,
"755662","JC464760","2019-10-08T11:15:00","2","DRIVER",,"717782",,"HYUNDAI","SONATA","IL","2017","UNKNOWN","PASSENGER","UNKNOWN/NA","S","STRAIGHT AHEAD",,,"1",,,,,,,,,"true","true",,,,,,,,"REAR",,,,,,,,,,,,,,,,,,,,,,,,,,,,,,,,,
"755588","JC464584","2019-10-08T11:15:00","1","DRIVER",,"717721",,"CHEVROLET","Express (full-size van)","IL","2013","NONE","VAN/MINI-VAN","COMMERCIAL - SINGLE UNIT","S","BACKING",,,"1",,,,,,,,,,"true","true",,,,,,,"REAR-LEFT",,,,,,,,,,,,,,,,,,,,,,,,,,,,,,,,,
"755589","JC464584","2019-10-08T11:15:00","2","DRIVER",,"717734",,"SUBARU","UNKNOWN","IL","2019","NONE","PASSENGER","PERSONAL","W","STRAIGHT AHEAD","true",,"1",,"state farm\ 3rd party",,,"true","true",,,,,,,,,,,,"UNDER CARRIAGE",,,,,,,,,,,,,,,,,,,,,,,,,,,,,,,,,
"755575","JC464557","2019-10-08T11:13:00","1","DRIVER",,"717711",,"CHEVROLET","SILVERADO","IL","2006","NONE","PICKUP","PERSONAL","W","BACKING",,,"1",,,,"true",,,,,,,,,,,,,,"REAR-LEFT",,,,,,,,,,,,,,,,,,,,,,,,,,,,,,,,,
"755576","JC464557","2019-10-08T11:13:00","2","PARKED",,"717718",,"ACURA","ACURA","IL","2006","NONE","PASSENGER","PERSONAL","W","PARKED",,,"0",,,,,,,,,,,,,,,,"true",,"OTHER",,,,,,,,,,,,,,,,,,,,,,,,,,,,,,,,,
"756049","JC464666","2019-10-08T11:10:00","1","DRIVER",,"718179",,"TOYOTA MOTOR COMPANY, LTD.","UNKNOWN","IL","2019","NONE","PASSENGER","PERSONAL","E","STRAIGHT AHEAD",,,"1",,,,,"true",,,,,,,,,,,,,"FRONT",,,,,,,,,,,,,,,,,,,,,,,,,,,,,,,,,
"756050","JC464666","2019-10-08T11:10:00","2","DRIVER",,"718184",,"HYUNDAI","SONATA","IL","2017","NONE","PASSENGER","PERSONAL","S","STRAIGHT AHEAD",,,"1",,,,,,,,,"true",,,,,,,,,"REAR-RIGHT",,,,,,,,,,,,,,,,,,,,,,,,,,,,,,,,,
"755611","JC464660","2019-10-08T11:10:00","1","DRIVER",,"717741",,"UNKNOWN","UNKNOWN",,,"UNKNOWN","UNKNOWN/NA","UNKNOWN/NA","W","SLOW/STOP IN TRAFFIC",,,"1",,,,,,,,,,,,,,,,,"true","UNKNOWN",,,,,,,,,,,,,,,,,,,,,,,,,,,,,,,,,
"755612","JC464660","2019-10-08T11:10:00","2","DRIVER",,"718121",,"KIA MOTORS CORP","FORTE","IL","2017","NONE","PICKUP","PERSONAL","W","SLOW/STOP IN TRAFFIC",,,"1",,,,,,,,,,,,,,,,"true",,"OTHER",,,,,,,,,,,,,,,,,,,,,,,,,,,,,,,,,
"755613","JC464660","2019-10-08T11:10:00","3","DRIVER",,"718124",,"HYUNDAI","VERACRUZ","IL","2008","NONE","SPORT UTILITY VEHICLE (SUV)","PERSONAL","W","SLOW/STOP IN TRAFFIC",,,"1",,,,,,,,,,"true",,,,,,,,"REAR-LEFT",,,,,,,,,,,,,,,,,,,,,,,,,,,,,,,,,
"755586","JC464589","2019-10-08T11:05:00","1","DRIVER",,"717714",,"HONDA","UNKNOWN","IL","2005","NONE","UNKNOWN/NA","UNKNOWN/NA","N","BACKING",,,"1",,,,,,,,,,,,,,,,,"true","UNKNOWN",,,,,,,,,,,,,,,,,,,,,,,,,,,,,,,,,
"755587","JC464589","2019-10-08T11:05:00","2","PARKED","1","717720",,"FORD","UNKNOWN","IL","2016","NONE","PASSENGER","PERSONAL","N","PARKED",,,"1",,,,,"true",,,,,,,,,,"true","true",,"OTHER",,,,,,,,,,,,,,,,,,,,,,,,,,,,,,,,,
"755579","JC464554","2019-10-08T11:05:00","1","DRIVER","2","717705",,"HONDA","ACCORD","IL",,"UNKNOWN","PASSENGER","PERSONAL","S","STRAIGHT AHEAD",,,"3",,,,,"true","true",,,,,,,,,,,,"FRONT",,,,,,,,,,,,,,,,,,,,,,,,,,,,,,,,,
"755580","JC464554","2019-10-08T11:05:00","2","DRIVER",,"717715",,"TOYOTA MOTOR COMPANY, LTD.","Sienna (van)","IL",,"UNKNOWN","VAN/MINI-VAN","PERSONAL","S","STRAIGHT AHEAD","true",,"1",,,,,,,,,,,,,,"true","true",,,"TOTAL (ALL AREAS)",,,,,,,,,,,,,,,,,,,,,,,,,,,,,,,,,
"756413","JC466342","2019-10-08T11:00:00","1","DRIVER",,"718512",,"UNKNOWN","UNKNOWN","IL",,"UNKNOWN","UNKNOWN/NA","UNKNOWN/NA","UNKNOWN","UNKNOWN/NA",,,"1",,,,,,,,,,,,,,,,,"true","UNKNOWN",,,,,,,,,,,,,,,,,,,,,,,,,,,,,,,,,
"756414","JC466342","2019-10-08T11:00:00","2","PARKED",,"718501",,"FORD","FUSION","IL","2017","NONE","PASSENGER","PERSONAL","W","PARKED",,,"0",,,,,,,,,,,"true","true","true","true","true",,,"ROOF",,,,,,,,,,,,,,,,,,,,,,,,,,,,,,,,,
"755756","JC464943","2019-10-08T11:00:00","1","DRIVER",,"717876",,"CHEVROLET","UNKNOWN","IL","2016","UNKNOWN","PASSENGER","PERSONAL","E","TURNING LEFT",,,"1",,,,,,,,,,,,,,,,,"true","UNKNOWN",,,,,,,,,,,,,,,,,,,,,,,,,,,,,,,,,
"755757","JC464943","2019-10-08T11:00:00","2","PEDESTRIAN",,,,,,,,,,,,,,,,,,,,,,,,,,,,,,,,,,,,,,,,,,,,,,,,,,,,,,,,,,,,,,,,,,
"755571","JC464571","2019-10-08T11:00:00","1","DRIVER",,"717703",,"NISSAN","JUKE","IL","2014","UNKNOWN","PASSENGER","PERSONAL","W","STRAIGHT AHEAD",,,"1",,,,,,,,,,,,,,,,"true",,"OTHER",,,,,,,,,,,,,,,,,,,,,,,,,,,,,,,,,
"755572","JC464571","2019-10-08T11:00:00","2","DRIVER","1","717700",,"TOYOTA MOTOR COMPANY, LTD.","RAV4 (sport utility)","IL","2019","NONE","SPORT UTILITY VEHICLE (SUV)","PERSONAL","W","SLOW/STOP IN TRAFFIC",,,"2",,,,,,,,,,"true",,,,,,,,"REAR-LEFT",,,,,,,,,,,,,,,,,,,,,,,,,,,,,,,,,
"755562","JC464534","2019-10-08T11:00:00","1","DRIVER",,"717687",,"UNKNOWN","UNKNOWN",,,"UNKNOWN","PICKUP","UNKNOWN/NA","S","STRAIGHT AHEAD",,,"1",,,,,,,,,,,,,,,,,"true","UNKNOWN",,,,,,,,,,,,,,,,,,,,,,,,,,,,,,,,,
"755563","JC464534","2019-10-08T11:00:00","2","DRIVER",,"717696",,"NEW FLYER","NEW FLYER","IL","2017","UNKNOWN","BUS OVER 15 PASS.","CTA","S","STRAIGHT AHEAD",,,"1",,,,"true",,,,,,,,,,,"true",,,"TOTAL (ALL AREAS)",,,,,,,,,,,,,,,,,,,,,,,,,,,,,,,,,
"755581","JC464516","2019-10-08T10:52:00","1","DRIVER",,"717708",,"JEEP","Liberty","IL","2002","NONE","SPORT UTILITY VEHICLE (SUV)","PERSONAL","E","SLOW/STOP IN TRAFFIC",,,"1",,,,,,,,,,,,,"true",,,,,"ROOF",,,,,,,,,,,,,,,,,,,,,,,,,,,,,,,,,
"755582","JC464516","2019-10-08T10:52:00","2","BICYCLE",,,,,,,,,,,,,,,,,,,,,,,,,,,,,,,,,,,,,,,,,,,,,,,,,,,,,,,,,,,,,,,,,,
"755893","JC464812","2019-10-08T10:50:00","1","DRIVER",,"718005",,"TOYOTA MOTOR COMPANY, LTD.","RAV4 (sport utility)","IL","2013","UNKNOWN","SPORT UTILITY VEHICLE (SUV)","UNKNOWN/NA","UNKNOWN","BACKING",,,"1",,,,,,,,,,,,,,,,,"true","REAR-LEFT",,,,,,,,,,,,,,,,,,,,,,,,,,,,,,,,,
"755894","JC464812","2019-10-08T10:50:00","2","DRIVER",,"718014",,"KIA MOTORS CORP","Optima","IL","2012","NONE","PASSENGER","PERSONAL","UNKNOWN","SLOW/STOP IN TRAFFIC",,,"1",,,,,,,,"true",,,,,,,,,,"REAR-RIGHT",,,,,,,,,,,,,,,,,,,,,,,,,,,,,,,,,
"755686","JC464792","2019-10-08T10:50:00","1","DRIVER",,"717806",,"UNKNOWN","UNKNOWN","XX",,"UNKNOWN","UNKNOWN/NA","UNKNOWN/NA","N","BACKING",,,"1",,,,,,,,,,,,,,,,,"true","UNKNOWN",,,,,,,,,,,,,,,,,,,,,,,,,,,,,,,,,
"755687","JC464792","2019-10-08T10:50:00","2","PEDESTRIAN",,,,,,,,,,,,,,,,,,,,,,,,,,,,,,,,,,,,,,,,,,,,,,,,,,,,,,,,,,,,,,,,,,
"756009","JC464529","2019-10-08T10:45:00","1","DRIVER",,"718122",,"JEEP","PATRIOT","IL","2011","UNKNOWN","PASSENGER","PERSONAL","S","STRAIGHT AHEAD",,,"1",,,,,,,,,,,,,,,,"true",,"OTHER",,,,,,,,,,,,,,,,,,,,,,,,,,,,,,,,,
"756010","JC464529","2019-10-08T10:45:00","2","DRIVER",,"718125",,"FORD","Focus","IL","2014","UNKNOWN","PASSENGER","PERSONAL","S","STRAIGHT AHEAD",,,"1",,,,,,,,,,"true",,,,,,,,"REAR-LEFT",,,,,,,,,,,,,,,,,,,,,,,,,,,,,,,,,
"756159","JC464558","2019-10-08T10:40:00","1","DRIVER",,"718277",,"CHRYSLER","200","IL","2015","NONE","PASSENGER","PERSONAL","W","STRAIGHT AHEAD","true",,"1",,"PRIVATE","UNKOWN",,,,,,,,,,,,,"true",,"OTHER",,,,,,,,,,,,,,,,,,,,,,,,,,,,,,,,,
"756160","JC464558","2019-10-08T10:40:00","2","DRIVER",,"718295",,"NISSAN","SENTRA (DATSUN AND NISSAN HAVE MERGED)","IL","2019","NONE","PASSENGER","PERSONAL","W","STRAIGHT AHEAD","true",,"1",,"PRIVATE","UNKNOWN",,,,,,,"true",,,,,,,,"REAR-LEFT",,,,,,,,,,,,,,,,,,,,,,,,,,,,,,,,,
"755583","JC464523","2019-10-08T10:38:00","1","DRIVER","1","717709",,"CHEVROLET","CRUZE","IL","2016","NONE","PASSENGER","PERSONAL","E","TURNING LEFT",,,"2",,,,,,,,,,,,,,,,"true",,"OTHER",,,,,,,,,,,,,,,,,,,,,,,,,,,,,,,,,
"755578","JC464523","2019-10-08T10:38:00","2","BICYCLE",,,,,,,,,,,,,,,,,,,,,,,,,,,,,,,,,,,,,,,,,,,,,,,,,,,,,,,,,,,,,,,,,,
"755639","JC464715","2019-10-08T10:27:00","1","DRIVER",,"717754",,"JEEP","JEEP - YEAR GREATER 1988","WI","2017","UNKNOWN","UNKNOWN/NA","UNKNOWN/NA","W","ENTERING TRAFFIC LANE FROM PARKING",,,"1",,,,,,,,,,,,,,,"true",,,"TOTAL (ALL AREAS)",,,,,,,,,,,,,,,,,,,,,,,,,,,,,,,,,
"755640","JC464715","2019-10-08T10:27:00","2","DRIVER",,"717759",,"FORD","FORD","IL","2014","NONE","BUS UP TO 15 PASS.","OTHER","W","STRAIGHT AHEAD",,,"1",,,,,,,,"true",,,,,,,,,,"REAR-RIGHT",,,,,,,,,,,,,,,,,,,,,,,,,,,,,,,,,
"755526","JC464480","2019-10-08T10:25:00","1","DRIVER","1","717685",,"DODGE","CARAVAN","IL","2006","NONE","VAN/MINI-VAN","PERSONAL","E","STRAIGHT AHEAD","true",,"2",,"Streets and Sanitation","pound 2",,"true","true",,,,,,,,"true","true","true",,"OTHER",,,,,,,,,,,,,,,,,,,,,,,,,,,,,,,,,
"755527","JC464480","2019-10-08T10:25:00","2","DRIVER",,"717691",,"HONDA","ACCORD","IL","2004","NONE","PASSENGER","PERSONAL","E","STRAIGHT AHEAD",,,"1",,,,,,"true","true",,,,,,,,,,,"FRONT",,,,,,,,,,,,,,,,,,,,,,,,,,,,,,,,,
"755528","JC464480","2019-10-08T10:25:00","3","PARKED",,"717697",,"JEEP","CHEROKEE","IL","2018","NONE","PASSENGER","NOT IN USE","E","PARKED",,,"0",,,,,,,,,,,"true","true","true","true","true",,,"SIDE-LEFT",,,,,,,,,,,,,,,,,,,,,,,,,,,,,,,,,
"755592","JC464559","2019-10-08T10:24:00","1","DRIVER",,"717722",,"HINO","HINO","IL","2014","UNKNOWN","OTHER","TOW TRUCK","N","STRAIGHT AHEAD",,,"1",,,,"true",,,,,,,,,,,,,,"TOTAL (ALL AREAS)",,,,,,,,,,,,,,,,,,,,,,,,,,,,,,,,,
"755593","JC464559","2019-10-08T10:24:00","2","DRIVER",,"717737",,"HYUNDAI","TUCSON","IL","2017","UNKNOWN","PASSENGER","PERSONAL","N","STRAIGHT AHEAD",,,"1",,,,,,,,,"true",,,,,,,,,"REAR",,,,,,,,,,,,,,,,,,,,,,,,,,,,,,,,,
"756791","JC466242","2019-10-08T10:20:00","1","DRIVER",,"718868",,"CHEVROLET","IMPALA","IL","2009","UNKNOWN","PASSENGER","UNKNOWN/NA","S","STRAIGHT AHEAD",,,"1",,,,,,,,,,,,,,,,,"true","REAR-LEFT",,,,,,,,,,,,,,,,,,,,,,,,,,,,,,,,,
"756792","JC466242","2019-10-08T10:20:00","2","PARKED",,"718864",,"HYUNDAI","SONATA","IL","2011","NONE","PASSENGER","NOT IN USE","S","PARKED",,,"0",,,,,,,,,,,,,,,,"true",,"OTHER",,,,,,,,,,,,,,,,,,,,,,,,,,,,,,,,,
"755573","JC464537","2019-10-08T10:19:00","1","DRIVER",,"717702",,"BANTAM CRANE","BANTAM CRANE","IL","2016","NONE","OTHER","OTHER","W","STRAIGHT AHEAD",,,"1",,,,,,,,,,,,,,,,,,"FRONT",,,,,,,,,,,,,,,,,,,,,,,,,,,,,,,,,
"755574","JC464537","2019-10-08T10:19:00","2","DRIVER",,"717707",,"MAZDA","Mazda 3","IL","2004","NONE","PASSENGER","PERSONAL","W","TURNING RIGHT",,,"1",,,,,,,,,,,"true",,,,,,,"SIDE-LEFT",,,,,,,,,,,,,,,,,,,,,,,,,,,,,,,,,
"755515","JC464484","2019-10-08T10:16:00","1","DRIVER",,"717664",,"HYUNDAI","TUCSON","IL","2012","UNKNOWN","UNKNOWN/NA","UNKNOWN/NA","E","UNKNOWN/NA",,,"1",,,,,"true",,,,,,,,,,,,,"FRONT",,,,,,,,,,,,,,,,,,,,,,,,,,,,,,,,,
"755516","JC464484","2019-10-08T10:16:00","2","DRIVER",,"717667",,"HYUNDAI","SONATA","IL","2018","UNKNOWN","UNKNOWN/NA","UNKNOWN/NA","E","STRAIGHT AHEAD",,,"1",,,,,,,,,,,"true","true","true",,,,,"SIDE-LEFT",,,,,,,,,,,,,,,,,,,,,,,,,,,,,,,,,
"755981","JC465448","2019-10-08T10:15:00","1","DRIVER","3","718093","true","TOYOTA MOTOR COMPANY, LTD.","CAMRY","IL","2012","NONE","PASSENGER","OTHER","N","STRAIGHT AHEAD",,,"4",,,,,"true","true",,,,,,,,,,,,"FRONT","8368",,,,,,"EFFICIENT TRANSPORTATION INC","IL","NEPERVILLE",,,,,,,,,,,,,,,,,,,,,,,,
"755982","JC465448","2019-10-08T10:15:00","2","PARKED",,"718094",,"SATURN","SATURN","IL","2004","NONE","SPORT UTILITY VEHICLE (SUV)","PERSONAL","N","PARKED",,,"0",,,,,,,,,,,"true","true","true","true","true",,,"ROOF",,,,,,,,,,,,,,,,,,,,,,,,,,,,,,,,,
"755560","JC464494","2019-10-08T10:15:00","1","DRIVER",,"717690","false","FORD","ECONOLINE E350","IL",,"NONE","VAN/MINI-VAN","CONSTRUCTION/MAINTENANCE","S","TURNING RIGHT",,,"1",,,,,,"true","true","true",,,,,,,,,,"SIDE-RIGHT",,,,,,,,,,,,,,,,,,,,,,,,,,,,,,,,,
"755561","JC464494","2019-10-08T10:15:00","2","DRIVER",,"717698",,"TOYOTA MOTOR COMPANY, LTD.","CAMRY","IL",,"NONE","PASSENGER","PERSONAL","N","TURNING RIGHT",,,"1",,,,,,,,,,,,,,"true","true",,,"UNDER CARRIAGE",,,,,,,,,,,,,,,,,,,,,,,,,,,,,,,,,
"755517","JC464481","2019-10-08T10:11:00","1","DRIVER",,"717668",,"AUTOCAR","AUTOCAR","IL","2009","NONE","OTHER","OTHER","N","STRAIGHT AHEAD",,,"1",,,,"true",,,,,,,,,,,,,,"NONE",,,,,,,,,,,,,,,,,,,,,,,,,,,,,,,,,
"755518","JC464481","2019-10-08T10:11:00","2","PARKED",,"717673",,"QUALITY TRAILER","QUALITY TRAILER","IL","2018","NONE","OTHER","PERSONAL","N","PARKED",,,"0",,,,,,,,,,,,,,,,,,,,,,,,,,,,,,,,,,,,,,,,,,,,,,,,,,,
"755628","JC464676","2019-10-08T10:10:00","1","DRIVER",,"717746",,"DODGE","GRAND CARAVAN","IL","2014","NONE","VAN/MINI-VAN","PERSONAL","W","OTHER",,,"1",,,,,"true",,,,,,,,,,,"true",,"FRONT",,,,,,,,,,,,,,,,,,,,,,,,,,,,,,,,,
"755675","JC464479","2019-10-08T10:05:00","1","PARKED",,"717798",,"MERCEDES-BENZ","GLK350","IL","2013","NONE","SPORT UTILITY VEHICLE (SUV)","PERSONAL","W","PARKED",,,"0",,,,,,,,,,,,,,,"true","true",,"TOTAL (ALL AREAS)",,,,,,,,,,,,,,,,,,,,,,,,,,,,,,,,,
"755676","JC464479","2019-10-08T10:05:00","2","PARKED",,"717802",,"PONTIAC","GRAND PRIX","IL",,"UNKNOWN","PASSENGER","PERSONAL","W","PARKED","true",,"0",,,,,,,"true",,,,,,,,,,,"SIDE-RIGHT",,,,,,,,,,,,,,,,,,,,,,,,,,,,,,,,,
"755677","JC464479","2019-10-08T10:05:00","3","PARKED",,"717804",,"HYUNDAI","ELANTRA","IL",,"UNKNOWN","PASSENGER","NOT IN USE","W","PARKED",,,"0",,,,,,,"true","true",,,,"false","false","false",,,,"SIDE-RIGHT",,,,,,,,,,,,,,,,,,,,,,,,,,,,,,,,,
"755688","JC464467","2019-10-08T10:05:00","1","DRIVER",,"717808",,"CHEVROLET","EQUINOX","IL","2011","NONE","PASSENGER","PERSONAL","S","STRAIGHT AHEAD","true",,"1",,"UNK","UNK",,,,,,,,,,,,,"true",,"OTHER",,,,,,,,,,,,,,,,,,,,,,,,,,,,,,,,,
"755689","JC464467","2019-10-08T10:05:00","2","PARKED",,"717810",,"FREIGHTLINER CORP.","UNKNOWN","IL","2014","NONE","OTHER","COMMERCIAL - SINGLE UNIT","S","PARKED",,,"0",,,,,,,,,,"true",,,,,,,,"REAR-LEFT",,,,,,,,,,,,,,,,,,,,,,,,,,,,,,,,,
"756691","JC466772","2019-10-08T10:00:00","1","DRIVER",,"718766",,"FORD","UNKNOWN","IL","1997","UNKNOWN","VAN/MINI-VAN","PERSONAL","W","STRAIGHT AHEAD",,,"1",,,,,,,,,,,,,,,,,"true","UNKNOWN",,,,,,,,,,,,,,,,,,,,,,,,,,,,,,,,,
"756692","JC466772","2019-10-08T10:00:00","2","DRIVER",,"718774",,"CHEVROLET","EQUINOX","IL","2010","UNKNOWN","SPORT UTILITY VEHICLE (SUV)","PERSONAL","W","STRAIGHT AHEAD",,,"1",,,,,,,,"true","true",,,,,,,,,"REAR-RIGHT",,,,,,,,,,,,,,,,,,,,,,,,,,,,,,,,,
"755550","JC464505","2019-10-08T10:00:00","1","DRIVER",,"717712","true","INTERNATIONAL COACH MFG.","UNKNOWN","IL","2019","UNKNOWN","TRACTOR W/ SEMI-TRAILER","COMMERCIAL - MULTI-UNIT","UNKNOWN","UNKNOWN/NA",,,"1",,,,,,,,,,,"true",,,,,,,"SIDE-LEFT","8362","2271487","775710",,"SIDE OF TRUCK",,"JOSEPH MCMAHON DAIRY SERVICE, INC","IL","OAK BROOK",,,,"N","N",,"N",,"N","U",,,,,,,,,"TRACTOR/SEMI-TRAILER","VAN/ENCLOSED BOX","UNKNOWN","false","false",
"755551","JC464505","2019-10-08T10:00:00","2","PARKED",,"717717",,"HONDA","CIVIC","IL","2006","UNKNOWN","PASSENGER","PERSONAL","UNKNOWN","PARKED",,,"0",,,,,,,,,,,"true","false","false",,,,,"SIDE-LEFT",,,,,,,,,,,,,,,,,,,,,,,,,,,,,,,,,
"755519","JC464486","2019-10-08T10:00:00","1","DRIVER",,"717669",,"BUICK","CENTURY","IL","2005","UNKNOWN","PASSENGER","UNKNOWN/NA","E","STRAIGHT AHEAD",,,"1",,,,,"true",,,,,,,,,,"true","true",,"OTHER",,,,,,,,,,,,,,,,,,,,,,,,,,,,,,,,,
"755520","JC464486","2019-10-08T10:00:00","2","DRIVER",,"717671",,"TOYOTA MOTOR COMPANY, LTD.","CAMRY","IL","2004","UNKNOWN","PASSENGER","UNKNOWN/NA","E","STRAIGHT AHEAD",,,"1",,,,,,,,,"true","true","true",,,,,,,"REAR-LEFT",,,,,,,,,,,,,,,,,,,,,,,,,,,,,,,,,
"755501","JC464446","2019-10-08T10:00:00","1","DRIVER",,"717649",,"MINI","COOPER","IL","2015","UNKNOWN","PASSENGER","UNKNOWN/NA","N","STRAIGHT AHEAD",,,"1",,,,,,,,,,,,,,,"true",,,"UNDER CARRIAGE",,,,,,,,,,,,,,,,,,,,,,,,,,,,,,,,,
"755502","JC464446","2019-10-08T10:00:00","2","DRIVER",,"717657",,"TOYOTA MOTOR COMPANY, LTD.","COROLLA","IL","2014","UNKNOWN","PASSENGER","PERSONAL","N","STRAIGHT AHEAD",,,"1",,,,,,,,,,,"true",,,,,,,"SIDE-LEFT",,,,,,,,,,,,,,,,,,,,,,,,,,,,,,,,,
"755552","JC464518","2019-10-08T09:53:00","1","DRIVER",,"717679",,"UNKNOWN","UNKNOWN",,,"UNKNOWN","SPORT UTILITY VEHICLE (SUV)","UNKNOWN/NA","N","SLOW/STOP IN TRAFFIC",,,"1",,,,,,,,,,,,,,,,"false","true","OTHER",,,,,,,,,,,,,,,,,,,,,,,,,,,,,,,,,
"755553","JC464518","2019-10-08T09:53:00","2","DRIVER",,"717682",,"CHEVROLET","Aveo","IL","2011","NONE","PASSENGER","PERSONAL","N","SLOW/STOP IN TRAFFIC",,,"1",,,,,,,,,,"true",,,,,,,,"REAR-LEFT",,,,,,,,,,,,,,,,,,,,,,,,,,,,,,,,,
"755505","JC464443","2019-10-08T09:51:00","1","DRIVER","1","717650",,"CHEVROLET","UNKNOWN","IL","2005","NONE","PASSENGER","PERSONAL","N","STRAIGHT AHEAD",,,"2",,,,,"true",,,,,,,,,,"true","true",,"OTHER",,,,,,,,,,,,,,,,,,,,,,,,,,,,,,,,,
"755506","JC464443","2019-10-08T09:51:00","2","DRIVER",,"717659",,"TOYOTA MOTOR COMPANY, LTD.","CAMRY","IL","2019","NONE","PASSENGER","PERSONAL","E","STRAIGHT AHEAD",,,"1",,,,,"true","true","true",,,,,,,,,,,"FRONT",,,,,,,,,,,,,,,,,,,,,,,,,,,,,,,,,
"756063","JC465633","2019-10-08T09:45:00","1","DRIVER",,"718173",,"DODGE","CARAVAN",,,"UNKNOWN","VAN/MINI-VAN","UNKNOWN/NA","S","STRAIGHT AHEAD",,,"1",,,,,,,,,,,,,,,,,,"UNKNOWN",,,,,,,,,,,,,,,,,,,,,,,,,,,,,,,,,
"756064","JC465633","2019-10-08T09:45:00","2","DRIVER",,"718183",,"LINCOLN-CONTINENTAL","UNKNOWN","IL","2011","NONE","PASSENGER","PERSONAL","W","STRAIGHT AHEAD",,,"1",,,,,,,,,,,,,,,,"true",,"OTHER",,,,,,,,,,,,,,,,,,,,,,,,,,,,,,,,,
"755498","JC464442","2019-10-08T09:40:00","1","DRIVER",,"717646",,"MERCEDES-BENZ","C300","OH","2013","NONE","PASSENGER","PERSONAL","W","SKIDDING/CONTROL LOSS","true",,"1",,"city of chicago","400 east lwr wacker",,"true","true",,,,,,"true",,,,,,"FRONT",,,,,,,,,,,,,,,,,,,,,,,,,,,,,,,,,
"755499","JC464442","2019-10-08T09:40:00","2","DRIVER",,"717651",,"FORD","FORD","IL","2017","NONE","VAN/MINI-VAN","PERSONAL","W","SLOW/STOP IN TRAFFIC",,,"1",,,,,,,,,"true","true","true",,,,,,,"REAR-LEFT",,,,,,,,,,,,,,,,,,,,,,,,,,,,,,,,,