"crash_unit_id","rd_no","crash_date","unit_no","unit_type","num_passengers","vehicle_id","cmrc_veh_i","make","model","lic_plate_state","vehicle_year","vehicle_defect","vehicle_type","vehicle_use","travel_direction","maneuver","towed_i","fire_i","occupant_cnt","exceed_speed_limit_i","towed_by","towed_to","area_00_i","area_01_i","area_02_i","area_03_i","area_04_i","area_05_i","area_06_i","area_07_i","area_08_i","area_09_i","area_10_i","area_11_i","area_12_i","area_99_i","first_contact_point","cmv_id","usdot_no","ccmc_no","ilcc_no","commercial_src","gvwr","carrier_name","carrier_state","carrier_city","hazmat_placards_i","hazmat_name","un_no","hazmat_present_i","hazmat_report_i","hazmat_report_no","mcs_report_i","mcs_report_no","hazmat_vio_cause_crash_i","mcs_vio_cause_crash_i","idot_permit_no","wide_load_i","trailer1_width","trailer2_width","trailer1_length","trailer2_length","total_vehicle_length","axle_cnt","vehicle_config","cargo_body_type","load_type","hazmat_out_of_service_i","mcs_out_of_service_i","hazmat_class"
"755899","JC465223","2019-10-08T09:30:00","1","DRIVER",,"718006",,"UNKNOWN","UNKNOWN","IL",,"UNKNOWN","UNKNOWN/NA","UNKNOWN/NA","UNKNOWN","UNKNOWN/NA",,,"1",,,,,,,,,,,,,,,,,"true","UNKNOWN",,,,,,,,,,,,,,,,,,,,,,,,,,,,,,,,,
"755900","JC465223","2019-10-08T09:30:00","2","PARKED",,"718012",,"HARLEY-DAVIDSON","HARLEY-DAVIDSON","IL","2005","NONE","MOTORCYCLE (OVER 150CC)","NOT IN USE","UNKNOWN","PARKED","true",,"0",,"unknown","unknown",,"true","true","true","true","true",,,,,,,,,"UNKNOWN",,,,,,,,,,,,,,,,,,,,,,,,,,,,,,,,,
"755548","JC464466","2019-10-08T09:30:00","1","DRIVERLESS",,"717681",,"VOLVO","S60","MD",,"NONE","PASSENGER","PERSONAL","S","STRAIGHT AHEAD",,,"0",,,,,,,,,,,,,,,,"true",,"OTHER",,,,,,,,,,,,,,,,,,,,,,,,,,,,,,,,,
"755549","JC464466","2019-10-08T09:30:00","2","PARKED",,"717688",,"HYUNDAI","ELANTRA","MO",,"NONE","PASSENGER","NOT IN USE","S","PARKED",,,"0",,,,,,,,,,"true",,,,,"false",,,"REAR-LEFT",,,,,,,,,,,,,,,,,,,,,,,,,,,,,,,,,
"756043","JC464451","2019-10-08T09:30:00","1","DRIVER",,"718168",,"LEXUS","ES250","IL","2012","NONE","PASSENGER","PERSONAL","N","STRAIGHT AHEAD",,,"1",,,,,"true",,,,,,,,,,"true","true",,"OTHER",,,,,,,,,,,,,,,,,,,,,,,,,,,,,,,,,
"756044","JC464451","2019-10-08T09:30:00","2","DRIVER",,"718182",,"FORD","ESCAPE (SUV)","IL","2008","NONE","PASSENGER","PERSONAL","N","SLOW/STOP IN TRAFFIC",,,"1",,,,,,,,,,,,,,,,"true",,"REAR-LEFT",,,,,,,,,,,,,,,,,,,,,,,,,,,,,,,,,
"755568","JC464452","2019-10-08T09:26:00","1","DRIVER",,"717704",,"TOYOTA MOTOR COMPANY, LTD.","Prius","IL","2012","UNKNOWN","UNKNOWN/NA","UNKNOWN/NA","S","TURNING LEFT",,,"1",,,,,,,,,,,,,,,"true",,,"TOTAL (ALL AREAS)",,,,,,,,,,,,,,,,,,,,,,,,,,,,,,,,,
"755569","JC464452","2019-10-08T09:26:00","2","PEDESTRIAN",,,,,,,,,,,,,,,,,,,,,,,,,,,,,,,,,,,,,,,,,,,,,,,,,,,,,,,,,,,,,,,,,,
"756015","JC464409","2019-10-08T09:16:00","1","DRIVER",,"718129",,"TOYOTA MOTOR COMPANY, LTD.","COROLLA","IL","2006","NONE","PASSENGER","PERSONAL","S","STRAIGHT AHEAD",,,"1",,,,,,,,,,,,,,,"true",,,"TOTAL (ALL AREAS)",,,,,,,,,,,,,,,,,,,,,,,,,,,,,,,,,
"756016","JC464409","2019-10-08T09:16:00","2","DRIVER",,"718131",,"HYUNDAI","ELANTRA","IL","2013","NONE","PASSENGER","PERSONAL","W","STRAIGHT AHEAD",,,"1",,,,,"true",,,,,,,,,,,,,"FRONT",,,,,,,,,,,,,,,,,,,,,,,,,,,,,,,,,
"755512","JC464445","2019-10-08T09:12:00","1","DRIVER",,"717660",,"FORD","Explorer","IL","2017","NONE","PASSENGER","POLICE","S","TURNING RIGHT",,,"1",,,,,,,"true","true",,,,,,,,,,"SIDE-RIGHT",,,,,,,,,,,,,,,,,,,,,,,,,,,,,,,,,
"755486","JC464411","2019-10-08T09:12:00","1","DRIVER","1","717647",,"NISSAN","NISSAN ALTIMA","IL","2002","UNKNOWN","PASSENGER","UNKNOWN/NA","N","STRAIGHT AHEAD",,,"2",,,,,,,,,,,,,,,,,"true","UNKNOWN",,,,,,,,,,,,,,,,,,,,,,,,,,,,,,,,,
"755487","JC464411","2019-10-08T09:12:00","2","DRIVER","1","717653",,"NISSAN","SENTRA (DATSUN AND NISSAN HAVE MERGED)","IL","2016","NONE","PASSENGER","OTHER","E","STRAIGHT AHEAD",,,"2",,,,,,,,"false","true",,,,,,,,,"REAR-RIGHT",,,,,,,,,,,,,,,,,,,,,,,,,,,,,,,,,
"755546","JC464475","2019-10-08T09:10:00","1","DRIVER",,"717675",,"NISSAN","NISSAN ALTIMA","IL","2003","UNKNOWN","PASSENGER","UNKNOWN/NA","W","DRIVING WRONG WAY",,,"1",,,,,"true","true",,,,,,,,"false","false",,,"FRONT",,,,,,,,,,,,,,,,,,,,,,,,,,,,,,,,,
"755547","JC464475","2019-10-08T09:10:00","2","PARKED",,"717680",,"HONDA","Pilot","IL","2005","NONE","PASSENGER","PERSONAL","W","PARKED","true",,"0",,,,,,,,,,,,"true","true","true",,,,"ROOF",,,,,,,,,,,,,,,,,,,,,,,,,,,,,,,,,
"755542","JC464404","2019-10-08T09:06:00","1","DRIVER",,"717694",,"TOYOTA MOTOR COMPANY, LTD.","CAMRY","IL","2013","NONE","PASSENGER","TAXI/FOR HIRE","NE","TURNING RIGHT",,,"1",,,,,,,,,"true","true","true",,,,,,,"REAR",,,,,,,,,,,,,,,,,,,,,,,,,,,,,,,,,
"755543","JC464404","2019-10-08T09:06:00","2","DRIVER","1","718200",,"NEW FLYER","NEW FLYER","IL","2012","NONE","BUS OVER 15 PASS.","CTA","N","STRAIGHT AHEAD",,,"2",,,,,,,,,,,,,,,"true",,,"TOTAL (ALL AREAS)",,,,,,,,,,,,,,,,,,,,,,,,,,,,,,,,,
"755521","JC464388","2019-10-08T09:05:00","1","DRIVER",,"717670",,"BMW","X3","IL","2017","NONE","SPORT UTILITY VEHICLE (SUV)","PERSONAL","N","STRAIGHT AHEAD",,,"1",,,,,,,,,,,,,,,,"true",,"OTHER",,,,,,,,,,,,,,,,,,,,,,,,,,,,,,,,,
"755537","JC464388","2019-10-08T09:05:00","2","PEDESTRIAN",,,,,,,,,,,,,,,,,,,,,,,,,,,,,,,,,,,,,,,,,,,,,,,,,,,,,,,,,,,,,,,,,,
"755513","JC464462","2019-10-08T09:00:00","1","DRIVER",,"717674",,"HONDA","ACCORD","IL","2006","NONE","PASSENGER","PERSONAL","S","TURNING RIGHT",,,"1",,,,"true",,,,,,,,,,,,,,"OTHER",,,,,,,,,,,,,,,,,,,,,,,,,,,,,,,,,
"755514","JC464462","2019-10-08T09:00:00","2","BICYCLE",,,,,,,,,,,,,,,,,,,,,,,,,,,,,,,,,,,,,,,,,,,,,,,,,,,,,,,,,,,,,,,,,,
"755491","JC464428","2019-10-08T09:00:00","1","DRIVER",,"717640",,"CHEVROLET","IMPALA","IL","2001","UNKNOWN","UNKNOWN/NA","UNKNOWN/NA","W","STRAIGHT AHEAD",,,"1",,,,,,,,,,,,,,,,"true",,"OTHER",,,,,,,,,,,,,,,,,,,,,,,,,,,,,,,,,
"755492","JC464428","2019-10-08T09:00:00","2","DRIVER",,"717644",,"KIA MOTORS CORP","Optima","AR","2012","NONE","PASSENGER","PERSONAL","W","SLOW/STOP IN TRAFFIC",,,"1",,,,,,,,,"true","true","true",,,,,,,"REAR-LEFT",,,,,,,,,,,,,,,,,,,,,,,,,,,,,,,,,
"755503","JC464419","2019-10-08T09:00:00","1","DRIVER",,"717652",,"CHRYSLER","TOWN & COUNTRY","IL","2009","UNKNOWN","VAN/MINI-VAN","PERSONAL","S","STRAIGHT AHEAD",,,"1",,,,,"true",,,,,,,,,,,,,"FRONT",,,,,,,,,,,,,,,,,,,,,,,,,,,,,,,,,
"755504","JC464419","2019-10-08T09:00:00","2","PARKED",,"717658",,"PONTIAC","TORRENT","KY","2009","UNKNOWN","PASSENGER","NOT IN USE","S","PARKED","true",,"0",,"PRIVATE TOW","UNKNOWN",,,,,,,,"true",,,,,,,"SIDE-LEFT",,,,,,,,,,,,,,,,,,,,,,,,,,,,,,,,,
"755472","JC464395","2019-10-08T08:48:00","1","DRIVER",,"717616",,"LEXUS","GS350","IL","2009","UNKNOWN","PASSENGER","UNKNOWN/NA","S","SLOW/STOP IN TRAFFIC",,,"1",,,,,"true",,,,,,,,,,"true","true",,"OTHER",,,,,,,,,,,,,,,,,,,,,,,,,,,,,,,,,
"755473","JC464395","2019-10-08T08:48:00","2","DRIVER",,"717626",,"SUBARU","UNKNOWN","IL","2016","UNKNOWN","PASSENGER","UNKNOWN/NA","S","SLOW/STOP IN TRAFFIC",,,"1",,,,,,,,,"true","true","true",,,,,,,"REAR-LEFT",,,,,,,,,,,,,,,,,,,,,,,,,,,,,,,,,
"758264","JC469354","2019-10-08T08:45:00","1","DRIVER",,"720266",,"BUICK","LACROSSE","IL","2013","NONE","PASSENGER","PERSONAL","N","STRAIGHT AHEAD",,,"1",,,,,,"true",,,,,,,,,,,,"FRONT-RIGHT",,,,,,,,,,,,,,,,,,,,,,,,,,,,,,,,,
"755479","JC464389","2019-10-08T08:45:00","1","DRIVER",,"717621",,"CHEVROLET","UNKNOWN","IL",,"UNKNOWN","UNKNOWN/NA","PERSONAL","N","STRAIGHT AHEAD",,,"1",,,,,"true",,,,,"true",,,,,"true","true",,"FRONT",,,,,,,,,,,,,,,,,,,,,,,,,,,,,,,,,
"755480","JC464389","2019-10-08T08:45:00","2","PARKED",,"717628",,"CHEVROLET","MALIBU (CHEVELLE)","IL","2004","NONE","PASSENGER","PERSONAL","N","PARKED","true",,"0",,"Private","TBD",,,,,,,,"true",,,,,,,"SIDE-LEFT",,,,,,,,,,,,,,,,,,,,,,,,,,,,,,,,,
"755481","JC464389","2019-10-08T08:45:00","3","PARKED",,"717631",,"TOYOTA MOTOR COMPANY, LTD.","4RUNNER","WI","2002","UNKNOWN","PASSENGER","PERSONAL","N","PARKED IN TRAFFIC LANE",,,"0",,,,,,,,,,,,,,,"true",,,"TOTAL (ALL AREAS)",,,,,,,,,,,,,,,,,,,,,,,,,,,,,,,,,
"755448","JC464382","2019-10-08T08:45:00","1","DRIVER",,"717610",,"SUZUKI","FORENZA/RENO","IL","2007","NONE","PASSENGER","PERSONAL","E","STRAIGHT AHEAD",,,"1",,,,,"true",,,,,,,,,,,,,"FRONT",,,,,,,,,,,,,,,,,,,,,,,,,,,,,,,,,
"755449","JC464382","2019-10-08T08:45:00","2","DRIVER",,"717602","false","MITSUBISHI","MITSUBISHI","IL","2017","NONE","TRUCK - SINGLE UNIT","OTHER","E","SLOW/STOP IN TRAFFIC",,,"1",,,,,,,,"false","true","false",,,,,,,,"REAR",,,,,,,,,,,,,,,,,,,,,,,,,,,,,,,,,
"755665","JC464773","2019-10-08T08:40:00","1","DRIVER",,"717844",,"UNKNOWN","UNKNOWN","IL",,"NONE","PASSENGER","UNKNOWN/NA","UNKNOWN","UNKNOWN/NA",,,"1",,,,,,,,,,,,,,,,,,"UNKNOWN",,,,,,,,,,,,,,,,,,,,,,,,,,,,,,,,,
"755666","JC464773","2019-10-08T08:40:00","2","DRIVER",,"717780",,"GENERAL MOTORS CORP.","UNKNOWN","IL","2007","NONE","TRUCK - SINGLE UNIT","UNKNOWN/NA","W","STRAIGHT AHEAD",,,"1",,,,,,"true","false",,,,,,,,,,,"FRONT",,,,,,,,,,,,,,,,,,,,,,,,,,,,,,,,,
"755507","JC464434","2019-10-08T08:40:00","1","DRIVER",,"717655",,"DODGE","GRAND CARAVAN","IL","2013","UNKNOWN","PASSENGER","PERSONAL","E","STRAIGHT AHEAD",,,"1",,,,"true",,,,,,,,,,,,,,"OTHER",,,,,,,,,,,,,,,,,,,,,,,,,,,,,,,,,
"755508","JC464434","2019-10-08T08:40:00","2","DRIVER",,"717662",,"CHEVROLET","UNKNOWN","IL","2019","NONE","PASSENGER","PERSONAL","E","STRAIGHT AHEAD",,,"1",,,,"true",,,,,,,,,,,,,,"REAR-LEFT",,,,,,,,,,,,,,,,,,,,,,,,,,,,,,,,,
"755460","JC464374","2019-10-08T08:40:00","1","DRIVER","1","717609",,"UNKNOWN","UNKNOWN","IL","2017","UNKNOWN","BUS OVER 15 PASS.","SCHOOL BUS","W","TURNING RIGHT",,,"2",,,,,,"true","true","true",,,,,,,,,,"SIDE-RIGHT",,,,,,,,,,,,,,,,,,,,,,,,,,,,,,,,,
"755461","JC464374","2019-10-08T08:40:00","2","PARKED",,"717627",,"NISSAN","SENTRA (DATSUN AND NISSAN HAVE MERGED)","IL","2007","UNKNOWN","PASSENGER","NOT IN USE","UNKNOWN","PARKED",,,"0",,,,,,,,,,,"true","true","true","true",,,,"REAR",,,,,,,,,,,,,,,,,,,,,,,,,,,,,,,,,
"755619","JC464453","2019-10-08T08:39:00","1","DRIVER","1","717756",,"DODGE","JOURNEY","IL","2018","UNKNOWN","SPORT UTILITY VEHICLE (SUV)","PERSONAL","N","STRAIGHT AHEAD",,,"2",,,,,,,,,,,,,,,,"true",,"OTHER",,,,,,,,,,,,,,,,,,,,,,,,,,,,,,,,,
"755620","JC464453","2019-10-08T08:39:00","2","DRIVER","1","717763",,"FORD","UNKNOWN","IL","2013","UNKNOWN","PASSENGER","PERSONAL","E","STRAIGHT AHEAD","true",,"2",,"PRIVATE TOW","PRIVATE TOW INSURANCE",,"true","true","true","true","true",,,,,,,"true",,"SIDE-RIGHT",,,,,,,,,,,,,,,,,,,,,,,,,,,,,,,,,
"755621","JC464453","2019-10-08T08:39:00","3","DRIVER","1","717768","true","DODGE","UNKNOWN","IL","2014","UNKNOWN","VAN/MINI-VAN","COMMERCIAL - MULTI-UNIT","W","STRAIGHT AHEAD","true",,"2",,"CITY TOW","CITY TOW",,,,,,,"true",,,,,,"true",,"OTHER","8363",,,,"SIDE OF TRUCK",,,,,,,,,,,,,,,,,,,,,,,,,,,,
"755622","JC464453","2019-10-08T08:39:00","4","DRIVER",,"717773",,"TOYOTA MOTOR COMPANY, LTD.","UNKNOWN","IL","2019","UNKNOWN","SPORT UTILITY VEHICLE (SUV)","PERSONAL","W","STRAIGHT AHEAD",,,"1",,,,,,,,,,,,,,,,"true",,"OTHER",,,,,,,,,,,,,,,,,,,,,,,,,,,,,,,,,
"755647","JC464684","2019-10-08T08:30:00","1","DRIVER",,"717770",,"UNKNOWN","UNKNOWN","IL",,"UNKNOWN","UNKNOWN/NA","UNKNOWN/NA","S","UNKNOWN/NA",,,"1",,,,,,,,,,,,,,,,,"true","UNKNOWN",,,,,,,,,,,,,,,,,,,,,,,,,,,,,,,,,
"755648","JC464684","2019-10-08T08:30:00","2","PARKED",,"717779",,"TOYOTA MOTOR COMPANY, LTD.","UNKNOWN","IL","2013","NONE","PASSENGER","NOT IN USE","S","PARKED",,,"0",,,,,,,,,,,"true","true","true","true","true",,,"SIDE-LEFT",,,,,,,,,,,,,,,,,,,,,,,,,,,,,,,,,
"755462","JC464393","2019-10-08T08:30:00","1","DRIVER",,"717618",,"UNKNOWN","UNKNOWN","IL","2014","UNKNOWN","UNKNOWN/NA","UNKNOWN/NA","NW","ENTERING TRAFFIC LANE FROM PARKING",,,"1",,,,,,,,,,,,,,,"true",,,"TOTAL (ALL AREAS)",,,,,,,,,,,,,,,,,,,,,,,,,,,,,,,,,
"755463","JC464393","2019-10-08T08:30:00","2","DRIVER",,"717625",,"LINCOLN-CONTINENTAL","MKZ","IL","2014","UNKNOWN","PASSENGER","PERSONAL","N","STRAIGHT AHEAD",,,"1",,,,,,,,"true","true",,,,,,,,,"REAR",,,,,,,,,,,,,,,,,,,,,,,,,,,,,,,,,
"755468","JC464367","2019-10-08T08:30:00","1","DRIVER",,"717613",,"MERCEDES-BENZ","ML350","IL","2010","UNKNOWN","SPORT UTILITY VEHICLE (SUV)","PERSONAL","W","STRAIGHT AHEAD","true",,"1",,"PRIVATE",,,"true",,,,,,,,,,"true","true",,"FRONT",,,,,,,,,,,,,,,,,,,,,,,,,,,,,,,,,
"755469","JC464367","2019-10-08T08:30:00","2","DRIVER",,"717629",,"DODGE","GRAND CARAVAN","IL","2017","UNKNOWN","PASSENGER","PERSONAL","N","STRAIGHT AHEAD",,,"1",,,,,"true","true","true",,,,,,,,,,,"FRONT-RIGHT",,,,,,,,,,,,,,,,,,,,,,,,,,,,,,,,,
"755482","JC464346","2019-10-08T08:30:00","1","DRIVER",,"717630",,"NISSAN","Pathfinder","IL","2013","NONE","SPORT UTILITY VEHICLE (SUV)","PERSONAL","E","STRAIGHT AHEAD","true",,"1",,"d&g",,,,,,,,,,,,,"true","true",,"OTHER",,,,,,,,,,,,,,,,,,,,,,,,,,,,,,,,,
"755483","JC464346","2019-10-08T08:30:00","2","DRIVER",,"717637",,"CHRYSLER","TOWN & COUNTRY","IL","2015","NONE","VAN/MINI-VAN","PERSONAL","E","SLOW/STOP IN TRAFFIC",,,"1",,,,,,,,,,"true",,,,,,,,"REAR-LEFT",,,,,,,,,,,,,,,,,,,,,,,,,,,,,,,,,
"755446","JC464335","2019-10-08T08:30:00","1","DRIVER",,"717598",,"HYUNDAI","UNKNOWN","IL","2016","NONE","PASSENGER","PERSONAL","E","STARTING IN TRAFFIC",,,"1",,,,,,,,,,,,,,,"true",,,"TOTAL (ALL AREAS)",,,,,,,,,,,,,,,,,,,,,,,,,,,,,,,,,
"755447","JC464335","2019-10-08T08:30:00","2","DRIVER",,"717599",,"MERCEDES-BENZ","C63","WI","2006","NONE","PASSENGER","PERSONAL","SW","STRAIGHT AHEAD",,,"1",,,,,,,,,,,,,,,,"true",,"OTHER",,,,,,,,,,,,,,,,,,,,,,,,,,,,,,,,,
"755464","JC464403","2019-10-08T08:25:00","1","DRIVER",,"717611",,"FORD","ESCAPE (SUV)","IL","2010","UNKNOWN","PASSENGER","TAXI/FOR HIRE","E","CHANGING LANES",,,"1",,,,,,,,,,,,,,,"true",,,"TOTAL (ALL AREAS)",,,,,,,,,,,,,,,,,,,,,,,,,,,,,,,,,
"755465","JC464403","2019-10-08T08:25:00","2","DRIVER",,"717623",,"HONDA","ACCORD","IL","2014","UNKNOWN","PASSENGER","PERSONAL","E","MERGING",,,"1",,,,,,,,,,"true",,,,,,,,"REAR-LEFT",,,,,,,,,,,,,,,,,,,,,,,,,,,,,,,,,
"755429","JC464352","2019-10-08T08:24:00","1","DRIVER",,"717582",,"HONDA","CRV","IL","2006","UNKNOWN","SPORT UTILITY VEHICLE (SUV)","PERSONAL","E","CHANGING LANES",,,"1",,,,,"true",,,,,,,,,,,"true",,"FRONT",,,,,,,,,,,,,,,,,,,,,,,,,,,,,,,,,
"755430","JC464352","2019-10-08T08:24:00","2","DRIVER",,"717584",,"SUBARU","FORESTER","IL","2019","NONE","PASSENGER","OTHER","E","TURNING LEFT",,,"1",,,,,,,,,,,,"true","true","true",,,,"ROOF",,,,,,,,,,,,,,,,,,,,,,,,,,,,,,,,,
"755450","JC464353","2019-10-08T08:21:00","1","DRIVER",,"717600",,"HONDA","ACCORD","IL","2018","NONE","PASSENGER","PERSONAL","N","STRAIGHT AHEAD","true",,"1",,"owner","owner",,,,,,,,,,,,,"true",,"OTHER",,,,,,,,,,,,,,,,,,,,,,,,,,,,,,,,,
"755451","JC464353","2019-10-08T08:21:00","2","DRIVER",,"717604",,"FORD","Focus","IL","2008","UNKNOWN","PASSENGER","PERSONAL","E","STRAIGHT AHEAD","true",,"1",,"owner","owner",,"true","true",,,,,,,,,,,,"FRONT",,,,,,,,,,,,,,,,,,,,,,,,,,,,,,,,,
"756994","JC467373","2019-10-08T08:20:00","1","DRIVER",,"719065",,"FORD","Focus","IL","2014","NONE","PASSENGER","PERSONAL","S","CHANGING LANES",,,"1",,,,,"true","true",,,,,,,,,,,,"FRONT",,,,,,,,,,,,,,,,,,,,,,,,,,,,,,,,,
"756995","JC467373","2019-10-08T08:20:00","2","DRIVER",,"719060",,"TOYOTA MOTOR COMPANY, LTD.","CAMRY","IL","2007","NONE","PASSENGER","PERSONAL","S","STRAIGHT AHEAD",,,"1",,,,,,,,,,,,,,,"true",,,"TOTAL (ALL AREAS)",,,,,,,,,,,,,,,,,,,,,,,,,,,,,,,,,
"756209","JC465937","2019-10-08T08:20:00","1","DRIVER",,"718320",,"HYUNDAI","UNKNOWN","IL","2017","NONE","PASSENGER","UNKNOWN/NA","S","OTHER",,,"1",,,,,,"true","true","true",,,"false","false",,,,,,"REAR",,,,,,,,,,,,,,,,,,,,,,,,,,,,,,,,,
"756210","JC465937","2019-10-08T08:20:00","2","DRIVER",,"718326",,"FORD","FUSION","IL","2015","NONE","PASSENGER","PERSONAL","S","OTHER",,,"1",,,,,,,,,,,"true","true",,,,,,"SIDE-LEFT",,,,,,,,,,,,,,,,,,,,,,,,,,,,,,,,,
"755787","JC465046","2019-10-08T08:20:00","1","DRIVER",,"717901",,"KAWASAKI MOTORS CORP.","KAWASAKI MOTORS CORP.","IL","2019","NONE","MOTORCYCLE (OVER 150CC)","PERSONAL","N","STRAIGHT AHEAD",,,"1",,,,,,,,,,,,,,,,,,"NONE",,,,,,,,,,,,,,,,,,,,,,,,,,,,,,,,,
"755488","JC464334","2019-10-08T08:16:00","1","DRIVER","1","717639",,"FORD","CLUB WAGON E250","IL","2017","NONE","VAN/MINI-VAN","FIRE","N","BACKING",,,"2",,,,,,,,,,"true",,,,,,,,"REAR-LEFT",,,,,,,,,,,,,,,,,,,,,,,,,,,,,,,,,
"755584","JC464549","2019-10-08T08:15:00","1","DRIVER",,"717713",,"DODGE","CALIBER","IL","2008","NONE","PASSENGER","PERSONAL","NW","OTHER",,,"1",,,,,,,,,,,,,,,,"true",,"OTHER",,,,,,,,,,,,,,,,,,,,,,,,,,,,,,,,,
"755585","JC464549","2019-10-08T08:15:00","2","DRIVER",,"717716",,"HONDA","CIVIC","IL","2014","NONE","PASSENGER","PERSONAL","NW","OTHER",,,"1",,,,,,,,,,"true",,,,,,,,"REAR-LEFT",,,,,,,,,,,,,,,,,,,,,,,,,,,,,,,,,
"755456","JC464379","2019-10-08T08:15:00","1","DRIVER",,"717607",,"CADILLAC","STS","IL","2011","NONE","PASSENGER","PERSONAL","N","STRAIGHT AHEAD",,,"1",,,,,,"true",,,,,,,,,,,,"FRONT",,,,,,,,,,,,,,,,,,,,,,,,,,,,,,,,,
"755457","JC464379","2019-10-08T08:15:00","2","DRIVER",,"717622",,"CADILLAC","CTS","IL","2004","NONE","PASSENGER","PERSONAL","N","STRAIGHT AHEAD",,,"1",,,,,,,,,,,,,,"true","false",,,"TOTAL (ALL AREAS)",,,,,,,,,,,,,,,,,,,,,,,,,,,,,,,,,
"755437","JC464357","2019-10-08T08:15:00","1","DRIVER",,"717596",,"CHEVROLET","IMPALA","IL","2008","UNKNOWN","PASSENGER","UNKNOWN/NA","N","STRAIGHT AHEAD",,,"1",,,,,,,,,,,,,,,,"true",,"OTHER",,,,,,,,,,,,,,,,,,,,,,,,,,,,,,,,,
"755438","JC464357","2019-10-08T08:15:00","2","DRIVER",,"717587",,"TOYOTA MOTOR COMPANY, LTD.","CAMRY","IL","2016","NONE","PASSENGER","PERSONAL","N","STRAIGHT AHEAD",,,"1",,,,,,,,,,"true",,,,,,,,"REAR-LEFT",,,,,,,,,,,,,,,,,,,,,,,,,,,,,,,,,
"755544","JC464351","2019-10-08T08:15:00","1","DRIVER",,"717678",,"OLDSMOBILE","Bravada","IL","2016","UNKNOWN","PASSENGER","PERSONAL","N","STRAIGHT AHEAD",,,"1",,,,,,,,,,,,,,,,"true",,"OTHER",,,,,,,,,,,,,,,,,,,,,,,,,,,,,,,,,
"755545","JC464351","2019-10-08T08:15:00","2","DRIVER",,"717683",,"HYUNDAI","ELANTRA","IL","2019","UNKNOWN","PASSENGER","PERSONAL","N","OTHER",,,"1",,,,,,,,,,"true",,,,,,,,"REAR-LEFT",,,,,,,,,,,,,,,,,,,,,,,,,,,,,,,,,
"755427","JC464331","2019-10-08T08:10:00","1","DRIVER","1","717577",,"TOYOTA MOTOR COMPANY, LTD.","CAMRY","IL","2014","UNKNOWN","PASSENGER","PERSONAL","W","STRAIGHT AHEAD",,,"2",,,,,,,,,,,,,,"true","true",,,"TOTAL (ALL AREAS)",,,,,,,,,,,,,,,,,,,,,,,,,,,,,,,,,
"755428","JC464331","2019-10-08T08:10:00","2","DRIVER",,"717583",,"DODGE","JOURNEY","IL","2018","UNKNOWN","PASSENGER","PERSONAL","W","UNKNOWN/NA",,,"1",,,,,,,"true","true",,,,,,,,,,"REAR-RIGHT",,,,,,,,,,,,,,,,,,,,,,,,,,,,,,,,,
"755433","JC464356","2019-10-08T08:08:00","1","DRIVER",,"717586",,"SCION","TC","IL","2007","NONE","PASSENGER","PERSONAL","S","STRAIGHT AHEAD",,,"1",,,,,"true",,,,,,,,,,,,,"FRONT",,,,,,,,,,,,,,,,,,,,,,,,,,,,,,,,,
"755434","JC464356","2019-10-08T08:08:00","2","DRIVER",,"717594",,"HYUNDAI","ELANTRA","IL","2009","NONE","PASSENGER","PERSONAL","E","AVOIDING VEHICLES/OBJECTS",,,"1",,,,,,,,,,,,,,,"true",,,"TOTAL (ALL AREAS)",,,,,,,,,,,,,,,,,,,,,,,,,,,,,,,,,
"755441","JC464330","2019-10-08T08:05:00","1","DRIVER",,"717590",,"FORD","UNKNOWN","IL",,"UNKNOWN","PASSENGER","UNKNOWN/NA","S","TURNING RIGHT",,,"1",,,,,,,,,,,,,,,,,"true","SIDE-RIGHT",,,,,,,,,,,,,,,,,,,,,,,,,,,,,,,,,
"755442","JC464330","2019-10-08T08:05:00","2","DRIVER",,"717595","true","FREIGHTLINER CORP.","FREIGHTLINER CORP.","IL","2016","NONE","TRACTOR W/ SEMI-TRAILER","COMMERCIAL - SINGLE UNIT","S","TURNING RIGHT",,,"1",,,,,,,,,,,,,,,"true",,,"UNDER CARRIAGE","8360",,,,"LOG BOOK","3","HARRIS TRUCKING COMPANY","IL","MAHOMET",,,,"N","N",,"N",,"N","N","2842292",,,,,,,,"TRACTOR/SEMI-TRAILER","VAN/ENCLOSED BOX","OTHER","false","false",
"755540","JC464490","2019-10-08T08:00:00","1","DRIVER","2","717677",,"ACURA","ACURA","IL","2004","NONE","PASSENGER","PERSONAL","S","PASSING/OVERTAKING",,,"3",,,,,,,,,,,,,,,"false","true",,"OTHER",,,,,,,,,,,,,,,,,,,,,,,,,,,,,,,,,
"755541","JC464490","2019-10-08T08:00:00","2","DRIVER",,"717684",,"KIA MOTORS CORP","Sedona","IL","2007","NONE","PASSENGER","PERSONAL","W","TURNING LEFT",,,"1",,,,,,,,"true","true",,,,,,,,,"REAR-RIGHT",,,,,,,,,,,,,,,,,,,,,,,,,,,,,,,,,
"755444","JC464354","2019-10-08T08:00:00","1","DRIVER",,"717593",,"FREIGHTLINER CORP.","FREIGHTLINER CORP.","IN","2018","UNKNOWN","TRUCK - SINGLE UNIT","OTHER","W","STRAIGHT AHEAD",,,"1",,,,,,,,,,,,,,,,,,,,,,,,,,,,,,,,,,,,,,,,,,,,,,,,,,,