"crash_unit_id","rd_no","crash_date","unit_no","unit_type","num_passengers","vehicle_id","cmrc_veh_i","make","model","lic_plate_state","vehicle_year","vehicle_defect","vehicle_type","vehicle_use","travel_direction","maneuver","towed_i","fire_i","occupant_cnt","exceed_speed_limit_i","towed_by","towed_to","area_00_i","area_01_i","area_02_i","area_03_i","area_04_i","area_05_i","area_06_i","area_07_i","area_08_i","area_09_i","area_10_i","area_11_i","area_12_i","area_99_i","first_contact_point","cmv_id","usdot_no","ccmc_no","ilcc_no","commercial_src","gvwr","carrier_name","carrier_state","carrier_city","hazmat_placards_i","hazmat_name","un_no","hazmat_present_i","hazmat_report_i","hazmat_report_no","mcs_report_i","mcs_report_no","hazmat_vio_cause_crash_i","mcs_vio_cause_crash_i","idot_permit_no","wide_load_i","trailer1_width","trailer2_width","trailer1_length","trailer2_length","total_vehicle_length","axle_cnt","vehicle_config","cargo_body_type","load_type","hazmat_out_of_service_i","mcs_out_of_service_i","hazmat_class"
"755439","JC464317","2019-10-08T07:55:00","1","DRIVER",,"717591",,"HYUNDAI","SONATA","MO",,"UNKNOWN","UNKNOWN/NA","UNKNOWN/NA","N","STRAIGHT AHEAD",,,"1",,,,,,,,,,,,,,,"true",,,"TOTAL (ALL AREAS)",,,,,,,,,,,,,,,,,,,,,,,,,,,,,,,,,
"755440","JC464317","2019-10-08T07:55:00","2","DRIVER",,"717597",,"DODGE","CHALLENGER","IL","2016","UNKNOWN","PASSENGER","PERSONAL","N","STRAIGHT AHEAD",,,"1",,,,,,,,,"true",,,,,,,,,"REAR",,,,,,,,,,,,,,,,,,,,,,,,,,,,,,,,,
"755421","JC464327","2019-10-08T07:50:00","1","DRIVER","1","717572",,"CHEVROLET","CHEVROLET-TRUCK,VAN,SUV,ETC","IL","2007","NONE","VAN/MINI-VAN","UNKNOWN/NA","S","STRAIGHT AHEAD",,,"2",,,,,,,,,,,,,,,,,"true","UNKNOWN",,,,,,,,,,,,,,,,,,,,,,,,,,,,,,,,,
"755422","JC464327","2019-10-08T07:50:00","2","PARKED",,"717579",,"TOYOTA MOTOR COMPANY, LTD.","COROLLA","IL","2008","NONE","PASSENGER","PERSONAL","S","PARKED",,,"0",,,,,,,,,,,,,,,"true",,,"TOTAL (ALL AREAS)",,,,,,,,,,,,,,,,,,,,,,,,,,,,,,,,,
"755431","JC464323","2019-10-08T07:50:00","1","DRIVER",,"717592","true","VOLVO","UNKNOWN","IL","2006","UNKNOWN","SINGLE UNIT TRUCK WITH TRAILER","UNKNOWN/NA","E","STRAIGHT AHEAD",,,"1",,,,"false","true",,,,,,,,,,"false","false","false","FRONT","8361","1723942","851254","187177","LOG BOOK","3","MTZ TRUCKING SWEVICES INC","IL","CHICAGO",,,,"N","N",,"N",,"N","N","1723942",,,,,,,,"TRUCK/TRAILER",,"OTHER","false","false",
"755432","JC464323","2019-10-08T07:50:00","2","DRIVER","1","717617",,"FORD","EXPLORER","IL","2019","UNKNOWN","PASSENGER","PERSONAL","E","UNKNOWN/NA",,,"2",,,,,,,,,,"true","true",,,,,,,"SIDE-LEFT",,,,,,,,,,,,,,,,,,,,,,,,,,,,,,,,,
"755435","JC464358","2019-10-08T07:45:00","1","DRIVER",,"717585",,"DODGE","CARAVAN","IL","2000","NONE","VAN/MINI-VAN","PERSONAL","S","ENTERING TRAFFIC LANE FROM PARKING",,,"1",,,,,,,,,,,,,,"true","true","true",,"TOTAL (ALL AREAS)",,,,,,,,,,,,,,,,,,,,,,,,,,,,,,,,,
"755436","JC464358","2019-10-08T07:45:00","2","DRIVER",,"717588",,"BUICK","ENCLAVE","IL","2008","NONE","SPORT UTILITY VEHICLE (SUV)","PERSONAL","S","STRAIGHT AHEAD",,,"1",,,,,"true","true","true","true",,,,,,,,"false",,"SIDE-RIGHT",,,,,,,,,,,,,,,,,,,,,,,,,,,,,,,,,
"755423","JC464321","2019-10-08T07:45:00","1","DRIVER",,"717574",,"AUDI","A3","IL","2009","NONE","PASSENGER","PERSONAL","N","TURNING LEFT",,,"1",,,,,,,,,,,,"true","true",,,,,"FRONT-LEFT",,,,,,,,,,,,,,,,,,,,,,,,,,,,,,,,,
"755424","JC464321","2019-10-08T07:45:00","2","DRIVER",,"717581",,"KIA MOTORS CORP","Sedona","IL","2011","NONE","VAN/MINI-VAN","PERSONAL","N","STRAIGHT AHEAD",,,"1",,,,,"true",,,,,,,,,,"true","true",,"OTHER",,,,,,,,,,,,,,,,,,,,,,,,,,,,,,,,,
"755417","JC464315","2019-10-08T07:45:00","1","DRIVER",,"717563",,"UNKNOWN","UNKNOWN","IL",,"UNKNOWN","VAN/MINI-VAN","UNKNOWN/NA","S","TURNING RIGHT",,,"1",,,,,,,,,,,,,,,,,,"UNKNOWN",,,,,,,,,,,,,,,,,,,,,,,,,,,,,,,,,
"755418","JC464315","2019-10-08T07:45:00","2","DRIVER","1","717567",,"INFINITI","G35","IL","2008","FUEL SYSTEM","OTHER VEHICLE WITH TRAILER","PERSONAL","W","STRAIGHT AHEAD",,,"2",,,,,,,,,"true",,,,,,,,,"REAR",,,,,,,,,,,,,,,,,,,,,,,,,,,,,,,,,
"755458","JC464400","2019-10-08T07:40:00","1","DRIVER",,"717606",,"NISSAN","NISSAN ALTIMA","IL","2016","NONE","PASSENGER","PERSONAL","N","STRAIGHT AHEAD",,,"1",,,,,"true",,,,,,,,,,,,,"FRONT",,,,,,,,,,,,,,,,,,,,,,,,,,,,,,,,,
"755459","JC464400","2019-10-08T07:40:00","2","DRIVER",,"717612",,"HONDA","ACCORD","IL","2008","NONE","PASSENGER","PERSONAL","N","LEAVING TRAFFIC LANE TO PARK",,,"1",,,,,,,,,,,,,"true","true",,,,"ROOF",,,,,,,,,,,,,,,,,,,,,,,,,,,,,,,,,
"755415","JC464308","2019-10-08T07:40:00","1","DRIVER","1","717565",,"FORD","Explorer","IL","2003","NONE","SPORT UTILITY VEHICLE (SUV)","PERSONAL","S","STRAIGHT AHEAD",,,"2",,,,,,,,,,,,,"true",,,,,"ROOF",,,,,,,,,,,,,,,,,,,,,,,,,,,,,,,,,
"755416","JC464308","2019-10-08T07:40:00","2","DRIVER",,"717573",,"BUICK","VERANO","IL","2013","NONE","PASSENGER","PERSONAL","S","STRAIGHT AHEAD",,,"1",,,,,"true",,,,,,,,,,,,,"FRONT",,,,,,,,,,,,,,,,,,,,,,,,,,,,,,,,,
"755493","JC464396","2019-10-08T07:35:00","1","DRIVER",,"717642",,"FORD","Explorer","IL","2016","NONE","PASSENGER","POLICE","S","STRAIGHT AHEAD",,,"1",,,,,,,"true",,,,,,,,,,,"SIDE-RIGHT",,,,,,,,,,,,,,,,,,,,,,,,,,,,,,,,,
"755500","JC464305","2019-10-08T07:31:00","1","DRIVER","1","717672",,"CHEVROLET","C K 2500","IL","2005","NONE","VAN/MINI-VAN","PERSONAL","E","TURNING LEFT","true",,"2",,"HI-TECH AUTO","1661 S 46TH CT CICERO IL 60804",,"true",,,,,,,,,,"true","true","true","OTHER",,,,,,,,,,,,,,,,,,,,,,,,,,,,,,,,,
"755846","JC465144","2019-10-08T07:30:00","1","DRIVER",,"717957",,"MACK TRUCKS, INC.","MACK TRUCKS, INC.","IL","2017","UNKNOWN","TRUCK - SINGLE UNIT","COMMERCIAL - SINGLE UNIT","E","SLOW/STOP IN TRAFFIC",,,"1",,,,,,,,,,,,,,,,"true",,"OTHER",,,,,,,,,,,,,,,,,,,,,,,,,,,,,,,,,
"755847","JC465144","2019-10-08T07:30:00","2","DRIVER",,"717969",,"DODGE","GRAND CARAVAN","IL","2016","NONE","PASSENGER","PERSONAL","E","SLOW/STOP IN TRAFFIC",,,"1",,,,,,,,,,"true",,,,,,,,"REAR-LEFT",,,,,,,,,,,,,,,,,,,,,,,,,,,,,,,,,
"755840","JC465155","2019-10-08T07:25:00","1","DRIVER",,"717940",,"UNKNOWN","UNKNOWN","IL",,"UNKNOWN","UNKNOWN/NA","UNKNOWN/NA","UNKNOWN","UNKNOWN/NA",,,"1",,,,,,,,,,,,,,,,,"true","UNKNOWN",,,,,,,,,,,,,,,,,,,,,,,,,,,,,,,,,
"755841","JC465155","2019-10-08T07:25:00","2","PARKED",,"717946",,"CHEVROLET","CRUZE",,,"NONE","PASSENGER","NOT IN USE","N","PARKED",,,"0",,,,,,,,,,,"true","true","true",,,,,"ROOF",,,,,,,,,,,,,,,,,,,,,,,,,,,,,,,,,
"755413","JC464299","2019-10-08T07:25:00","1","DRIVER",,"717564",,"FORD","FORD-TRUCK,VAN,SUV, ETC","IL","2017","NONE","VAN/MINI-VAN","PERSONAL","SW","TURNING LEFT",,,"1",,,,,"true",,,,,,,,,,,,,"FRONT",,,,,,,,,,,,,,,,,,,,,,,,,,,,,,,,,
"755414","JC464299","2019-10-08T07:25:00","2","DRIVER",,"717570",,"HONDA","CIVIC","IL","2019","NONE","PASSENGER","PERSONAL","S","STRAIGHT AHEAD","true",,"1",,"private","private",,,,,,,,,"true",,,,,,"FRONT-LEFT",,,,,,,,,,,,,,,,,,,,,,,,,,,,,,,,,
"755411","JC464296","2019-10-08T07:25:00","1","DRIVER",,"717558",,"KENWORTH MOTOR TRUCK CO.","KENWORTH MOTOR TRUCK CO.","IL","2006","NONE","OTHER","OTHER","S","STRAIGHT AHEAD",,,"1",,,,"true",,,,,,,,,,,,,,"SIDE-RIGHT",,,,,,,,,,,,,,,,,,,,,,,,,,,,,,,,,
"755412","JC464296","2019-10-08T07:25:00","2","DRIVER",,"717562",,"JEEP","CHEROKEE","IL","2019","NONE","PASSENGER","PERSONAL","S","STRAIGHT AHEAD",,,"1",,,,,,,,,,,,,,,"true",,,"TOTAL (ALL AREAS)",,,,,,,,,,,,,,,,,,,,,,,,,,,,,,,,,
"756795","JC467025","2019-10-08T07:15:00","1","DRIVER",,"718872",,"FORD","F150","IL","2017","UNKNOWN","PICKUP","PERSONAL","E","TURNING LEFT",,,"1",,,,,,,,,,,,,,,"true",,,"TOTAL (ALL AREAS)",,,,,,,,,,,,,,,,,,,,,,,,,,,,,,,,,
"756796","JC467025","2019-10-08T07:15:00","2","DRIVER",,"718867",,"VOLKSWAGEN","JETTA","IL","2011","NONE","PASSENGER","PERSONAL","S","STRAIGHT AHEAD",,,"1",,,,,"true",,,,,,,,,,,,,"FRONT",,,,,,,,,,,,,,,,,,,,,,,,,,,,,,,,,
"755796","JC465074","2019-10-08T07:15:00","1","DRIVER",,"717904",,"HONDA","CIVIC","IL","1998","NONE","PASSENGER","PERSONAL","N","CHANGING LANES",,,"1",,,,,"true",,,,,,,,,,,,,"FRONT",,,,,,,,,,,,,,,,,,,,,,,,,,,,,,,,,
"755797","JC465074","2019-10-08T07:15:00","2","DRIVER",,"717908",,"TOYOTA MOTOR COMPANY, LTD.","COROLLA","IL","2014","NONE","PASSENGER","PERSONAL","N","STRAIGHT AHEAD",,,"1",,,,,,,,,,,"true","true",,,,,,"FRONT-LEFT",,,,,,,,,,,,,,,,,,,,,,,,,,,,,,,,,
"756013","JC464415","2019-10-08T07:15:00","1","DRIVER",,"718128",,"HONDA","UNKNOWN","IL","2016","NONE","PASSENGER","PERSONAL","N","STRAIGHT AHEAD",,,"1",,,,,,,,,,,,,,,,"true",,"OTHER",,,,,,,,,,,,,,,,,,,,,,,,,,,,,,,,,
"756014","JC464415","2019-10-08T07:15:00","2","DRIVER","2","718130",,"BUICK","LACROSSE","IL","2010","NONE","PASSENGER","PERSONAL","N","STRAIGHT AHEAD",,,"3",,,,,,,,,,"true",,,,,,,,"REAR-LEFT",,,,,,,,,,,,,,,,,,,,,,,,,,,,,,,,,
"755443","JC464350","2019-10-08T07:15:00","1","DRIVER",,"717589",,"UNKNOWN","UNKNOWN","IL",,"UNKNOWN","UNKNOWN/NA","UNKNOWN/NA","N","TURNING RIGHT",,,"1",,,,,,,,,,,,,,,,,"true","UNKNOWN",,,,,,,,,,,,,,,,,,,,,,,,,,,,,,,,,
"755445","JC464350","2019-10-08T07:15:00","2","PEDESTRIAN",,,,,,,,,,,,,,,,,,,,,,,,,,,,,,,,,,,,,,,,,,,,,,,,,,,,,,,,,,,,,,,,,,
"755615","JC464326","2019-10-08T07:15:00","1","DRIVER","4","717743",,"LINCOLN-CONTINENTAL","MKZ","IL","2016","NONE","PASSENGER","RIDESHARE SERVICE","S","MERGING","true",,"5",,"city of chicago","321 E. Lower Wacker Drive",,,,"true",,,,,,,,,"true",,"OTHER",,,,,,,,,,,,,,,,,,,,,,,,,,,,,,,,,
"755616","JC464326","2019-10-08T07:15:00","2","DRIVER",,"718115",,"LINCOLN-CONTINENTAL","MKX","NY","2010","NONE","SPORT UTILITY VEHICLE (SUV)","PERSONAL","S","STRAIGHT AHEAD",,,"1",,,,,,,,,,"true",,,,,,"true",,"REAR-LEFT",,,,,,,,,,,,,,,,,,,,,,,,,,,,,,,,,
"755617","JC464326","2019-10-08T07:15:00","3","DRIVER","3","718116",,"JEEP","PATRIOT","IL","2014","NONE","SPORT UTILITY VEHICLE (SUV)","PERSONAL","S","STRAIGHT AHEAD",,,"4",,,,,"true",,,,,"true",,,,,,,,"REAR-LEFT",,,,,,,,,,,,,,,,,,,,,,,,,,,,,,,,,
"755618","JC464326","2019-10-08T07:15:00","4","DRIVER",,"718120",,"TOYOTA MOTOR COMPANY, LTD.","Prius","IL","2013","NONE","PASSENGER","RIDESHARE SERVICE","S","STRAIGHT AHEAD",,,"2",,,,,,,,,,,,,"true",,,,,"ROOF",,,,,,,,,,,,,,,,,,,,,,,,,,,,,,,,,
"755744","JC464942","2019-10-08T07:11:00","1","DRIVER",,"717861",,"FORD","FUSION","IL",,"NONE","PASSENGER","PERSONAL","E","CHANGING LANES",,,"1",,,,,"true",,,,,,,,,,,"true",,"FRONT",,,,,,,,,,,,,,,,,,,,,,,,,,,,,,,,,
"755745","JC464942","2019-10-08T07:11:00","2","DRIVER",,"717865",,"TOYOTA MOTOR COMPANY, LTD.","RAV4 (sport utility)","IL",,"NONE","SPORT UTILITY VEHICLE (SUV)","PERSONAL","S","STRAIGHT AHEAD",,,"1",,,,,,,,,"true",,,,,,,,,"REAR",,,,,,,,,,,,,,,,,,,,,,,,,,,,,,,,,
"755489","JC464313","2019-10-08T07:07:00","1","DRIVER",,"717663",,"CHEVROLET","CRUZE","IL","2014","NONE","PASSENGER","PERSONAL","S","SLOW/STOP IN TRAFFIC",,,"1",,,,,,,,,,,,,,,,"true",,"OTHER",,,,,,,,,,,,,,,,,,,,,,,,,,,,,,,,,
"755490","JC464313","2019-10-08T07:07:00","2","DRIVER",,"717666",,"HONDA","CRV","IL","2009","NONE","PASSENGER","PERSONAL","S","SLOW/STOP IN TRAFFIC",,,"1",,,,,,,,,,"true",,,,,,,,"REAR-LEFT",,,,,,,,,,,,,,,,,,,,,,,,,,,,,,,,,
"755400","JC464291","2019-10-08T07:04:00","1","DRIVER",,"717552",,"DODGE","CARAVAN","IL","2017","NONE","VAN/MINI-VAN","OTHER","S","STRAIGHT AHEAD",,,"1",,,,,,,,,,,,,,,,"true",,"OTHER",,,,,,,,,,,,,,,,,,,,,,,,,,,,,,,,,
"755401","JC464291","2019-10-08T07:04:00","2","DRIVER",,"717553",,"TOYOTA MOTOR COMPANY, LTD.","CAMRY","IL","2008","NONE","PASSENGER","PERSONAL","S","SLOW/STOP IN TRAFFIC",,,"1",,,,,,,,,,"true",,,,,,,,"REAR-LEFT",,,,,,,,,,,,,,,,,,,,,,,,,,,,,,,,,
"756760","JC466981","2019-10-08T07:00:00","1","DRIVER",,"718840",,"GENERAL MOTORS CORP.","SIERRA","IL","1998","NONE","PICKUP","PERSONAL","E","STRAIGHT AHEAD",,,"1",,,,,,,,,,,,,,,,"true",,"OTHER",,,,,,,,,,,,,,,,,,,,,,,,,,,,,,,,,
"756761","JC466981","2019-10-08T07:00:00","2","DRIVER",,"718839",,"CADILLAC","Escalade","IL","2019","NONE","PASSENGER","PERSONAL","E","SLOW/STOP IN TRAFFIC",,,"1",,,,,,,,,,"true",,,,,,"false",,"REAR-LEFT",,,,,,,,,,,,,,,,,,,,,,,,,,,,,,,,,
"755470","JC464376","2019-10-08T07:00:00","1","DRIVER",,"717614",,"JEEP","Wrangler (for vehicle years 1989 to present)","IL","2015","NONE","PASSENGER","PERSONAL","W","BACKING",,,"1",,,,"true",,,,,,,,,,,,,,"NONE",,,,,,,,,,,,,,,,,,,,,,,,,,,,,,,,,
"755471","JC464376","2019-10-08T07:00:00","2","DRIVER",,"717636",,"DODGE","DART","IL","2014","NONE","PASSENGER","PERSONAL","W","OTHER",,,"1",,,,,,,,,,,,,,,,"true",,"OTHER",,,,,,,,,,,,,,,,,,,,,,,,,,,,,,,,,
"756301","JC466120","2019-10-08T06:55:00","1","DRIVER",,"718397",,"UNKNOWN","UNKNOWN","IL",,"UNKNOWN","UNKNOWN/NA","UNKNOWN/NA","UNKNOWN","UNKNOWN/NA",,,"1",,,,,,,,,,,,,,,,,"true","UNKNOWN",,,,,,,,,,,,,,,,,,,,,,,,,,,,,,,,,
"756302","JC466120","2019-10-08T06:55:00","2","PARKED",,"718403",,"MAZDA","CX-7","IL","2015","NONE","SPORT UTILITY VEHICLE (SUV)","PERSONAL","W","PARKED",,,"0",,,,,,,,,,"true",,,,,,,,"REAR-LEFT",,,,,,,,,,,,,,,,,,,,,,,,,,,,,,,,,
"755402","JC464280","2019-10-08T06:55:00","1","DRIVER",,"717554",,"AUDI","A6","IL","2012","NONE","PASSENGER","PERSONAL","NW","TURNING LEFT",,,"1",,,,,,,"true",,,,,,,,,,,"SIDE-RIGHT",,,,,,,,,,,,,,,,,,,,,,,,,,,,,,,,,
"755403","JC464280","2019-10-08T06:55:00","2","DRIVER",,"717555",,"HONDA","CIVIC","IL","2000","NONE","PASSENGER","PERSONAL","S","STRAIGHT AHEAD","true",,"1",,,,,,,,,,,,,,,,"true",,"OTHER",,,,,,,,,,,,,,,,,,,,,,,,,,,,,,,,,
"756772","JC466998","2019-10-08T06:50:00","1","DRIVER",,"718847",,"HONDA","ACCORD","IL","2015","UNKNOWN","PASSENGER","PERSONAL","N","TURNING RIGHT",,,"1",,,,,,,"true","true",,,,,,,,,,"REAR-RIGHT",,,,,,,,,,,,,,,,,,,,,,,,,,,,,,,,,
"756773","JC466998","2019-10-08T06:50:00","2","DRIVER",,"718851",,"KIA MOTORS CORP","Optima","IL","2014","UNKNOWN","PASSENGER","PERSONAL","N","TURNING RIGHT",,,"1",,,,,,,,,,,,,,,"true",,,"TOTAL (ALL AREAS)",,,,,,,,,,,,,,,,,,,,,,,,,,,,,,,,,
"755391","JC464272","2019-10-08T06:45:00","1","DRIVER",,"717551",,"KIA MOTORS CORP","FORTE","IL","2017","NONE","PASSENGER","PERSONAL","S","TURNING RIGHT",,,"1",,,,,,,,,,,,,,,"true","true",,"TOTAL (ALL AREAS)",,,,,,,,,,,,,,,,,,,,,,,,,,,,,,,,,
"755392","JC464272","2019-10-08T06:45:00","2","DRIVER",,"717545",,"HONDA","HONDA","IL","2016","NONE","PASSENGER","PERSONAL","N","STRAIGHT AHEAD",,,"1",,,,,,,,,,,,"true",,,,,,"FRONT-LEFT",,,,,,,,,,,,,,,,,,,,,,,,,,,,,,,,,
"755389","JC464273","2019-10-08T06:30:00","1","DRIVER","1","717541",,"TOYOTA MOTOR COMPANY, LTD.","UNKNOWN","IL","2015","UNKNOWN","PASSENGER","TAXI/FOR HIRE","S","SLOW/STOP IN TRAFFIC",,,"2",,,,,,,,,,,,,"true",,,,,"ROOF",,,,,,,,,,,,,,,,,,,,,,,,,,,,,,,,,
"755390","JC464273","2019-10-08T06:30:00","2","DRIVER",,"717542",,"ISUZU","UNKNOWN","IL","2015","UNKNOWN","TRUCK - SINGLE UNIT","COMMERCIAL - SINGLE UNIT","SE","STRAIGHT AHEAD",,,"1",,,,,,"true",,,,,,"false",,,,,,"SIDE-RIGHT",,,,,,,,,,,,,,,,,,,,,,,,,,,,,,,,,
"755404","JC464275","2019-10-08T06:22:00","1","DRIVER",,"717578",,"HYUNDAI","SONATA","IL","2013","NONE","PASSENGER","PERSONAL","E","CHANGING LANES",,,"1",,,,,,,,,,,"true",,,,,,,"SIDE-LEFT",,,,,,,,,,,,,,,,,,,,,,,,,,,,,,,,,
"755405","JC464275","2019-10-08T06:22:00","2","DRIVER",,"717619",,"BUICK","ENCLAVE","IL","2013","NONE","PASSENGER","PERSONAL","E","STRAIGHT AHEAD",,,"1",,,,,"true",,,,,,,,,,,,,"FRONT",,,,,,,,,,,,,,,,,,,,,,,,,,,,,,,,,
"755385","JC464257","2019-10-08T06:00:00","1","DRIVER",,"717537",,"ACURA","ACURA","IL","2005","UNKNOWN","PASSENGER","UNKNOWN/NA","N","UNKNOWN/NA",,,"1",,,,,,,,,,,,,,,,,"true","SIDE-RIGHT",,,,,,,,,,,,,,,,,,,,,,,,,,,,,,,,,
"755386","JC464257","2019-10-08T06:00:00","2","PARKED",,"717539",,"CHEVROLET","HHR","IL","2007","NONE","PASSENGER","NOT IN USE","N","PARKED",,,"0",,,,,,,,,,,,"true","true","true","true",,,"ROOF",,,,,,,,,,,,,,,,,,,,,,,,,,,,,,,,,
"755395","JC464253","2019-10-08T05:39:00","1","DRIVER","4","717543",,"DODGE","UNKNOWN","IL","2000","UNKNOWN","VAN/MINI-VAN","OTHER","S","STRAIGHT AHEAD","true",,"5",,"STREETS AND SAN","POUND",,,,"true","true","true","true","true",,"true","true",,,,"FRONT-LEFT",,,,,,,,,,,,,,,,,,,,,,,,,,,,,,,,,
"755396","JC464253","2019-10-08T05:39:00","2","DRIVER","1","717569",,"CHEVROLET","SUBURBAN","IL","2001","UNKNOWN","PASSENGER","PERSONAL","W","STRAIGHT AHEAD","true",,"2",,"PRIVATE TOW","UNK",,"true",,,,,,,,,,"true","true",,"OTHER",,,,,,,,,,,,,,,,,,,,,,,,,,,,,,,,,
"755387","JC464252","2019-10-08T05:30:00","1","DRIVER",,"717538",,"FORD","F250","IL","2009","NONE","PICKUP","PERSONAL","W","STRAIGHT AHEAD",,,"1",,,,,"true",,,,,,,,,,"true","true",,"OTHER",,,,,,,,,,,,,,,,,,,,,,,,,,,,,,,,,
"755388","JC464252","2019-10-08T05:30:00","2","DRIVER","2","717540",,"TOYOTA MOTOR COMPANY, LTD.","Prius","IN","2013","NONE","PASSENGER","PERSONAL","N","STRAIGHT AHEAD","true",,"3",,"PRIVATE","UNKNOWN",,,,"true","true","true",,,"true",,,,,,"SIDE-RIGHT",,,,,,,,,,,,,,,,,,,,,,,,,,,,,,,,,
"755406","JC464293","2019-10-08T05:24:00","1","DRIVER",,"717556",,"HYUNDAI","ELANTRA","VA","2018","NONE","PASSENGER","OTHER","W","STRAIGHT AHEAD","true",,"2",,"STREETS AND SANITATION",,,"true","true",,,,,,,,"true","true","true",,"TOTAL (ALL AREAS)",,,,,,,,,,,,,,,,,,,,,,,,,,,,,,,,,
"755407","JC464293","2019-10-08T05:24:00","2","DRIVER",,"717557",,"UNKNOWN","UNKNOWN",,,"UNKNOWN","UNKNOWN/NA","UNKNOWN/NA","W","STRAIGHT AHEAD",,,"1",,,,,,"true","true","true",,,,,,,,,,"SIDE-RIGHT",,,,,,,,,,,,,,,,,,,,,,,,,,,,,,,,,
"755408","JC464293","2019-10-08T05:24:00","3","DRIVER",,"717559",,"UNKNOWN","UNKNOWN","IL",,"UNKNOWN","UNKNOWN/NA","UNKNOWN/NA","W","STRAIGHT AHEAD",,,"1",,,,,,,,,,,,"true","true","true",,,,"ROOF",,,,,,,,,,,,,,,,,,,,,,,,,,,,,,,,,
"755852","JC465023","2019-10-08T04:22:00","1","DRIVER",,"717968",,"SATURN","Vue","IL","2008","NONE","PASSENGER","PERSONAL","W","PASSING/OVERTAKING",,,"1",,,,,,,,,"true",,,,,,,,,"REAR-RIGHT",,,,,,,,,,,,,,,,,,,,,,,,,,,,,,,,,
"755853","JC465023","2019-10-08T04:22:00","2","DRIVER",,"717978",,"MERCEDES-BENZ","ML350","IL","2004","NONE","PASSENGER","PERSONAL","W","STRAIGHT AHEAD",,,"1",,,,,,,,,,,,,,,"true",,,"UNDER CARRIAGE",,,,,,,,,,,,,,,,,,,,,,,,,,,,,,,,,
"755474","JC464383","2019-10-08T04:00:00","1","DRIVER",,"717706",,"ACURA","ACURA","IL","2004","UNKNOWN","PASSENGER","PERSONAL","S","STRAIGHT AHEAD","true",,"1",,"ss","701 s saramento",,"true",,,,,,,,,,"true","true",,"OTHER",,,,,,,,,,,,,,,,,,,,,,,,,,,,,,,,,
"755475","JC464383","2019-10-08T04:00:00","2","PARKED",,"717634",,"INFINITI","FX35","IL","2005","UNKNOWN","SPORT UTILITY VEHICLE (SUV)","PERSONAL","S","PARKED",,,"0",,,,,"true","true",,,,,"true","true","true",,,,,"SIDE-LEFT",,,,,,,,,,,,,,,,,,,,,,,,,,,,,,,,,
"755476","JC464383","2019-10-08T04:00:00","3","PARKED",,"717648",,"CHEVROLET","EQUINOX","IL","2005","UNKNOWN","SPORT UTILITY VEHICLE (SUV)","PERSONAL","S","PARKED",,,"0",,,,,,,,,"true","true","true",,,,,,,"REAR-LEFT",,,,,,,,,,,,,,,,,,,,,,,,,,,,,,,,,
"755509","JC464383","2019-10-08T04:00:00","4","PARKED",,"717656",,"TOYOTA MOTOR COMPANY, LTD.","COROLLA","IL","2007","UNKNOWN","PASSENGER","PERSONAL","S","PARKED",,,"0",,,,,,,,,,"true",,,,,,,,"REAR-LEFT",,,,,,,,,,,,,,,,,,,,,,,,,,,,,,,,,
"755453","JC464381","2019-10-08T03:00:00","1","DRIVER",,"717601",,"UNKNOWN","UNKNOWN","IL",,"UNKNOWN","UNKNOWN/NA","UNKNOWN/NA","W","BACKING",,,"1",,,,,,,,,,"false",,,,,,,"true","UNKNOWN",,,,,,,,,,,,,,,,,,,,,,,,,,,,,,,,,
"755452","JC464381","2019-10-08T03:00:00","2","PARKED",,"717605",,"TOYOTA MOTOR COMPANY, LTD.","TACOMA","IL","2004","NONE","PICKUP","PERSONAL","E","PARKED",,,"0",,,,,"true",,,,,,,,,,,"true",,"OTHER",,,,,,,,,,,,,,,,,,,,,,,,,,,,,,,,,
"755375","JC464226","2019-10-08T03:00:00","1","DRIVER",,"717527",,"NISSAN","NISSAN ALTIMA","IL",,"UNKNOWN","UNKNOWN/NA","UNKNOWN/NA","S","STRAIGHT AHEAD",,,"1",,,,,,,,,,,,,,,,,"true","UNKNOWN",,,,,,,,,,,,,,,,,,,,,,,,,,,,,,,,,
"755376","JC464226","2019-10-08T03:00:00","2","DRIVER",,"717528","false","FORD","FORD-TRUCK,VAN,SUV, ETC","IL","2003","UNKNOWN","PICKUP","CONSTRUCTION/MAINTENANCE","S","ENTERING TRAFFIC LANE FROM PARKING","true",,"1",,"PRIVATE TOW",,,"true",,,,,,"true","true",,,,,,"FRONT-LEFT",,,,,,,,,,,,,,,,,,,,,,,,,,,,,,,,,
"755377","JC464226","2019-10-08T03:00:00","3","PARKED",,"717529",,"BMW","UNKNOWN","IL","2007","UNKNOWN","PASSENGER","NOT IN USE","UNKNOWN","PARKED","true",,"0",,"PRIVATE TOW",,,"true",,,"true","true","true","true","true",,,"true","true",,"FRONT-LEFT",,,,,,,,,,,,,,,,,,,,,,,,,,,,,,,,,
"755378","JC464226","2019-10-08T03:00:00","4","PARKED",,"717530",,"ACURA","ACURA","IL","2015","UNKNOWN","PASSENGER","NOT IN USE","UNKNOWN","PARKED",,,"0",,,,,,,,,"true","true","true",,,,,,,"REAR-LEFT",,,,,,,,,,,,,,,,,,,,,,,,,,,,,,,,,