"crash_unit_id","rd_no","crash_date","unit_no","unit_type","num_passengers","vehicle_id","cmrc_veh_i","make","model","lic_plate_state","vehicle_year","vehicle_defect","vehicle_type","vehicle_use","travel_direction","maneuver","towed_i","fire_i","occupant_cnt","exceed_speed_limit_i","towed_by","towed_to","area_00_i","area_01_i","area_02_i","area_03_i","area_04_i","area_05_i","area_06_i","area_07_i","area_08_i","area_09_i","area_10_i","area_11_i","area_12_i","area_99_i","first_contact_point","cmv_id","usdot_no","ccmc_no","ilcc_no","commercial_src","gvwr","carrier_name","carrier_state","carrier_city","hazmat_placards_i","hazmat_name","un_no","hazmat_present_i","hazmat_report_i","hazmat_report_no","mcs_report_i","mcs_report_no","hazmat_vio_cause_crash_i","mcs_vio_cause_crash_i","idot_permit_no","wide_load_i","trailer1_width","trailer2_width","trailer1_length","trailer2_length","total_vehicle_length","axle_cnt","vehicle_config","cargo_body_type","load_type","hazmat_out_of_service_i","mcs_out_of_service_i","hazmat_class"
"755645","JC464737","2019-10-08T02:00:00","1","DRIVER",,"717766",,"UNKNOWN","UNKNOWN","IL",,"UNKNOWN","UNKNOWN/NA","UNKNOWN/NA","N","STRAIGHT AHEAD",,,"1",,,,,,,,,,,,,,,,,"true","UNKNOWN",,,,,,,,,,,,,,,,,,,,,,,,,,,,,,,,,
"755646","JC464737","2019-10-08T02:00:00","2","PARKED",,"717769",,"VOLKSWAGEN","PASSAT","IL","2013","NONE","PASSENGER","PERSONAL","N","PARKED",,,"0",,,,,"true","true",,"true","true",,,,,,,,,"SIDE-RIGHT",,,,,,,,,,,,,,,,,,,,,,,,,,,,,,,,,
"755883","JC465228","2019-10-08T01:00:00","1","DRIVER",,"717992",,"UNKNOWN","UNKNOWN","IL",,"UNKNOWN","UNKNOWN/NA","UNKNOWN/NA","UNKNOWN","UNKNOWN/NA",,,"1",,,,,,,,,,,,,,,,,"true","UNKNOWN",,,,,,,,,,,,,,,,,,,,,,,,,,,,,,,,,
"755884","JC465228","2019-10-08T01:00:00","2","PARKED",,"717995",,"ACURA","ACURA","IL","2007","NONE","PASSENGER","PERSONAL","N","PARKED",,,"0",,,,,,,,,,,"true","true","true","true",,,,"ROOF",,,,,,,,,,,,,,,,,,,,,,,,,,,,,,,,,
"755570","JC464552","2019-10-08T01:00:00","1","DRIVER",,"718136",,"UNKNOWN","UNKNOWN","IL",,"UNKNOWN","UNKNOWN/NA","UNKNOWN/NA","UNKNOWN","UNKNOWN/NA",,,"1",,,,,,,,,,,,,,,,,"true","UNKNOWN",,,,,,,,,,,,,,,,,,,,,,,,,,,,,,,,,
"755567","JC464552","2019-10-08T01:00:00","2","PARKED",,"718132",,"TOYOTA MOTOR COMPANY, LTD.","Avalon","IL","2006","UNKNOWN","PASSENGER","NOT IN USE","W","PARKED",,,"0",,,,,"true","true","true","true","true",,,,,,,,,"UNKNOWN",,,,,,,,,,,,,,,,,,,,,,,,,,,,,,,,,
"755510","JC464435","2019-10-08T00:30:00","1","DRIVER",,"717654",,"UNKNOWN","UNKNOWN","IL",,"UNKNOWN","UNKNOWN/NA","UNKNOWN/NA","UNKNOWN","UNKNOWN/NA",,,"1",,,,,,,,,,"false","false",,,,,,"true","UNKNOWN",,,,,,,,,,,,,,,,,,,,,,,,,,,,,,,,,
"755511","JC464435","2019-10-08T00:30:00","2","PARKED",,"717661",,"NISSAN","NISSAN ALTIMA","IL","2011","UNKNOWN","PASSENGER","TAXI/FOR HIRE","W","PARKED",,,"0",,,,,,,,,,"true","true","true",,,,,"false","SIDE-LEFT",,,,,,,,,,,,,,,,,,,,,,,,,,,,,,,,,
"755361","JC464180","2019-10-08T00:15:00","1","DRIVER",,"717516",,"UNKNOWN","UNKNOWN","IL",,"UNKNOWN","UNKNOWN/NA","UNKNOWN/NA","E","STRAIGHT AHEAD",,,"1",,,,,,,,,,,,,,,,,"true","UNKNOWN",,,,,,,,,,,,,,,,,,,,,,,,,,,,,,,,,
"755363","JC464180","2019-10-08T00:15:00","2","DRIVER",,"717514",,"HONDA","CIVIC","IL","1999","NONE","PASSENGER","PERSONAL","E","STRAIGHT AHEAD",,,"1",,,,,,,,,"true","true",,,,,,,,"REAR-LEFT",,,,,,,,,,,,,,,,,,,,,,,,,,,,,,,,,
"755371","JC464182","2019-10-07T23:50:00","1","DRIVER","1","717522",,"NISSAN","NISSAN ALTIMA",,"2012","NONE","PASSENGER","PERSONAL","N","STRAIGHT AHEAD","true",,"2",,"CPD","POUND 1",,"true","true","true",,,,,,"true","true","true","true",,"TOTAL (ALL AREAS)",,,,,,,,,,,,,,,,,,,,,,,,,,,,,,,,,
"755372","JC464182","2019-10-07T23:50:00","2","PARKED",,"717523",,"NISSAN","VERSA","IL","2018","NONE","PASSENGER","NOT IN USE","N","PARKED",,,"0",,,,,,"true","true",,,,,,,,,,,"SIDE-RIGHT",,,,,,,,,,,,,,,,,,,,,,,,,,,,,,,,,
"755373","JC464182","2019-10-07T23:50:00","3","DRIVER","1","717525",,"FORD","EXPLORER","IL","2015","NONE","SPORT UTILITY VEHICLE (SUV)","POLICE","N","SLOW/STOP IN TRAFFIC",,,"2",,,,,,,,,"true",,"true",,,,,,,"REAR",,,,,,,,,,,,,,,,,,,,,,,,,,,,,,,,,
"755374","JC464182","2019-10-07T23:50:00","4","PARKED",,"717526",,"CHEVROLET","MALIBU (CHEVELLE)","IL","2011","NONE","PASSENGER","NOT IN USE","N","PARKED",,,"0",,,,,,,,"true","true","true",,,,,,,,"REAR",,,,,,,,,,,,,,,,,,,,,,,,,,,,,,,,,
"755345","JC464158","2019-10-07T23:32:00","1","DRIVER",,"717503",,"INFINITI","UNKNOWN","IL","1996","UNKNOWN","PASSENGER","UNKNOWN/NA","E","BACKING",,,"1",,,,,,,,,"true",,,,,,,,,"REAR",,,,,,,,,,,,,,,,,,,,,,,,,,,,,,,,,
"755346","JC464158","2019-10-07T23:32:00","2","PARKED","1","717504",,"CHEVROLET","CRUZE","IL","2018","UNKNOWN","PASSENGER","PERSONAL","W","PARKED",,,"1",,,,,,,,,,,,"true","true",,,,,"ROOF",,,,,,,,,,,,,,,,,,,,,,,,,,,,,,,,,
"755369","JC464152","2019-10-07T23:30:00","1","DRIVER",,"717521",,"PONTIAC","UNKNOWN","IL","2006","UNKNOWN","PASSENGER","UNKNOWN/NA","W","STRAIGHT AHEAD",,,"1",,,,,,,,,,,,,,,,,"true","OTHER",,,,,,,,,,,,,,,,,,,,,,,,,,,,,,,,,
"755370","JC464152","2019-10-07T23:30:00","2","DRIVER",,"717524",,"NISSAN","NISSAN MAXIMA","IL","2012","UNKNOWN","PASSENGER","PERSONAL","S","STRAIGHT AHEAD","true",,"1",,"legend recovery and towing","unk",,"true","true",,,,,,,,,,,,"FRONT",,,,,,,,,,,,,,,,,,,,,,,,,,,,,,,,,
"755362","JC464139","2019-10-07T23:15:00","1","PEDESTRIAN",,,,,,,,,,,,,,,,,,,,,,,,,,,,,,,,,,,,,,,,,,,,,,,,,,,,,,,,,,,,,,,,,,
"755366","JC464139","2019-10-07T23:15:00","2","DRIVER",,"717518",,"HONDA","UNKNOWN","IL","1985","UNKNOWN","MOTORCYCLE (OVER 150CC)","UNKNOWN/NA","S","STRAIGHT AHEAD","true",,"1",,"CITY OF CHICAGO",,,,,,,,,"false","false","false","false","false",,"true","OTHER",,,,,,,,,,,,,,,,,,,,,,,,,,,,,,,,,
"755359","JC464153","2019-10-07T23:11:00","1","DRIVER",,"717512",,"FORD","EDGE","IL","2019","NONE","PASSENGER","PERSONAL","N","AVOIDING VEHICLES/OBJECTS","true",,"1",,,,,"true","true",,,,,,,,,"true","true",,"FRONT",,,,,,,,,,,,,,,,,,,,,,,,,,,,,,,,,
"755367","JC464136","2019-10-07T23:05:00","1","DRIVER","1","717519",,"BUICK","LESABRE","IL","2005","NONE","PASSENGER","PERSONAL","N","TURNING LEFT",,,"2",,,,,,,"true","true","true",,,,,,,,,"REAR-RIGHT",,,,,,,,,,,,,,,,,,,,,,,,,,,,,,,,,
"755368","JC464136","2019-10-07T23:05:00","2","DRIVER",,"717520",,"HARLEY-DAVIDSON","HARLEY-DAVIDSON","IL","2019","NONE","UNKNOWN/NA","PERSONAL","W","STRAIGHT AHEAD","true",,"1",,"owner",,,,,,,,,,,,,,"true",,"OTHER",,,,,,,,,,,,,,,,,,,,,,,,,,,,,,,,,
"755425","JC464303","2019-10-07T23:00:00","1","DRIVER",,"717575",,"UNKNOWN","UNKNOWN","IL",,"UNKNOWN","UNKNOWN/NA","UNKNOWN/NA","UNKNOWN","UNKNOWN/NA",,,"1",,,,,,,,,,,,,,,,,,"UNKNOWN",,,,,,,,,,,,,,,,,,,,,,,,,,,,,,,,,
"755426","JC464303","2019-10-07T23:00:00","2","PARKED",,"717580",,"FORD","F150","IL","2013","NONE","PICKUP","STATE OWNED","W","PARKED",,,"0",,,,,,,"true","true",,,,,,,,,,"REAR-RIGHT",,,,,,,,,,,,,,,,,,,,,,,,,,,,,,,,,
"755343","JC464134","2019-10-07T23:00:00","1","DRIVER","1","717501",,"TOYOTA MOTOR COMPANY, LTD.","COROLLA","IL","2005","UNKNOWN","PASSENGER","UNKNOWN/NA","S","STRAIGHT AHEAD",,,"2",,,,,,,,,,,,,,,,"true",,"OTHER",,,,,,,,,,,,,,,,,,,,,,,,,,,,,,,,,
"755344","JC464134","2019-10-07T23:00:00","2","DRIVER","2","717502",,"FORD","UNKNOWN","IL","2019","NONE","PASSENGER","PERSONAL","S","SLOW/STOP IN TRAFFIC",,,"3",,,,,,,,,,"true",,,,,,,,"REAR-LEFT",,,,,,,,,,,,,,,,,,,,,,,,,,,,,,,,,
"755349","JC464128","2019-10-07T23:00:00","1","DRIVER",,"717506",,"CHEVROLET","MALIBU (CHEVELLE)","IL","2014","UNKNOWN","PASSENGER","PERSONAL","W","STRAIGHT AHEAD","true",,"1",,"UNKNOWN","UNKNOWN",,"false","true","true",,,,,"true","true","true","true","true",,"OTHER",,,,,,,,,,,,,,,,,,,,,,,,,,,,,,,,,
"755350","JC464128","2019-10-07T23:00:00","2","DRIVER","1","717508",,"HYUNDAI","Santa Fe","IL","2014","UNKNOWN","PASSENGER","PERSONAL","N","STRAIGHT AHEAD",,,"2",,,,,"true",,,,,,,,,,"true","true",,"OTHER",,,,,,,,,,,,,,,,,,,,,,,,,,,,,,,,,
"755338","JC464106","2019-10-07T22:31:00","1","DRIVER",,"717496",,"FORD","UNKNOWN","IL","2008","UNKNOWN","TRUCK - SINGLE UNIT","PERSONAL","E","STRAIGHT AHEAD","true",,"1",,,,,"true",,,,,,,,,,,,,"OTHER",,,,,,,,,,,,,,,,,,,,,,,,,,,,,,,,,
"755339","JC464106","2019-10-07T22:31:00","2","PARKED",,"717497",,"JEEP","PATRIOT","IL","2008","UNKNOWN","PASSENGER","NOT IN USE","E","PARKED",,,"0",,,,,"true",,,,,,"true","true","true",,"true",,,"REAR-LEFT",,,,,,,,,,,,,,,,,,,,,,,,,,,,,,,,,
"755340","JC464106","2019-10-07T22:31:00","3","PARKED",,"717498",,"NISSAN","NISSAN ALTIMA","IL","2006","UNKNOWN","PASSENGER","NOT IN USE","E","PARKED",,,"0",,,,,,,,,"true","true","true",,,,,,,"REAR-LEFT",,,,,,,,,,,,,,,,,,,,,,,,,,,,,,,,,
"755341","JC464108","2019-10-07T22:15:00","1","DRIVER",,"717499",,"NISSAN","Pathfinder","IN","2001","UNKNOWN","SPORT UTILITY VEHICLE (SUV)","PERSONAL","E","ENTERING TRAFFIC LANE FROM PARKING",,,"1",,,,,,,,,,,,,,,"true",,,"TOTAL (ALL AREAS)",,,,,,,,,,,,,,,,,,,,,,,,,,,,,,,,,
"755342","JC464108","2019-10-07T22:15:00","2","DRIVER",,"717500",,"HYUNDAI","ELANTRA","IL","2017","UNKNOWN","PASSENGER","PERSONAL","E","STRAIGHT AHEAD",,,"1",,,,,,,,"true","true",,,,,,,,,"REAR-RIGHT",,,,,,,,,,,,,,,,,,,,,,,,,,,,,,,,,
"755355","JC464112","2019-10-07T22:14:00","1","DRIVER",,"717511",,"INFINITI","UNKNOWN","IL","2001","UNKNOWN","PASSENGER","PERSONAL","E","ENTERING TRAFFIC LANE FROM PARKING","true",,"1",,,,,,,,,,,,,,,"true",,,"FRONT",,,,,,,,,,,,,,,,,,,,,,,,,,,,,,,,,
"755356","JC464112","2019-10-07T22:14:00","2","DRIVER",,"717515",,"GENERAL MOTORS CORP.","YUKON","IL","2015","UNKNOWN","SPORT UTILITY VEHICLE (SUV)","TAXI/FOR HIRE","E","STRAIGHT AHEAD",,,"1",,,,,,,,,"true",,,,,,,,,"REAR-RIGHT",,,,,,,,,,,,,,,,,,,,,,,,,,,,,,,,,
"755347","JC464089","2019-10-07T22:06:00","1","DRIVER",,"717505",,"CHEVROLET","IMPALA","IL","2008","NONE","PASSENGER","PERSONAL","E","STRAIGHT AHEAD","true",,"1",,,,,"true","true",,,,,,,,"true","true","true",,"OTHER",,,,,,,,,,,,,,,,,,,,,,,,,,,,,,,,,
"755348","JC464089","2019-10-07T22:06:00","2","DRIVER","1","717507",,"PONTIAC","GRAND AM","IL","2001","NONE","PASSENGER","PERSONAL","N","STRAIGHT AHEAD","true",,"2",,,,,"true",,,,,,,"true","true","true","true","true",,"OTHER",,,,,,,,,,,,,,,,,,,,,,,,,,,,,,,,,
"755334","JC464085","2019-10-07T22:06:00","1","DRIVER",,"717492",,"HYUNDAI","UNKNOWN","IL","2004","UNKNOWN","PASSENGER","PERSONAL","N","STRAIGHT AHEAD",,,"1",,,,,"true","true",,,,,,,,,,,,"FRONT",,,,,,,,,,,,,,,,,,,,,,,,,,,,,,,,,
"755335","JC464085","2019-10-07T22:06:00","2","DRIVER",,"717493",,"AUDI","UNKNOWN","IL","2008","UNKNOWN","PASSENGER","PERSONAL","W","TURNING RIGHT",,,"1",,,,,"true",,,,,,,,,,"true","true",,"TOTAL (ALL AREAS)",,,,,,,,,,,,,,,,,,,,,,,,,,,,,,,,,
"755564","JC464581","2019-10-07T21:30:00","1","DRIVER",,"717689",,"MERCEDES-BENZ","C300","IL","2009","UNKNOWN","PASSENGER","UNKNOWN/NA","S","STRAIGHT AHEAD",,,"1",,,,,,,,,,,,,,,"true",,,"TOTAL (ALL AREAS)",,,,,,,,,,,,,,,,,,,,,,,,,,,,,,,,,
"755565","JC464581","2019-10-07T21:30:00","2","DRIVER",,"717693",,"CHEVROLET","EQUINOX","IL","2016","NONE","PASSENGER","PERSONAL","W","STRAIGHT AHEAD",,,"1",,,,,"true",,,,,,,,,,,,,"FRONT",,,,,,,,,,,,,,,,,,,,,,,,,,,,,,,,,
"755786","JC464957","2019-10-07T21:00:00","1","DRIVER",,"717897",,"UNKNOWN","UNKNOWN","IL",,"UNKNOWN","UNKNOWN/NA","UNKNOWN/NA","UNKNOWN","UNKNOWN/NA",,,"1",,,,,,,,,,,,,,,,,"true","UNKNOWN",,,,,,,,,,,,,,,,,,,,,,,,,,,,,,,,,
"755327","JC464045","2019-10-07T20:54:00","1","DRIVER","3","717486",,"NISSAN","UNKNOWN","IL","2014","NONE","PASSENGER","PERSONAL","S","STRAIGHT AHEAD","true",,"4",,"ssn # 066674","701 s sacramento",,"true","true",,,,,,,,,"true","true",,"TOTAL (ALL AREAS)",,,,,,,,,,,,,,,,,,,,,,,,,,,,,,,,,
"755328","JC464045","2019-10-07T20:54:00","2","PARKED",,"717489",,"KIA MOTORS CORP","UNKNOWN","IL","2016","NONE","PASSENGER","PERSONAL","S","PARKED",,,"0",,,,,,,,,"true","true","true",,,,,,,"REAR-LEFT",,,,,,,,,,,,,,,,,,,,,,,,,,,,,,,,,
"755332","JC464070","2019-10-07T20:45:00","1","BICYCLE",,,,,,,,,,,,,,,,,,,,,,,,,,,,,,,,,,,,,,,,,,,,,,,,,,,,,,,,,,,,,,,,,,
"755333","JC464070","2019-10-07T20:45:00","2","DRIVER",,"717491",,"NISSAN","NISSAN ALTIMA","IL","2013","NONE","PASSENGER","PERSONAL","S","TURNING LEFT",,,"1",,,,,,,,,,,"true","true",,,,,,"FRONT-LEFT",,,,,,,,,,,,,,,,,,,,,,,,,,,,,,,,,
"755325","JC464018","2019-10-07T20:21:00","1","DRIVER",,"717482",,"FORD","UNKNOWN","IL","2019","NONE","BUS UP TO 15 PASS.","OTHER","S","STRAIGHT AHEAD",,,"1",,,,,"true","true","true",,,,,,,,,,,"FRONT-RIGHT",,,,,,,,,,,,,,,,,,,,,,,,,,,,,,,,,
"755326","JC464018","2019-10-07T20:21:00","2","DRIVER",,"717485","true","NEW FLYER","NEW FLYER","IL","2012","NONE","BUS OVER 15 PASS.","CTA","S","SLOW/STOP IN TRAFFIC",,,"1",,,,,,,,,,,,,"true","true","true",,,"UNDER CARRIAGE","8359",,,,"DRIVER","3","CTA","IL","CHICAGO",,,,"N","N",,"N",,"N","N",,,,,,,,,"BUS","BUS","OTHER","false","false",
"755317","JC464004","2019-10-07T20:20:00","1","DRIVER",,"717478",,"CHEVROLET","UNKNOWN","IL","2019","UNKNOWN","PASSENGER","PERSONAL","W","STRAIGHT AHEAD",,,"1",,,,,"true",,,,,,,,,,"true","true",,"OTHER",,,,,,,,,,,,,,,,,,,,,,,,,,,,,,,,,
"755318","JC464004","2019-10-07T20:20:00","2","DRIVER",,"717480",,"CHEVROLET","ASTRO","IL","1999","UNKNOWN","VAN/MINI-VAN","PERSONAL","S","STRAIGHT AHEAD","true",,"1",,"private tow","residence",,,,,,,,,,,"true","true",,,"TOTAL (ALL AREAS)",,,,,,,,,,,,,,,,,,,,,,,,,,,,,,,,,
"755300","JC463976","2019-10-07T20:20:00","1","DRIVER",,"717456",,"HONDA","CIVIC","IL",,"NONE","PASSENGER","PERSONAL","N","STRAIGHT AHEAD",,,"1",,,,,,,,,,,,,,,,"true",,"OTHER",,,,,,,,,,,,,,,,,,,,,,,,,,,,,,,,,
"755301","JC463976","2019-10-07T20:20:00","2","DRIVER",,"717461",,"AUDI","Q5","IL",,"NONE","SPORT UTILITY VEHICLE (SUV)","PERSONAL","N","SLOW/STOP IN TRAFFIC",,,"1",,,,,,,,,,"true",,,,,,,,"REAR-LEFT",,,,,,,,,,,,,,,,,,,,,,,,,,,,,,,,,
"755324","JC463993","2019-10-07T20:15:00","1","DRIVER","1","717481",,"VOLKSWAGEN","JETTA","IL","2005","UNKNOWN","PASSENGER","PERSONAL","E","UNKNOWN/NA","true",,"2",,"city impound","city impound",,"true",,,,,,,,,,"true",,,"FRONT",,,,,,,,,,,,,,,,,,,,,,,,,,,,,,,,,
"755322","JC463993","2019-10-07T20:15:00","2","DRIVER",,"717483",,"UNKNOWN","UNKNOWN",,,"UNKNOWN","UNKNOWN/NA","UNKNOWN/NA","W","UNKNOWN/NA",,,"1",,,,,,,,,,,,,,,"true",,,"TOTAL (ALL AREAS)",,,,,,,,,,,,,,,,,,,,,,,,,,,,,,,,,
"755323","JC463993","2019-10-07T20:15:00","3","PARKED",,"717484",,"GENERAL MOTORS CORP.","YUKON","IL","1998","UNKNOWN","PASSENGER","PERSONAL","W","PARKED",,,"0",,,,,,,,,,,"true","true",,,,,,"FRONT-LEFT",,,,,,,,,,,,,,,,,,,,,,,,,,,,,,,,,
"755308","JC463975","2019-10-07T20:02:00","1","DRIVER",,"717467",,"TOYOTA MOTOR COMPANY, LTD.","UNKNOWN","IL","2000","UNKNOWN","PASSENGER","UNKNOWN/NA","N","UNKNOWN/NA",,,"1",,,,,"true","true",,,,,,,,,,,,"FRONT",,,,,,,,,,,,,,,,,,,,,,,,,,,,,,,,,
"755309","JC463975","2019-10-07T20:02:00","2","DRIVER",,"717473",,"HONDA","ACCORD","IL","2014","UNKNOWN","PASSENGER","PERSONAL","N","STRAIGHT AHEAD",,,"1",,,,,,,,,,,"true","true","true","true","true",,,"ROOF",,,,,,,,,,,,,,,,,,,,,,,,,,,,,,,,,
"755857","JC465165","2019-10-07T20:00:00","1","DRIVER",,"717960",,"UNKNOWN","UNKNOWN",,,"UNKNOWN","UNKNOWN/NA","UNKNOWN/NA","UNKNOWN","UNKNOWN/NA",,,"1",,,,,,,,,,,,,,,,,"true","UNKNOWN",,,,,,,,,,,,,,,,,,,,,,,,,,,,,,,,,
"755858","JC465165","2019-10-07T20:00:00","2","PARKED",,"717963",,"NISSAN","ROGUE","IL","2018","NONE","SPORT UTILITY VEHICLE (SUV)","PERSONAL","N","PARKED",,,"0",,,,,,,,,,,"true","true","true","true","true",,,"ROOF",,,,,,,,,,,,,,,,,,,,,,,,,,,,,,,,,
"755863","JC465149","2019-10-07T20:00:00","1","DRIVER",,"717967",,"KIA MOTORS CORP","UNKNOWN","IL",,"UNKNOWN","SPORT UTILITY VEHICLE (SUV)","UNKNOWN/NA","N","UNKNOWN/NA",,,"1",,,,,,,,,,,,,,,,"true",,"OTHER",,,,,,,,,,,,,,,,,,,,,,,,,,,,,,,,,
"755864","JC465149","2019-10-07T20:00:00","2","DRIVER",,"717979",,"HONDA","CIVIC","IL","2016","NONE","PASSENGER","PERSONAL","S","OTHER","true",,"1",,"UNKNOWN",,,,,,,,,,,,,,"true",,"OTHER",,,,,,,,,,,,,,,,,,,,,,,,,,,,,,,,,
"755304","JC463978","2019-10-07T19:52:00","1","DRIVER",,"717463",,"UNKNOWN","UNKNOWN","XX",,"UNKNOWN","PASSENGER","UNKNOWN/NA","N","STRAIGHT AHEAD",,,"1",,,,,,,,,,,,,,,,"true",,"OTHER",,,,,,,,,,,,,,,,,,,,,,,,,,,,,,,,,
"755305","JC463978","2019-10-07T19:52:00","2","DRIVER",,"717466",,"TOYOCAR VAN CONTAINER TRAILER","TOYOCAR VAN CONTAINER TRAILER","WI","2003","UNKNOWN","PASSENGER","PERSONAL","N","SLOW/STOP IN TRAFFIC",,,"1",,,,,,,,,,"true",,,,,,,,"REAR-LEFT",,,,,,,,,,,,,,,,,,,,,,,,,,,,,,,,,
"755290","JC463946","2019-10-07T19:50:00","1","DRIVER","1","717448",,"GENERAL MOTORS CORP.","Envoy","IL","2005","UNKNOWN","PASSENGER","PERSONAL","E","BACKING",,,"2",,,,,,,,,,"true",,,,,,,,"REAR-LEFT",,,,,,,,,,,,,,,,,,,,,,,,,,,,,,,,,
"755291","JC463946","2019-10-07T19:50:00","2","DRIVER",,"717455",,"CHRYSLER","TOWN & COUNTRY","IL","2010","UNKNOWN","VAN/MINI-VAN","PERSONAL","W","STRAIGHT AHEAD",,,"4",,,,,,,,,,,,,,,,"true",,"OTHER",,,,,,,,,,,,,,,,,,,,,,,,,,,,,,,,,
"755878","JC465227","2019-10-07T19:45:00","1","DRIVER",,"717991",,"FORD","UNKNOWN","IL",,"UNKNOWN","VAN/MINI-VAN","UNKNOWN/NA","N","STRAIGHT AHEAD",,,"1",,,,,,,,,,,,,,,,,"true","UNKNOWN",,,,,,,,,,,,,,,,,,,,,,,,,,,,,,,,,
"755877","JC465227","2019-10-07T19:45:00","2","PARKED",,"717996",,"MAZDA","6 (Six)","IL","2014","NONE","PASSENGER","NOT IN USE","N","PARKED",,,"0",,,,,"true","true","true","true","true",,,,,,,,,"UNKNOWN",,,,,,,,,,,,,,,,,,,,,,,,,,,,,,,,,
"755312","JC463954","2019-10-07T19:40:00","1","DRIVER",,"717470",,"UNKNOWN","UNKNOWN","IL",,"UNKNOWN","UNKNOWN/NA","UNKNOWN/NA","W","STRAIGHT AHEAD",,,"1",,,,,,,,,,,,,,,,,"true","UNKNOWN",,,,,,,,,,,,,,,,,,,,,,,,,,,,,,,,,
"755313","JC463954","2019-10-07T19:40:00","2","DRIVER",,"717472",,"HONDA","ACCORD","IL","2016","UNKNOWN","PASSENGER","PERSONAL","W","TURNING LEFT","true",,"1",,"private","private",,"true",,,,"true","true","true","true","true","true","true","true",,"REAR-LEFT",,,,,,,,,,,,,,,,,,,,,,,,,,,,,,,,,
"755314","JC463954","2019-10-07T19:40:00","3","DRIVER",,"717475",,"HONDA","CIVIC","IL","2000","UNKNOWN","PASSENGER","PERSONAL","E","STRAIGHT AHEAD",,,"1",,,,,,,,,,,"true","true","true","true","true",,,"UNKNOWN",,,,,,,,,,,,,,,,,,,,,,,,,,,,,,,,,
"755298","JC463933","2019-10-07T19:30:00","1","DRIVER",,"717454",,"BUICK","REGAL","IL","2011","UNKNOWN","PASSENGER","PERSONAL","W","TURNING LEFT",,,"1",,,,,"false",,,,"true","true",,,,,"false",,,"REAR",,,,,,,,,,,,,,,,,,,,,,,,,,,,,,,,,
"755299","JC463933","2019-10-07T19:30:00","2","DRIVER",,"717458",,"HONDA","UNKNOWN","IL","2015","UNKNOWN","PASSENGER","PERSONAL","W","STRAIGHT AHEAD",,,"1",,,,"true",,,,,,,,,,,,,,"OTHER",,,,,,,,,,,,,,,,,,,,,,,,,,,,,,,,,
"755730","JC463988","2019-10-07T19:15:00","1","DRIVER",,"717839",,"UNKNOWN","UNKNOWN",,,"NONE","PASSENGER","PERSONAL","SW","STRAIGHT AHEAD",,,"1",,,,,,,,,,,,,,,,,"true","UNKNOWN",,,,,,,,,,,,,,,,,,,,,,,,,,,,,,,,,
"755731","JC463988","2019-10-07T19:15:00","2","DRIVER",,"717862",,"NISSAN","NISSAN ALTIMA","IL","2015","NONE","PASSENGER","PERSONAL","W","STRAIGHT AHEAD",,,"1",,,,,,,,,"true","true","true",,,,,,,"REAR-LEFT",,,,,,,,,,,,,,,,,,,,,,,,,,,,,,,,,
"757371","JC467918","2019-10-07T19:10:00","1","DRIVER",,"719411",,"UNKNOWN","UNKNOWN",,,"UNKNOWN","UNKNOWN/NA","UNKNOWN/NA","N","STRAIGHT AHEAD",,,"1",,,,,,,,,,,,,,,,,,"UNKNOWN",,,,,,,,,,,,,,,,,,,,,,,,,,,,,,,,,
"757372","JC467918","2019-10-07T19:10:00","2","DRIVER",,"719414",,"CHEVROLET","C K 1500","IL","2015","NONE","SPORT UTILITY VEHICLE (SUV)","PERSONAL","N","STRAIGHT AHEAD",,,"1",,,,,,,,,,,"true","true","true",,,,,"SIDE-LEFT",,,,,,,,,,,,,,,,,,,,,,,,,,,,,,,,,
"755285","JC463955","2019-10-07T19:00:00","1","DRIVER",,"717438",,"UNKNOWN","UNKNOWN",,,"UNKNOWN","UNKNOWN/NA","UNKNOWN/NA","S","UNKNOWN/NA",,,"1",,,,,,,,,,,,,,,,,"true","UNKNOWN",,,,,,,,,,,,,,,,,,,,,,,,,,,,,,,,,
"755286","JC463955","2019-10-07T19:00:00","2","PARKED",,"717442",,"BUICK","ENCLAVE","IL",,"NONE","PASSENGER","PERSONAL","S","PARKED",,,"0",,,,,,,,"true","true",,,,,,,,,"REAR-RIGHT",,,,,,,,,,,,,,,,,,,,,,,,,,,,,,,,,
"755266","JC463932","2019-10-07T19:00:00","1","DRIVER",,"717427",,"UNKNOWN","UNKNOWN","IL",,"UNKNOWN","SPORT UTILITY VEHICLE (SUV)","UNKNOWN/NA","S","BACKING",,,"1",,,,,,,,,,,,,,,,,"true","REAR-LEFT",,,,,,,,,,,,,,,,,,,,,,,,,,,,,,,,,
"755267","JC463932","2019-10-07T19:00:00","2","DRIVER",,"717429",,"CHEVROLET","CHEVROLET-TRUCK,VAN,SUV,ETC","IL","2012","NONE","PICKUP","PERSONAL","N","STRAIGHT AHEAD",,,"1",,,,,,,,,"false","true","true",,,,,,,"SIDE-LEFT",,,,,,,,,,,,,,,,,,,,,,,,,,,,,,,,,