"crash_unit_id","rd_no","crash_date","unit_no","unit_type","num_passengers","vehicle_id","cmrc_veh_i","make","model","lic_plate_state","vehicle_year","vehicle_defect","vehicle_type","vehicle_use","travel_direction","maneuver","towed_i","fire_i","occupant_cnt","exceed_speed_limit_i","towed_by","towed_to","area_00_i","area_01_i","area_02_i","area_03_i","area_04_i","area_05_i","area_06_i","area_07_i","area_08_i","area_09_i","area_10_i","area_11_i","area_12_i","area_99_i","first_contact_point","cmv_id","usdot_no","ccmc_no","ilcc_no","commercial_src","gvwr","carrier_name","carrier_state","carrier_city","hazmat_placards_i","hazmat_name","un_no","hazmat_present_i","hazmat_report_i","hazmat_report_no","mcs_report_i","mcs_report_no","hazmat_vio_cause_crash_i","mcs_vio_cause_crash_i","idot_permit_no","wide_load_i","trailer1_width","trailer2_width","trailer1_length","trailer2_length","total_vehicle_length","axle_cnt","vehicle_config","cargo_body_type","load_type","hazmat_out_of_service_i","mcs_out_of_service_i","hazmat_class"
"755288","JC463893","2019-10-07T19:00:00","1","DRIVER",,"717447","false","FORD","FUSION","IL","2012","NONE","PASSENGER","TAXI/FOR HIRE","S","STRAIGHT AHEAD",,,"1",,,,,,,,,,,,,,,,"true",,"OTHER",,,,,,,,,,,,,,,,,,,,,,,,,,,,,,,,,
"755289","JC463893","2019-10-07T19:00:00","2","PEDESTRIAN",,,,,,,,,,,,,,,,,,,,,,,,,,,,,,,,,,,,,,,,,,,,,,,,,,,,,,,,,,,,,,,,,,
"755250","JC463878","2019-10-07T18:53:00","1","DRIVER",,"717405","true","UNKNOWN","UNKNOWN","IL",,"UNKNOWN","BUS OVER 15 PASS.","CTA","E","TURNING LEFT",,,"1",,,,"true",,,,,,,,,,,,,,"REAR","8357",,,,"DRIVER",,"CTA","IL","CHICAGO",,,,"N","N",,"N",,"N","N",,,,,,,,,"BUS","BUS","OTHER","false","false",
"755251","JC463878","2019-10-07T18:53:00","2","DRIVER",,"717412",,"CHEVROLET","UNKNOWN","IN","2004","UNKNOWN","PICKUP","PERSONAL","E","SLOW/STOP IN TRAFFIC",,,"1",,,,,,,,,,,,,,"true",,,,"UNDER CARRIAGE",,,,,,,,,,,,,,,,,,,,,,,,,,,,,,,,,
"755232","JC463864","2019-10-07T18:48:00","1","DRIVER",,"717384",,"HONDA","CIVIC","ID","2011","NONE","PASSENGER","PERSONAL","N","STRAIGHT AHEAD",,,"1",,,,"true",,,,,,,,,,,,"false",,"OTHER",,,,,,,,,,,,,,,,,,,,,,,,,,,,,,,,,
"755233","JC463864","2019-10-07T18:48:00","2","PEDESTRIAN",,,,,,,,,,,,,,,,,,,,,,,,,,,,,,,,,,,,,,,,,,,,,,,,,,,,,,,,,,,,,,,,,,
"755261","JC463902","2019-10-07T18:45:00","1","DRIVER",,"717415",,"HYUNDAI","UNKNOWN","IL","2002","NONE","SPORT UTILITY VEHICLE (SUV)","PERSONAL","S","BACKING",,,"1",,,,,,,,,,"true",,,,,,,,"REAR-LEFT",,,,,,,,,,,,,,,,,,,,,,,,,,,,,,,,,
"755262","JC463902","2019-10-07T18:45:00","2","PARKED",,"717417",,"NISSAN","SENTRA (DATSUN AND NISSAN HAVE MERGED)","IL","2015","NONE","PASSENGER","NOT IN USE","S","PARKED",,,"0",,,,,,,,,,,,,,,,"true",,"OTHER",,,,,,,,,,,,,,,,,,,,,,,,,,,,,,,,,
"755278","JC463881","2019-10-07T18:44:00","1","DRIVER",,"717433",,"JEEP","JEEP - YEAR GREATER 1988","IL","2019","UNKNOWN","PASSENGER","PERSONAL","W","CHANGING LANES",,,"1",,,,,,,,,,,,,,,"true",,,"TOTAL (ALL AREAS)",,,,,,,,,,,,,,,,,,,,,,,,,,,,,,,,,
"755279","JC463881","2019-10-07T18:44:00","2","DRIVER",,"717441",,"HONDA","CRV","IL","2017","UNKNOWN","PASSENGER","PERSONAL","W","TURNING LEFT",,,"1",,,,,"true",,,,,,,,,,,,,"FRONT",,,,,,,,,,,,,,,,,,,,,,,,,,,,,,,,,
"755276","JC463861","2019-10-07T18:41:00","1","DRIVER","1","717440",,"HYUNDAI","ELANTRA","FL","2018","NONE","PASSENGER","PERSONAL","N","STRAIGHT AHEAD","true",,"2",,,,,,,,,"true","true","true",,,,,,,"REAR-LEFT",,,,,,,,,,,,,,,,,,,,,,,,,,,,,,,,,
"755277","JC463861","2019-10-07T18:41:00","2","DRIVER","4","717457",,"SPARTAN MOTORS, INC. (MFD. IN CHARLOTTE, MI)","SPARTAN MOTORS, INC. (MFD. IN CHARLOTTE, MI)","IL",,"NONE","TRUCK - SINGLE UNIT","FIRE","E","STRAIGHT AHEAD",,,"5",,,,,,,,,,,,,,,,,,"UNKNOWN",,,,,,,,,,,,,,,,,,,,,,,,,,,,,,,,,
"755226","JC463872","2019-10-07T18:40:00","1","DRIVER",,"717377",,"NISSAN","NISSAN ALTIMA","IL","2011","NONE","PASSENGER","TAXI/FOR HIRE","S","SLOW/STOP IN TRAFFIC",,,"1",,,,,,,,"true",,,,,,,,,,"REAR",,,,,,,,,,,,,,,,,,,,,,,,,,,,,,,,,
"755227","JC463872","2019-10-07T18:40:00","2","DRIVER",,"717380",,"ACURA (DIV. OF AMERICAN HONDA MOTOR CO.)","TSX","IL","2011","NONE","PASSENGER","PERSONAL","S","SLOW/STOP IN TRAFFIC",,,"1",,,,,,,,,,,"true",,,,,,,"SIDE-LEFT",,,,,,,,,,,,,,,,,,,,,,,,,,,,,,,,,
"755292","JC463959","2019-10-07T18:30:00","1","DRIVER",,"717444",,"ACURA","ACURA","IL","2011","UNKNOWN","PASSENGER","PERSONAL","S","BACKING",,,"1",,,,,,,,,,,,,,,,,,"UNKNOWN",,,,,,,,,,,,,,,,,,,,,,,,,,,,,,,,,
"755293","JC463959","2019-10-07T18:30:00","2","DRIVER",,"717446",,"PONTIAC","G6","IL","2006","NONE","PASSENGER","PERSONAL","N","STRAIGHT AHEAD",,,"1",,,,,,,,,,,,,,,,"true",,"OTHER",,,,,,,,,,,,,,,,,,,,,,,,,,,,,,,,,
"755230","JC463855","2019-10-07T18:25:00","1","DRIVER","3","717381",,"NISSAN","SENTRA (DATSUN AND NISSAN HAVE MERGED)","IL","2013","NONE","PASSENGER","PERSONAL","W","STRAIGHT AHEAD",,,"4",,,,,"true","true",,,,,,,,,,,,"FRONT",,,,,,,,,,,,,,,,,,,,,,,,,,,,,,,,,
"755231","JC463855","2019-10-07T18:25:00","2","DRIVER",,"717394",,"MITSUBISHI","GALANT","IL","2003","NONE","PASSENGER","PERSONAL","S","STRAIGHT AHEAD",,,"1",,,,,"true",,,,,,,,,,"true","true",,"TOTAL (ALL AREAS)",,,,,,,,,,,,,,,,,,,,,,,,,,,,,,,,,
"755221","JC463832","2019-10-07T18:23:00","1","DRIVER",,"717378",,"GENERAL MOTORS CORP.","Envoy","IL","2007","NONE","PASSENGER","PERSONAL","N","STARTING IN TRAFFIC",,,"1",,,,"true","true",,,,,,,,,,"false","false",,"FRONT",,,,,,,,,,,,,,,,,,,,,,,,,,,,,,,,,
"755222","JC463832","2019-10-07T18:23:00","2","DRIVER","1","717393",,"SCION","TC","FL","2006","NONE","PASSENGER","PERSONAL","N","STRAIGHT AHEAD",,,"2",,,,"true",,,,,,"true","true",,,,,,,"REAR-LEFT",,,,,,,,,,,,,,,,,,,,,,,,,,,,,,,,,
"755699","JC464871","2019-10-07T18:10:00","1","DRIVER",,"717822",,"SATURN","Vue","IL","2008","UNKNOWN","PASSENGER","UNKNOWN/NA","W","STRAIGHT AHEAD",,,"1",,,,,"true",,,,,,,,,,"true","true",,"OTHER",,,,,,,,,,,,,,,,,,,,,,,,,,,,,,,,,
"755700","JC464871","2019-10-07T18:10:00","2","DRIVER","2","717936",,"NISSAN","Pathfinder","CA","2019","NONE","SPORT UTILITY VEHICLE (SUV)","PERSONAL","W","STRAIGHT AHEAD",,,"3",,,,,,,,,"true","true","true",,,,,,,"REAR-LEFT",,,,,,,,,,,,,,,,,,,,,,,,,,,,,,,,,
"755274","JC463899","2019-10-07T18:05:00","1","DRIVER",,"717431","true","MACK TRUCKS, INC.","MACK TRUCKS, INC.","IN",,"UNKNOWN","TRACTOR W/ SEMI-TRAILER","CONSTRUCTION/MAINTENANCE","S","MERGING",,,"1",,,,,,,,,,,,,,,"true","true",,"TOTAL (ALL AREAS)","8358","1052526",,,"SIDE OF TRUCK","2","FOUNDATION BUILDING MATERIALS","IL","CHICAGO",,,,"N","N",,"N",,"N","N",,,,,,,,,"TRUCK/TRACTOR","FLATBED","CONSTRUCTION EQUIPMENT","false","false",
"755275","JC463899","2019-10-07T18:05:00","2","DRIVER","3","717449",,"BUICK","REGAL","IL","2011","UNKNOWN","PASSENGER","PERSONAL","S","STRAIGHT AHEAD","true",,"4",,"RIOS TOWING",,,"true","true","true",,,,,,,,"false",,,"FRONT",,,,,,,,,,,,,,,,,,,,,,,,,,,,,,,,,
"755247","JC463840","2019-10-07T18:05:00","1","DRIVER",,"717401",,"JEEP","CHEROKEE","IL","2016","NONE","PASSENGER","PERSONAL","S","STRAIGHT AHEAD",,,"1",,,,,,,,,,,,,,,,"true",,"OTHER",,,,,,,,,,,,,,,,,,,,,,,,,,,,,,,,,
"755248","JC463840","2019-10-07T18:05:00","2","DRIVER",,"717407",,"CHEVROLET","MALIBU (CHEVELLE)","IL","2002","NONE","PASSENGER","PERSONAL","E","STRAIGHT AHEAD","true",,"1",,"city of chicago","103 and doty rd",,,,,,,,,,"true",,,,"true","UNKNOWN",,,,,,,,,,,,,,,,,,,,,,,,,,,,,,,,,
"755284","JC463929","2019-10-07T18:00:00","1","DRIVER",,"717443",,"JAGUAR","S-Type","IN","2005","UNKNOWN","PASSENGER","PERSONAL","W","TURNING RIGHT","true",,"1",,,,,,,,,,,,,,,"true",,,"TOTAL (ALL AREAS)",,,,,,,,,,,,,,,,,,,,,,,,,,,,,,,,,
"755269","JC463928","2019-10-07T18:00:00","1","DRIVER",,"717451",,"UNKNOWN","UNKNOWN","XX",,"NONE","UNKNOWN/NA","UNKNOWN/NA","E","UNKNOWN/NA",,,"1",,,,,,,,,,,,,,,,,"true","UNKNOWN",,,,,,,,,,,,,,,,,,,,,,,,,,,,,,,,,
"755287","JC463928","2019-10-07T18:00:00","2","PARKED",,"717436",,"NISSAN","SENTRA (DATSUN AND NISSAN HAVE MERGED)","IL","2019","NONE","PASSENGER","PERSONAL","E","PARKED",,,"0",,,,,,,,,,,,,"true","true",,,,"ROOF",,,,,,,,,,,,,,,,,,,,,,,,,,,,,,,,,
"755252","JC463875","2019-10-07T18:00:00","1","DRIVER",,"717409",,"JEEP","CHEROKEE","IL","2014","NONE","SPORT UTILITY VEHICLE (SUV)","PERSONAL","E","MERGING","true",,"2",,"private",,,"true",,,,,,,,,,"true","true",,"TOTAL (ALL AREAS)",,,,,,,,,,,,,,,,,,,,,,,,,,,,,,,,,
"755253","JC463875","2019-10-07T18:00:00","2","DRIVER",,"717426",,"FORD","UNKNOWN","AZ","2012","NONE","VAN/MINI-VAN","PERSONAL","E","MERGING",,,"1",,,,,,"true",,,,,,,,,,,,"FRONT-RIGHT",,,,,,,,,,,,,,,,,,,,,,,,,,,,,,,,,
"755294","JC463825","2019-10-07T18:00:00","1","DRIVER",,"717445",,"GENERAL MOTORS CORP.","UNKNOWN","IL","2012","NONE","SPORT UTILITY VEHICLE (SUV)","PERSONAL","W","BACKING",,,"1",,,,,,,,,"true",,,,,,,,,"REAR-RIGHT",,,,,,,,,,,,,,,,,,,,,,,,,,,,,,,,,
"755295","JC463825","2019-10-07T18:00:00","2","PARKED","1","717450",,"PORSCHE","Cayenne","IL","2006","NONE","SPORT UTILITY VEHICLE (SUV)","NOT IN USE","E","PARKED",,,"1",,,,,,,,,,,,,,,"true",,,"TOTAL (ALL AREAS)",,,,,,,,,,,,,,,,,,,,,,,,,,,,,,,,,
"755245","JC463822","2019-10-07T18:00:00","1","DRIVER",,"717386",,"HONDA","UNKNOWN","IL",,"UNKNOWN","PASSENGER","UNKNOWN/NA","NE","TURNING LEFT",,,"1",,,,,,"true","true",,,,,,,,,,,"SIDE-RIGHT",,,,,,,,,,,,,,,,,,,,,,,,,,,,,,,,,
"755246","JC463822","2019-10-07T18:00:00","2","DRIVER",,"717387",,"FORD","ESCAPE (SUV)","IL","2012","NONE","SPORT UTILITY VEHICLE (SUV)","TAXI/FOR HIRE","S","STRAIGHT AHEAD",,,"1",,,,,,"true","true","true",,,,,,,,,,"SIDE-RIGHT",,,,,,,,,,,,,,,,,,,,,,,,,,,,,,,,,
"755241","JC463821","2019-10-07T17:55:00","1","DRIVER",,"717388",,"UNKNOWN","UNKNOWN","IL",,"UNKNOWN","UNKNOWN/NA","UNKNOWN/NA","E","STRAIGHT AHEAD",,,"1",,,,,,,,,,,,,,,,"false","true","OTHER",,,,,,,,,,,,,,,,,,,,,,,,,,,,,,,,,
"755242","JC463821","2019-10-07T17:55:00","2","DRIVER","2","717404",,"MITSUBISHI","Outlander","IL","2018","NONE","SPORT UTILITY VEHICLE (SUV)","PERSONAL","S","STRAIGHT AHEAD","true",,"3",,"PRIVATE TOW",,,"true","true","true",,,,,,"true","true",,,,"FRONT-RIGHT",,,,,,,,,,,,,,,,,,,,,,,,,,,,,,,,,
"755215","JC463827","2019-10-07T17:54:00","1","DRIVER","1","717370",,"FORD","Focus","IL","2012","NONE","PASSENGER","PERSONAL","E","LEAVING TRAFFIC LANE TO PARK",,,"2",,,,,,,"true","true","true",,,,,,,,,"SIDE-RIGHT",,,,,,,,,,,,,,,,,,,,,,,,,,,,,,,,,
"755216","JC463827","2019-10-07T17:54:00","2","PARKED",,"717373",,"VOLKSWAGEN","TIGUAN","IL",,"UNKNOWN","UNKNOWN/NA","UNKNOWN/NA","E","PARKED",,,"0",,,,,,,,,,,,,,"true","true",,,"ROOF",,,,,,,,,,,,,,,,,,,,,,,,,,,,,,,,,
"755207","JC463754","2019-10-07T17:54:00","1","DRIVER",,"717366",,"HYUNDAI","Santa Fe","IL","2010","NONE","PASSENGER","PERSONAL","W","MERGING",,,"1",,,,,"true","true",,,,,,,,"true","true","true",,"OTHER",,,,,,,,,,,,,,,,,,,,,,,,,,,,,,,,,
"755208","JC463754","2019-10-07T17:54:00","2","DRIVER",,"717385",,"FORD","EXPLORER","IL","2000","NONE","PASSENGER","PERSONAL","S","STRAIGHT AHEAD","true",,"1",,"PENDING","PENDING",,,"true",,,,,,,"true","true","true","true",,"OTHER",,,,,,,,,,,,,,,,,,,,,,,,,,,,,,,,,
"755234","JC463796","2019-10-07T17:50:00","1","DRIVER",,"717392",,"VOLVO","S40","IL","2006","UNKNOWN","PASSENGER","PERSONAL","N","BACKING",,,"1",,,,,,,,,"true",,,,,,,,,"REAR",,,,,,,,,,,,,,,,,,,,,,,,,,,,,,,,,
"755235","JC463796","2019-10-07T17:50:00","2","PARKED",,"717403",,"FORD","F150","IL","2004","UNKNOWN","PICKUP","NOT IN USE","N","PARKED",,,"0",,,,,,,"true",,,,,"true",,,,,,"ROOF",,,,,,,,,,,,,,,,,,,,,,,,,,,,,,,,,
"755236","JC463796","2019-10-07T17:50:00","3","PARKED",,"717410",,"FORD","RANGER","IL","2001","UNKNOWN","PICKUP","NOT IN USE","N","PARKED",,,"0",,,,,,,,,,,,,"true",,,,,"ROOF",,,,,,,,,,,,,,,,,,,,,,,,,,,,,,,,,
"755185","JC463744","2019-10-07T17:43:00","1","DRIVER",,"717337",,"BUICK","CENTURY","IL","1999","NONE","PASSENGER","PERSONAL","E","STRAIGHT AHEAD",,,"1",,,,,"true",,,,,,,,,,"true","true",,"OTHER",,,,,,,,,,,,,,,,,,,,,,,,,,,,,,,,,
"755186","JC463744","2019-10-07T17:43:00","2","DRIVER",,"717346","true","MACK TRUCKS, INC.","MACK TRUCKS, INC.","IL",,"NONE","TRUCK - SINGLE UNIT","CONSTRUCTION/MAINTENANCE","E","STRAIGHT AHEAD",,,"1",,,,,,,,,,"true",,,,,,,,"REAR-LEFT","8356","1762064",,,"DRIVER","3","VCNA PRAIRIE LLC","IL","BRIDGEVIEW",,,,,,,,,,,,,,,,,,,"SINGLE UNIT TRUCK, 2 AXLES, 6 TIRES","CONCRETE MIXER","OTHER",,,
"755223","JC463795","2019-10-07T17:42:00","1","DRIVER",,"717374",,"JEEP","CHEROKEE","IL",,"UNKNOWN","PASSENGER","PERSONAL","W","STRAIGHT AHEAD",,,"1",,,,,"false",,,,,,,,,,"false","false","true","OTHER",,,,,,,,,,,,,,,,,,,,,,,,,,,,,,,,,
"755224","JC463795","2019-10-07T17:42:00","2","DRIVER",,"717382",,"HONDA","CIVIC","IL","2000","UNKNOWN","PASSENGER","PERSONAL","W","STRAIGHT AHEAD","true",,"1",,"unk","unk",,"true",,,,,"true",,,,,"true","true",,"REAR-LEFT",,,,,,,,,,,,,,,,,,,,,,,,,,,,,,,,,
"755225","JC463795","2019-10-07T17:42:00","3","DRIVER",,"717396",,"TOYOTA MOTOR COMPANY, LTD.","CAMRY","IL","2002","UNKNOWN","PASSENGER","PERSONAL","NE","TURNING LEFT",,,"1",,,,,,,"true","true",,,,,,,,,,"SIDE-RIGHT",,,,,,,,,,,,,,,,,,,,,,,,,,,,,,,,,
"755315","JC463966","2019-10-07T17:40:00","1","DRIVER","1","717474",,"HYUNDAI","GENESIS","IL","2011","NONE","PASSENGER","RIDESHARE SERVICE","W","STRAIGHT AHEAD","true",,"2",,"unknown","unknown",,,,,,,,"true","true","true",,,,,"FRONT-LEFT",,,,,,,,,,,,,,,,,,,,,,,,,,,,,,,,,
"755316","JC463966","2019-10-07T17:40:00","2","DRIVER",,"717476",,"HONDA","CIVIC","IL","2018","NONE","PASSENGER","PERSONAL","N","STRAIGHT AHEAD","true",,"1",,"unknown","unknown",,"true","true",,,,,,,,"true","true","true",,"FRONT",,,,,,,,,,,,,,,,,,,,,,,,,,,,,,,,,
"755211","JC463811","2019-10-07T17:33:00","1","DRIVER",,"717416",,"UNKNOWN","UNKNOWN","IL","2019","NONE","BUS OVER 15 PASS.","CTA","S","TURNING LEFT",,,"1",,,,,,,,,"true",,,,,,,,,"REAR",,,,,,,,,,,,,,,,,,,,,,,,,,,,,,,,,
"755212","JC463811","2019-10-07T17:33:00","2","DRIVER",,"717422",,"UNKNOWN","UNKNOWN","IN","2004","NONE","BUS OVER 15 PASS.","OTHER","S","STRAIGHT AHEAD",,,"1",,,,,,,,,,,,,,,"true",,,"TOTAL (ALL AREAS)",,,,,,,,,,,,,,,,,,,,,,,,,,,,,,,,,
"755183","JC463779","2019-10-07T17:33:00","1","DRIVER",,"717335",,"NISSAN","VERSA","IL","2009","NONE","PASSENGER","PERSONAL","S","STRAIGHT AHEAD",,,"1",,,,,,,,,,,,,,,,"true",,"OTHER",,,,,,,,,,,,,,,,,,,,,,,,,,,,,,,,,
"755184","JC463779","2019-10-07T17:33:00","2","DRIVER",,"717340",,"CHEVROLET","SILVERADO","IL","2015","NONE","PASSENGER","PERSONAL","S","STRAIGHT AHEAD",,,"1",,,,,,,,,,"true",,,,,,,,"REAR-LEFT",,,,,,,,,,,,,,,,,,,,,,,,,,,,,,,,,
"755282","JC463967","2019-10-07T17:30:00","1","DRIVER",,"717439",,"LEXUS","IS250","IL","2009","NONE","PASSENGER","PERSONAL","W","CHANGING LANES",,,"1",,,,,,,,,,,,,,,"true",,,"TOTAL (ALL AREAS)",,,,,,,,,,,,,,,,,,,,,,,,,,,,,,,,,
"755283","JC463967","2019-10-07T17:30:00","2","DRIVER",,"717434",,"MITSUBISHI","LANCER","IL","2014","NONE","PASSENGER","PERSONAL","W","CHANGING LANES",,,"1",,,,,,,"true","true","true",,,,,,,,,"SIDE-RIGHT",,,,,,,,,,,,,,,,,,,,,,,,,,,,,,,,,
"755243","JC463892","2019-10-07T17:30:00","1","DRIVER",,"717395",,"HONDA","CRV","IL",,"NONE","PASSENGER","PERSONAL","W","BACKING",,,"1",,,,,,,,,,"true",,,,,,,,"REAR-LEFT",,,,,,,,,,,,,,,,,,,,,,,,,,,,,,,,,
"755244","JC463892","2019-10-07T17:30:00","2","DRIVER",,"717402",,"NISSAN","NISSAN ALTIMA",,,"NONE","PASSENGER","PERSONAL","E","SLOW/STOP IN TRAFFIC",,,"1",,,,,,,,,,,,,,,,"true",,"OTHER",,,,,,,,,,,,,,,,,,,,,,,,,,,,,,,,,
"755163","JC463734","2019-10-07T17:22:00","1","DRIVER","2","717315",,"CHEVROLET","SILVERADO",,,"UNKNOWN","PICKUP","UNKNOWN/NA","W","UNKNOWN/NA",,,"3",,,,,,,,,,,,,,,,,"true","UNKNOWN",,,,,,,,,,,,,,,,,,,,,,,,,,,,,,,,,
"755217","JC463823","2019-10-07T17:20:00","1","DRIVER",,"717372",,"TOYOTA MOTOR COMPANY, LTD.","CAMRY","IL","2013","UNKNOWN","PASSENGER","PERSONAL","N","TURNING RIGHT",,,"1",,,,,,,,,,,,,,,,"true",,"OTHER",,,,,,,,,,,,,,,,,,,,,,,,,,,,,,,,,
"755218","JC463823","2019-10-07T17:20:00","2","DRIVER",,"717376",,"HONDA","Odyssey (minivan)","IL","2016","UNKNOWN","VAN/MINI-VAN","PERSONAL","W","STRAIGHT AHEAD",,,"1",,,,,,"true","true","true",,,,,,,,,,"SIDE-RIGHT",,,,,,,,,,,,,,,,,,,,,,,,,,,,,,,,,
"755164","JC463736","2019-10-07T17:20:00","1","DRIVER",,"717316",,"CHEVROLET","CHEVROLET","IL","2018","UNKNOWN","PASSENGER","PERSONAL","W","ENTERING TRAFFIC LANE FROM PARKING",,,"1",,,,,,,,,,,,,,,"true",,,"TOTAL (ALL AREAS)",,,,,,,,,,,,,,,,,,,,,,,,,,,,,,,,,
"755165","JC463736","2019-10-07T17:20:00","2","DRIVER","1","717323",,"PORSCHE","Cayenne","IL","2018","NONE","SPORT UTILITY VEHICLE (SUV)","PERSONAL","W","STRAIGHT AHEAD",,,"2",,,,,,,"true","true",,,,,,,,,,"SIDE-RIGHT",,,,,,,,,,,,,,,,,,,,,,,,,,,,,,,,,
"755270","JC463807","2019-10-07T17:19:00","1","DRIVER",,"717437",,"NISSAN","SENTRA (DATSUN AND NISSAN HAVE MERGED)","IL","2007","UNKNOWN","UNKNOWN/NA","UNKNOWN/NA","E","STRAIGHT AHEAD",,,"1",,,,,,,,,,,,,,,,"true",,"OTHER",,,,,,,,,,,,,,,,,,,,,,,,,,,,,,,,,
"755271","JC463807","2019-10-07T17:19:00","2","DRIVER","1","717452",,"VOLKSWAGEN","PASSAT","IL","2013","UNKNOWN","PASSENGER","UNKNOWN/NA","S","STRAIGHT AHEAD",,,"2",,,,,,"true","true","true",,,,,,,,,,,,,,,,,,,,,,,,,,,,,,,,,,,,,,,,,,,
"755181","JC463721","2019-10-07T17:15:00","1","DRIVER","2","717336",,"FORD","F150","IL","1994","NONE","PICKUP","PERSONAL","W","TURNING LEFT",,,"3",,,,,"true",,,,,,,,,,,,,"FRONT",,,,,,,,,,,,,,,,,,,,,,,,,,,,,,,,,
"755182","JC463721","2019-10-07T17:15:00","2","DRIVER",,"717354",,"NEW FLYER","NEW FLYER","IL",,"NONE","BUS UP TO 15 PASS.","CTA","W","STRAIGHT AHEAD",,,"1",,,,,,,,,,,,,,,"true",,,"UNDER CARRIAGE",,,,,,,,,,,,,,,,,,,,,,,,,,,,,,,,,
"755600","JC464640","2019-10-07T17:12:00","1","DRIVER",,"717724",,"UNKNOWN","UNKNOWN",,,"UNKNOWN","UNKNOWN/NA","UNKNOWN/NA","N","STRAIGHT AHEAD",,,"1",,,,,,,"true",,,,,,"false",,,,,"SIDE-RIGHT",,,,,,,,,,,,,,,,,,,,,,,,,,,,,,,,,
"755601","JC464640","2019-10-07T17:12:00","2","DRIVER","1","717730",,"MERCEDES-BENZ","UNKNOWN","IL","2016","NONE","PASSENGER","PERSONAL","W","STRAIGHT AHEAD",,,"2",,,,,"true",,,,,,,,,,"true","true",,"OTHER",,,,,,,,,,,,,,,,,,,,,,,,,,,,,,,,,
"755146","JC463715","2019-10-07T17:10:00","1","DRIVER",,"717317",,"NEW FLYER","NEW FLYER","IL",,"UNKNOWN","BUS OVER 15 PASS.","CTA","N","STRAIGHT AHEAD",,,"1",,,,,,,,,,,,,,,,,"true","UNKNOWN",,,,,,,,,,,,,,,,,,,,,,,,,,,,,,,,,
"755147","JC463715","2019-10-07T17:10:00","2","DRIVER",,"717328",,"CHEVROLET","SILVERADO","MI","2016","NONE","PASSENGER","PERSONAL","N","STRAIGHT AHEAD",,,"1",,,,,,"true",,"true",,,,,,,,,,"SIDE-RIGHT",,,,,,,,,,,,,,,,,,,,,,,,,,,,,,,,,
"755203","JC463706","2019-10-07T17:05:00","1","DRIVER",,"717356",,"CHEVROLET","UNKNOWN",,,"UNKNOWN","PASSENGER","UNKNOWN/NA","S","STRAIGHT AHEAD",,,"1",,,,,"true",,,,,,,,,,,,,"FRONT",,,,,,,,,,,,,,,,,,,,,,,,,,,,,,,,,
"755204","JC463706","2019-10-07T17:05:00","2","DRIVER",,"717361",,"MERCEDES-BENZ","E300","IL","2012","NONE","PASSENGER","PERSONAL","S","STRAIGHT AHEAD",,,"1",,,,,,,,,"true",,,,,,,,,"REAR-RIGHT",,,,,,,,,,,,,,,,,,,,,,,,,,,,,,,,,
"755197","JC463780","2019-10-07T17:01:00","1","DRIVER",,"717353",,"CHEVROLET","Trail Blazer","IL","2005","NONE","PASSENGER","PERSONAL","S","STRAIGHT AHEAD",,,"1",,,,,,,,,,,,,,,"true",,,"TOTAL (ALL AREAS)",,,,,,,,,,,,,,,,,,,,,,,,,,,,,,,,,
"755198","JC463780","2019-10-07T17:01:00","2","DRIVER",,"717363",,"UNKNOWN","UNKNOWN","IL",,"NONE","BUS OVER 15 PASS.","CTA","S","OTHER",,,"1",,,,,,,"true","true","true",,,,,,,,,"SIDE-RIGHT",,,,,,,,,,,,,,,,,,,,,,,,,,,,,,,,,
"755296","JC463737","2019-10-07T17:00:00","1","DRIVER",,"717453",,"CHEVROLET","IMPALA","IL","2012","NONE","PASSENGER","PERSONAL","SE","STRAIGHT AHEAD",,,"1",,,,,"true","true",,,,,,,,,,,,"FRONT",,,,,,,,,,,,,,,,,,,,,,,,,,,,,,,,,
"755297","JC463737","2019-10-07T17:00:00","2","DRIVER","1","717460",,"TOYOTA MOTOR COMPANY, LTD.","COROLLA","IL","2016","NONE","PASSENGER","PERSONAL","E","STRAIGHT AHEAD",,,"2",,,,,,,,,,,,,"true","true","true",,,"ROOF",,,,,,,,,,,,,,,,,,,,,,,,,,,,,,,,,
"755195","JC463658","2019-10-07T17:00:00","1","DRIVER",,"717351",,"FORD","ESCAPE (SUV)","IL","2006","NONE","PASSENGER","PERSONAL","W","TURNING LEFT",,,"1",,,,"true",,,,,,,,,,,,,,"OTHER",,,,,,,,,,,,,,,,,,,,,,,,,,,,,,,,,
"755196","JC463658","2019-10-07T17:00:00","2","PEDESTRIAN",,,,,,,,,,,,,,,,,,,,,,,,,,,,,,,,,,,,,,,,,,,,,,,,,,,,,,,,,,,,,,,,,,
"755168","JC463726","2019-10-07T16:55:00","1","DRIVER",,"717325","false","VOLVO","VOLVO","IL",,"UNKNOWN","TRACTOR W/ SEMI-TRAILER","COMMERCIAL - MULTI-UNIT","N","TURNING RIGHT",,,"1",,,,,"false",,,,,,,,,,"true",,,"TOTAL (ALL AREAS)",,,,,,,,,,,,,,,,,,,,,,,,,,,,,,,,,
"755169","JC463726","2019-10-07T16:55:00","2","DRIVER",,"717334",,"CHEVROLET","IMPALA","IL","2016","UNKNOWN","PASSENGER","PERSONAL","S","STRAIGHT AHEAD",,,"1",,,,,,,,,,,"true",,,,,,,"SIDE-LEFT",,,,,,,,,,,,,,,,,,,,,,,,,,,,,,,,,