"crash_unit_id","rd_no","crash_date","unit_no","unit_type","num_passengers","vehicle_id","cmrc_veh_i","make","model","lic_plate_state","vehicle_year","vehicle_defect","vehicle_type","vehicle_use","travel_direction","maneuver","towed_i","fire_i","occupant_cnt","exceed_speed_limit_i","towed_by","towed_to","area_00_i","area_01_i","area_02_i","area_03_i","area_04_i","area_05_i","area_06_i","area_07_i","area_08_i","area_09_i","area_10_i","area_11_i","area_12_i","area_99_i","first_contact_point","cmv_id","usdot_no","ccmc_no","ilcc_no","commercial_src","gvwr","carrier_name","carrier_state","carrier_city","hazmat_placards_i","hazmat_name","un_no","hazmat_present_i","hazmat_report_i","hazmat_report_no","mcs_report_i","mcs_report_no","hazmat_vio_cause_crash_i","mcs_vio_cause_crash_i","idot_permit_no","wide_load_i","trailer1_width","trailer2_width","trailer1_length","trailer2_length","total_vehicle_length","axle_cnt","vehicle_config","cargo_body_type","load_type","hazmat_out_of_service_i","mcs_out_of_service_i","hazmat_class"
"755170","JC463764","2019-10-07T16:50:00","1","DRIVER",,"717326",,"UNKNOWN","UNKNOWN","IL","2003","UNKNOWN","BUS OVER 15 PASS.","COMMERCIAL - SINGLE UNIT","E","STRAIGHT AHEAD",,,"1",,,,,"true",,,,,,,,,,,,,"FRONT",,,,,,,,,,,,,,,,,,,,,,,,,,,,,,,,,
"755171","JC463764","2019-10-07T16:50:00","2","DRIVER",,"717349",,"JEEP","Grand Cherokee (for vehicle years 1989 to present)","IL","2012","NONE","PASSENGER","PERSONAL","E","STRAIGHT AHEAD",,,"1",,,,,,,,,,,"true",,,,,,,"SIDE-LEFT",,,,,,,,,,,,,,,,,,,,,,,,,,,,,,,,,
"755134","JC463708","2019-10-07T16:50:00","1","DRIVER","2","717296",,"HYUNDAI","SONATA","IL",,"UNKNOWN","UNKNOWN/NA","UNKNOWN/NA","E","UNKNOWN/NA",,,"3",,,,,,,,,,,,,,,"true",,,"UNKNOWN",,,,,,,,,,,,,,,,,,,,,,,,,,,,,,,,,
"755135","JC463708","2019-10-07T16:50:00","2","DRIVER",,"717286",,"GENERAL MOTORS CORP.","ACADIA","IL","2012","UNKNOWN","UNKNOWN/NA","UNKNOWN/NA","E","STRAIGHT AHEAD",,,"1",,,,,,"true","true","true",,,,,,,,,,"SIDE-RIGHT",,,,,,,,,,,,,,,,,,,,,,,,,,,,,,,,,
"755166","JC463654","2019-10-07T16:50:00","1","DRIVER",,"717324",,"HONDA","Odyssey (minivan)","IL","2004","NONE","VAN/MINI-VAN","PERSONAL","S","STRAIGHT AHEAD","true",,"1",,"private tow","unknown",,"false",,,,,,,,,,"false","true",,"OTHER",,,,,,,,,,,,,,,,,,,,,,,,,,,,,,,,,
"755167","JC463654","2019-10-07T16:50:00","2","DRIVER","1","717338",,"FORD","Club Wagon E350","IL","1999","NONE","VAN/MINI-VAN","OTHER","S","SLOW/STOP IN TRAFFIC",,,"2",,,,,,,,,,"true",,,,,,,,"REAR-LEFT",,,,,,,,,,,,,,,,,,,,,,,,,,,,,,,,,
"756363","JC466233","2019-10-07T16:45:00","1","DRIVER",,"718463",,"INTERNATIONAL COACH MFG.","INTERNATIONAL COACH MFG.","IL","2006","UNKNOWN","BUS OVER 15 PASS.","SCHOOL BUS","W","STRAIGHT AHEAD",,,"1",,,,,"true",,,,,,,,,,,,,"FRONT",,,,,,,,,,,,,,,,,,,,,,,,,,,,,,,,,
"756364","JC466233","2019-10-07T16:45:00","2","PARKED","1","718467",,"NISSAN","Quest","IL","2006","NONE","PASSENGER","PERSONAL","W","PARKED",,,"1",,,,,,,,,,,,"true","true","true","true",,,"ROOF",,,,,,,,,,,,,,,,,,,,,,,,,,,,,,,,,
"755189","JC463685","2019-10-07T16:45:00","1","DRIVER",,"717342",,"FORD","F250","IL","2005","UNKNOWN","PICKUP","PERSONAL","S","STRAIGHT AHEAD",,,"1",,,,,,,,,,,,,,,,"true",,"OTHER",,,,,,,,,,,,,,,,,,,,,,,,,,,,,,,,,
"755190","JC463685","2019-10-07T16:45:00","2","DRIVER","1","717347",,"PONTIAC","G6","IL","2008","UNKNOWN","PASSENGER","PERSONAL","S","TURNING LEFT",,,"2",,,,,,,,,"true","true","true",,,,,,,"UNKNOWN",,,,,,,,,,,,,,,,,,,,,,,,,,,,,,,,,
"755124","JC463659","2019-10-07T16:45:00","1","DRIVER",,"717282",,"UNKNOWN","UNKNOWN","IL",,"UNKNOWN","UNKNOWN/NA","UNKNOWN/NA","S","STRAIGHT AHEAD",,,"1",,,,,"true",,,,"false","false","false",,,,"true","true",,"REAR-LEFT",,,,,,,,,,,,,,,,,,,,,,,,,,,,,,,,,
"755125","JC463659","2019-10-07T16:45:00","2","DRIVER",,"717292",,"NISSAN","NISSAN ALTIMA","IL","2017","NONE","PASSENGER","PERSONAL","S","STRAIGHT AHEAD",,,"1",,,,,,,,,"true","true","true",,,,,,,"REAR-LEFT",,,,,,,,,,,,,,,,,,,,,,,,,,,,,,,,,
"755331","JC463676","2019-10-07T16:42:00","1","DRIVER",,"717490",,"UNKNOWN","UNKNOWN","IL","2014","NONE","MOTORCYCLE (OVER 150CC)","PERSONAL","N","SKIDDING/CONTROL LOSS","true",,"1",,"TRUCK 8189","10300 S DOTY RD",,,,,,,,,,,,,,,"UNKNOWN",,,,,,,,,,,,,,,,,,,,,,,,,,,,,,,,,
"755690","JC464816","2019-10-07T16:34:00","1","DRIVER","1","717807",,"JEEP","PATRIOT","IL","2008","UNKNOWN","SPORT UTILITY VEHICLE (SUV)","UNKNOWN/NA","W","PASSING/OVERTAKING",,,"2",,,,,,,,,,,,,,,"true",,,"TOTAL (ALL AREAS)",,,,,,,,,,,,,,,,,,,,,,,,,,,,,,,,,
"755691","JC464816","2019-10-07T16:34:00","2","DRIVER",,"717809",,"TOYOTA MOTOR COMPANY, LTD.","RAV4 (sport utility)","IL","2015","UNKNOWN","SPORT UTILITY VEHICLE (SUV)","PERSONAL","S","SLOW/STOP IN TRAFFIC",,,"1",,,,,,,,,"true",,,,,,,,,"REAR",,,,,,,,,,,,,,,,,,,,,,,,,,,,,,,,,
"755152","JC463639","2019-10-07T16:33:00","1","DRIVER",,"717310",,"FORD","ESCAPE (SUV)","IL","2015","UNKNOWN","PASSENGER","PERSONAL","S","TURNING LEFT",,,"1",,,,,"true",,,,,,,,,,"false",,,"FRONT",,,,,,,,,,,,,,,,,,,,,,,,,,,,,,,,,
"755153","JC463639","2019-10-07T16:33:00","2","DRIVER","2","717321",,"TOYOTA MOTOR COMPANY, LTD.","CAMRY","IL","2009","UNKNOWN","PASSENGER","PERSONAL","N","STRAIGHT AHEAD",,,"3",,,,,,,,,,,,,,,"true",,,"TOTAL (ALL AREAS)",,,,,,,,,,,,,,,,,,,,,,,,,,,,,,,,,
"755610","JC464483","2019-10-07T16:30:00","1","DRIVER",,"717738",,"UNKNOWN","UNKNOWN",,,"UNKNOWN","PASSENGER","PERSONAL","S","STRAIGHT AHEAD",,,"1",,,,,,,,,,,,,,,,"true",,"OTHER",,,,,,,,,,,,,,,,,,,,,,,,,,,,,,,,,
"755607","JC464483","2019-10-07T16:30:00","2","DRIVER",,"717742",,"KIA MOTORS CORP","Sportage (sport utility)","IL","2015","NONE","PASSENGER","PERSONAL","S","STRAIGHT AHEAD",,,"1",,,,,,,,,,"true",,,,,,,,"REAR-LEFT",,,,,,,,,,,,,,,,,,,,,,,,,,,,,,,,,
"755199","JC463773","2019-10-07T16:30:00","1","DRIVER",,"717350",,"TOYOTA MOTOR COMPANY, LTD.","RAV4 (sport utility)","IL","2012","UNKNOWN","PASSENGER","PERSONAL","W","STRAIGHT AHEAD",,,"1",,,,,"true",,,,,,,,,,,,,"FRONT",,,,,,,,,,,,,,,,,,,,,,,,,,,,,,,,,
"755200","JC463773","2019-10-07T16:30:00","2","DRIVER",,"717355",,"JAGUAR","S-Type","IL","2002","NONE","PASSENGER","PERSONAL","W","STRAIGHT AHEAD",,,"1",,,,,,,,,,"true",,,,,,,,"SIDE-LEFT",,,,,,,,,,,,,,,,,,,,,,,,,,,,,,,,,
"755187","JC463669","2019-10-07T16:30:00","1","DRIVER",,"717345",,"HONDA","ACCORD","IL","2004","UNKNOWN","PASSENGER","PERSONAL","W","TURNING LEFT",,,"1",,,,,,,,,,,,,"true","true","true","true",,"TOTAL (ALL AREAS)",,,,,,,,,,,,,,,,,,,,,,,,,,,,,,,,,
"755188","JC463669","2019-10-07T16:30:00","2","DRIVER",,"717359",,"SUBARU","FORESTER","IL","2004","NONE","SPORT UTILITY VEHICLE (SUV)","PERSONAL","N","STRAIGHT AHEAD",,,"1",,,,,"true","true",,,,,,,,,,"true",,"FRONT",,,,,,,,,,,,,,,,,,,,,,,,,,,,,,,,,
"755099","JC463662","2019-10-07T16:30:00","1","DRIVER",,"717252",,"CHEVROLET","ASTRO","IL","1997","NONE","VAN/MINI-VAN","PERSONAL","NE","TURNING RIGHT",,,"1",,,,,,,"true","true",,,,,,,,,,"SIDE-RIGHT",,,,,,,,,,,,,,,,,,,,,,,,,,,,,,,,,
"755100","JC463662","2019-10-07T16:30:00","2","DRIVER",,"717260",,"CHEVROLET","BLAZER","IL","2001","NONE","SPORT UTILITY VEHICLE (SUV)","PERSONAL","NE","TURNING RIGHT",,,"2",,,,,,,,,,,,,,,"true",,,"TOTAL (ALL AREAS)",,,,,,,,,,,,,,,,,,,,,,,,,,,,,,,,,
"755155","JC463634","2019-10-07T16:30:00","1","DRIVER",,"717398",,"HYUNDAI","SONATA","TN","2019","NONE","PASSENGER","PERSONAL","E","STRAIGHT AHEAD","true",,"3",,"e&r towing","10300 s doty",,,,,,,,"true","true","true","true","true",,,"ROOF",,,,,,,,,,,,,,,,,,,,,,,,,,,,,,,,,
"755126","JC463634","2019-10-07T16:30:00","2","DRIVER",,"717289",,"INFINITI","G35","IL","2006","UNKNOWN","PASSENGER","PERSONAL","S","TURNING RIGHT","true",,"1",,"bottom line towing","owners residence",,"true",,,,,,,,,,"true","true",,"OTHER",,,,,,,,,,,,,,,,,,,,,,,,,,,,,,,,,
"755097","JC463633","2019-10-07T16:30:00","1","DRIVER",,"717261",,"TESLA MOTORS","ROADSTER",,,"UNKNOWN","UNKNOWN/NA","UNKNOWN/NA","S","STRAIGHT AHEAD",,,"1",,,,,,,,,,,,,,,,,"true","UNKNOWN",,,,,,,,,,,,,,,,,,,,,,,,,,,,,,,,,
"755098","JC463633","2019-10-07T16:30:00","2","DRIVER",,"717256",,"FORD","ESCAPE (SUV)","IL","2011","NONE","PASSENGER","TAXI/FOR HIRE","S","CHANGING LANES",,,"1",,,,,,,"true",,,,,,,,,,,"SIDE-RIGHT",,,,,,,,,,,,,,,,,,,,,,,,,,,,,,,,,
"755130","JC463617","2019-10-07T16:30:00","1","DRIVER","1","717290",,"TOYOTA MOTOR COMPANY, LTD.","CAMRY","IL","2017","NONE","PASSENGER","RIDESHARE SERVICE","E","STRAIGHT AHEAD",,,"2",,,,,,,,,,,,,,,"false","true",,"OTHER",,,,,,,,,,,,,,,,,,,,,,,,,,,,,,,,,
"755131","JC463617","2019-10-07T16:30:00","2","DRIVER",,"717307",,"CHEVROLET","TRAVERSE","IL","2016","NONE","SPORT UTILITY VEHICLE (SUV)","PERSONAL","E","STRAIGHT AHEAD",,,"1",,,,,,"true","true","true",,,,,,,,,,"SIDE-RIGHT",,,,,,,,,,,,,,,,,,,,,,,,,,,,,,,,,
"755105","JC463611","2019-10-07T16:30:00","1","DRIVER",,"717262",,"TOYOTA MOTOR COMPANY, LTD.","Prius","IL","2008","UNKNOWN","PASSENGER","PERSONAL","N","STRAIGHT AHEAD",,,"1",,,,,"true","true","true",,,,,,,,"false","true",,"FRONT",,,,,,,,,,,,,,,,,,,,,,,,,,,,,,,,,
"755106","JC463611","2019-10-07T16:30:00","2","DRIVER",,"717275",,"FORD","FIESTA","IL","2011","NONE","PASSENGER","PERSONAL","W","STRAIGHT AHEAD","true",,"1",,"PRIVATE",,,,,,,,,,,"true","true","true","true",,"TOTAL (ALL AREAS)",,,,,,,,,,,,,,,,,,,,,,,,,,,,,,,,,
"755107","JC463611","2019-10-07T16:30:00","3","DRIVER",,"717281",,"MITSUBISHI","UNKNOWN","IL","2002","NONE","PASSENGER","PERSONAL","S","STRAIGHT AHEAD",,,"1",,,,,,,,,,,,,,,"true","true",,"TOTAL (ALL AREAS)",,,,,,,,,,,,,,,,,,,,,,,,,,,,,,,,,
"755118","JC463661","2019-10-07T16:25:00","1","DRIVER",,"717272",,"HYUNDAI","UNKNOWN","IL",,"UNKNOWN","PASSENGER","PERSONAL","SE","CHANGING LANES",,,"1",,,,,,,,,,,,,,,"true",,,"TOTAL (ALL AREAS)",,,,,,,,,,,,,,,,,,,,,,,,,,,,,,,,,
"755119","JC463661","2019-10-07T16:25:00","2","DRIVER",,"717294",,"FORD","UNKNOWN","IL","2006","NONE","VAN/MINI-VAN","COMMERCIAL - SINGLE UNIT","SE","TURNING LEFT",,,"1",,,,,"true",,,,,,,,,,,,,"FRONT",,,,,,,,,,,,,,,,,,,,,,,,,,,,,,,,,
"755302","JC463968","2019-10-07T16:20:00","1","DRIVER",,"717459",,"TOYOTA MOTOR COMPANY, LTD.","UNKNOWN","IL","2013","UNKNOWN","SPORT UTILITY VEHICLE (SUV)","UNKNOWN/NA","UNKNOWN","UNKNOWN/NA",,,"1",,,,,,,,,,,,,,,,,"true","UNKNOWN",,,,,,,,,,,,,,,,,,,,,,,,,,,,,,,,,
"755303","JC463968","2019-10-07T16:20:00","2","DRIVER",,"717465",,"HYUNDAI","ELANTRA","IL","2010","NONE","PASSENGER","PERSONAL","S","TURNING LEFT",,,"1",,,,,,"true","true","true",,,,,,,,,,"SIDE-RIGHT",,,,,,,,,,,,,,,,,,,,,,,,,,,,,,,,,
"755136","JC463675","2019-10-07T16:20:00","1","DRIVER",,"717288",,"DODGE","CARAVAN","IL",,"UNKNOWN","VAN/MINI-VAN","PERSONAL","E","STRAIGHT AHEAD",,,"1",,,,,,,,,,,,,,,,"true",,"OTHER",,,,,,,,,,,,,,,,,,,,,,,,,,,,,,,,,
"755137","JC463675","2019-10-07T16:20:00","2","DRIVER",,"717302",,"HONDA","CIVIC","IL","2008","UNKNOWN","PASSENGER","PERSONAL","E","SLOW/STOP IN TRAFFIC",,,"1",,,,,,,,,,"true",,,,,,,,"REAR-LEFT",,,,,,,,,,,,,,,,,,,,,,,,,,,,,,,,,
"755228","JC463630","2019-10-07T16:20:00","1","DRIVER",,"717391",,"FORD","TAURUS","IL","2008","NONE","PASSENGER","PERSONAL","W","PASSING/OVERTAKING",,,"1",,,,,,,,,,,,,,,"true",,,"TOTAL (ALL AREAS)",,,,,,,,,,,,,,,,,,,,,,,,,,,,,,,,,
"755229","JC463630","2019-10-07T16:20:00","2","PEDESTRIAN",,,,,,,,,,,,,,,,,,,,,,,,,,,,,,,,,,,,,,,,,,,,,,,,,,,,,,,,,,,,,,,,,,
"755103","JC463592","2019-10-07T16:18:00","1","DRIVER",,"717264",,"DODGE","CARAVAN","IL",,"NONE","PASSENGER","PERSONAL","N","STRAIGHT AHEAD",,,"1",,,,,"true",,,,,,,,,,"true","true","true","OTHER",,,,,,,,,,,,,,,,,,,,,,,,,,,,,,,,,
"755104","JC463592","2019-10-07T16:18:00","2","DRIVER","1","717270",,"CHEVROLET","VENTURE","IL","2004","UNKNOWN","PASSENGER","PERSONAL","N","STRAIGHT AHEAD",,,"2",,,,,,,,,"true","true","true",,,,,,"true","REAR-LEFT",,,,,,,,,,,,,,,,,,,,,,,,,,,,,,,,,
"756264","JC466080","2019-10-07T16:15:00","1","DRIVER",,"718363",,"FORD","Focus","IL","2012","NONE","PASSENGER","PERSONAL","N","STRAIGHT AHEAD",,,"1",,,,,,,,,"true","true","true",,,,"true","true",,"TOTAL (ALL AREAS)",,,,,,,,,,,,,,,,,,,,,,,,,,,,,,,,,
"756265","JC466080","2019-10-07T16:15:00","2","DRIVER",,"718365",,"UNKNOWN","UNKNOWN",,,"NONE","PASSENGER","UNKNOWN/NA","N","UNKNOWN/NA",,,"1",,,,,,,,,,"true","true",,,,"false",,,"REAR-LEFT",,,,,,,,,,,,,,,,,,,,,,,,,,,,,,,,,
"755116","JC463691","2019-10-07T16:15:00","1","DRIVER",,"717276",,"NISSAN","NISSAN ALTIMA","NJ",,"NONE","PASSENGER","PERSONAL","N","STRAIGHT AHEAD",,,"1",,,,,,,,,,,,,,,,"true",,"OTHER",,,,,,,,,,,,,,,,,,,,,,,,,,,,,,,,,
"755117","JC463691","2019-10-07T16:15:00","2","DRIVER",,"717279",,"FORD","MUSTANG","IL",,"NONE","PASSENGER","PERSONAL","N","SLOW/STOP IN TRAFFIC",,,"1",,,,,,,,,,"true",,,,,,,,"REAR-LEFT",,,,,,,,,,,,,,,,,,,,,,,,,,,,,,,,,
"755150","JC463649","2019-10-07T16:15:00","1","DRIVER",,"717300",,"FORD","ECONOLINE E250",,,"NONE","PICKUP","OTHER","W","AVOIDING VEHICLES/OBJECTS",,,"1",,,,,"true",,,,,,,,,,,,,"TOTAL (ALL AREAS)",,,,,,,,,,,,,,,,,,,,,,,,,,,,,,,,,
"755151","JC463649","2019-10-07T16:15:00","2","DRIVER",,"717301",,"FORD","Focus","IL",,"NONE","PASSENGER","UNKNOWN/NA","W","STRAIGHT AHEAD",,,"1",,,,,,,,,,,,,,"true","true",,,"TOTAL (ALL AREAS)",,,,,,,,,,,,,,,,,,,,,,,,,,,,,,,,,
"755060","JC463600","2019-10-07T16:15:00","1","DRIVER","1","717235",,"PONTIAC","G6","IL",,"UNKNOWN","UNKNOWN/NA","UNKNOWN/NA","UNKNOWN","UNKNOWN/NA",,,"2",,,,,,,,,,,,,"true","true",,,,"ROOF",,,,,,,,,,,,,,,,,,,,,,,,,,,,,,,,,
"755061","JC463600","2019-10-07T16:15:00","2","DRIVER",,"717229",,"FORD","EDGE","IL","2014","UNKNOWN","UNKNOWN/NA","UNKNOWN/NA","W","SLOW/STOP IN TRAFFIC",,,"1",,,,,"true","true",,,,,,,,,,,,"FRONT",,,,,,,,,,,,,,,,,,,,,,,,,,,,,,,,,
"755085","JC463603","2019-10-07T16:12:00","1","DRIVER","1","717246",,"CHEVROLET","CRUZE","IL","2011","NONE","PASSENGER","PERSONAL","S","TURNING LEFT",,,"2",,,,,"true",,,,,,,,,,"true","true",,"TOTAL (ALL AREAS)",,,,,,,,,,,,,,,,,,,,,,,,,,,,,,,,,
"755086","JC463603","2019-10-07T16:12:00","2","DRIVER","1","717254",,"FORD","F150","IL","2010","NONE","PICKUP","PERSONAL","W","STRAIGHT AHEAD",,,"2",,,,,,,"true","true",,,,,,,,,,"SIDE-RIGHT",,,,,,,,,,,,,,,,,,,,,,,,,,,,,,,,,
"757107","JC467536","2019-10-07T16:10:00","1","DRIVER",,"719156",,"JEEP","CHEROKEE","IL","2017","UNKNOWN","UNKNOWN/NA","UNKNOWN/NA","E","STRAIGHT AHEAD",,,"1",,,,,,,,,,,,,,,,"true",,"OTHER",,,,,,,,,,,,,,,,,,,,,,,,,,,,,,,,,
"757108","JC467536","2019-10-07T16:10:00","2","DRIVER","1","719160",,"MAZDA","UNKNOWN",,"2018","NONE","PASSENGER","PERSONAL","W","TURNING LEFT",,,"2",,,,,,,"true","true","true",,,,,,,,,"SIDE-RIGHT",,,,,,,,,,,,,,,,,,,,,,,,,,,,,,,,,
"755160","JC463664","2019-10-07T16:10:00","1","PARKED","1","717318",,"CHEVROLET","Express (full-size van)","IL","2009","UNKNOWN","VAN/MINI-VAN","PERSONAL","S","PARKED",,,"1",,,,,,,"true",,,,,,,,,,,,,,,,,,,,,,,,,,,,,,,,,,,,,,,,,,,,
"755161","JC463664","2019-10-07T16:10:00","2","DRIVER",,"717331",,"CHEVROLET","IMPALA","IL","2011","OTHER","PASSENGER","PERSONAL","S","STRAIGHT AHEAD",,,"1",,,,,,,,,,,,,,,"true",,,"TOTAL (ALL AREAS)",,,,,,,,,,,,,,,,,,,,,,,,,,,,,,,,,
"755484","JC464429","2019-10-07T16:00:00","1","DRIVER",,"717633",,"CHEVROLET","TRAVERSE","IL","2006","UNKNOWN","SPORT UTILITY VEHICLE (SUV)","UNKNOWN/NA","N","CHANGING LANES",,,"1",,,,,,,,,,,,,,,,,"true","SIDE-RIGHT",,,,,,,,,,,,,,,,,,,,,,,,,,,,,,,,,
"755485","JC464429","2019-10-07T16:00:00","2","DRIVER",,"717638",,"FORD","ECONOLINE E250","IL","2011","NONE","VAN/MINI-VAN","OTHER","N","STRAIGHT AHEAD",,,"1",,,,,,,,,,,,,"true","true",,,,"ROOF",,,,,,,,,,,,,,,,,,,,,,,,,,,,,,,,,
"755112","JC463668","2019-10-07T16:00:00","1","DRIVER",,"717266",,"BUICK","CENTURY","IL","2003","NONE","PASSENGER","PERSONAL","W","ENTERING TRAFFIC LANE FROM PARKING",,,"1",,,,,,,,,,,,,,,"true",,,"TOTAL (ALL AREAS)",,,,,,,,,,,,,,,,,,,,,,,,,,,,,,,,,
"755113","JC463668","2019-10-07T16:00:00","2","DRIVER","1","717277",,"DODGE","DURANGO","IL","2011","NONE","SPORT UTILITY VEHICLE (SUV)","PERSONAL","W","STRAIGHT AHEAD",,,"2",,,,,,"true","true","true",,,,,,,,,,"SIDE-RIGHT",,,,,,,,,,,,,,,,,,,,,,,,,,,,,,,,,
"755076","JC463621","2019-10-07T15:55:00","1","DRIVER",,"717234",,"HONDA","Odyssey (minivan)","IL","1999","UNKNOWN","UNKNOWN/NA","UNKNOWN/NA","W","UNKNOWN/NA",,,"1",,,,,,,,,,,,,,,,,"true","UNKNOWN",,,,,,,,,,,,,,,,,,,,,,,,,,,,,,,,,
"755077","JC463621","2019-10-07T15:55:00","2","PEDESTRIAN",,,,,,,,,,,,,,,,,,,,,,,,,,,,,,,,,,,,,,,,,,,,,,,,,,,,,,,,,,,,,,,,,,
"755114","JC463598","2019-10-07T15:53:00","1","DRIVER","1","717274",,"CHEVROLET","ASTRO","IL","1998","UNKNOWN","VAN/MINI-VAN","PERSONAL","W","TURNING LEFT","true",,"2",,"MEGATRON TOWING","UNK",,"true","true",,,,,,,,,,"true",,"FRONT",,,,,,,,,,,,,,,,,,,,,,,,,,,,,,,,,
"755115","JC463598","2019-10-07T15:53:00","2","DRIVER",,"717285",,"FORD","EXPEDITION","IL","1998","UNKNOWN","PICKUP","PERSONAL","E","STRAIGHT AHEAD",,,"1",,,,,"true",,,,,,,,,,,,,"FRONT",,,,,,,,,,,,,,,,,,,,,,,,,,,,,,,,,
"755093","JC463579","2019-10-07T15:52:00","1","DRIVER",,"717462","false","NEW FLYER","NEW FLYER","IL","2006","UNKNOWN","BUS OVER 15 PASS.","CTA","N","STRAIGHT AHEAD",,,"1",,,,,,,,,,,,,,,"true",,,"TOTAL (ALL AREAS)",,,,,,,,,,,,,,,,,,,,,,,,,,,,,,,,,
"755094","JC463579","2019-10-07T15:52:00","2","DRIVER",,"717257",,"CHEVROLET","TRAVERSE","IL","2017","UNKNOWN","PASSENGER","PERSONAL","N","STRAIGHT AHEAD",,,"1",,,,,"true",,,,,,,,,,,,,"FRONT",,,,,,,,,,,,,,,,,,,,,,,,,,,,,,,,,
"755178","JC463551","2019-10-07T15:49:00","1","DRIVER",,"717330",,"DODGE","RAM 2500 PU","IL","2014","NONE","PICKUP","PERSONAL","W","TURNING LEFT",,,"1",,,,,"true",,,,,,,,,,,"true",,"FRONT",,,,,,,,,,,,,,,,,,,,,,,,,,,,,,,,,
"755179","JC463551","2019-10-07T15:49:00","2","DRIVER",,"717333",,"FORD","Explorer","IL","2015","NONE","SPORT UTILITY VEHICLE (SUV)","PERSONAL","W","STRAIGHT AHEAD","true",,"1",,,,,"true",,,,"true",,"true","true",,,,,,"FRONT-LEFT",,,,,,,,,,,,,,,,,,,,,,,,,,,,,,,,,
"755180","JC463593","2019-10-07T15:48:00","1","DRIVER",,"717320",,"CHRYSLER","300","IL",,"UNKNOWN","UNKNOWN/NA","UNKNOWN/NA","UNKNOWN","UNKNOWN/NA",,,"1",,,,,,,,,,,,,,,,,"true","UNKNOWN",,,,,,,,,,,,,,,,,,,,,,,,,,,,,,,,,
"755154","JC463593","2019-10-07T15:48:00","2","DRIVER","1","717308",,"PONTIAC","Vibe (sport wagon)","IL",,"NONE","PASSENGER","PERSONAL","S","STRAIGHT AHEAD",,,"2",,,,,,,,,,,,,,,,,"true","UNKNOWN",,,,,,,,,,,,,,,,,,,,,,,,,,,,,,,,,
"756578","JC466575","2019-10-07T15:45:00","1","DRIVER",,"718669",,"UNKNOWN","UNKNOWN",,,"UNKNOWN","UNKNOWN/NA","UNKNOWN/NA","S","UNKNOWN/NA",,,"1",,,,,,,,,,,,,,,,,"true","UNKNOWN",,,,,,,,,,,,,,,,,,,,,,,,,,,,,,,,,
"756579","JC466575","2019-10-07T15:45:00","2","DRIVER",,"718657",,"HYUNDAI","SONATA","IL","2006","NONE","PASSENGER","PERSONAL","S","STRAIGHT AHEAD",,,"1",,,,,,,,,"false","true","false",,,,,,,"REAR-LEFT",,,,,,,,,,,,,,,,,,,,,,,,,,,,,,,,,
"755095","JC463581","2019-10-07T15:45:00","1","DRIVER",,"717267",,"VOLKSWAGEN","UNKNOWN","IL","2012","UNKNOWN","PASSENGER","PERSONAL","W","STRAIGHT AHEAD",,,"1",,,,,,,,,,,,,,"false","true","true",,"TOTAL (ALL AREAS)",,,,,,,,,,,,,,,,,,,,,,,,,,,,,,,,,
"755096","JC463581","2019-10-07T15:45:00","2","DRIVER","2","717299",,"INFINITI","G35","WI","2005","UNKNOWN","PASSENGER","PERSONAL","W","STRAIGHT AHEAD",,,"3",,,,,,,,,,,"true",,,,,,,"SIDE-LEFT",,,,,,,,,,,,,,,,,,,,,,,,,,,,,,,,,
"755554","JC464439","2019-10-07T15:40:00","1","DRIVER",,"717732",,"HYUNDAI","UNKNOWN","IL","2015","UNKNOWN","PASSENGER","UNKNOWN/NA","S","STRAIGHT AHEAD",,,"1",,,,,,,,,,,,,,,,,"true","UNKNOWN",,,,,,,,,,,,,,,,,,,,,,,,,,,,,,,,,
"755555","JC464439","2019-10-07T15:40:00","2","DRIVER",,"717710",,"DODGE","DART","IL","2014","UNKNOWN","PASSENGER","PERSONAL","NW","TURNING LEFT",,,"1",,,,,,,,"true","true",,,,,,,,,"REAR-RIGHT",,,,,,,,,,,,,,,,,,,,,,,,,,,,,,,,,
"755128","JC463687","2019-10-07T15:40:00","1","DRIVER",,"717287",,"VOLKSWAGEN","BEETLE (SUPER BEETLE OR BUG)","IL","2016","UNKNOWN","PASSENGER","UNKNOWN/NA","NW","BACKING",,,"1",,,,,,,,,,"true",,,,,,,,"REAR-LEFT",,,,,,,,,,,,,,,,,,,,,,,,,,,,,,,,,
"755129","JC463687","2019-10-07T15:40:00","2","DRIVER",,"717306",,"MAZDA","Tribute","IL","2017","NONE","SPORT UTILITY VEHICLE (SUV)","PERSONAL","SE","SLOW/STOP IN TRAFFIC",,,"1",,,,,,,,,,,,,,,,"true",,"OTHER",,,,,,,,,,,,,,,,,,,,,,,,,,,,,,,,,
"755140","JC463643","2019-10-07T15:40:00","1","DRIVER","1","717341",,"KIA MOTORS CORP","Optima","IL","2018","UNKNOWN","PASSENGER","PERSONAL","S","STRAIGHT AHEAD",,,"2",,,,,,,,,,,,,,,"true",,,"TOTAL (ALL AREAS)",,,,,,,,,,,,,,,,,,,,,,,,,,,,,,,,,