"crash_unit_id","rd_no","crash_date","unit_no","unit_type","num_passengers","vehicle_id","cmrc_veh_i","make","model","lic_plate_state","vehicle_year","vehicle_defect","vehicle_type","vehicle_use","travel_direction","maneuver","towed_i","fire_i","occupant_cnt","exceed_speed_limit_i","towed_by","towed_to","area_00_i","area_01_i","area_02_i","area_03_i","area_04_i","area_05_i","area_06_i","area_07_i","area_08_i","area_09_i","area_10_i","area_11_i","area_12_i","area_99_i","first_contact_point","cmv_id","usdot_no","ccmc_no","ilcc_no","commercial_src","gvwr","carrier_name","carrier_state","carrier_city","hazmat_placards_i","hazmat_name","un_no","hazmat_present_i","hazmat_report_i","hazmat_report_no","mcs_report_i","mcs_report_no","hazmat_vio_cause_crash_i","mcs_vio_cause_crash_i","idot_permit_no","wide_load_i","trailer1_width","trailer2_width","trailer1_length","trailer2_length","total_vehicle_length","axle_cnt","vehicle_config","cargo_body_type","load_type","hazmat_out_of_service_i","mcs_out_of_service_i","hazmat_class"
"755141","JC463643","2019-10-07T15:40:00","2","DRIVER",,"717362",,"HYUNDAI","ELANTRA","IL","2017","UNKNOWN","PASSENGER","UNKNOWN/NA","S","STRAIGHT AHEAD",,,"1",,,,,"true","true","true","true",,,,,,,,,,"SIDE-RIGHT",,,,,,,,,,,,,,,,,,,,,,,,,,,,,,,,,
"755068","JC463567","2019-10-07T15:40:00","1","DRIVER",,"717226",,"UNKNOWN","UNKNOWN",,,"UNKNOWN","UNKNOWN/NA","UNKNOWN/NA","UNKNOWN","UNKNOWN/NA",,,"1",,,,,"true",,,,,,,,,,,,,"FRONT",,,,,,,,,,,,,,,,,,,,,,,,,,,,,,,,,
"755069","JC463567","2019-10-07T15:40:00","2","PARKED",,"717228",,"HYUNDAI","SONATA","IL","2009","NONE","UNKNOWN/NA","PERSONAL","UNKNOWN","PARKED","true",,"0",,"private tow","private tow",,,,,,,,,,,,"true",,,"TOTAL (ALL AREAS)",,,,,,,,,,,,,,,,,,,,,,,,,,,,,,,,,
"755602","JC464629","2019-10-07T15:35:00","1","DRIVER",,"717726",,"UNKNOWN","MOTORIZED",,,"UNKNOWN","OTHER","TOW TRUCK","N","STRAIGHT AHEAD",,,"1",,,,,,,,,,,,,,,,,"true","ROOF",,,,,,,,,,,,,,,,,,,,,,,,,,,,,,,,,
"755614","JC464629","2019-10-07T15:35:00","2","PARKED",,"717740",,"CHEVROLET","UNKNOWN","IL",,"NONE","PICKUP","NOT IN USE","S","PARKED",,,"0",,,,,,,,,,,"true",,"true","true","true",,,"ROOF",,,,,,,,,,,,,,,,,,,,,,,,,,,,,,,,,
"755144","JC463709","2019-10-07T15:33:00","1","DRIVER",,"717314",,"KIA MOTORS CORP","UNKNOWN","IL","2016","NONE","SPORT UTILITY VEHICLE (SUV)","PERSONAL","NE","U-TURN",,,"1",,,,,,,,,,,"true","true",,,,,,"FRONT-LEFT",,,,,,,,,,,,,,,,,,,,,,,,,,,,,,,,,
"755145","JC463709","2019-10-07T15:33:00","2","DRIVER",,"717329",,"FORD","Explorer",,"2020","NONE","SPORT UTILITY VEHICLE (SUV)","PERSONAL","E","SLOW/STOP IN TRAFFIC",,,"1",,,,,,,,,,,,,,,,"true",,"OTHER",,,,,,,,,,,,,,,,,,,,,,,,,,,,,,,,,
"755048","JC463558","2019-10-07T15:33:00","1","DRIVER","1","717215",,"HONDA","CIVIC","IL","2003","UNKNOWN","PASSENGER","PERSONAL","N","TURNING RIGHT",,,"2",,,,,,,,,,,"true",,,,,,,"FRONT-LEFT",,,,,,,,,,,,,,,,,,,,,,,,,,,,,,,,,
"755049","JC463558","2019-10-07T15:33:00","2","DRIVER","1","717233","false","FORD","Explorer","IL","2018","NONE","PASSENGER","POLICE","S","STRAIGHT AHEAD",,,"2",,,,,"true",,,,,,,,,,,,,"FRONT",,,,,,,,,,,,,,,,,,,,,,,,,,,,,,,,,
"755336","JC464113","2019-10-07T15:30:00","1","DRIVER",,"717494",,"GENERAL MOTORS CORP.","ACADIA","IL","2012","NONE","SPORT UTILITY VEHICLE (SUV)","PERSONAL","E","TURNING RIGHT",,,"1",,,,,,,"true",,,,,,,,,,,"REAR-RIGHT",,,,,,,,,,,,,,,,,,,,,,,,,,,,,,,,,
"755337","JC464113","2019-10-07T15:30:00","2","DRIVER","2","717495",,"HYUNDAI","SONATA","IL","2015","NONE","PASSENGER","PERSONAL","E","STRAIGHT AHEAD",,,"3",,,,,,,,,,,,,,,"true",,,"TOTAL (ALL AREAS)",,,,,,,,,,,,,,,,,,,,,,,,,,,,,,,,,
"755280","JC463949","2019-10-07T15:30:00","1","DRIVER",,"717435",,"UNKNOWN","UNKNOWN",,,"UNKNOWN","UNKNOWN/NA","UNKNOWN/NA","UNKNOWN","UNKNOWN/NA",,,"1",,,,,,,,,,,,,,,,,"true","UNKNOWN",,,,,,,,,,,,,,,,,,,,,,,,,,,,,,,,,
"755281","JC463949","2019-10-07T15:30:00","2","PARKED",,"717432",,"NISSAN","SENTRA (DATSUN AND NISSAN HAVE MERGED)","IL","2015","NONE","PASSENGER","PERSONAL","E","PARKED",,,"0",,,,,,,,,,,"true",,,,,,,"SIDE-LEFT",,,,,,,,,,,,,,,,,,,,,,,,,,,,,,,,,
"755257","JC463912","2019-10-07T15:30:00","1","DRIVER",,"717413",,"DODGE","UNKNOWN","IL","2018","NONE","BUS UP TO 15 PASS.","COMMERCIAL - SINGLE UNIT","W","STRAIGHT AHEAD",,,"1",,,,,,"true",,,,,,,,,,,,"SIDE-RIGHT",,,,,,,,,,,,,,,,,,,,,,,,,,,,,,,,,
"755258","JC463912","2019-10-07T15:30:00","2","PARKED",,"717406",,"UNKNOWN","UNKNOWN",,,"UNKNOWN","UNKNOWN/NA","UNKNOWN/NA","W","PARKED",,,"0",,,,,,,,,,,,,,,,,"true","UNKNOWN",,,,,,,,,,,,,,,,,,,,,,,,,,,,,,,,,
"755046","JC463573","2019-10-07T15:30:00","1","DRIVER","1","717207",,"HINO","HINO","IL","2007","UNKNOWN","SINGLE UNIT TRUCK WITH TRAILER","TOW TRUCK","E","STRAIGHT AHEAD",,,"2",,,,,,,,,,,,,,,,"true",,"OTHER",,,,,,,,,,,,,,,,,,,,,,,,,,,,,,,,,
"755047","JC463573","2019-10-07T15:30:00","2","DRIVER",,"717211",,"FORD","EXPLORER","IL","2014","UNKNOWN","SPORT UTILITY VEHICLE (SUV)","PERSONAL","E","TURNING LEFT",,,"1",,,,,,,,,,"true",,,,,,,,"REAR-LEFT",,,,,,,,,,,,,,,,,,,,,,,,,,,,,,,,,
"755073","JC463565","2019-10-07T15:29:00","1","DRIVER",,"717239",,"NISSAN","SENTRA (DATSUN AND NISSAN HAVE MERGED)","IL","2013","NONE","PASSENGER","PERSONAL","W","TURNING LEFT",,,"1",,,,,,,,,,,,,,"true","true","true",,"TOTAL (ALL AREAS)",,,,,,,,,,,,,,,,,,,,,,,,,,,,,,,,,
"755074","JC463565","2019-10-07T15:29:00","2","DRIVER",,"717250",,"HONDA","CIVIC","IL","2013","NONE","PASSENGER","PERSONAL","NW","TURNING LEFT",,,"1",,,,,,,,"true","true",,,,,,"true",,,"REAR-RIGHT",,,,,,,,,,,,,,,,,,,,,,,,,,,,,,,,,
"755075","JC463565","2019-10-07T15:29:00","3","DRIVER",,"717268",,"HONDA","Pilot","IL","2009","NONE","PASSENGER","PERSONAL","NW","TURNING LEFT",,,"1",,,,,"true","true","true",,,,,,,,,,,"SIDE-RIGHT",,,,,,,,,,,,,,,,,,,,,,,,,,,,,,,,,
"755042","JC463514","2019-10-07T15:27:00","1","DRIVER",,"717209",,"TOYOTA MOTOR COMPANY, LTD.","Highlander(beginning vehicle year 2001)","IN","2018","NONE","SPORT UTILITY VEHICLE (SUV)","PERSONAL","W","ENTERING TRAFFIC LANE FROM PARKING","true",,"1",,"PRIVATE TOW","UNKNOWN",,"true",,,,,,,,,,"true","true",,"TOTAL (ALL AREAS)",,,,,,,,,,,,,,,,,,,,,,,,,,,,,,,,,
"755043","JC463514","2019-10-07T15:27:00","2","DRIVER",,"717214",,"CHEVROLET","VOLT","IL","2019","NONE","PASSENGER","PERSONAL","W","STRAIGHT AHEAD",,,"1",,,,,"true",,,,,,,,,,,,,"FRONT",,,,,,,,,,,,,,,,,,,,,,,,,,,,,,,,,
"755089","JC463589","2019-10-07T15:25:00","1","DRIVER",,"717247",,"TOYOTA MOTOR COMPANY, LTD.","RAV4 (sport utility)","IL","2008","UNKNOWN","PASSENGER","PERSONAL","N","STRAIGHT AHEAD",,,"1",,,,,"true","true",,,,,,,,,,"true",,"FRONT",,,,,,,,,,,,,,,,,,,,,,,,,,,,,,,,,
"755090","JC463589","2019-10-07T15:25:00","2","DRIVER","4","717258",,"CHEVROLET","MALIBU (CHEVELLE)","IL","2006","UNKNOWN","PASSENGER","PERSONAL","W","STRAIGHT AHEAD",,,"5",,,,,,,,,"true","true","true",,,,,,,"SIDE-LEFT",,,,,,,,,,,,,,,,,,,,,,,,,,,,,,,,,
"755156","JC463524","2019-10-07T15:24:00","1","DRIVER",,"717312",,"CHEVROLET","TAHOE","IL","2007","NONE","SPORT UTILITY VEHICLE (SUV)","PERSONAL","S","STRAIGHT AHEAD",,,"1",,,,,,,,,,,,,,,,"false",,"OTHER",,,,,,,,,,,,,,,,,,,,,,,,,,,,,,,,,
"755157","JC463524","2019-10-07T15:24:00","2","BICYCLE",,,,,,,,,,,,,,,,,,,,,,,,,,,,,,,,,,,,,,,,,,,,,,,,,,,,,,,,,,,,,,,,,,
"755044","JC463541","2019-10-07T15:21:00","1","DRIVER",,"717205",,"UNKNOWN","UNKNOWN",,,"UNKNOWN","UNKNOWN/NA","UNKNOWN/NA","UNKNOWN","UNKNOWN/NA",,,"1",,,,,,,,,,,,,,,,,"true","UNKNOWN",,,,,,,,,,,,,,,,,,,,,,,,,,,,,,,,,
"755045","JC463541","2019-10-07T15:21:00","2","PARKED",,"717208",,"VOLKSWAGEN","JETTA","IL","2017","NONE","PASSENGER","NOT IN USE","W","PARKED",,,"0",,,,,,,,,,,,,,,"true",,,"TOTAL (ALL AREAS)",,,,,,,,,,,,,,,,,,,,,,,,,,,,,,,,,
"755017","JC463517","2019-10-07T15:20:00","1","DRIVER",,"717180",,"UNKNOWN","UNKNOWN",,,"UNKNOWN","PASSENGER","UNKNOWN/NA","N","UNKNOWN/NA",,,"1",,,,,,,,,,,,,,,,,"true","FRONT",,,,,,,,,,,,,,,,,,,,,,,,,,,,,,,,,
"755018","JC463517","2019-10-07T15:20:00","2","DRIVER",,"717184",,"JEEP","Grand Cherokee (for vehicle years 1989 to present)","IL","2017","NONE","SPORT UTILITY VEHICLE (SUV)","PERSONAL","N","SLOW/STOP IN TRAFFIC",,,"1",,,,,,,,,,,"true","false",,,,,,"SIDE-LEFT",,,,,,,,,,,,,,,,,,,,,,,,,,,,,,,,,
"755038","JC463510","2019-10-07T15:17:00","1","DRIVER","1","717219",,"DODGE","RAM 3500 PU","MI","2019","UNKNOWN","VAN/MINI-VAN","OTHER","S","TURNING LEFT",,,"2",,,,,,,,,,,,,"true",,,,,"ROOF",,,,,,,,,,,,,,,,,,,,,,,,,,,,,,,,,
"755039","JC463510","2019-10-07T15:17:00","2","PARKED",,"717210",,"BUICK","VERANO","IL","2014","NONE","PASSENGER","PERSONAL","W","PARKED",,,"0",,,,,,,,,,,,,,,"true",,,"TOTAL (ALL AREAS)",,,,,,,,,,,,,,,,,,,,,,,,,,,,,,,,,
"755058","JC463522","2019-10-07T15:16:00","1","DRIVER",,"717222",,"CHEVROLET","IMPALA","IL",,"NONE","PASSENGER","PERSONAL","W","STRAIGHT AHEAD",,,"1",,,,,"true",,,,,,,,,,,,,"OTHER",,,,,,,,,,,,,,,,,,,,,,,,,,,,,,,,,
"755059","JC463522","2019-10-07T15:16:00","2","DRIVER",,"717230",,"BMW","X5","IL","2016","NONE","SPORT UTILITY VEHICLE (SUV)","PERSONAL","W","STRAIGHT AHEAD",,,"1",,,,,,,,,,"true",,,,,,,,"REAR-LEFT",,,,,,,,,,,,,,,,,,,,,,,,,,,,,,,,,
"755036","JC463496","2019-10-07T15:16:00","1","DRIVER",,"717199",,"NISSAN","NISSAN ALTIMA","IL","2010","NONE","PASSENGER","PERSONAL","N","STRAIGHT AHEAD",,,"1",,,,,"true","true","true",,,,,,,,,,,"FRONT",,,,,,,,,,,,,,,,,,,,,,,,,,,,,,,,,
"755037","JC463496","2019-10-07T15:16:00","2","PARKED",,"717203",,"NISSAN","SENTRA (DATSUN AND NISSAN HAVE MERGED)","IL","2018","NONE","PASSENGER","NOT IN USE","N","PARKED",,,"0",,,,,,,,,,,,,,"true","true",,,"TOTAL (ALL AREAS)",,,,,,,,,,,,,,,,,,,,,,,,,,,,,,,,,
"755249","JC463698","2019-10-07T15:15:00","1","DRIVER",,"717397",,"TOYOTA MOTOR COMPANY, LTD.","CAMRY","IN",,"NONE","PASSENGER","PERSONAL","W","STRAIGHT AHEAD",,,"1",,,,,"true",,,,,,,,,,"true","true",,"OTHER",,,,,,,,,,,,,,,,,,,,,,,,,,,,,,,,,
"755132","JC463698","2019-10-07T15:15:00","2","DRIVER","2","717303",,"BUICK","UNKNOWN","IL","2018","NONE","SPORT UTILITY VEHICLE (SUV)","PERSONAL","W","STRAIGHT AHEAD",,,"3",,,,"true","true","true",,"true","true","true",,"true",,,,,,"FRONT",,,,,,,,,,,,,,,,,,,,,,,,,,,,,,,,,
"755133","JC463698","2019-10-07T15:15:00","3","DRIVER",,"717283",,"HYUNDAI","ELANTRA","IL","2017","NONE","PASSENGER","PERSONAL","W","STRAIGHT AHEAD",,,"1",,,,,,,,,"true","true","true",,,,,,,"REAR-LEFT",,,,,,,,,,,,,,,,,,,,,,,,,,,,,,,,,
"755026","JC463508","2019-10-07T15:12:00","1","DRIVER",,"717190",,"UNKNOWN","UNKNOWN",,,"UNKNOWN","UNKNOWN/NA","UNKNOWN/NA","S","STRAIGHT AHEAD",,,"1",,,,,,,,,,,,,,,,,"true","OTHER",,,,,,,,,,,,,,,,,,,,,,,,,,,,,,,,,
"755027","JC463508","2019-10-07T15:12:00","2","DRIVER",,"717197",,"FORD","EDGE","IL","2008","UNKNOWN","PASSENGER","PERSONAL","W","STRAIGHT AHEAD",,,"1",,,,,,,,,,,,,,,,"true",,"OTHER",,,,,,,,,,,,,,,,,,,,,,,,,,,,,,,,,
"755028","JC463527","2019-10-07T15:10:00","1","DRIVER",,"717399",,"CHEVROLET","BLAZER","IL","2000","UNKNOWN","PASSENGER","PERSONAL","E","CHANGING LANES",,,"1",,,,,,,,,"true",,,,,,,,,"REAR",,,,,,,,,,,,,,,,,,,,,,,,,,,,,,,,,
"755029","JC463527","2019-10-07T15:10:00","2","DRIVER","1","717206",,"TOYOTA MOTOR COMPANY, LTD.","RAV4 (sport utility)","IL","2013","NONE","PASSENGER","PERSONAL","E","PASSING/OVERTAKING",,,"2",,,,,,,,,,,,,,,"true",,,"TOTAL (ALL AREAS)",,,,,,,,,,,,,,,,,,,,,,,,,,,,,,,,,
"755008","JC463476","2019-10-07T15:10:00","1","DRIVER",,"717173",,"BMW","330I","IL","2002","NONE","PASSENGER","PERSONAL","W","STRAIGHT AHEAD",,,"1",,,,,,,,,,,,,,,"true",,,"OTHER",,,,,,,,,,,,,,,,,,,,,,,,,,,,,,,,,
"755009","JC463476","2019-10-07T15:10:00","2","DRIVER","1","717179",,"HONDA","CRV","IL","2007","NONE","PASSENGER","PERSONAL","W","STRAIGHT AHEAD",,,"2",,,,,,,,,,"true",,,,,,,,"REAR-LEFT",,,,,,,,,,,,,,,,,,,,,,,,,,,,,,,,,
"755010","JC463476","2019-10-07T15:10:00","3","DRIVER",,"717183",,"TOYOTA MOTOR COMPANY, LTD.","CAMRY","IL","2011","NONE","PASSENGER","PERSONAL","W","STRAIGHT AHEAD",,,"1",,,,,,,,,,,,,,,,"true",,"OTHER",,,,,,,,,,,,,,,,,,,,,,,,,,,,,,,,,
"755306","JC463981","2019-10-07T15:05:00","1","DRIVER",,"717464",,"NISSAN","ROGUE","IL","2018","NONE","PASSENGER","PERSONAL","N","BACKING",,,"1",,,,,,,,,,,,"false","true","false",,,,"ROOF",,,,,,,,,,,,,,,,,,,,,,,,,,,,,,,,,
"755307","JC463981","2019-10-07T15:05:00","2","DRIVER","1","717471",,"CHEVROLET","IMPALA","IL","2003","NONE","PASSENGER","PERSONAL","N","SLOW/STOP IN TRAFFIC",,,"2",,,,,"true",,,,,,,,,,,,,"FRONT",,,,,,,,,,,,,,,,,,,,,,,,,,,,,,,,,
"758207","JC469250","2019-10-07T15:02:00","1","DRIVER",,"720210",,"FORD","ESCAPE (SUV)","IL","2005","UNKNOWN","PASSENGER","PERSONAL","E","STRAIGHT AHEAD",,,"1",,,,,,,,,,,,,,,,"true",,"OTHER",,,,,,,,,,,,,,,,,,,,,,,,,,,,,,,,,
"758208","JC469250","2019-10-07T15:02:00","2","DRIVER",,"720219",,"KIA MOTORS CORP","UNKNOWN","IL","2016","UNKNOWN","PASSENGER","PERSONAL","E","SLOW/STOP IN TRAFFIC",,,"1",,,,,,,,,,"true",,,,,,,,"REAR-LEFT",,,,,,,,,,,,,,,,,,,,,,,,,,,,,,,,,
"755829","JC465096","2019-10-07T15:00:00","1","DRIVER",,"717932",,"UNKNOWN","UNKNOWN","IL",,"UNKNOWN","UNKNOWN/NA","UNKNOWN/NA","W","STRAIGHT AHEAD",,,"1",,,,,,,,,,,,,,,,,,"UNKNOWN",,,,,,,,,,,,,,,,,,,,,,,,,,,,,,,,,
"755830","JC465096","2019-10-07T15:00:00","2","PARKED",,"717950",,"CHEVROLET","MONTE CARLO","IL","2004","NONE","PASSENGER","PERSONAL","W","PARKED",,,"0",,,,,,,,,,,"true","true","true","true","true",,,"ROOF",,,,,,,,,,,,,,,,,,,,,,,,,,,,,,,,,
"755629","JC464668","2019-10-07T15:00:00","1","DRIVER",,"717747",,"FORD","UNKNOWN",,"2019","UNKNOWN","VAN/MINI-VAN","MILITARY","N","STRAIGHT AHEAD",,,"1",,,,,,"true",,,,,,,,,,,,"SIDE-RIGHT",,,,,,,,,,,,,,,,,,,,,,,,,,,,,,,,,
"755630","JC464668","2019-10-07T15:00:00","2","PARKED",,"717753",,"FORD","UNKNOWN","IL",,"UNKNOWN","TRACTOR W/ SEMI-TRAILER","NOT IN USE","N","PARKED",,,"0",,,,,,,,,,,,,,"true",,,,"ROOF",,,,,,,,,,,,,,,,,,,,,,,,,,,,,,,,,
"755087","JC463652","2019-10-07T15:00:00","1","DRIVER",,"717248",,"UNKNOWN","UNKNOWN","IL",,"NONE","UNKNOWN/NA","UNKNOWN/NA","S","UNKNOWN/NA",,,"1",,,,,,,,,,,,,,,,,,"UNKNOWN",,,,,,,,,,,,,,,,,,,,,,,,,,,,,,,,,
"755088","JC463652","2019-10-07T15:00:00","2","PARKED",,"717244",,"TOYOTA MOTOR COMPANY, LTD.","COROLLA","IL","2018","NONE","PASSENGER","PERSONAL","S","PARKED",,,"0",,,,,,,"true","true","true",,,,,,,,,"SIDE-RIGHT",,,,,,,,,,,,,,,,,,,,,,,,,,,,,,,,,
"755040","JC463553","2019-10-07T15:00:00","1","DRIVER",,"717204",,"HONDA","CRV","IL","2005","NONE","SPORT UTILITY VEHICLE (SUV)","PERSONAL","NW","BACKING",,,"1",,,,,,,,,,,,,,,,,,"FRONT-LEFT",,,,,,,,,,,,,,,,,,,,,,,,,,,,,,,,,
"755041","JC463553","2019-10-07T15:00:00","2","PARKED",,"717202",,"TOYOTA MOTOR COMPANY, LTD.","UNKNOWN","IL",,"NONE","UNKNOWN/NA","PERSONAL","NW","PARKED",,,"0",,,,,"true",,,,,,,,,,,,,"FRONT",,,,,,,,,,,,,,,,,,,,,,,,,,,,,,,,,
"755020","JC463506","2019-10-07T14:56:00","1","DRIVER","1","717186",,"FORD","EXPLORER","IL","2017","NONE","PASSENGER","POLICE","S","STRAIGHT AHEAD",,,"2",,,,,,,,"true",,,,,,,,,,"REAR-RIGHT",,,,,,,,,,,,,,,,,,,,,,,,,,,,,,,,,
"755021","JC463506","2019-10-07T14:56:00","2","NON-MOTOR VEHICLE",,,,,,,,,,,,,,,,,,,,,,,,,,,,,,,,,,,,,,,,,,,,,,,,,,,,,,,,,,,,,,,,,,
"755237","JC463887","2019-10-07T14:50:00","1","DRIVER",,"717390",,"DODGE","DURANGO","IL","2014","NONE","SPORT UTILITY VEHICLE (SUV)","PERSONAL","E","ENTERING TRAFFIC LANE FROM PARKING",,,"1",,,,,"true",,,,,,,,,,,,,"FRONT",,,,,,,,,,,,,,,,,,,,,,,,,,,,,,,,,
"755238","JC463887","2019-10-07T14:50:00","2","PARKED",,"717383",,"CHEVROLET","EQUINOX","IL","2019","NONE","SPORT UTILITY VEHICLE (SUV)","PERSONAL","E","PARKED",,,"0",,,,,,,,,,,"true","true",,,,,,"FRONT-LEFT",,,,,,,,,,,,,,,,,,,,,,,,,,,,,,,,,
"755122","JC463700","2019-10-07T14:45:00","1","DRIVER",,"717297",,"MAZDA","Mazda 3","IL","2011","UNKNOWN","UNKNOWN/NA","PERSONAL","N","ENTERING TRAFFIC LANE FROM PARKING",,,"1",,,,,,,,,,,,,,"true","true",,,"TOTAL (ALL AREAS)",,,,,,,,,,,,,,,,,,,,,,,,,,,,,,,,,
"755123","JC463700","2019-10-07T14:45:00","2","DRIVER",,"717280",,"NISSAN","UNKNOWN","IL","2014","NONE","VAN/MINI-VAN","OTHER","N","STRAIGHT AHEAD",,,"1",,,,,"true","true","false",,,,,,,,,,,"FRONT",,,,,,,,,,,,,,,,,,,,,,,,,,,,,,,,,
"756031","JC436465","2019-10-07T14:45:00","1","DRIVER",,"718153",,"MITSUBISHI","UNKNOWN","IL","2002","OTHER","PASSENGER","PERSONAL","W","STRAIGHT AHEAD",,,"1",,,,,,,,,,,,,,,,"true",,"OTHER",,,,,,,,,,,,,,,,,,,,,,,,,,,,,,,,,
"756032","JC436465","2019-10-07T14:45:00","2","DRIVER","1","718185",,"FORD","ESCAPE (SUV)","IL","2012","UNKNOWN","PASSENGER","PERSONAL","S","STRAIGHT AHEAD",,,"2",,,,,,,,,,,,"true","true",,,,,"ROOF",,,,,,,,,,,,,,,,,,,,,,,,,,,,,,,,,
"755030","JC463513","2019-10-07T14:41:00","1","DRIVER",,"717195",,"TOYOTA MOTOR COMPANY, LTD.","CAMRY","IL","1992","NONE","PASSENGER","PERSONAL","E","TURNING RIGHT",,,"1",,,,,,,,,,,,,,,"true","true",,"FRONT",,,,,,,,,,,,,,,,,,,,,,,,,,,,,,,,,
"755031","JC463513","2019-10-07T14:41:00","2","DRIVER",,"717216",,"INFINITI","UNKNOWN","IL","2013","NONE","SPORT UTILITY VEHICLE (SUV)","PERSONAL","S","STRAIGHT AHEAD",,,"1",,,,,,,,"true",,,,,,,,,,"REAR-RIGHT",,,,,,,,,,,,,,,,,,,,,,,,,,,,,,,,,
"755019","JC463479","2019-10-07T14:41:00","1","DRIVER",,"717185",,"UNKNOWN","UNKNOWN",,,"UNKNOWN","OTHER","FIRE","E","BACKING",,,"1",,,,,,,,"true","true",,,,,,,,,"REAR",,,,,,,,,,,,,,,,,,,,,,,,,,,,,,,,,
"755708","JC464904","2019-10-07T14:35:00","1","DRIVER",,"717824",,"ACURA","ACURA","IL",,"UNKNOWN","PASSENGER","PERSONAL","E","LEAVING TRAFFIC LANE TO PARK",,,"1",,,,,,,,,"true",,,,,,,,,"REAR",,,,,,,,,,,,,,,,,,,,,,,,,,,,,,,,,
"755709","JC464904","2019-10-07T14:35:00","2","PARKED","1","717829",,"TOYOTA MOTOR COMPANY, LTD.","CAMRY","IL","2002","NONE","PASSENGER","PERSONAL","E","PARKED",,,"1",,,,,,,,,,,,,,,"true",,,"TOTAL (ALL AREAS)",,,,,,,,,,,,,,,,,,,,,,,,,,,,,,,,,
"754986","JC463441","2019-10-07T14:30:00","1","DRIVER",,"717146",,"NISSAN","SENTRA (DATSUN AND NISSAN HAVE MERGED)","IL",,"NONE","PASSENGER","PERSONAL","W","STRAIGHT AHEAD",,,"1",,,,,"true",,,,,,,,,,"true","true",,"FRONT",,,,,,,,,,,,,,,,,,,,,,,,,,,,,,,,,
"754987","JC463441","2019-10-07T14:30:00","2","DRIVER",,"717159",,"BLUEBIRD INTERNATIONAL","UNKNOWN","OH",,"NONE","TRUCK - SINGLE UNIT","OTHER","W","STRAIGHT AHEAD",,,"1",,,,"true",,,,,,,,,,,,,,"FRONT-LEFT",,,,,,,,,,,,,,,,,,,,,,,,,,,,,,,,,
"754982","JC463457","2019-10-07T14:21:00","1","DRIVER","1","717153",,"NISSAN","NISSAN ALTIMA","FL",,"UNKNOWN","PASSENGER","UNKNOWN/NA","W","CHANGING LANES",,,"2",,,,,"true","true","true","true","true",,,,,,,,,"SIDE-RIGHT",,,,,,,,,,,,,,,,,,,,,,,,,,,,,,,,,
"754983","JC463457","2019-10-07T14:21:00","2","DRIVER","1","717142",,"NISSAN","NISSAN ALTIMA","IL","2013","NONE","PASSENGER","PERSONAL","W","STRAIGHT AHEAD",,,"2",,,,,,,,,,,"true","true","true","true",,,,"ROOF",,,,,,,,,,,,,,,,,,,,,,,,,,,,,,,,,
"755056","JC463473","2019-10-07T14:20:00","1","DRIVER",,"717220",,"VOLKSWAGEN","UNKNOWN","IL","2019","NONE","PASSENGER","PERSONAL","N","CHANGING LANES",,,"1",,,,,"true","true",,,,,,,,,,,,"FRONT-RIGHT",,,,,,,,,,,,,,,,,,,,,,,,,,,,,,,,,
"755057","JC463473","2019-10-07T14:20:00","2","DRIVER",,"717231",,"HYUNDAI","Accent","IL","2017","NONE","PASSENGER","PERSONAL","N","STRAIGHT AHEAD","true",,"1",,"aaa",,,,,,,,,,,"true","true","true","true",,"UNDER CARRIAGE",,,,,,,,,,,,,,,,,,,,,,,,,,,,,,,,,
"754984","JC463456","2019-10-07T14:15:00","1","DRIVER",,"717147",,"HYUNDAI","SONATA","IL","2012","NONE","PASSENGER","PERSONAL","W","STRAIGHT AHEAD",,,"1",,,,,"true",,,,,,,,,,"true","true",,"OTHER",,,,,,,,,,,,,,,,,,,,,,,,,,,,,,,,,
"754985","JC463456","2019-10-07T14:15:00","2","DRIVER",,"717154",,"CADILLAC","STS","IL","2014","NONE","PASSENGER","PERSONAL","W","SLOW/STOP IN TRAFFIC",,,"1",,,,,,,,,"true","true","true",,,,,,,"REAR-LEFT",,,,,,,,,,,,,,,,,,,,,,,,,,,,,,,,,
"755022","JC463532","2019-10-07T14:10:00","1","DRIVER",,"717191",,"CADILLAC","CTS","IL","2011","NONE","PASSENGER","PERSONAL","W","STRAIGHT AHEAD",,,"1",,,,,"true",,,,,,,,,,,,,"FRONT",,,,,,,,,,,,,,,,,,,,,,,,,,,,,,,,,
"755023","JC463532","2019-10-07T14:10:00","2","DRIVER",,"717196",,"CHEVROLET","MALIBU (CHEVELLE)","IL","2000","NONE","PASSENGER","PERSONAL","N","STRAIGHT AHEAD",,,"1",,,,,"true","true",,,,,,,,,,,,"FRONT",,,,,,,,,,,,,,,,,,,,,,,,,,,,,,,,,
"755005","JC463414","2019-10-07T14:04:00","1","DRIVER",,"717169",,"JEEP","UNKNOWN","IL","2007","UNKNOWN","PASSENGER","PERSONAL","E","STRAIGHT AHEAD",,,"1",,,,,"true","true",,,,,,,,,,,,"FRONT",,,,,,,,,,,,,,,,,,,,,,,,,,,,,,,,,
"755006","JC463414","2019-10-07T14:04:00","2","DRIVER",,"717176",,"TOYOTA MOTOR COMPANY, LTD.","UNKNOWN","IL","2007","UNKNOWN","PASSENGER","PERSONAL","N","STRAIGHT AHEAD","true",,"1",,,,,,,,,,,,,,"true","true",,,"TOTAL (ALL AREAS)",,,,,,,,,,,,,,,,,,,,,,,,,,,,,,,,,