"crash_unit_id","rd_no","crash_date","unit_no","unit_type","num_passengers","vehicle_id","cmrc_veh_i","make","model","lic_plate_state","vehicle_year","vehicle_defect","vehicle_type","vehicle_use","travel_direction","maneuver","towed_i","fire_i","occupant_cnt","exceed_speed_limit_i","towed_by","towed_to","area_00_i","area_01_i","area_02_i","area_03_i","area_04_i","area_05_i","area_06_i","area_07_i","area_08_i","area_09_i","area_10_i","area_11_i","area_12_i","area_99_i","first_contact_point","cmv_id","usdot_no","ccmc_no","ilcc_no","commercial_src","gvwr","carrier_name","carrier_state","carrier_city","hazmat_placards_i","hazmat_name","un_no","hazmat_present_i","hazmat_report_i","hazmat_report_no","mcs_report_i","mcs_report_no","hazmat_vio_cause_crash_i","mcs_vio_cause_crash_i","idot_permit_no","wide_load_i","trailer1_width","trailer2_width","trailer1_length","trailer2_length","total_vehicle_length","axle_cnt","vehicle_config","cargo_body_type","load_type","hazmat_out_of_service_i","mcs_out_of_service_i","hazmat_class"
"754988","JC463450","2019-10-07T14:00:00","1","DRIVER",,"717144",,"DODGE","CARAVAN","IL","2016","NONE","VAN/MINI-VAN","TAXI/FOR HIRE","S","STRAIGHT AHEAD",,,"1",,,,,"true",,,,,,,,,,,,,"FRONT",,,,,,,,,,,,,,,,,,,,,,,,,,,,,,,,,
"754989","JC463450","2019-10-07T14:00:00","2","PARKED","1","717152",,"CHEVROLET","SUBURBAN","IL","2017","NONE","SPORT UTILITY VEHICLE (SUV)","TAXI/FOR HIRE","S","PARKED",,,"1",,,,,,,,,,,,,,,"true",,,"TOTAL (ALL AREAS)",,,,,,,,,,,,,,,,,,,,,,,,,,,,,,,,,
"754980","JC463438","2019-10-07T14:00:00","1","DRIVER",,"717163",,"UNKNOWN","UNKNOWN",,,"UNKNOWN","PASSENGER","PERSONAL","UNKNOWN","UNKNOWN/NA",,,"1",,,,,,,,,,"true",,,,,,,,"REAR-LEFT",,,,,,,,,,,,,,,,,,,,,,,,,,,,,,,,,
"754981","JC463438","2019-10-07T14:00:00","2","DRIVER",,"718500",,"UNKNOWN","UNKNOWN","XX",,"UNKNOWN","PASSENGER","PERSONAL","UNKNOWN","UNKNOWN/NA",,,"1",,,,,,,,,,,,,,,,,"true","UNKNOWN",,,,,,,,,,,,,,,,,,,,,,,,,,,,,,,,,
"754999","JC463427","2019-10-07T13:58:00","1","DRIVER",,"717168",,"LEXUS","UNKNOWN","IL","2013","UNKNOWN","PASSENGER","PERSONAL","N","STRAIGHT AHEAD",,,"1",,,,,,,,,,,,,,,,,"true","UNKNOWN",,,,,,,,,,,,,,,,,,,,,,,,,,,,,,,,,
"755000","JC463427","2019-10-07T13:58:00","2","BICYCLE",,,,,,,,,,,,,,,,,,,,,,,,,,,,,,,,,,,,,,,,,,,,,,,,,,,,,,,,,,,,,,,,,,
"755013","JC463432","2019-10-07T13:57:00","1","DRIVER",,"717177",,"CHEVROLET","CHEVROLET-TRUCK,VAN,SUV,ETC","IL","2002","NONE","PASSENGER","PERSONAL","S","STRAIGHT AHEAD",,,"1",,,,,"true",,,,,,,,,,"false",,,"FRONT",,,,,,,,,,,,,,,,,,,,,,,,,,,,,,,,,
"755014","JC463432","2019-10-07T13:57:00","2","DRIVER",,"717181",,"FORD","Explorer","IL","2015","NONE","SPORT UTILITY VEHICLE (SUV)","PERSONAL","S","STRAIGHT AHEAD",,,"1",,,,,,,,,,,,,,"true","true",,,"TOTAL (ALL AREAS)",,,,,,,,,,,,,,,,,,,,,,,,,,,,,,,,,
"754968","JC463437","2019-10-07T13:50:00","1","DRIVER",,"717156",,"LEXUS","RX350","IL","2014","UNKNOWN","PASSENGER","PERSONAL","S","STRAIGHT AHEAD",,,"1",,,,,,,,,,,,,,,,"true",,"OTHER",,,,,,,,,,,,,,,,,,,,,,,,,,,,,,,,,
"754969","JC463437","2019-10-07T13:50:00","2","DRIVER",,"717138",,"MERCEDES-BENZ","UNKNOWN","IL","2014","NONE","PASSENGER","PERSONAL","S","SLOW/STOP IN TRAFFIC",,,"1",,,,,,,,,,"true",,,,,,,,"REAR-LEFT",,,,,,,,,,,,,,,,,,,,,,,,,,,,,,,,,
"755001","JC463492","2019-10-07T13:45:00","1","DRIVER",,"717170",,"CADILLAC","DTS","IL","2007","UNKNOWN","PASSENGER","PERSONAL","E","BACKING",,,"1",,,,,,,,,,"true","true",,,,,,,"SIDE-LEFT",,,,,,,,,,,,,,,,,,,,,,,,,,,,,,,,,
"755002","JC463492","2019-10-07T13:45:00","2","DRIVER",,"717175",,"JEEP","CHEROKEE","IL","2006","NONE","SPORT UTILITY VEHICLE (SUV)","PERSONAL","W","BACKING",,,"1",,,,,,,,,,,,,,,"true",,,"TOTAL (ALL AREAS)",,,,,,,,,,,,,,,,,,,,,,,,,,,,,,,,,
"754992","JC463448","2019-10-07T13:45:00","1","DRIVER",,"717158",,"LEXUS","GX460","IL",,"UNKNOWN","SPORT UTILITY VEHICLE (SUV)","PERSONAL","SW","ENTERING TRAFFIC LANE FROM PARKING",,,"1",,,,,,,,,,,"true",,,,,,,"SIDE-LEFT",,,,,,,,,,,,,,,,,,,,,,,,,,,,,,,,,
"754993","JC463448","2019-10-07T13:45:00","2","DRIVER",,"717160",,"TESLA MOTORS","ROADSTER","IL","2010","UNKNOWN","PASSENGER","PERSONAL","W","STRAIGHT AHEAD",,,"1",,,,,"false",,,,,,,,,,,"true",,"OTHER",,,,,,,,,,,,,,,,,,,,,,,,,,,,,,,,,
"754961","JC423391","2019-10-07T13:43:00","1","DRIVER",,"717131",,"JEEP","Grand Cherokee (for vehicle years 1989 to present)","IL","2003","NONE","PASSENGER","PERSONAL","N","STRAIGHT AHEAD",,,"1",,,,,"false",,,,,,,,,"false","true","true",,"TOTAL (ALL AREAS)",,,,,,,,,,,,,,,,,,,,,,,,,,,,,,,,,
"754962","JC423391","2019-10-07T13:43:00","2","DRIVER","1","717134",,"NISSAN","SENTRA (DATSUN AND NISSAN HAVE MERGED)","IL","2015","NONE","PASSENGER","PERSONAL","W","STRAIGHT AHEAD",,,"2",,,,,,,,,,,,"true","true","true","true",,,"ROOF",,,,,,,,,,,,,,,,,,,,,,,,,,,,,,,,,
"754972","JC463416","2019-10-07T13:31:00","1","DRIVER",,"717157",,"JEEP","Grand Cherokee (for vehicle years 1989 to present)","WI",,"NONE","PASSENGER","PERSONAL","S","STRAIGHT AHEAD",,,"1",,,,,,,,,,,,,,,,"true",,"OTHER",,,,,,,,,,,,,,,,,,,,,,,,,,,,,,,,,
"754973","JC463416","2019-10-07T13:31:00","2","DRIVER",,"717166",,"CHRYSLER","200","IL","2015","NONE","PASSENGER","PERSONAL","S","STRAIGHT AHEAD",,,"1",,,,,,,,,,"true",,,,,,,,"REAR-LEFT",,,,,,,,,,,,,,,,,,,,,,,,,,,,,,,,,
"754937","JC463426","2019-10-07T13:30:00","1","DRIVER",,"717117",,"CHEVROLET","MALIBU (CHEVELLE)","IL","2016","UNKNOWN","PASSENGER","UNKNOWN/NA","W","BACKING",,,"1",,,,,,,,,,,,,,,,,"true","REAR-LEFT",,,,,,,,,,,,,,,,,,,,,,,,,,,,,,,,,
"754938","JC463426","2019-10-07T13:30:00","2","PARKED",,"717102",,"MAZDA","UNKNOWN","IL","2014","NONE","PASSENGER","PERSONAL","N","PARKED",,,"0",,,,,,,,,,,,,,,"true",,,"UNDER CARRIAGE",,,,,,,,,,,,,,,,,,,,,,,,,,,,,,,,,
"754974","JC463393","2019-10-07T13:30:00","1","DRIVER",,"717143",,"GENERAL MOTORS CORP.","GENERAL MOTORS CORP.","IL","2011","NONE","VAN/MINI-VAN","OTHER","S","STRAIGHT AHEAD",,,"1",,,,,"true",,,,,,,,,,,,,"FRONT",,,,,,,,,,,,,,,,,,,,,,,,,,,,,,,,,
"754975","JC463393","2019-10-07T13:30:00","2","DRIVER","1","717165",,"TOYOTA MOTOR COMPANY, LTD.","COROLLA","IL","2014","NONE","PASSENGER","PERSONAL","E","STRAIGHT AHEAD",,,"2",,,,,,,,,,,,,,,"true",,,"TOTAL (ALL AREAS)",,,,,,,,,,,,,,,,,,,,,,,,,,,,,,,,,
"754998","JC463431","2019-10-07T13:20:00","1","DRIVER","1","717167",,"CHEVROLET","UNKNOWN","IL","2015","NONE","PASSENGER","PERSONAL","UNKNOWN","BACKING",,,"2",,,,,,,,,,,,,,,,,,"UNKNOWN",,,,,,,,,,,,,,,,,,,,,,,,,,,,,,,,,
"754997","JC463431","2019-10-07T13:20:00","2","DRIVER",,"717200",,"GENERAL MOTORS CORP.","UNKNOWN","IL","2009","NONE","OTHER","PERSONAL","E","STRAIGHT AHEAD",,,"2",,,,,,,,,,,,,,,,,,"OTHER",,,,,,,,,,,,,,,,,,,,,,,,,,,,,,,,,
"754939","JC463373","2019-10-07T13:20:00","1","DRIVER",,"717114",,"INFINITI","QX56","IL","2018","NONE","PASSENGER","PERSONAL","W","TURNING LEFT","true",,"1",,"Private",,,"true","true","true","true",,,,,,,,,,"FRONT",,,,,,,,,,,,,,,,,,,,,,,,,,,,,,,,,
"754940","JC463373","2019-10-07T13:20:00","2","DRIVER",,"717120",,"HONDA","ACCORD","IL","2007","NONE","PASSENGER","PERSONAL","S","STRAIGHT AHEAD","true",,"1",,"Private",,,,,,,,,,,,,,"true",,"OTHER",,,,,,,,,,,,,,,,,,,,,,,,,,,,,,,,,
"754919","JC463365","2019-10-07T13:15:00","1","DRIVER",,"717092",,"HONDA","CIVIC","IL","2008","NONE","PASSENGER","PERSONAL","E","STRAIGHT AHEAD",,,"1",,,,,"true",,,,,,,,,,,,,"FRONT",,,,,,,,,,,,,,,,,,,,,,,,,,,,,,,,,
"754920","JC463365","2019-10-07T13:15:00","2","DRIVER",,"717098",,"KIA MOTORS CORP","UNKNOWN","IL","2015","NONE","PASSENGER","PERSONAL","E","STRAIGHT AHEAD",,,"1",,,,,,,,,,,,,,,"true",,,"TOTAL (ALL AREAS)",,,,,,,,,,,,,,,,,,,,,,,,,,,,,,,,,
"755794","JC463396","2019-10-07T13:13:00","1","DRIVER",,"717934","true","FORD","UNKNOWN","IL","2014","NONE","PASSENGER","COMMERCIAL - SINGLE UNIT","E","STRAIGHT AHEAD",,,"1",,,,,"true",,,,,,,,,,,,,"FRONT",,,,,,,,,,,,,,,,,,,,,,,,,,,,,,,,,
"755795","JC463396","2019-10-07T13:13:00","2","DRIVER",,"717921",,"HYUNDAI","SONATA","IL","2014","NONE","PASSENGER","PERSONAL","E","CHANGING LANES",,,"2",,,,,,,,,,,"true","true",,,,,,"FRONT-LEFT",,,,,,,,,,,,,,,,,,,,,,,,,,,,,,,,,
"754917","JC463342","2019-10-07T13:12:00","1","DRIVER",,"717095",,"NISSAN","NISSAN ALTIMA","IL","2010","NONE","PASSENGER","UNKNOWN/NA","W","STRAIGHT AHEAD",,,"1",,,,,,,,,,,,,,,,"false","true","OTHER",,,,,,,,,,,,,,,,,,,,,,,,,,,,,,,,,
"754918","JC463342","2019-10-07T13:12:00","2","DRIVER",,"717091",,"HONDA","FIT","OH","2008","NONE","PASSENGER","PERSONAL","W","STRAIGHT AHEAD",,,"1",,,,,,,,,"true","true","true",,,,,,,"REAR-LEFT",,,,,,,,,,,,,,,,,,,,,,,,,,,,,,,,,
"755110","JC463684","2019-10-07T13:10:00","1","DRIVER",,"717273",,"TOYOTA MOTOR COMPANY, LTD.","COROLLA","IL","2012","NONE","PASSENGER","PERSONAL","S","STRAIGHT AHEAD",,,"1",,,,,"true",,,,,,,,,,"false",,,"FRONT",,,,,,,,,,,,,,,,,,,,,,,,,,,,,,,,,
"755111","JC463684","2019-10-07T13:10:00","2","PARKED",,"717284",,"CHEVROLET","GEO PRIZM, NOVA, CHEVYII","IL","1999","NONE","TRUCK - SINGLE UNIT","UNKNOWN/NA","S","PARKED",,,"0",,,,,,,,,,"true","true",,,,,,"true","SIDE-LEFT",,,,,,,,,,,,,,,,,,,,,,,,,,,,,,,,,
"755329","JC464066","2019-10-07T13:00:00","1","DRIVER",,"717487",,"FORD","ESCAPE (SUV)","IL","2013","UNKNOWN","PASSENGER","PERSONAL","UNKNOWN","STRAIGHT AHEAD",,,"1",,,,,,,,,,,,,,,,"true",,"OTHER",,,,,,,,,,,,,,,,,,,,,,,,,,,,,,,,,
"755330","JC464066","2019-10-07T13:00:00","2","DRIVER",,"717488",,"DODGE","UNKNOWN","IL","2003","UNKNOWN","PASSENGER","PERSONAL","UNKNOWN","STRAIGHT AHEAD",,,"1",,,,,,,,,,"true",,,,,,,,"REAR-LEFT",,,,,,,,,,,,,,,,,,,,,,,,,,,,,,,,,
"755080","JC463590","2019-10-07T13:00:00","1","DRIVER",,"717251",,"UNKNOWN","UNKNOWN","IL",,"UNKNOWN","UNKNOWN/NA","UNKNOWN/NA","UNKNOWN","UNKNOWN/NA",,,"1",,,,,,,,,,,,,,,,,"true","UNKNOWN",,,,,,,,,,,,,,,,,,,,,,,,,,,,,,,,,
"755081","JC463590","2019-10-07T13:00:00","2","DRIVER","1","717263",,"NISSAN","SENTRA (DATSUN AND NISSAN HAVE MERGED)","IL","2008","UNKNOWN","PASSENGER","PERSONAL","N","STRAIGHT AHEAD",,,"2",,,,,,,,,,"true",,,,,,,,"REAR-LEFT",,,,,,,,,,,,,,,,,,,,,,,,,,,,,,,,,
"754959","JC463418","2019-10-07T13:00:00","1","DRIVER",,"717148",,"FORD","UNKNOWN","IL","2013","NONE","PASSENGER","UNKNOWN/NA","UNKNOWN","UNKNOWN/NA",,,"1",,,,,"true","true",,,,,,,,,,,,"SIDE-RIGHT",,,,,,,,,,,,,,,,,,,,,,,,,,,,,,,,,
"754960","JC463418","2019-10-07T13:00:00","2","PARKED",,"717132",,"HYUNDAI","ELANTRA","IL","2019","NONE","PASSENGER","PERSONAL","N","PARKED",,,"0",,,,,,,,,,,"true","true",,,,,,"ROOF",,,,,,,,,,,,,,,,,,,,,,,,,,,,,,,,,
"754942","JC463357","2019-10-07T13:00:00","1","DRIVER",,"717126",,"NISSAN","NISSAN ALTIMA","IL","2014","UNKNOWN","PASSENGER","PERSONAL","E","PASSING/OVERTAKING",,,"1",,,,,,,"true",,,,,,,,,,,"SIDE-RIGHT",,,,,,,,,,,,,,,,,,,,,,,,,,,,,,,,,
"754943","JC463357","2019-10-07T13:00:00","2","DRIVER",,"717129",,"INFINITI","UNKNOWN","IL","2014","UNKNOWN","PASSENGER","PERSONAL","E","STRAIGHT AHEAD",,,"1",,,,,,,,,,,"true",,,,,,,"SIDE-LEFT",,,,,,,,,,,,,,,,,,,,,,,,,,,,,,,,,
"754970","JC463327","2019-10-07T13:00:00","1","DRIVER",,"717137",,"BMW","328i","IL","2010","NONE","PASSENGER","PERSONAL","NW","TURNING LEFT",,,"1",,,,,"true","true","true",,,,,,,,,,,"FRONT-RIGHT",,,,,,,,,,,,,,,,,,,,,,,,,,,,,,,,,
"754971","JC463327","2019-10-07T13:00:00","2","DRIVER","1","717140",,"CHEVROLET","BLAZER","IL","2003","NONE","SPORT UTILITY VEHICLE (SUV)","PERSONAL","NW","STRAIGHT AHEAD","true",,"2",,"COOK COUNTY TOWING","3140 N OAK PARK",,,,,,,,,,"true","true","true",,,"UNDER CARRIAGE",,,,,,,,,,,,,,,,,,,,,,,,,,,,,,,,,
"755078","JC463626","2019-10-07T12:45:00","1","DRIVER",,"717237",,"VOLKSWAGEN","JETTA","IL","2017","NONE","PASSENGER","PERSONAL","UNKNOWN","UNKNOWN/NA",,,"1",,,,,,,,,,,,,,,,,"true","UNKNOWN",,,,,,,,,,,,,,,,,,,,,,,,,,,,,,,,,
"755079","JC463626","2019-10-07T12:45:00","2","PARKED",,"717240",,"JEEP","Liberty","IL","2006","NONE","SPORT UTILITY VEHICLE (SUV)","PERSONAL","W","PARKED",,,"0",,,,,,,,,,,,,,,"true",,,"TOTAL (ALL AREAS)",,,,,,,,,,,,,,,,,,,,,,,,,,,,,,,,,
"754933","JC463345","2019-10-07T12:35:00","1","DRIVER",,"717104",,"TOYOTA MOTOR COMPANY, LTD.","UNKNOWN","IL","1999","UNKNOWN","PASSENGER","PERSONAL","UNKNOWN","BACKING",,,"1",,,,,,,,,,"true",,,,,,,,"REAR-LEFT",,,,,,,,,,,,,,,,,,,,,,,,,,,,,,,,,
"754934","JC463345","2019-10-07T12:35:00","2","DRIVER",,"717110",,"JEEP","UNKNOWN","IL","2015","UNKNOWN","PASSENGER","PERSONAL","W","SLOW/STOP IN TRAFFIC",,,"1",,,,,,,,,,,,,"true","true",,,,"ROOF",,,,,,,,,,,,,,,,,,,,,,,,,,,,,,,,,
"754935","JC463319","2019-10-07T12:35:00","1","DRIVER",,"717103",,"DODGE","CARAVAN","IL","2003","NONE","VAN/MINI-VAN","PERSONAL","E","SLOW/STOP IN TRAFFIC",,,"1",,,,,,,,,"true",,,,,,,,,"REAR-RIGHT",,,,,,,,,,,,,,,,,,,,,,,,,,,,,,,,,
"754936","JC463319","2019-10-07T12:35:00","2","DRIVER",,"717106",,"SUBARU","LEGACY","IL","2018","NONE","PASSENGER","PERSONAL","E","SLOW/STOP IN TRAFFIC",,,"1",,,,,,,,,,,"true",,,,,,,"SIDE-LEFT",,,,,,,,,,,,,,,,,,,,,,,,,,,,,,,,,
"755653","JC464735","2019-10-07T12:30:00","1","DRIVER",,"717772",,"UNKNOWN","UNKNOWN","IL",,"UNKNOWN","UNKNOWN/NA","UNKNOWN/NA","UNKNOWN","UNKNOWN/NA",,,"1",,,,,,,,,,,,,,,,,"true","UNKNOWN",,,,,,,,,,,,,,,,,,,,,,,,,,,,,,,,,
"755654","JC464735","2019-10-07T12:30:00","2","PARKED",,"717775",,"CHEVROLET","CRUZE","IL","2019","UNKNOWN","PASSENGER","PERSONAL","S","PARKED",,,"0",,,,,,,,,"true","true",,,,,,,,"REAR",,,,,,,,,,,,,,,,,,,,,,,,,,,,,,,,,
"754949","JC463313","2019-10-07T12:29:00","1","DRIVER",,"717118","true","FREIGHTLINER CORP.","FREIGHTLINER CORP.","TX","2014","NONE","TRACTOR W/ SEMI-TRAILER","COMMERCIAL - SINGLE UNIT","E","STRAIGHT AHEAD","true",,"1",,,,,,,,,,,,,,,,,,,"8355","2163666",,,"LOG BOOK","3","GRT TRANSPORTATION","TX","LAREDO",,,,"N","N",,"N",,"N","N",,,,,,,,"3","TRACTOR/SEMI-TRAILER","VAN/ENCLOSED BOX","BUILDING MATERIALS","false","false",
"754924","JC463366","2019-10-07T12:18:00","1","DRIVER","2","717096",,"DODGE","UNKNOWN","IL","2014","NONE","VAN/MINI-VAN","UNKNOWN/NA","S","STRAIGHT AHEAD",,,"3",,,,,,,,,,,,,,,,"true",,"OTHER",,,,,,,,,,,,,,,,,,,,,,,,,,,,,,,,,
"754925","JC463366","2019-10-07T12:18:00","2","DRIVER",,"717101",,"TOYOTA MOTOR COMPANY, LTD.","4RUNNER","IL","2006","UNKNOWN","SPORT UTILITY VEHICLE (SUV)","UNKNOWN/NA","S","STRAIGHT AHEAD",,,"1",,,,,,,,,,,,,,,,,"true","UNKNOWN",,,,,,,,,,,,,,,,,,,,,,,,,,,,,,,,,
"756120","JC463289","2019-10-07T12:15:00","1","DRIVER",,"718225",,"NISSAN","VERSA","IL",,"NONE","VAN/MINI-VAN","PERSONAL","N","STRAIGHT AHEAD",,,"1",,,,,,,,,,,,,,,,"true",,"OTHER",,,,,,,,,,,,,,,,,,,,,,,,,,,,,,,,,
"756121","JC463289","2019-10-07T12:15:00","2","DRIVER",,"718234",,"HONDA","CIVIC","IL",,"NONE","PASSENGER","PERSONAL","E","STRAIGHT AHEAD",,,"1",,,,,,,,,,,,,"false",,,"true",,"OTHER",,,,,,,,,,,,,,,,,,,,,,,,,,,,,,,,,
"754941","JC463268","2019-10-07T12:15:00","1","DRIVER",,"717113",,"BMW","UNKNOWN","IL","2013","UNKNOWN","PASSENGER","PERSONAL","N","TURNING LEFT",,,"1",,,,,"true",,,,,,,,,,,"true",,"OTHER",,,,,,,,,,,,,,,,,,,,,,,,,,,,,,,,,
"754952","JC463268","2019-10-07T12:15:00","2","PEDESTRIAN",,,,,,,,,,,,,,,,,,,,,,,,,,,,,,,,,,,,,,,,,,,,,,,,,,,,,,,,,,,,,,,,,,
"754909","JC463265","2019-10-07T12:14:00","1","DRIVER",,"717087",,"KIA MOTORS CORP","UNKNOWN","IL","2019","NONE","PASSENGER","PERSONAL","E","TURNING RIGHT",,,"1",,,,,,,"true","true",,,,,,,,,,"SIDE-RIGHT",,,,,,,,,,,,,,,,,,,,,,,,,,,,,,,,,
"754910","JC463265","2019-10-07T12:14:00","2","PARKED",,"717090","true","INTERNATIONAL COACH MFG.","UNKNOWN","IL","2004","NONE","TRUCK - SINGLE UNIT","NOT IN USE","S","PARKED",,,"3",,,,,,,,,,,"true",,,,,,,"FRONT-LEFT","8354",,,,"DRIVER","2","CITY OF CHICAGO","IL","CHICAGO",,,,"N","U",,"U",,"N","U",,,,,,,,,"SINGLE UNIT TRUCK, 2 AXLES, 6 TIRES","DUMP","UNKNOWN","false",,
"754926","JC463270","2019-10-07T12:10:00","1","DRIVER",,"717097",,"BMW","UNKNOWN",,,"UNKNOWN","UNKNOWN/NA","UNKNOWN/NA","E","DRIVING WRONG WAY",,,"1",,,,"true",,,,,,,,,,,,,,"NONE",,,,,,,,,,,,,,,,,,,,,,,,,,,,,,,,,
"754927","JC463270","2019-10-07T12:10:00","2","DRIVER","1","717099",,"CADILLAC","Escalade","IL","2018","NONE","SPORT UTILITY VEHICLE (SUV)","PERSONAL","W","ENTERING TRAFFIC LANE FROM PARKING","true",,"2",,"PRIVATE COMPANY",,,"true",,,,,,,,,,"true","true",,"TOTAL (ALL AREAS)",,,,,,,,,,,,,,,,,,,,,,,,,,,,,,,,,
"754928","JC463270","2019-10-07T12:10:00","3","DRIVER",,"717108",,"MERCEDES-BENZ","UNKNOWN","IL","2020","NONE","SPORT UTILITY VEHICLE (SUV)","PERSONAL","W","STRAIGHT AHEAD","true",,"1",,"FIVE STAR TOWING","AUTOHAUS IN NORTHBROOK",,"true","true","true",,,,,,,,,"true",,"FRONT",,,,,,,,,,,,,,,,,,,,,,,,,,,,,,,,,
"754929","JC463270","2019-10-07T12:10:00","4","PARKED",,"717112",,"FORD","Explorer","IL","2000","NONE","SPORT UTILITY VEHICLE (SUV)","PERSONAL","W","PARKED","true",,"0",,"COOK COUNTY TOWING","1648 N KOLMAR",,"true","true",,"true","true",,,"true","true","true",,,,"ROOF",,,,,,,,,,,,,,,,,,,,,,,,,,,,,,,,,
"755064","JC463604","2019-10-07T12:00:00","1","DRIVER",,"717221",,"UNKNOWN","UNKNOWN","IL",,"NONE","UNKNOWN/NA","UNKNOWN/NA","N","UNKNOWN/NA",,,"1",,,,,,,,,,,,,,,,,,"UNKNOWN",,,,,,,,,,,,,,,,,,,,,,,,,,,,,,,,,
"755065","JC463604","2019-10-07T12:00:00","2","PARKED",,"717224",,"TOYOTA MOTOR COMPANY, LTD.","RAV4 (sport utility)","IL","2015","NONE","SPORT UTILITY VEHICLE (SUV)","PERSONAL","N","PARKED",,,"0",,,,,,,,,,,"true","true","true","true","true",,,"ROOF",,,,,,,,,,,,,,,,,,,,,,,,,,,,,,,,,
"755011","JC463499","2019-10-07T12:00:00","1","DRIVER",,"717172",,"UNKNOWN","UNKNOWN",,,"UNKNOWN","UNKNOWN/NA","UNKNOWN/NA","UNKNOWN","UNKNOWN/NA",,,"1",,,,,,,,,,,,,,,,,"true","UNKNOWN",,,,,,,,,,,,,,,,,,,,,,,,,,,,,,,,,
"755012","JC463499","2019-10-07T12:00:00","2","PARKED",,"717174",,"NISSAN","VERSA","IL","2011","UNKNOWN","PASSENGER","PERSONAL","S","PARKED",,,"0",,,,,"true",,,,,,,,"true","true","true","true",,"TOTAL (ALL AREAS)",,,,,,,,,,,,,,,,,,,,,,,,,,,,,,,,,
"754953","JC463412","2019-10-07T12:00:00","1","DRIVER",,"717123",,"UNKNOWN","UNKNOWN",,,"UNKNOWN","UNKNOWN/NA","UNKNOWN/NA","W","UNKNOWN/NA",,,"1",,,,,,,,,,,,,,,,,"true","UNKNOWN",,,,,,,,,,,,,,,,,,,,,,,,,,,,,,,,,
"754954","JC463412","2019-10-07T12:00:00","2","DRIVER",,"717127",,"LINCOLN-CONTINENTAL","UNKNOWN","IL","2019","UNKNOWN","PASSENGER","PERSONAL","N","STRAIGHT AHEAD",,,"1",,,,,,,"true",,,,,,,,,,,"SIDE-RIGHT",,,,,,,,,,,,,,,,,,,,,,,,,,,,,,,,,
"754965","JC463296","2019-10-07T12:00:00","1","DRIVER",,"717136",,"KENWORTH MOTOR TRUCK CO.","KENWORTH MOTOR TRUCK CO.","IN","2013","UNKNOWN","TRACTOR W/O SEMI-TRAILER","UNKNOWN/NA","W","STRAIGHT AHEAD",,,"1",,,,,,,,,,,"true","true",,,,,,"FRONT-LEFT",,,,,,,,,,,,,,,,,,,,,,,,,,,,,,,,,
"754966","JC463296","2019-10-07T12:00:00","2","DRIVER",,"717139",,"FORD","Focus","IN","2008","UNKNOWN","PASSENGER","PERSONAL","N","STRAIGHT AHEAD","true",,"1",,"E&R TOWING","CITY POUND 02",,"true",,,,,,,,,"true","true","true",,"OTHER",,,,,,,,,,,,,,,,,,,,,,,,,,,,,,,,,
"754967","JC463296","2019-10-07T12:00:00","3","DRIVER","1","717149",,"NISSAN","VERSA","IL","2018","UNKNOWN","UNKNOWN/NA","PERSONAL","N","STRAIGHT AHEAD",,,"2",,,,,,,,,,,,"true","true","true",,,,"ROOF",,,,,,,,,,,,,,,,,,,,,,,,,,,,,,,,,
"754897","JC463269","2019-10-07T12:00:00","1","DRIVER",,"717068",,"NISSAN","Pathfinder","IL","2016","NONE","PASSENGER","PERSONAL","W","CHANGING LANES",,,"1",,,,,,,,,,,,,"true",,,,,"ROOF",,,,,,,,,,,,,,,,,,,,,,,,,,,,,,,,,
"754898","JC463269","2019-10-07T12:00:00","2","DRIVER",,"717072",,"CHEVROLET","IMPALA","IL","2016","NONE","PASSENGER","PERSONAL","W","STRAIGHT AHEAD",,,"1",,,,,,,"true",,,,,,,,,,,"SIDE-RIGHT",,,,,,,,,,,,,,,,,,,,,,,,,,,,,,,,,
"754891","JC463234","2019-10-07T11:55:00","1","DRIVER",,"717063",,"CHRYSLER","300","IL","2010","NONE","PASSENGER","PERSONAL","SE","STRAIGHT AHEAD",,,"1",,,,,"true",,,,,,,,,,,"true",,"FRONT",,,,,,,,,,,,,,,,,,,,,,,,,,,,,,,,,
"754892","JC463234","2019-10-07T11:55:00","2","DRIVER","1","717067",,"CHEVROLET","Trail Blazer","IL","2004","NONE","SPORT UTILITY VEHICLE (SUV)","PERSONAL","NW","TURNING LEFT",,,"2",,,,,,,"true","true","true",,,,,,,,,"ROOF",,,,,,,,,,,,,,,,,,,,,,,,,,,,,,,,,
"755032","JC463247","2019-10-07T11:45:00","1","DRIVER","1","717193",,"HONDA","CIVIC","IL","2018","NONE","PASSENGER","OTHER","W","STRAIGHT AHEAD","true",,"2",,,,,,,,,,,,,,,,,,"OTHER",,,,,,,,,,,,,,,,,,,,,,,,,,,,,,,,,
"755033","JC463247","2019-10-07T11:45:00","2","DRIVER","1","717194",,"FORD","F150","IL","2009","UNKNOWN","PICKUP","PERSONAL","W","UNKNOWN/NA",,,"2",,,,,,,,,,,,,,,,,"true","REAR-LEFT",,,,,,,,,,,,,,,,,,,,,,,,,,,,,,,,,
"755381","JC463219","2019-10-07T11:35:00","1","DRIVER",,"717531",,"CHEVROLET","UNKNOWN",,,"UNKNOWN","PASSENGER","UNKNOWN/NA","S","STRAIGHT AHEAD",,,"1",,,,,,,,,,,,,,,,"true",,"OTHER",,,,,,,,,,,,,,,,,,,,,,,,,,,,,,,,,