"crash_unit_id","rd_no","crash_date","unit_no","unit_type","num_passengers","vehicle_id","cmrc_veh_i","make","model","lic_plate_state","vehicle_year","vehicle_defect","vehicle_type","vehicle_use","travel_direction","maneuver","towed_i","fire_i","occupant_cnt","exceed_speed_limit_i","towed_by","towed_to","area_00_i","area_01_i","area_02_i","area_03_i","area_04_i","area_05_i","area_06_i","area_07_i","area_08_i","area_09_i","area_10_i","area_11_i","area_12_i","area_99_i","first_contact_point","cmv_id","usdot_no","ccmc_no","ilcc_no","commercial_src","gvwr","carrier_name","carrier_state","carrier_city","hazmat_placards_i","hazmat_name","un_no","hazmat_present_i","hazmat_report_i","hazmat_report_no","mcs_report_i","mcs_report_no","hazmat_vio_cause_crash_i","mcs_vio_cause_crash_i","idot_permit_no","wide_load_i","trailer1_width","trailer2_width","trailer1_length","trailer2_length","total_vehicle_length","axle_cnt","vehicle_config","cargo_body_type","load_type","hazmat_out_of_service_i","mcs_out_of_service_i","hazmat_class"
"754748","JC463012","2019-10-07T08:45:00","2","DRIVER","1","716950",,"NISSAN","NISSAN ALTIMA","IL","2016","NONE","PASSENGER","PERSONAL","N","STRAIGHT AHEAD",,,"2",,,,,,,,,,,,,,,"true",,,"TOTAL (ALL AREAS)",,,,,,,,,,,,,,,,,,,,,,,,,,,,,,,,,
"754792","JC463002","2019-10-07T08:45:00","1","DRIVER",,"716980",,"JEEP","CHEROKEE","IL",,"UNKNOWN","SPORT UTILITY VEHICLE (SUV)","UNKNOWN/NA","S","STRAIGHT AHEAD",,,"1",,,,,,"true",,,,,,,,,,,,"SIDE-RIGHT",,,,,,,,,,,,,,,,,,,,,,,,,,,,,,,,,
"754793","JC463002","2019-10-07T08:45:00","2","DRIVER","1","716988",,"DODGE","CARAVAN","IL","2013","NONE","VAN/MINI-VAN","PERSONAL","S","STRAIGHT AHEAD",,,"2",,,,,,,,,,,,,,"true",,,,"ROOF",,,,,,,,,,,,,,,,,,,,,,,,,,,,,,,,,
"754757","JC463023","2019-10-07T08:40:00","1","DRIVER",,"716957",,"TOYOTA MOTOR COMPANY, LTD.","CAMRY","IL","2009","NONE","PASSENGER","UNKNOWN/NA","N","STRAIGHT AHEAD",,,"1",,,,,"true","true","true","true",,,,,,,,,,"SIDE-RIGHT",,,,,,,,,,,,,,,,,,,,,,,,,,,,,,,,,
"754758","JC463023","2019-10-07T08:40:00","2","DRIVER",,"716961",,"HONDA","CIVIC","IL","2018","NONE","PASSENGER","PERSONAL","N","CHANGING LANES",,,"1",,,,,,,,,,,,,"true","true",,,,"ROOF",,,,,,,,,,,,,,,,,,,,,,,,,,,,,,,,,
"754765","JC463018","2019-10-07T08:40:00","1","DRIVER","1","716965",,"MINI","COOPER","IL","2014","NONE","PASSENGER","PERSONAL","E","TURNING RIGHT",,,"2",,,,,"false","true","true",,,,,,,,,,,"FRONT-RIGHT",,,,,,,,,,,,,,,,,,,,,,,,,,,,,,,,,
"754766","JC463018","2019-10-07T08:40:00","2","DRIVER",,"716971",,"HONDA","ACCORD","IL","1995","NONE","PASSENGER","PERSONAL","E","STRAIGHT AHEAD","true",,"1",,"STREETS RELO","3130 N LAKE SHORE DR",,,,,,,,,,,"true","true",,,"TOTAL (ALL AREAS)",,,,,,,,,,,,,,,,,,,,,,,,,,,,,,,,,
"754733","JC462959","2019-10-07T08:39:00","1","DRIVER",,"716933",,"FORD","EXPLORER","IL","2002","NONE","PICKUP","PERSONAL","N","STRAIGHT AHEAD","true",,"1",,"UNKNOWN","UNKNOWN",,,,,,,,,,,"true","true","true",,"FRONT",,,,,,,,,,,,,,,,,,,,,,,,,,,,,,,,,
"754734","JC462959","2019-10-07T08:39:00","2","DRIVER",,"716939",,"MERCEDES-BENZ","Sprinter","IL","2012","NONE","VAN/MINI-VAN","CONSTRUCTION/MAINTENANCE","E","STRAIGHT AHEAD","true",,"1",,"UNKNOWN","UNKNOWN",,"true","true",,,,,,,,,,"true",,"FRONT",,,,,,,,,,,,,,,,,,,,,,,,,,,,,,,,,
"755148","JC463719","2019-10-07T08:35:00","1","DRIVER",,"717319",,"HONDA","UNKNOWN","IL",,"OTHER","UNKNOWN/NA","PERSONAL","W","CHANGING LANES",,,"1",,,,,,,,,,,,,"true",,,,,"FRONT-RIGHT",,,,,,,,,,,,,,,,,,,,,,,,,,,,,,,,,
"755149","JC463719","2019-10-07T08:35:00","2","DRIVER",,"717309",,"TOYOTA MOTOR COMPANY, LTD.","CAMRY","IL","2009","NONE","PASSENGER","PERSONAL","W","STRAIGHT AHEAD",,,"1",,,,,,,"true",,,,,,,,,,,"UNDER CARRIAGE",,,,,,,,,,,,,,,,,,,,,,,,,,,,,,,,,
"754745","JC463004","2019-10-07T08:30:00","1","DRIVER",,"716943",,"KIA MOTORS CORP","UNKNOWN","IL","2017","UNKNOWN","SPORT UTILITY VEHICLE (SUV)","DRIVER EDUCATION","N","LEAVING TRAFFIC LANE TO PARK",,,"1",,,,,,,,"true","true",,,,,,,,,"REAR-RIGHT",,,,,,,,,,,,,,,,,,,,,,,,,,,,,,,,,
"754746","JC463004","2019-10-07T08:30:00","2","DRIVER","1","716956",,"CHEVROLET","EQUINOX","IL","2015","NONE","SPORT UTILITY VEHICLE (SUV)","PERSONAL","N","STRAIGHT AHEAD",,,"2",,,,,"true",,,,,,,,,,,,,"SIDE-RIGHT",,,,,,,,,,,,,,,,,,,,,,,,,,,,,,,,,
"754759","JC462997","2019-10-07T08:30:00","1","DRIVER",,"716955",,"PONTIAC","Sunfire","IL","1900","UNKNOWN","PASSENGER","UNKNOWN/NA","E","STRAIGHT AHEAD",,,"1",,,,,,,,,,,,,,,,"true",,"OTHER",,,,,,,,,,,,,,,,,,,,,,,,,,,,,,,,,
"754760","JC462997","2019-10-07T08:30:00","2","DRIVER",,"716964",,"FORD","UNKNOWN",,"2017","NONE","VAN/MINI-VAN","OTHER","E","SLOW/STOP IN TRAFFIC",,,"1",,,,,,,,,,"true",,,,,,,,"REAR-LEFT",,,,,,,,,,,,,,,,,,,,,,,,,,,,,,,,,
"754753","JC462996","2019-10-07T08:30:00","1","DRIVER",,"716960",,"ACURA","ACURA","IL","2002","UNKNOWN","PASSENGER","UNKNOWN/NA","S","STRAIGHT AHEAD",,,"1",,,,,,,,,,,,,,,,"true",,"OTHER",,,,,,,,,,,,,,,,,,,,,,,,,,,,,,,,,
"754754","JC462996","2019-10-07T08:30:00","2","DRIVER",,"716966",,"TOYOTA MOTOR COMPANY, LTD.","COROLLA","IL","2008","NONE","PASSENGER","PERSONAL","S","SLOW/STOP IN TRAFFIC",,,"1",,,,,,,,,,"true",,,,,,,,"REAR-LEFT",,,,,,,,,,,,,,,,,,,,,,,,,,,,,,,,,
"754805","JC462986","2019-10-07T08:30:00","1","DRIVER",,"717000",,"CHEVROLET","UNKNOWN","IL","2000","NONE","PASSENGER","PERSONAL","SE","TURNING LEFT",,,"1",,,,"true",,,,,,,,,,,,,,"NONE",,,,,,,,,,,,,,,,,,,,,,,,,,,,,,,,,
"754806","JC462986","2019-10-07T08:30:00","2","PEDESTRIAN",,,,,,,,,,,,,,,,,,,,,,,,,,,,,,,,,,,,,,,,,,,,,,,,,,,,,,,,,,,,,,,,,,
"754779","JC462969","2019-10-07T08:30:00","1","DRIVER",,"716975",,"LAND ROVER","LAND ROVER","IL","2013","NONE","PASSENGER","PERSONAL","W","BACKING",,,"1",,,,,,,,,,,"true",,,,,,,"FRONT-LEFT",,,,,,,,,,,,,,,,,,,,,,,,,,,,,,,,,
"754800","JC462969","2019-10-07T08:30:00","2","BICYCLE",,,,,,,,,,,,,,,,,,,,,,,,,,,,,,,,,,,,,,,,,,,,,,,,,,,,,,,,,,,,,,,,,,
"754811","JC462967","2019-10-07T08:26:00","1","DRIVER",,"717006",,"CHEVROLET","IMPALA","IL","2006","NONE","PASSENGER","PERSONAL","S","STRAIGHT AHEAD",,,"1",,,,,,,,,,,,,,,"true",,,"TOTAL (ALL AREAS)",,,,,,,,,,,,,,,,,,,,,,,,,,,,,,,,,
"754812","JC462967","2019-10-07T08:26:00","2","PARKED",,"717008",,"FORD","ESCAPE (SUV)","IL","2002","NONE","SPORT UTILITY VEHICLE (SUV)","NOT IN USE","S","PARKED",,,"0",,,,,,,,,"true",,,,,,,,,"REAR",,,,,,,,,,,,,,,,,,,,,,,,,,,,,,,,,
"755931","JC465332","2019-10-07T08:25:00","1","DRIVER",,"718042",,"HONDA","CRV","IL","2004","UNKNOWN","PASSENGER","PERSONAL","N","STRAIGHT AHEAD",,,"1",,,,,"true",,,,,,,,,,"true","true",,"OTHER",,,,,,,,,,,,,,,,,,,,,,,,,,,,,,,,,
"755932","JC465332","2019-10-07T08:25:00","2","DRIVER",,"718045",,"DODGE","CHARGER","IL","2007","UNKNOWN","PASSENGER","PERSONAL","N","STRAIGHT AHEAD",,,"1",,,,,,,,,"true","true","true",,,,,,,"REAR-LEFT",,,,,,,,,,,,,,,,,,,,,,,,,,,,,,,,,
"754755","JC462973","2019-10-07T08:20:00","1","DRIVER","2","716958",,"HONDA","CIVIC","IL","2008","UNKNOWN","PASSENGER","PERSONAL","W","ENTERING TRAFFIC LANE FROM PARKING",,,"3",,,,,,,,,,,,"true","true","true","false",,,"ROOF",,,,,,,,,,,,,,,,,,,,,,,,,,,,,,,,,
"754756","JC462973","2019-10-07T08:20:00","2","DRIVER",,"716967",,"HONDA","Odyssey (minivan)","IL","2006","UNKNOWN","VAN/MINI-VAN","PERSONAL","W","STRAIGHT AHEAD",,,"1",,,,,"true",,,,,,,,,,,,,"FRONT",,,,,,,,,,,,,,,,,,,,,,,,,,,,,,,,,
"754751","JC462968","2019-10-07T08:20:00","1","DRIVER",,"716953",,"FORD","UNKNOWN","IL","2016","UNKNOWN","PASSENGER","PERSONAL","SE","TURNING LEFT",,,"1",,,,,,,,"true","true",,,,,,,,,"REAR-RIGHT",,,,,,,,,,,,,,,,,,,,,,,,,,,,,,,,,
"754752","JC462968","2019-10-07T08:20:00","2","DRIVER",,"716959",,"JEEP","UNKNOWN","IL","2019","UNKNOWN","PASSENGER","PERSONAL","N","STRAIGHT AHEAD","true",,"1",,,,,"true","true",,,,,,,,,,,,"FRONT",,,,,,,,,,,,,,,,,,,,,,,,,,,,,,,,,
"754761","JC462964","2019-10-07T08:20:00","1","DRIVER",,"716962",,"PETERBILT MOTORS CO., DIVISION PACCAR, INC.","UNKNOWN","IL","2000","UNKNOWN","TRACTOR W/O SEMI-TRAILER","CONSTRUCTION/MAINTENANCE","E","BACKING",,,"1",,,,"true",,,,,,,,,,,,,,"REAR",,,,,,,,,,,,,,,,,,,,,,,,,,,,,,,,,
"754762","JC462964","2019-10-07T08:20:00","2","DRIVER",,"716970",,"TOYOTA MOTOR COMPANY, LTD.","UNKNOWN","IL","2012","UNKNOWN","PASSENGER","PERSONAL","S","TURNING RIGHT",,,"1",,,,,,,"false","true","true",,,,,,,,,"REAR",,,,,,,,,,,,,,,,,,,,,,,,,,,,,,,,,
"755050","JC463574","2019-10-07T08:15:00","1","DRIVER",,"717217",,"TOYOTA MOTOR COMPANY, LTD.","Sienna (van)","IL","2006","UNKNOWN","PASSENGER","PERSONAL","S","BACKING",,,"1",,,,,,,,,"true","true","true",,,,,,,"REAR-LEFT",,,,,,,,,,,,,,,,,,,,,,,,,,,,,,,,,
"755051","JC463574","2019-10-07T08:15:00","2","DRIVER",,"717259",,"VOLVO","UNKNOWN","IL",,"UNKNOWN","PASSENGER","PERSONAL","N","OTHER",,,"1",,,,,"true",,,,,,,,,,"true","true",,"OTHER",,,,,,,,,,,,,,,,,,,,,,,,,,,,,,,,,
"754856","JC462946","2019-10-07T08:12:00","1","DRIVER",,"717047",,"HYUNDAI","ELANTRA","PA","2005","UNKNOWN","PASSENGER","PERSONAL","S","STRAIGHT AHEAD","true",,"1",,"unknown","unknown",,"true",,,,,,,,,,"true","true",,"OTHER",,,,,,,,,,,,,,,,,,,,,,,,,,,,,,,,,
"754857","JC462946","2019-10-07T08:12:00","2","PARKED",,"717049",,"CHEVROLET","SILVERADO","IL","2002","NONE","PICKUP","NOT IN USE","S","PARKED",,,"0",,,,,"true",,,,"true","true","true",,,,"true","true",,"REAR-LEFT",,,,,,,,,,,,,,,,,,,,,,,,,,,,,,,,,
"754858","JC462946","2019-10-07T08:12:00","3","PARKED",,"717051",,"HONDA","Odyssey (minivan)","IL","2002","NONE","VAN/MINI-VAN","NOT IN USE","S","PARKED",,,"0",,,,,,,,,"true","true","true",,,,,,,"REAR-LEFT",,,,,,,,,,,,,,,,,,,,,,,,,,,,,,,,,
"754725","JC462935","2019-10-07T08:11:00","1","DRIVER",,"716925","true","INTERNATIONAL TRAILER CORP.","INTERNATIONAL TRAILER CORP.","IL","2014","NONE","TRUCK - SINGLE UNIT","COMMERCIAL - SINGLE UNIT","S","STRAIGHT AHEAD",,,"1",,,,,"true",,,,,,,,,,,"true",,"FRONT","8350","1742100",,,"DRIVER","2","IN HOUSE DELIVERY SYSTEMS","IL","NILES",,,,"N","N",,"N",,"N","N","1742100",,,,,,"26","2","SINGLE UNIT TRUCK, 2 AXLES, 6 TIRES","VAN/ENCLOSED BOX","OTHER","false","false",
"754767","JC463010","2019-10-07T08:05:00","1","DRIVER",,"716968",,"NISSAN","UNKNOWN","IL",,"UNKNOWN","PASSENGER","UNKNOWN/NA","N","TURNING LEFT",,,"1",,,,,,,,,,,,,,,,,"true","OTHER",,,,,,,,,,,,,,,,,,,,,,,,,,,,,,,,,
"754768","JC463010","2019-10-07T08:05:00","2","PEDESTRIAN",,,,,,,,,,,,,,,,,,,,,,,,,,,,,,,,,,,,,,,,,,,,,,,,,,,,,,,,,,,,,,,,,,
"754780","JC462957","2019-10-07T08:05:00","1","DRIVER",,"716977",,"FORD","EDGE","IL","2007","NONE","SPORT UTILITY VEHICLE (SUV)","PERSONAL","E","STRAIGHT AHEAD",,,"1",,,,,,,,,,,,,,,,,,"OTHER",,,,,,,,,,,,,,,,,,,,,,,,,,,,,,,,,
"754781","JC462957","2019-10-07T08:05:00","2","PEDESTRIAN",,,,,,,,,,,,,,,,,,,,,,,,,,,,,,,,,,,,,,,,,,,,,,,,,,,,,,,,,,,,,,,,,,
"754843","JC463020","2019-10-07T08:00:00","1","DRIVER","1","717561",,"CHEVROLET","UNKNOWN","IL","2015","UNKNOWN","PASSENGER","UNKNOWN/NA","N","OTHER",,,"2",,,,,"false","true","true",,"false","false","false",,,,,,,"FRONT",,,,,,,,,,,,,,,,,,,,,,,,,,,,,,,,,
"754844","JC463020","2019-10-07T08:00:00","2","DRIVER","1","717568",,"TOYOTA MOTOR COMPANY, LTD.","UNKNOWN","IL","2016","NONE","PASSENGER","PERSONAL","N","STRAIGHT AHEAD",,,"2",,,,,,,,,"true","true","true","true","true",,,,,,,,,,,,,,,,,,,,,,,,,,,,,,,,,,,,,,
"754771","JC462947","2019-10-07T07:55:00","1","DRIVER","1","716972",,"MACK TRUCKS, INC.","MACK TRUCKS, INC.","IL","1994","UNKNOWN","TRUCK - SINGLE UNIT","OTHER","E","STRAIGHT AHEAD",,,"2",,,,,,,,,"true",,,,,,,,,"REAR-RIGHT",,,,,,,,,,,,,,,,,,,,,,,,,,,,,,,,,
"754772","JC462947","2019-10-07T07:55:00","2","DRIVER","1","716985",,"NEW FLYER","NEW FLYER","IL","2014","UNKNOWN","BUS OVER 15 PASS.","CTA","E","OTHER",,,"2",,,,,,,,,,,,"true",,"false","false",,,"SIDE-LEFT",,,,,,,,,,,,,,,,,,,,,,,,,,,,,,,,,
"754715","JC462929","2019-10-07T07:50:00","1","DRIVER",,"716920",,"HONDA","FIT","IL","2017","NONE","PASSENGER","PERSONAL","N","SLOW/STOP IN TRAFFIC",,,"1",,,,,,,,,,,,,,,,"true",,"OTHER",,,,,,,,,,,,,,,,,,,,,,,,,,,,,,,,,
"754716","JC462929","2019-10-07T07:50:00","2","DRIVER",,"716916",,"TOYOTA MOTOR COMPANY, LTD.","RAV4 (sport utility)","IL","2018","NONE","SPORT UTILITY VEHICLE (SUV)","PERSONAL","N","SLOW/STOP IN TRAFFIC",,,"1",,,,,,,,,,"true",,,,,,,,"REAR-LEFT",,,,,,,,,,,,,,,,,,,,,,,,,,,,,,,,,
"754763","JC462987","2019-10-07T07:45:00","1","DRIVER",,"716963",,"HONDA","Pilot","IL","2013","NONE","PASSENGER","PERSONAL","N","STRAIGHT AHEAD",,,"1",,,,,,,,"true",,,,,,,,,,"SIDE-RIGHT",,,,,,,,,,,,,,,,,,,,,,,,,,,,,,,,,
"754764","JC462987","2019-10-07T07:45:00","2","DRIVER",,"716969",,"TOYOTA MOTOR COMPANY, LTD.","CAMRY","IL","2005","NONE","PASSENGER","PERSONAL","W","TURNING RIGHT",,,"1",,,,,,,,,,,,,,,"true","true",,"TOTAL (ALL AREAS)",,,,,,,,,,,,,,,,,,,,,,,,,,,,,,,,,
"754717","JC462934","2019-10-07T07:45:00","1","DRIVER",,"716922",,"KIA MOTORS CORP","Sedona","IL","2016","NONE","VAN/MINI-VAN","UNKNOWN/NA","E","CHANGING LANES",,,"1",,,,,,,,,,,,,"true","true","true","false",,"FRONT",,,,,,,,,,,,,,,,,,,,,,,,,,,,,,,,,
"754718","JC462934","2019-10-07T07:45:00","2","DRIVER",,"716918",,"CHEVROLET","IMPALA","IL","2018","NONE","PASSENGER","PERSONAL","E","STRAIGHT AHEAD",,,"1",,,,,,,"true","true","true",,,,,,,,,"REAR",,,,,,,,,,,,,,,,,,,,,,,,,,,,,,,,,
"754743","JC462932","2019-10-07T07:45:00","1","DRIVER",,"716946",,"FORD","ESCAPE (SUV)","IL","2013","NONE","PASSENGER","PERSONAL","S","PASSING/OVERTAKING",,,"1",,,,,,"true","true","true",,,,,,,,,,"FRONT-RIGHT",,,,,,,,,,,,,,,,,,,,,,,,,,,,,,,,,
"754744","JC462932","2019-10-07T07:45:00","2","DRIVER",,"716954",,"JEEP","UNKNOWN","IL","2017","NONE","PASSENGER","PERSONAL","S","STRAIGHT AHEAD",,,"1",,,,,,,,,,,"true",,,,,,,"SIDE-LEFT",,,,,,,,,,,,,,,,,,,,,,,,,,,,,,,,,
"754719","JC462942","2019-10-07T07:43:00","1","DRIVER",,"716924",,"FORD","EXPEDITION","IL","2017","UNKNOWN","PASSENGER","PERSONAL","N","BACKING",,,"1",,,,"true",,,,,,,,,,,,,,"NONE",,,,,,,,,,,,,,,,,,,,,,,,,,,,,,,,,
"754720","JC462942","2019-10-07T07:43:00","2","DRIVER",,"716928",,"CHEVROLET","SUBURBAN","IL","2018","UNKNOWN","PASSENGER","PERSONAL","N","OTHER",,,"1",,,,,,,,,,,,,,,"true",,,"TOTAL (ALL AREAS)",,,,,,,,,,,,,,,,,,,,,,,,,,,,,,,,,
"754728","JC462924","2019-10-07T07:41:00","1","DRIVER",,"716930","false","FORD","FUSION","IL","2014","NONE","PASSENGER","OTHER","N","STRAIGHT AHEAD",,,"1",,,,,"true",,,,,,,,,,"true","true",,"OTHER",,,,,,,,,,,,,,,,,,,,,,,,,,,,,,,,,
"754729","JC462924","2019-10-07T07:41:00","2","DRIVER","2","716936",,"DODGE","CARAVAN","IL","2007","NONE","VAN/MINI-VAN","PERSONAL","N","SLOW/STOP IN TRAFFIC","true",,"3",,"private",,,"true",,,,"true","true","true",,,,"true","true",,"REAR-LEFT",,,,,,,,,,,,,,,,,,,,,,,,,,,,,,,,,
"754730","JC462924","2019-10-07T07:41:00","3","DRIVER","1","716948",,"FORD","EXPLORER","IL","2014","NONE","PASSENGER","PERSONAL","N","SLOW/STOP IN TRAFFIC",,"false","2",,,,,,,,,"true","true","true",,,,,,,"REAR-LEFT",,,,,,,,,,,,,,,,,,,,,,,,,,,,,,,,,
"756107","JC465745","2019-10-07T07:40:00","1","DRIVER",,"718220",,"ACURA","ACURA","IL","2014","OTHER","PASSENGER","PERSONAL","N","STRAIGHT AHEAD",,,"1",,,,,,,,,,,,,,,,,"true","UNKNOWN",,,,,,,,,,,,,,,,,,,,,,,,,,,,,,,,,
"756132","JC465745","2019-10-07T07:40:00","2","PEDESTRIAN",,,,,,,,,,,,,,,,,,,,,,,,,,,,,,,,,,,,,,,,,,,,,,,,,,,,,,,,,,,,,,,,,,
"754726","JC462925","2019-10-07T07:35:00","1","DRIVER",,"716927",,"NEW FLYER","NEW FLYER","IL","2008","UNKNOWN","OTHER","OTHER","NW","TURNING RIGHT",,,"1",,,,,,,,,,,"true",,,,,,,"SIDE-LEFT",,,,,,,,,,,,,,,,,,,,,,,,,,,,,,,,,
"754727","JC462925","2019-10-07T07:35:00","2","DRIVER",,"716929",,"VOLKSWAGEN","JETTA","IL","2019","UNKNOWN","PASSENGER","PERSONAL","W","STRAIGHT AHEAD",,,"1",,,,,"false","true","true",,,,,,,,,,,"SIDE-RIGHT",,,,,,,,,,,,,,,,,,,,,,,,,,,,,,,,,
"755239","JC463888","2019-10-07T07:30:00","1","DRIVER",,"717389",,"FORD","RANGER","IL","1998","NONE","PICKUP","PERSONAL","W","STRAIGHT AHEAD",,,"1",,,,,,,,,,,,,,,,"true",,"OTHER",,,,,,,,,,,,,,,,,,,,,,,,,,,,,,,,,
"755240","JC463888","2019-10-07T07:30:00","2","DRIVER",,"717400",,"NISSAN","ROGUE","IL","2013","NONE","SPORT UTILITY VEHICLE (SUV)","PERSONAL","W","STRAIGHT AHEAD",,,"1",,,,,,,,,,"true",,,,,,,,"REAR-LEFT",,,,,,,,,,,,,,,,,,,,,,,,,,,,,,,,,
"756005","JC463766","2019-10-07T07:30:00","1","DRIVER",,"718118",,"TOYOTA MOTOR COMPANY, LTD.","CAMRY","IL","1999","UNKNOWN","PASSENGER","UNKNOWN/NA","S","STRAIGHT AHEAD",,,"1",,,,,,,,,,,,,,,"true","true",,"TOTAL (ALL AREAS)",,,,,,,,,,,,,,,,,,,,,,,,,,,,,,,,,
"756006","JC463766","2019-10-07T07:30:00","2","DRIVER",,"718119",,"HYUNDAI","SONATA",,"2013","NONE","PASSENGER","PERSONAL","E","STRAIGHT AHEAD",,,"1",,,,,,,,,,,,,,,"true",,,"TOTAL (ALL AREAS)",,,,,,,,,,,,,,,,,,,,,,,,,,,,,,,,,
"754950","JC463429","2019-10-07T07:30:00","1","DRIVER",,"717119",,"CHEVROLET","EQUINOX","IL","2017","NONE","SPORT UTILITY VEHICLE (SUV)","PERSONAL","W","CHANGING LANES",,,"1",,,,,,,,,,,,,,,"true",,,"TOTAL (ALL AREAS)",,,,,,,,,,,,,,,,,,,,,,,,,,,,,,,,,
"754951","JC463429","2019-10-07T07:30:00","2","DRIVER",,"717122",,"HYUNDAI","TUCSON","IL","2012","UNKNOWN","SPORT UTILITY VEHICLE (SUV)","PERSONAL","W","STRAIGHT AHEAD",,,"1",,,,,,,"true","true",,,,,,,,,,"SIDE-RIGHT",,,,,,,,,,,,,,,,,,,,,,,,,,,,,,,,,
"754731","JC462931","2019-10-07T07:30:00","1","DRIVER",,"716932",,"UNKNOWN","UNKNOWN","IL",,"UNKNOWN","UNKNOWN/NA","UNKNOWN/NA","W","SLOW/STOP IN TRAFFIC",,,"1",,,,,,,,,,,,,,,,,,"OTHER",,,,,,,,,,,,,,,,,,,,,,,,,,,,,,,,,
"754732","JC462931","2019-10-07T07:30:00","2","DRIVER",,"716938",,"CHEVROLET","MALIBU (CHEVELLE)","IL","2003","UNKNOWN","PASSENGER","PERSONAL","W","STRAIGHT AHEAD",,,"1",,,,,,,,,"true","true",,,,,,,,"REAR",,,,,,,,,,,,,,,,,,,,,,,,,,,,,,,,,
"754710","JC462915","2019-10-07T07:30:00","1","DRIVER",,"716910",,"CHEVROLET","UNKNOWN","IL","2015","UNKNOWN","PASSENGER","PERSONAL","N","STRAIGHT AHEAD",,,"1",,,,,,,,,,,,,,,,"true",,"OTHER",,,,,,,,,,,,,,,,,,,,,,,,,,,,,,,,,
"754711","JC462915","2019-10-07T07:30:00","2","PARKED",,"716913",,"NISSAN","NISSAN ALTIMA","IL","2004","UNKNOWN","PASSENGER","PERSONAL","N","PARKED",,,"0",,,,,,,,,,"true","true",,,,,"true",,"REAR-LEFT",,,,,,,,,,,,,,,,,,,,,,,,,,,,,,,,,
"754712","JC462915","2019-10-07T07:30:00","3","PARKED",,"716917",,"HYUNDAI","ELANTRA","IL","2015","UNKNOWN","PASSENGER","PERSONAL","N","PARKED",,,"0",,,,,,,,,,,,,,,,,,"REAR-LEFT",,,,,,,,,,,,,,,,,,,,,,,,,,,,,,,,,
"754741","JC462911","2019-10-07T07:23:00","1","DRIVER","1","716941",,"CHEVROLET","CORVETTE","IL","2017","NONE","PASSENGER","PERSONAL","W","STRAIGHT AHEAD","false",,"2",,,,,,,,,,,,,,"true","true",,,"UNDER CARRIAGE",,,,,,,,,,,,,,,,,,,,,,,,,,,,,,,,,
"754742","JC462911","2019-10-07T07:23:00","2","DRIVER",,"716951",,"FORD","ESCAPE (SUV)","IL","2018","NONE","PASSENGER","PERSONAL","N","STRAIGHT AHEAD",,,"1",,,,,"true","true",,,,,,,,,"true","true",,"FRONT-RIGHT",,,,,,,,,,,,,,,,,,,,,,,,,,,,,,,,,
"757300","JC467796","2019-10-07T07:21:00","1","DRIVER",,"719349",,"TOYOTA MOTOR COMPANY, LTD.","UNKNOWN","IL",,"UNKNOWN","UNKNOWN/NA","UNKNOWN/NA","W","TURNING LEFT",,,"1",,,,,,,,,,,,,,,,,"true","UNKNOWN",,,,,,,,,,,,,,,,,,,,,,,,,,,,,,,,,
"757301","JC467796","2019-10-07T07:21:00","2","DRIVER","1","719351",,"HONDA","Element","IL","2005","NONE","PASSENGER","PERSONAL","W","STRAIGHT AHEAD",,,"2",,,,,,,,,,,"true","true",,,,,,"SIDE-LEFT",,,,,,,,,,,,,,,,,,,,,,,,,,,,,,,,,
"754701","JC462905","2019-10-07T07:17:00","1","DRIVER",,"716902",,"DODGE","CARAVAN","IL","2011","UNKNOWN","PASSENGER","PERSONAL","E","STRAIGHT AHEAD",,,"1",,,,,"true",,,,,,,,,,"true","true",,"OTHER",,,,,,,,,,,,,,,,,,,,,,,,,,,,,,,,,
"754702","JC462905","2019-10-07T07:17:00","2","DRIVER",,"716907",,"CHRYSLER","300","IL","2017","UNKNOWN","PASSENGER","PERSONAL","E","STRAIGHT AHEAD",,,"1",,,,,,,,,,,"true",,,,,,,"REAR-LEFT",,,,,,,,,,,,,,,,,,,,,,,,,,,,,,,,,
"755070","JC463602","2019-10-07T07:15:00","1","DRIVER",,"717232",,"HYUNDAI","SONATA","IL",,"UNKNOWN","PASSENGER","UNKNOWN/NA","S","STRAIGHT AHEAD",,,"1",,,,,,,,,,,,,,,,"true",,"OTHER",,,,,,,,,,,,,,,,,,,,,,,,,,,,,,,,,
"755071","JC463602","2019-10-07T07:15:00","2","DRIVER",,"717236",,"LEXUS","ES350","IL","2008","NONE","PASSENGER","PERSONAL","S","STRAIGHT AHEAD",,,"1",,,,,"true",,,,,"true",,,,,,"true",,"REAR-LEFT",,,,,,,,,,,,,,,,,,,,,,,,,,,,,,,,,
"755072","JC463602","2019-10-07T07:15:00","3","DRIVER",,"717253",,"UNKNOWN","UNKNOWN","OH",,"UNKNOWN","PASSENGER","PERSONAL","S","STRAIGHT AHEAD",,,"1",,,,,,,,,,"true",,,,,,,,"REAR-LEFT",,,,,,,,,,,,,,,,,,,,,,,,,,,,,,,,,
"755379","JC463195","2019-10-07T07:15:00","1","DRIVER",,"717532",,"NISSAN","Pathfinder","IL","2001","UNKNOWN","PASSENGER","PERSONAL","N","STRAIGHT AHEAD",,,"1",,,,,,,,,,,,,,,,"true",,"OTHER",,,,,,,,,,,,,,,,,,,,,,,,,,,,,,,,,