"crash_unit_id","rd_no","crash_date","unit_no","unit_type","num_passengers","vehicle_id","cmrc_veh_i","make","model","lic_plate_state","vehicle_year","vehicle_defect","vehicle_type","vehicle_use","travel_direction","maneuver","towed_i","fire_i","occupant_cnt","exceed_speed_limit_i","towed_by","towed_to","area_00_i","area_01_i","area_02_i","area_03_i","area_04_i","area_05_i","area_06_i","area_07_i","area_08_i","area_09_i","area_10_i","area_11_i","area_12_i","area_99_i","first_contact_point","cmv_id","usdot_no","ccmc_no","ilcc_no","commercial_src","gvwr","carrier_name","carrier_state","carrier_city","hazmat_placards_i","hazmat_name","un_no","hazmat_present_i","hazmat_report_i","hazmat_report_no","mcs_report_i","mcs_report_no","hazmat_vio_cause_crash_i","mcs_vio_cause_crash_i","idot_permit_no","wide_load_i","trailer1_width","trailer2_width","trailer1_length","trailer2_length","total_vehicle_length","axle_cnt","vehicle_config","cargo_body_type","load_type","hazmat_out_of_service_i","mcs_out_of_service_i","hazmat_class"
"755380","JC463195","2019-10-07T07:15:00","2","DRIVER",,"717534",,"BUICK","LUCERNE","IL","2007","NONE","PASSENGER","PERSONAL","N","SLOW/STOP IN TRAFFIC",,,"1",,,,,,,,,,"true","true",,,,,,,"REAR-LEFT",,,,,,,,,,,,,,,,,,,,,,,,,,,,,,,,,
"754705","JC462919","2019-10-07T07:15:00","1","DRIVER",,"716905",,"HONDA","Odyssey (minivan)","IL","2008","NONE","VAN/MINI-VAN","PERSONAL","N","TURNING LEFT",,,"1",,,,,"true",,,,,,,,,,,,,"FRONT",,,,,,,,,,,,,,,,,,,,,,,,,,,,,,,,,
"754706","JC462919","2019-10-07T07:15:00","2","DRIVER",,"716908",,"HONDA","CIVIC","IL","2018","NONE","PASSENGER","PERSONAL","E","STRAIGHT AHEAD",,,"1",,,,,,,,"true","true",,,,,,,,,"REAR",,,,,,,,,,,,,,,,,,,,,,,,,,,,,,,,,
"754713","JC462914","2019-10-07T07:15:00","1","DRIVER",,"716912",,"MERCEDES-BENZ","C300","IL","2014","NONE","PASSENGER","PERSONAL","S","TURNING LEFT",,,"1",,,,,"true","true",,,,,,,,,,,,"FRONT",,,,,,,,,,,,,,,,,,,,,,,,,,,,,,,,,
"754714","JC462914","2019-10-07T07:15:00","2","DRIVER",,"716919",,"SUBARU","FORESTER","IL","2016","NONE","SPORT UTILITY VEHICLE (SUV)","PERSONAL","S","TURNING LEFT",,,"4",,,,,,,,,,,,"true","true",,,,,"FRONT-LEFT",,,,,,,,,,,,,,,,,,,,,,,,,,,,,,,,,
"754693","JC462901","2019-10-07T07:11:00","1","DRIVER",,"716896",,"FORD","F250","IL","1999","NONE","PICKUP","PERSONAL","N","AVOIDING VEHICLES/OBJECTS","true",,"1",,"owner","owners garage",,"true","true","true",,,,,,,,,,,"FRONT",,,,,,,,,,,,,,,,,,,,,,,,,,,,,,,,,
"754694","JC462901","2019-10-07T07:11:00","2","PARKED",,"716906",,"FORD","FUSION","IL","2018","UNKNOWN","PASSENGER","PERSONAL","N","PARKED",,,"0",,,,,,,,,,,"true","true","true","true","true",,,"SIDE-LEFT",,,,,,,,,,,,,,,,,,,,,,,,,,,,,,,,,
"756057","JC465646","2019-10-07T07:00:00","1","DRIVER",,"718160",,"UNKNOWN","UNKNOWN",,,"UNKNOWN","UNKNOWN/NA","UNKNOWN/NA","UNKNOWN","UNKNOWN/NA",,,"1",,,,,,,,,,,,,,,,,"true","UNKNOWN",,,,,,,,,,,,,,,,,,,,,,,,,,,,,,,,,
"756058","JC465646","2019-10-07T07:00:00","2","PARKED",,"718166",,"VOLVO","V70","IL","2005","NONE","PASSENGER","NOT IN USE","E","PARKED",,,"0",,,,,"true",,,,,,,,,,,,,"FRONT",,,,,,,,,,,,,,,,,,,,,,,,,,,,,,,,,
"755034","JC463537","2019-10-07T07:00:00","1","DRIVER",,"717198",,"CHEVROLET","MALIBU (CHEVELLE)","IL",,"UNKNOWN","PASSENGER","PERSONAL","N","STRAIGHT AHEAD",,,"1",,,,,,,,,,,,,,,,"true",,"OTHER",,,,,,,,,,,,,,,,,,,,,,,,,,,,,,,,,
"755035","JC463537","2019-10-07T07:00:00","2","DRIVER",,"717201",,"NISSAN","SENTRA (DATSUN AND NISSAN HAVE MERGED)","IL",,"NONE","PASSENGER","PERSONAL","E","STRAIGHT AHEAD",,,"1",,,,,"true","true","true",,,,,,,,,,,"ROOF",,,,,,,,,,,,,,,,,,,,,,,,,,,,,,,,,
"754790","JC462970","2019-10-07T07:00:00","1","DRIVER",,"716990",,"HONDA","UNKNOWN","IL","2006","UNKNOWN","VAN/MINI-VAN","UNKNOWN/NA","UNKNOWN","UNKNOWN/NA",,,"1",,,,,,,,,,,,,,,,,"true","UNKNOWN",,,,,,,,,,,,,,,,,,,,,,,,,,,,,,,,,
"754791","JC462970","2019-10-07T07:00:00","2","PARKED",,"716994",,"FORD","Focus","IL","2014","NONE","PASSENGER","UNKNOWN/NA","E","PARKED","true",,"0",,"PENDING","PENDING",,"true","true","true","true","true",,,,,,,,,"SIDE-RIGHT",,,,,,,,,,,,,,,,,,,,,,,,,,,,,,,,,
"754703","JC462912","2019-10-07T07:00:00","1","DRIVER",,"716911","false","MACK TRUCKS, INC.","MACK TRUCKS, INC.","IL","1987","UNKNOWN","TRUCK - SINGLE UNIT","UNKNOWN/NA","E","STRAIGHT AHEAD",,,"1",,,,"true","true",,,,,,,,,,,,,"FRONT",,,,,,,,,,,,,,,,,,,,,,,,,,,,,,,,,
"754704","JC462912","2019-10-07T07:00:00","2","DRIVER",,"716926",,"VOLKSWAGEN","TIGUAN","IL","2017","NONE","PASSENGER","PERSONAL","N","STRAIGHT AHEAD",,,"1",,,,,,,,,,,,,,,"true",,,"TOTAL (ALL AREAS)",,,,,,,,,,,,,,,,,,,,,,,,,,,,,,,,,
"754698","JC462887","2019-10-07T06:49:00","1","DRIVER","1","716914",,"NISSAN","ROGUE","IL","2015","UNKNOWN","SPORT UTILITY VEHICLE (SUV)","PERSONAL","W","NEGOTIATING A CURVE","true",,"2",,"five star towing","tbd",,"true","true","true","true","true",,"true","true","true","true","true","true",,"TOTAL (ALL AREAS)",,,,,,,,,,,,,,,,,,,,,,,,,,,,,,,,,
"754739","JC463003","2019-10-07T06:45:00","1","DRIVER",,"716940",,"NISSAN","SENTRA (DATSUN AND NISSAN HAVE MERGED)","IL",,"UNKNOWN","PASSENGER","UNKNOWN/NA","N","STRAIGHT AHEAD",,,"1",,,,,,,,,,,,,,,,"true",,"OTHER",,,,,,,,,,,,,,,,,,,,,,,,,,,,,,,,,
"754740","JC463003","2019-10-07T06:45:00","2","DRIVER",,"716949",,"HYUNDAI","ELANTRA","IL","2006","UNKNOWN","PASSENGER","PERSONAL","N","SLOW/STOP IN TRAFFIC",,,"1",,,,,,,,,,"true",,,,,,,,"REAR-LEFT",,,,,,,,,,,,,,,,,,,,,,,,,,,,,,,,,
"754689","JC462891","2019-10-07T06:45:00","1","DRIVER",,"716893",,"FORD","Focus","IL","2018","UNKNOWN","PASSENGER","PERSONAL","E","CHANGING LANES",,,"1",,,,,,,,,,,,,,"true","true",,,"ROOF",,,,,,,,,,,,,,,,,,,,,,,,,,,,,,,,,
"754690","JC462891","2019-10-07T06:45:00","2","DRIVER",,"716894",,"JEEP","CHEROKEE","IL","2018","NONE","SPORT UTILITY VEHICLE (SUV)","PERSONAL","E","STRAIGHT AHEAD",,,"1",,,,,"true","true",,,,,,,,,,,,"SIDE-RIGHT",,,,,,,,,,,,,,,,,,,,,,,,,,,,,,,,,
"756011","JC462994","2019-10-07T06:30:00","1","BICYCLE",,,,,,,,,,,,,,,,,,,,,,,,,,,,,,,,,,,,,,,,,,,,,,,,,,,,,,,,,,,,,,,,,,
"756012","JC462994","2019-10-07T06:30:00","2","DRIVER","1","718127",,"MAZDA","Mazda 3","IL","2006","NONE","PASSENGER","PERSONAL","S","SLOW/STOP IN TRAFFIC",,,"2",,,,,,"true","true",,,,,,,,,,,"SIDE-RIGHT",,,,,,,,,,,,,,,,,,,,,,,,,,,,,,,,,
"754691","JC462880","2019-10-07T06:30:00","1","DRIVER","2","716895",,"LEXUS","IS300","IL","2002","NONE","PASSENGER","PERSONAL","N","STRAIGHT AHEAD",,,"3",,,,,"true","true","true","true",,,,,,,,,,"SIDE-RIGHT",,,,,,,,,,,,,,,,,,,,,,,,,,,,,,,,,
"754692","JC462880","2019-10-07T06:30:00","2","DRIVER","1","716897",,"NISSAN","SENTRA (DATSUN AND NISSAN HAVE MERGED)","IL","2007","NONE","PASSENGER","PERSONAL","W","STRAIGHT AHEAD",,,"2",,,,,"true",,,,,,,,,,"true","true",,"OTHER",,,,,,,,,,,,,,,,,,,,,,,,,,,,,,,,,
"754699","JC462885","2019-10-07T06:25:00","1","DRIVER",,"716901",,"VOLKSWAGEN","PASSAT","IL",,"NONE","PASSENGER","RIDESHARE SERVICE","W","BACKING",,,"1",,,,,,,,,,"true","true","true",,,,,,"SIDE-LEFT",,,,,,,,,,,,,,,,,,,,,,,,,,,,,,,,,
"754700","JC462885","2019-10-07T06:25:00","2","PARKED",,"716904",,"LINCOLN-CONTINENTAL","NAVIGATOR","IL","2015","NONE","SPORT UTILITY VEHICLE (SUV)","NOT IN USE","W","PARKED",,,"0",,,,,,,,,,,,"true","true",,,,,"ROOF",,,,,,,,,,,,,,,,,,,,,,,,,,,,,,,,,
"754684","JC462869","2019-10-07T06:10:00","1","DRIVER",,"716888",,"CHEVROLET","UPLANDER","IL","2008","UNKNOWN","UNKNOWN/NA","PERSONAL","S","PASSING/OVERTAKING",,,"1",,,,,,,"true","true",,,,,,,,,,"SIDE-RIGHT",,,,,,,,,,,,,,,,,,,,,,,,,,,,,,,,,
"754685","JC462869","2019-10-07T06:10:00","2","DRIVER",,"716890",,"MAZDA","UNKNOWN","IL","2011","UNKNOWN","UNKNOWN/NA","PERSONAL","S","STRAIGHT AHEAD",,,"1",,,,,,,,,,,,,"true","true","true",,,"TOTAL (ALL AREAS)",,,,,,,,,,,,,,,,,,,,,,,,,,,,,,,,,
"754707","JC462888","2019-10-07T06:08:00","1","DRIVERLESS","1","716909",,"DODGE","CARAVAN","IL","2002","UNKNOWN","VAN/MINI-VAN","UNKNOWN/NA","W","UNKNOWN/NA","true",,"1",,"ad desk","unk",,"true",,,,,,,,,,"true","true",,"OTHER",,,,,,,,,,,,,,,,,,,,,,,,,,,,,,,,,
"754708","JC462888","2019-10-07T06:08:00","2","PARKED",,"716915",,"KIA MOTORS CORP","Optima","IL","2013","UNKNOWN","PASSENGER","PERSONAL","W","PARKED",,,"0",,,,,,,,,,,"true","true","true","true","true",,,"ROOF",,,,,,,,,,,,,,,,,,,,,,,,,,,,,,,,,
"754709","JC462888","2019-10-07T06:08:00","3","PARKED",,"716923",,"HONDA","CIVIC","IL","2008","UNKNOWN","PASSENGER","PERSONAL","W","PARKED",,,"0",,,,,,,,,"true","true","true",,,,,,,"REAR-LEFT",,,,,,,,,,,,,,,,,,,,,,,,,,,,,,,,,
"754723","JC462879","2019-10-07T06:00:00","1","DRIVER","1","716931",,"NISSAN","SENTRA (DATSUN AND NISSAN HAVE MERGED)","IL","2008","UNKNOWN","PASSENGER","PERSONAL","S","TURNING LEFT",,,"2",,,,,"false",,,,,,,,,,,"true",,"OTHER",,,,,,,,,,,,,,,,,,,,,,,,,,,,,,,,,
"754724","JC462879","2019-10-07T06:00:00","2","DRIVER",,"716942",,"TOYOTA MOTOR COMPANY, LTD.","UNKNOWN","IL","2012","UNKNOWN","PASSENGER","PERSONAL","E","SLOW/STOP IN TRAFFIC",,,"1",,,,,,,,,,,,,,"true","true",,,"ROOF",,,,,,,,,,,,,,,,,,,,,,,,,,,,,,,,,
"755353","JC462867","2019-10-07T05:55:00","1","DRIVER",,"717510",,"HONDA","ACCORD","IL","1999","NONE","PASSENGER","PERSONAL","N","TURNING LEFT","true",,"1",,"OWNER",,,,,"true","true","true",,,,,,,,,"REAR-RIGHT",,,,,,,,,,,,,,,,,,,,,,,,,,,,,,,,,
"755354","JC462867","2019-10-07T05:55:00","2","DRIVER",,"717513",,"CHEVROLET","HHR","IL","2009","NONE","PASSENGER","PERSONAL","W","STRAIGHT AHEAD","true",,"1",,"OWNER",,,"true","true",,,,,,"true",,,,,,"FRONT",,,,,,,,,,,,,,,,,,,,,,,,,,,,,,,,,
"755024","JC463547","2019-10-07T05:40:00","1","DRIVER",,"717192",,"UNKNOWN","UNKNOWN",,,"UNKNOWN","UNKNOWN/NA","UNKNOWN/NA","UNKNOWN","UNKNOWN/NA",,,"1",,,,,,,,,,,,,,,,,"true","UNKNOWN",,,,,,,,,,,,,,,,,,,,,,,,,,,,,,,,,
"755025","JC463547","2019-10-07T05:40:00","2","PARKED",,"717187",,"CHRYSLER","200","IL","2014","NONE","PASSENGER","PERSONAL","N","PARKED",,,"0",,,,,,,,,,,,"true","true",,,,,"ROOF",,,,,,,,,,,,,,,,,,,,,,,,,,,,,,,,,
"754682","JC462859","2019-10-07T05:30:00","1","DRIVER","1","716887",,"DODGE","JOURNEY","IN","2014","UNKNOWN","SPORT UTILITY VEHICLE (SUV)","UNKNOWN/NA","W","STRAIGHT AHEAD",,,"2",,,,,,"true","true","true",,,,,,,,,,"SIDE-RIGHT",,,,,,,,,,,,,,,,,,,,,,,,,,,,,,,,,
"754683","JC462859","2019-10-07T05:30:00","2","DRIVER",,"716889",,"FORD","F150","IL","2018","UNKNOWN","PICKUP","UNKNOWN/NA","W","STRAIGHT AHEAD",,,"1",,,,,,,,,,,,,"true","true","true",,,"UNDER CARRIAGE",,,,,,,,,,,,,,,,,,,,,,,,,,,,,,,,,
"754680","JC462853","2019-10-07T04:43:00","1","DRIVER",,"716883",,"JEEP","Grand Cherokee (for vehicle years 1989 to present)","IL","2002","OTHER","SPORT UTILITY VEHICLE (SUV)","PERSONAL","S","STRAIGHT AHEAD",,,"1",,,,,"true","true",,,,,,,,"true","true","true",,"OTHER",,,,,,,,,,,,,,,,,,,,,,,,,,,,,,,,,
"754681","JC462853","2019-10-07T04:43:00","2","DRIVER",,"716885",,"CADILLAC","SRX","IL","2005","OTHER","SPORT UTILITY VEHICLE (SUV)","PERSONAL","S","STRAIGHT AHEAD","true",,"1",,"owner called","owner address",,,,,"true","true","true","true","true",,,,,,"REAR-LEFT",,,,,,,,,,,,,,,,,,,,,,,,,,,,,,,,,
"754678","JC462868","2019-10-07T04:30:00","1","DRIVER",,"716882",,"NISSAN","NISSAN MAXIMA","IL","2003","NONE","PASSENGER","PERSONAL","NE","STRAIGHT AHEAD",,,"1",,,,,"true",,,,,,,,,,,,,"FRONT",,,,,,,,,,,,,,,,,,,,,,,,,,,,,,,,,
"754679","JC462868","2019-10-07T04:30:00","2","DRIVER",,"716884",,"HONDA","CRV","IL","1999","NONE","SPORT UTILITY VEHICLE (SUV)","PERSONAL","NE","STRAIGHT AHEAD",,,"1",,,,,,,,,,,,,"true",,,,,"ROOF",,,,,,,,,,,,,,,,,,,,,,,,,,,,,,,,,
"754749","JC462981","2019-10-07T04:00:00","1","DRIVER",,"716947",,"UNKNOWN","UNKNOWN",,,"UNKNOWN","UNKNOWN/NA","UNKNOWN/NA","E","UNKNOWN/NA",,,"1",,,,,,,,,,,,,,,,,"true","UNKNOWN",,,,,,,,,,,,,,,,,,,,,,,,,,,,,,,,,
"754750","JC462981","2019-10-07T04:00:00","2","PARKED",,"716952",,"NISSAN","VERSA","IL","2010","NONE","PASSENGER","PERSONAL","E","PARKED","true",,"0",,"UNKNOWN TOWING CO",,,,,,,,,"true",,,,,,,"SIDE-LEFT",,,,,,,,,,,,,,,,,,,,,,,,,,,,,,,,,
"754695","JC462884","2019-10-07T04:00:00","1","DRIVER",,"716899",,"UNKNOWN","UNKNOWN",,,"UNKNOWN","UNKNOWN/NA","UNKNOWN/NA","UNKNOWN","UNKNOWN/NA",,,"1",,,,,,,,,,,,,,,,,"true","UNKNOWN",,,,,,,,,,,,,,,,,,,,,,,,,,,,,,,,,
"754696","JC462884","2019-10-07T04:00:00","2","PARKED",,"716900",,"PONTIAC","G6","IL",,"UNKNOWN","PASSENGER","PERSONAL","E","PARKED",,,"0",,,,,,,,,,"true","true","true","false",,,,,"SIDE-LEFT",,,,,,,,,,,,,,,,,,,,,,,,,,,,,,,,,
"754697","JC462884","2019-10-07T04:00:00","3","PARKED",,"716903",,"FORD","FUSION","IL",,"UNKNOWN","PASSENGER","UNKNOWN/NA","E","PARKED",,,"0",,,,,,,,,,"true",,,,,,,,"REAR-LEFT",,,,,,,,,,,,,,,,,,,,,,,,,,,,,,,,,
"754688","JC462870","2019-10-07T03:20:00","1","DRIVER",,"716891",,"TOYOTA MOTOR COMPANY, LTD.","CAMRY","IL","2013","UNKNOWN","PASSENGER","PERSONAL","NW","STRAIGHT AHEAD",,,"1",,,,,"true",,,,,,,,,,"true","true",,"OTHER",,,,,,,,,,,,,,,,,,,,,,,,,,,,,,,,,
"754677","JC462817","2019-10-07T03:00:00","1","DRIVER",,"716879",,"SATURN","Vue","IL","2006","UNKNOWN","PASSENGER","PERSONAL","N","STRAIGHT AHEAD","true",,"1",,"CITY OF CHICAGO",,,,,,,,,"true",,,,"true","true","true","TOTAL (ALL AREAS)",,,,,,,,,,,,,,,,,,,,,,,,,,,,,,,,,
"754671","JC462804","2019-10-07T02:06:00","1","DRIVER",,"716873",,"CHEVROLET","MALIBU (CHEVELLE)","IL","2013","NONE","PASSENGER","PERSONAL","S","STRAIGHT AHEAD",,,"1",,,,,"true","true","true","true",,,,,,,,,,"FRONT",,,,,,,,,,,,,,,,,,,,,,,,,,,,,,,,,
"754672","JC462804","2019-10-07T02:06:00","2","PARKED",,"716874",,"HONDA","RIDGELINE","IL","2006","NONE","PICKUP","PERSONAL","N","PARKED",,,"0",,,,,,,,,,,,,,,"true",,,"TOTAL (ALL AREAS)",,,,,,,,,,,,,,,,,,,,,,,,,,,,,,,,,
"754871","JC463207","2019-10-07T01:30:00","1","DRIVER",,"717055",,"UNKNOWN","UNKNOWN",,,"UNKNOWN","UNKNOWN/NA","UNKNOWN/NA","E","UNKNOWN/NA",,,"1",,,,,,,,,,,,,,,,,,"UNKNOWN",,,,,,,,,,,,,,,,,,,,,,,,,,,,,,,,,
"754872","JC463207","2019-10-07T01:30:00","2","PARKED",,"717057",,"VOLKSWAGEN","TIGUAN","IL","2011","NONE","PASSENGER","NOT IN USE","E","PARKED","true",,"0",,,,,,,,,,,"true","true","true","true",,,,"SIDE-LEFT",,,,,,,,,,,,,,,,,,,,,,,,,,,,,,,,,
"754673","JC462793","2019-10-07T01:27:00","1","DRIVER",,"716875",,"NISSAN","SENTRA (DATSUN AND NISSAN HAVE MERGED)","IL","2015","UNKNOWN","PASSENGER","PERSONAL","E","STRAIGHT AHEAD","true",,"1",,,,,"true",,,,,,,,,,"true","true",,"OTHER",,,,,,,,,,,,,,,,,,,,,,,,,,,,,,,,,
"754674","JC462793","2019-10-07T01:27:00","2","DRIVER",,"716876",,"TOYOTA MOTOR COMPANY, LTD.","Sienna (van)","IL","2015","UNKNOWN","VAN/MINI-VAN","TAXI/FOR HIRE","S","STRAIGHT AHEAD","true",,"1",,"E&R","103rd and doty Rd",,"true","true","true","true","true","true","true","true","true","true","false","true",,"ROOF",,,,,,,,,,,,,,,,,,,,,,,,,,,,,,,,,
"754668","JC462791","2019-10-07T01:21:00","1","DRIVER",,"716869",,"VOLKSWAGEN","JETTA","TX","2016","UNKNOWN","PASSENGER","PERSONAL","N","STRAIGHT AHEAD","true",,"1",,"private","unk",,"true","true","true",,,,,,,,,"true",,"FRONT",,,,,,,,,,,,,,,,,,,,,,,,,,,,,,,,,
"754669","JC462791","2019-10-07T01:21:00","2","PARKED",,"716871",,"CHEVROLET","COBALT","IL","2007","UNKNOWN","PASSENGER","NOT IN USE","N","PARKED",,,"0",,,,,,,,,,,"true","true","true",,,,,"SIDE-LEFT",,,,,,,,,,,,,,,,,,,,,,,,,,,,,,,,,
"754670","JC462791","2019-10-07T01:21:00","3","PARKED",,"716872",,"SUBARU","OUTBACK","IL","2011","OTHER","PASSENGER","NOT IN USE","N","PARKED",,,"0",,,,,,,,,,,,,"true","true","true",,,"TOTAL (ALL AREAS)",,,,,,,,,,,,,,,,,,,,,,,,,,,,,,,,,
"757339","JC467876","2019-10-07T01:00:00","1","DRIVER",,"719381",,"ACURA","ACURA","IL","2005","UNKNOWN","PASSENGER","PERSONAL","S","UNKNOWN/NA",,,"1",,,,,"true",,,,,,,,,,,,,"FRONT",,,,,,,,,,,,,,,,,,,,,,,,,,,,,,,,,
"757340","JC467876","2019-10-07T01:00:00","2","PARKED",,"719383",,"MAZDA","PROTEGE","IL","1998","NONE","PASSENGER","PERSONAL","S","PARKED",,,"0",,,,,,,,,,,"true",,,,,,,"SIDE-LEFT",,,,,,,,,,,,,,,,,,,,,,,,,,,,,,,,,
"756347","JC466214","2019-10-07T01:00:00","1","DRIVER",,"718442",,"UNKNOWN","UNKNOWN","IL",,"UNKNOWN","UNKNOWN/NA","UNKNOWN/NA","UNKNOWN","UNKNOWN/NA",,,"1",,,,,,,,,,,,,,,,,"true","UNKNOWN",,,,,,,,,,,,,,,,,,,,,,,,,,,,,,,,,
"756348","JC466214","2019-10-07T01:00:00","2","PARKED",,"718445",,"CHEVROLET","MALIBU (CHEVELLE)","IL","2014","NONE","PASSENGER","PERSONAL","S","PARKED",,,"0",,,,,"true",,,,,,,,,,"true","true",,"OTHER",,,,,,,,,,,,,,,,,,,,,,,,,,,,,,,,,
"755724","JC464934","2019-10-07T01:00:00","1","DRIVER",,"717833",,"UNKNOWN","UNKNOWN","IL",,"UNKNOWN","UNKNOWN/NA","UNKNOWN/NA","UNKNOWN","UNKNOWN/NA",,,"1",,,,,,,,,,,,,,,,,"true","UNKNOWN",,,,,,,,,,,,,,,,,,,,,,,,,,,,,,,,,
"755725","JC464934","2019-10-07T01:00:00","2","PARKED",,"717842",,"BUICK","BUICK","IL","2014","NONE","PASSENGER","PERSONAL","W","PARKED",,,"0",,,,,,,,,,,,,,,"true",,,"TOTAL (ALL AREAS)",,,,,,,,,,,,,,,,,,,,,,,,,,,,,,,,,
"754850","JC463149","2019-10-07T01:00:00","1","DRIVER",,"717039",,"UNKNOWN","UNKNOWN",,,"UNKNOWN","UNKNOWN/NA","UNKNOWN/NA","N","UNKNOWN/NA",,,"1",,,,,,,,,,,,,,,,,"true","UNKNOWN",,,,,,,,,,,,,,,,,,,,,,,,,,,,,,,,,
"754851","JC463149","2019-10-07T01:00:00","2","PARKED",,"717043",,"HONDA","CRV","IL","2008","NONE","SPORT UTILITY VEHICLE (SUV)","NOT IN USE","N","PARKED",,,"0",,,,,,,,,,"true","true",,,,,,,"REAR-LEFT",,,,,,,,,,,,,,,,,,,,,,,,,,,,,,,,,
"754665","JC462770","2019-10-07T00:44:00","1","DRIVER",,"716865",,"DODGE","DART","IL","2016","UNKNOWN","PASSENGER","PERSONAL","N","UNKNOWN/NA","true",,"1",,"private tow company",,,,,,,,,,,,,,,,"TOTAL (ALL AREAS)",,,,,,,,,,,,,,,,,,,,,,,,,,,,,,,,,
"754901","JC463286","2019-10-07T00:30:00","1","DRIVER",,"717077",,"UNKNOWN","UNKNOWN",,,"UNKNOWN","UNKNOWN/NA","UNKNOWN/NA","W","STRAIGHT AHEAD",,,"1",,,,,,,,,,,,,,,,,"true","ROOF",,,,,,,,,,,,,,,,,,,,,,,,,,,,,,,,,
"754902","JC463286","2019-10-07T00:30:00","2","DRIVER",,"717083",,"OLDSMOBILE","Intrigue","IL","2001","NONE","PASSENGER","PERSONAL","E","STRAIGHT AHEAD",,,"1",,,,,,,,,,,,,"true","true",,,,"ROOF",,,,,,,,,,,,,,,,,,,,,,,,,,,,,,,,,
"754661","JC462751","2019-10-07T00:03:00","1","DRIVER",,"716863",,"CADILLAC","Escalade","IL",,"UNKNOWN","UNKNOWN/NA","UNKNOWN/NA","S","STRAIGHT AHEAD",,,"1",,,,,,,,,,,,,,,,,"true","OTHER",,,,,,,,,,,,,,,,,,,,,,,,,,,,,,,,,
"754662","JC462751","2019-10-07T00:03:00","2","DRIVER",,"716864",,"HONDA","ACCORD","IL","2005","UNKNOWN","PASSENGER","PERSONAL","S","STRAIGHT AHEAD",,,"1",,,,,"true",,,,,,,,,,"true","true",,"OTHER",,,,,,,,,,,,,,,,,,,,,,,,,,,,,,,,,
"754663","JC462751","2019-10-07T00:03:00","3","PARKED",,"716866",,"FORD","EXPLORER","IL","2015","UNKNOWN","SPORT UTILITY VEHICLE (SUV)","PERSONAL","UNKNOWN","PARKED",,,"0",,,,,,,,,,,,,,"true","true","false",,"TOTAL (ALL AREAS)",,,,,,,,,,,,,,,,,,,,,,,,,,,,,,,,,
"754664","JC462751","2019-10-07T00:03:00","4","PARKED",,"716867",,"KIA MOTORS CORP","SORENTO","IL","2006","UNKNOWN","PASSENGER","PERSONAL","UNKNOWN","PARKED",,,"0",,,,,"true",,,,,,,,,,"true","true",,"OTHER",,,,,,,,,,,,,,,,,,,,,,,,,,,,,,,,,
"754735","JC462958","2019-10-07T00:01:00","1","DRIVER",,"716934",,"UNKNOWN","UNKNOWN",,,"UNKNOWN","SINGLE UNIT TRUCK WITH TRAILER","UNKNOWN/NA","E","UNKNOWN/NA",,,"1",,,,,,,,,,,,,,,,,"true","UNKNOWN",,,,,,,,,,,,,,,,,,,,,,,,,,,,,,,,,
"754736","JC462958","2019-10-07T00:01:00","2","PARKED",,"716935",,"HONDA","ACCORD","IL","2004","NONE","PASSENGER","NOT IN USE","E","PARKED",,,"0",,,,,,,,,,,,"true","true",,,,,"ROOF",,,,,,,,,,,,,,,,,,,,,,,,,,,,,,,,,
"754659","JC462754","2019-10-07T00:01:00","1","DRIVER",,"716858",,"CHEVROLET","CHEVROLET","IL","2019","NONE","PASSENGER","PERSONAL","S","U-TURN",,,"1",,,,,"false","false",,,,,,"true","true","true","true",,,"ROOF",,,,,,,,,,,,,,,,,,,,,,,,,,,,,,,,,
"754660","JC462754","2019-10-07T00:01:00","2","DRIVER",,"716860",,"TOYOTA MOTOR COMPANY, LTD.","CAMRY","IL","1999","NONE","PASSENGER","PERSONAL","S","STRAIGHT AHEAD","true",,"1",,"UNKNOWN",,,"true","true",,,,,,,,,"false","true",,"FRONT",,,,,,,,,,,,,,,,,,,,,,,,,,,,,,,,,
"754642","JC462685","2019-10-06T23:25:00","1","DRIVER",,"716843",,"UNKNOWN","UNKNOWN",,,"UNKNOWN","UNKNOWN/NA","UNKNOWN/NA","UNKNOWN","UNKNOWN/NA",,,"1",,,,,,,,,,,,,,,,,"true","UNKNOWN",,,,,,,,,,,,,,,,,,,,,,,,,,,,,,,,,
"754643","JC462685","2019-10-06T23:25:00","2","DRIVER","2","716845",,"FORD","EDGE","IL","2012","NONE","SPORT UTILITY VEHICLE (SUV)","PERSONAL","W","STRAIGHT AHEAD",,,"3",,,,,,,,,,"true","true","true","true",,,,,"SIDE-LEFT",,,,,,,,,,,,,,,,,,,,,,,,,,,,,,,,,
"754649","JC462733","2019-10-06T23:08:00","1","DRIVER","1","716847",,"CHEVROLET","C K 1500","IL","1998","UNKNOWN","PICKUP","PERSONAL","W","UNKNOWN/NA",,,"2",,,,,,"true",,,,,,,,,,,,"UNKNOWN",,,,,,,,,,,,,,,,,,,,,,,,,,,,,,,,,