"crash_unit_id","rd_no","crash_date","unit_no","unit_type","num_passengers","vehicle_id","cmrc_veh_i","make","model","lic_plate_state","vehicle_year","vehicle_defect","vehicle_type","vehicle_use","travel_direction","maneuver","towed_i","fire_i","occupant_cnt","exceed_speed_limit_i","towed_by","towed_to","area_00_i","area_01_i","area_02_i","area_03_i","area_04_i","area_05_i","area_06_i","area_07_i","area_08_i","area_09_i","area_10_i","area_11_i","area_12_i","area_99_i","first_contact_point","cmv_id","usdot_no","ccmc_no","ilcc_no","commercial_src","gvwr","carrier_name","carrier_state","carrier_city","hazmat_placards_i","hazmat_name","un_no","hazmat_present_i","hazmat_report_i","hazmat_report_no","mcs_report_i","mcs_report_no","hazmat_vio_cause_crash_i","mcs_vio_cause_crash_i","idot_permit_no","wide_load_i","trailer1_width","trailer2_width","trailer1_length","trailer2_length","total_vehicle_length","axle_cnt","vehicle_config","cargo_body_type","load_type","hazmat_out_of_service_i","mcs_out_of_service_i","hazmat_class"
"754650","JC462733","2019-10-06T23:08:00","2","DRIVER",,"716848",,"CADILLAC","Escalade","IL","2011","UNKNOWN","PASSENGER","PERSONAL","W","UNKNOWN/NA",,,"1",,,,,,,,,,,,,,"true",,,,"UNKNOWN",,,,,,,,,,,,,,,,,,,,,,,,,,,,,,,,,
"754655","JC462719","2019-10-06T23:01:00","1","DRIVER",,"716855",,"CHEVROLET","IMPALA","IL","2015","UNKNOWN","PASSENGER","PERSONAL","N","TURNING RIGHT",,,"1",,,,,"true","true",,,,,,,,,,,,"FRONT",,,,,,,,,,,,,,,,,,,,,,,,,,,,,,,,,
"754656","JC462719","2019-10-06T23:01:00","2","PARKED",,"716856",,"JEEP","UNKNOWN","TX","2010","UNKNOWN","PASSENGER","NOT IN USE","N","PARKED",,,"0",,,,,,,,,,,"true","false","false",,,,,"SIDE-LEFT",,,,,,,,,,,,,,,,,,,,,,,,,,,,,,,,,
"754644","JC462709","2019-10-06T22:50:00","1","DRIVER",,"716846",,"JEEP","LAREDO","IL","2011","UNKNOWN","SPORT UTILITY VEHICLE (SUV)","UNKNOWN/NA","S","UNKNOWN/NA","true",,"1",,"CITY OF CHICAGO","POUND 6",,"false",,,,,,"false","false","false","false","false","false",,,,,,,,,,,,,,,,,,,,,,,,,,,,,,,,,,,
"754645","JC462709","2019-10-06T22:50:00","2","PARKED",,"716857",,"CHEVROLET","EQUINOX","WI",,"UNKNOWN","UNKNOWN/NA","NOT IN USE","S","PARKED",,,"0",,,,,"true",,,,,"true","true","true",,,"true","true",,"SIDE-LEFT",,,,,,,,,,,,,,,,,,,,,,,,,,,,,,,,,
"754646","JC462709","2019-10-06T22:50:00","3","PARKED",,"716859",,"TOYOTA MOTOR COMPANY, LTD.","CAMRY","IL","2004","UNKNOWN","UNKNOWN/NA","NOT IN USE","S","PARKED",,,"0",,,,,"true",,,,"true","true","true",,,,"true","true",,"REAR-LEFT",,,,,,,,,,,,,,,,,,,,,,,,,,,,,,,,,
"754647","JC462709","2019-10-06T22:50:00","4","PARKED",,"716861",,"JEEP","UNKNOWN","IL","2014","UNKNOWN","UNKNOWN/NA","NOT IN USE","S","PARKED",,,"0",,,,,"true",,,,"true","true","true",,,,"true","true",,"REAR-LEFT",,,,,,,,,,,,,,,,,,,,,,,,,,,,,,,,,
"754648","JC462709","2019-10-06T22:50:00","5","PARKED",,"716862",,"JEEP","UNKNOWN","CA","2018","UNKNOWN","UNKNOWN/NA","NOT IN USE","S","PARKED",,,"0",,,,,,,,,"true","true","true",,,,,,,"REAR-LEFT",,,,,,,,,,,,,,,,,,,,,,,,,,,,,,,,,
"754653","JC462707","2019-10-06T22:33:00","1","DRIVER",,"716850",,"JEEP","UNKNOWN","IL","2018","UNKNOWN","PASSENGER","AMBULANCE","N","STRAIGHT AHEAD","true",,"1",,"OWNER","UNKNOWN",,"true",,,,,,,,,,"true","true",,"OTHER",,,,,,,,,,,,,,,,,,,,,,,,,,,,,,,,,
"754654","JC462707","2019-10-06T22:33:00","2","DRIVER",,"716853",,"NISSAN","SENTRA (DATSUN AND NISSAN HAVE MERGED)","IL","2010","NONE","PASSENGER","PERSONAL","N","STRAIGHT AHEAD","true",,"1",,"CITY OF CHICAGO","102ND & DOTY POUND",,,,,,"true","true","true",,,,,,,"REAR-LEFT",,,,,,,,,,,,,,,,,,,,,,,,,,,,,,,,,
"755209","JC463848","2019-10-06T22:30:00","1","DRIVER",,"717371",,"FORD","ESCAPE (SUV)","IL",,"UNKNOWN","SPORT UTILITY VEHICLE (SUV)","UNKNOWN/NA","NW","TURNING RIGHT",,,"1",,,,,,,,,,,,,,,,,"true","ROOF",,,,,,,,,,,,,,,,,,,,,,,,,,,,,,,,,
"755210","JC463848","2019-10-06T22:30:00","2","DRIVER","1","717364",,"DODGE","JOURNEY","IL","2012","NONE","SPORT UTILITY VEHICLE (SUV)","PERSONAL","NW","TURNING RIGHT",,,"2",,,,,,"true","true",,,,,,,,,,,"SIDE-RIGHT",,,,,,,,,,,,,,,,,,,,,,,,,,,,,,,,,
"754651","JC462746","2019-10-06T22:20:00","1","DRIVER",,"716849",,"HONDA","CIVIC","IL","2014","UNKNOWN","PASSENGER","UNKNOWN/NA","W","STRAIGHT AHEAD",,,"1",,,,,,,,,,,,,,,,"true",,"OTHER",,,,,,,,,,,,,,,,,,,,,,,,,,,,,,,,,
"754652","JC462746","2019-10-06T22:20:00","2","DRIVER",,"716851",,"TOYOTA MOTOR COMPANY, LTD.","CAMRY","IL","2005","NONE","PASSENGER","PERSONAL","W","SLOW/STOP IN TRAFFIC",,,"1",,,,,,,,,,"true",,,,,,,,"REAR-LEFT",,,,,,,,,,,,,,,,,,,,,,,,,,,,,,,,,
"754641","JC462703","2019-10-06T22:15:00","1","DRIVER",,"716839",,"UNKNOWN","UNKNOWN",,,"UNKNOWN","SPORT UTILITY VEHICLE (SUV)","OTHER","S","UNKNOWN/NA",,,"1",,,,,,,,,,,,,,,,,,"OTHER",,,,,,,,,,,,,,,,,,,,,,,,,,,,,,,,,
"754638","JC462703","2019-10-06T22:15:00","2","DRIVER",,"716842",,"KIA MOTORS CORP","Sedona","IL","2015","UNKNOWN","VAN/MINI-VAN","PERSONAL","S","SLOW/STOP IN TRAFFIC",,,"1",,,,,,,,,"true","true","true",,,,,,,"REAR-LEFT",,,,,,,,,,,,,,,,,,,,,,,,,,,,,,,,,
"754633","JC462670","2019-10-06T21:52:00","1","DRIVER","1","716834",,"VOLVO","UNKNOWN","IL","2005","UNKNOWN","PASSENGER","PERSONAL","N","STRAIGHT AHEAD",,,"2",,,,,"true",,,,,,,,,,,,,"OTHER",,,,,,,,,,,,,,,,,,,,,,,,,,,,,,,,,
"754634","JC462670","2019-10-06T21:52:00","2","DRIVER","1","716836",,"HONDA","CIVIC","IL","2012","UNKNOWN","PASSENGER","PERSONAL","N","STRAIGHT AHEAD",,,"2",,,,,,,,,"false","false","true",,,,,,,"REAR-LEFT",,,,,,,,,,,,,,,,,,,,,,,,,,,,,,,,,
"756305","JC466156","2019-10-06T21:30:00","1","DRIVER",,"718404",,"UNKNOWN","UNKNOWN",,,"NONE","PASSENGER","UNKNOWN/NA","UNKNOWN","UNKNOWN/NA",,,"1",,,,,,,,,,,,,,,,,,"UNKNOWN",,,,,,,,,,,,,,,,,,,,,,,,,,,,,,,,,
"756306","JC466156","2019-10-06T21:30:00","2","PARKED",,"718416",,"CHEVROLET","UNKNOWN","IL","2019","NONE","SPORT UTILITY VEHICLE (SUV)","PERSONAL","N","PARKED",,,"0",,,,,"true","true",,,,,,,,,,,,"FRONT",,,,,,,,,,,,,,,,,,,,,,,,,,,,,,,,,
"754635","JC462701","2019-10-06T21:30:00","1","DRIVER",,"716830",,"UNKNOWN","UNKNOWN",,,"UNKNOWN","UNKNOWN/NA","UNKNOWN/NA","UNKNOWN","UNKNOWN/NA",,,"1",,,,,,,,,,,,,,,,,,"UNKNOWN",,,,,,,,,,,,,,,,,,,,,,,,,,,,,,,,,
"754636","JC462701","2019-10-06T21:30:00","2","PARKED",,"716832",,"LEXUS","RX350","IL","2007","NONE","SPORT UTILITY VEHICLE (SUV)","PERSONAL","UNKNOWN","PARKED",,,"0",,,,,,,,,,,"true","true","true",,,,,"SIDE-LEFT",,,,,,,,,,,,,,,,,,,,,,,,,,,,,,,,,
"754625","JC462678","2019-10-06T21:30:00","1","DRIVER",,"716823",,"UNKNOWN","UNKNOWN",,,"UNKNOWN","UNKNOWN/NA","UNKNOWN/NA","UNKNOWN","UNKNOWN/NA",,,"1",,,,,,,,,,,,,,,,,,"UNKNOWN",,,,,,,,,,,,,,,,,,,,,,,,,,,,,,,,,
"754626","JC462678","2019-10-06T21:30:00","2","PARKED",,"716826",,"FORD","ESCAPE (SUV)","IL","2016","NONE","SPORT UTILITY VEHICLE (SUV)","PERSONAL","S","PARKED",,,"0",,,,,,,,,,,,"true","true","true","true",,,"UNDER CARRIAGE",,,,,,,,,,,,,,,,,,,,,,,,,,,,,,,,,
"754666","JC462672","2019-10-06T21:11:00","1","DRIVER",,"716868",,"CHEVROLET","IMPALA","IL","2011","UNKNOWN","PASSENGER","PERSONAL","E","TURNING RIGHT",,,"1",,,,,,"true","true",,,,,,,,,,,,,,,,,,,,,,,,,,,,,,,,,,,,,,,,,,,,
"754667","JC462672","2019-10-06T21:11:00","2","DRIVER",,"716870",,"HONDA","CIVIC","IL","2016","NONE","PASSENGER","PERSONAL","E","TURNING RIGHT",,,"1",,,,,,,,,,,"true","true","true",,,,,,,,,,,,,,,,,,,,,,,,,,,,,,,,,,,,,,
"754913","JC463350","2019-10-06T21:00:00","1","DRIVER",,"717086",,"CHEVROLET","MALIBU (CHEVELLE)",,"2011","OTHER","PASSENGER","PERSONAL","N","STRAIGHT AHEAD",,,"1",,,,,"true",,,,,,,,,,"true","true",,"OTHER",,,,,,,,,,,,,,,,,,,,,,,,,,,,,,,,,
"754914","JC463350","2019-10-06T21:00:00","2","DRIVER",,"717089",,"TOYOTA MOTOR COMPANY, LTD.","CAMRY","IL","2007","NONE","PASSENGER","PERSONAL","N","SLOW/STOP IN TRAFFIC",,,"1",,,,,,,,,"true","true","true",,,,,,,"REAR-LEFT",,,,,,,,,,,,,,,,,,,,,,,,,,,,,,,,,
"754657","JC462723","2019-10-06T21:00:00","1","DRIVER",,"716852",,"UNKNOWN","UNKNOWN",,,"UNKNOWN","UNKNOWN/NA","UNKNOWN/NA","UNKNOWN","UNKNOWN/NA",,,"1",,,,,,,,,,,,,,,,,"true","UNKNOWN",,,,,,,,,,,,,,,,,,,,,,,,,,,,,,,,,
"754658","JC462723","2019-10-06T21:00:00","2","PARKED",,"716854",,"TOYOTA MOTOR COMPANY, LTD.","Avalon","IL","2005","NONE","PASSENGER","PERSONAL","W","PARKED",,,"0",,,,,,,,,,,,,"true","true","true",,,"UNDER CARRIAGE",,,,,,,,,,,,,,,,,,,,,,,,,,,,,,,,,
"754622","JC462646","2019-10-06T20:58:00","1","DRIVER",,"716822",,"NISSAN","SENTRA (DATSUN AND NISSAN HAVE MERGED)","IL","2019","UNKNOWN","PASSENGER","PERSONAL","N","TURNING LEFT",,,"1",,,,,,"true","true",,,,,,,,,,,"SIDE-RIGHT",,,,,,,,,,,,,,,,,,,,,,,,,,,,,,,,,
"754623","JC462646","2019-10-06T20:58:00","2","DRIVER","2","716829",,"DODGE","JOURNEY","IL","2016","UNKNOWN","PASSENGER","PERSONAL","W","STRAIGHT AHEAD",,,"3",,,,,"true",,,,,,,,,,"true","true",,"OTHER",,,,,,,,,,,,,,,,,,,,,,,,,,,,,,,,,
"754619","JC462617","2019-10-06T20:50:00","1","DRIVER",,"716818",,"LEXUS","RX450H","IN","2010","NONE","SPORT UTILITY VEHICLE (SUV)","PERSONAL","N","STRAIGHT AHEAD",,,"1",,,,,,,,,,,,,,,,,,,,,,,,,,,,,,,,,,,,,,,,,,,,,,,,,,,
"754617","JC462642","2019-10-06T20:45:00","1","DRIVER",,"716819",,"NISSAN","NISSAN ALTIMA","FL","2018","UNKNOWN","PASSENGER","RIDESHARE SERVICE","N","STRAIGHT AHEAD",,,"1",,,,,,,,,,,,,,,"true",,,"TOTAL (ALL AREAS)",,,,,,,,,,,,,,,,,,,,,,,,,,,,,,,,,
"754618","JC462642","2019-10-06T20:45:00","2","DRIVER",,"716821",,"CHEVROLET","CRUZE","IL","2018","UNKNOWN","PASSENGER","PERSONAL","N","STRAIGHT AHEAD",,,"1",,,,,,,,,"true",,,,,,,,,"REAR",,,,,,,,,,,,,,,,,,,,,,,,,,,,,,,,,
"756024","JC464657","2019-10-06T20:30:00","1","DRIVER",,"718140",,"UNKNOWN","UNKNOWN",,,"UNKNOWN","OTHER","UNKNOWN/NA","W","STRAIGHT AHEAD",,,"1",,,,,,,,,"true",,,,,,,,,"REAR-RIGHT",,,,,,,,,,,,,,,,,,,,,,,,,,,,,,,,,
"756025","JC464657","2019-10-06T20:30:00","2","PARKED",,"718141",,"CHEVROLET","TRAVERSE","IL","2020","NONE","SPORT UTILITY VEHICLE (SUV)","PERSONAL","W","PARKED",,,"0",,,,,,,,,,,,,,,"true",,,"TOTAL (ALL AREAS)",,,,,,,,,,,,,,,,,,,,,,,,,,,,,,,,,
"755310","JC463977","2019-10-06T20:30:00","1","DRIVER",,"717468",,"UNKNOWN","UNKNOWN",,,"UNKNOWN","UNKNOWN/NA","UNKNOWN/NA","S","UNKNOWN/NA",,,"1",,,,,,,,,,,,,,,,,,"UNKNOWN",,,,,,,,,,,,,,,,,,,,,,,,,,,,,,,,,
"755311","JC463977","2019-10-06T20:30:00","2","DRIVERLESS",,"717469",,"NISSAN","NISSAN","IL","2018","UNKNOWN","PASSENGER","PERSONAL","S","PARKED",,,"0",,,,,,,,,,,,"true","true","true",,,,"ROOF",,,,,,,,,,,,,,,,,,,,,,,,,,,,,,,,,
"754639","JC462676","2019-10-06T20:30:00","1","DRIVER",,"716841",,"JEEP","UNKNOWN",,,"UNKNOWN","UNKNOWN/NA","UNKNOWN/NA","UNKNOWN","UNKNOWN/NA",,,"1",,,,,,,,,,,,,,,,"true",,"OTHER",,,,,,,,,,,,,,,,,,,,,,,,,,,,,,,,,
"754640","JC462676","2019-10-06T20:30:00","2","DRIVER",,"716844",,"BUICK","UNKNOWN","IL","2018","UNKNOWN","PASSENGER","PERSONAL","W","STRAIGHT AHEAD",,,"1",,,,,,,,,,"true",,,,,,,,"REAR-LEFT",,,,,,,,,,,,,,,,,,,,,,,,,,,,,,,,,
"754609","JC462592","2019-10-06T20:08:00","1","DRIVER",,"716811",,"TOYOTA MOTOR COMPANY, LTD.","Prius","IL","2013","NONE","PASSENGER","RIDESHARE SERVICE","SW","TURNING LEFT",,,"1",,,,,,,,,,,,,,,"true",,,"TOTAL (ALL AREAS)",,,,,,,,,,,,,,,,,,,,,,,,,,,,,,,,,
"754610","JC462592","2019-10-06T20:08:00","2","PEDESTRIAN",,,,,,,,,,,,,,,,,,,,,,,,,,,,,,,,,,,,,,,,,,,,,,,,,,,,,,,,,,,,,,,,,,
"754603","JC462582","2019-10-06T20:00:00","1","DRIVER",,"716804",,"UNKNOWN","UNKNOWN",,,"UNKNOWN","UNKNOWN/NA","UNKNOWN/NA","UNKNOWN","UNKNOWN/NA",,,"1",,,,,,,,,,,,,,,,,,"UNKNOWN",,,,,,,,,,,,,,,,,,,,,,,,,,,,,,,,,
"754604","JC462582","2019-10-06T20:00:00","2","PARKED",,"716806",,"CHEVROLET","IMPALA","IL","2009","UNKNOWN","PASSENGER","NOT IN USE","W","PARKED",,,"0",,,,,,,,,,,,"true","true","true","true",,,"UNDER CARRIAGE",,,,,,,,,,,,,,,,,,,,,,,,,,,,,,,,,
"754624","JC462649","2019-10-06T19:55:00","1","DRIVER",,"716824","true","FREIGHTLINER CORP.","FREIGHTLINER CORP.","GA","2016","NONE","TRACTOR W/ SEMI-TRAILER","COMMERCIAL - MULTI-UNIT","S","STRAIGHT AHEAD",,,"1",,,,,,,,,,,,,,"true",,,,"ROOF","8348","750824","320063",,"DRIVER","3","FRANK J LOVELL JR.","GA","JONESBORO",,,,,,,,,,,,,,,,,,,,,,,"false",
"754620","JC462655","2019-10-06T19:30:00","1","DRIVER",,"716827",,"TOYOTA MOTOR COMPANY, LTD.","UNKNOWN","IL",,"UNKNOWN","UNKNOWN/NA","UNKNOWN/NA","S","STRAIGHT AHEAD",,,"1",,,,,,,,,,,,,"true","true","true","false",,"TOTAL (ALL AREAS)",,,,,,,,,,,,,,,,,,,,,,,,,,,,,,,,,
"754621","JC462655","2019-10-06T19:30:00","2","DRIVER",,"716831",,"NISSAN","MAURANO","IL","2011","NONE","PASSENGER","PERSONAL","S","STRAIGHT AHEAD",,,"1",,,,,,,"true","true","true",,,,,,,,,"REAR-RIGHT",,,,,,,,,,,,,,,,,,,,,,,,,,,,,,,,,
"754605","JC462589","2019-10-06T19:25:00","1","PARKED",,"716810",,"NISSAN","NISSAN ALTIMA","IL","2019","NONE","PASSENGER","PERSONAL","E","PARKED",,,"0",,,,,,,,,,,,"true","true","true",,,,"ROOF",,,,,,,,,,,,,,,,,,,,,,,,,,,,,,,,,
"754606","JC462589","2019-10-06T19:25:00","2","DRIVER",,"716813",,"FORD","FORD-TRUCK,VAN,SUV, ETC","IL","2016","NONE","VAN/MINI-VAN","UNKNOWN/NA","E","STRAIGHT AHEAD",,,"1",,,,,,,,"true","true",,,,,,,,,"REAR-RIGHT",,,,,,,,,,,,,,,,,,,,,,,,,,,,,,,,,
"754599","JC462557","2019-10-06T19:24:00","1","PEDESTRIAN",,,,,,,,,,,,,,,,,,,,,,,,,,,,,,,,,,,,,,,,,,,,,,,,,,,,,,,,,,,,,,,,,,
"754600","JC462557","2019-10-06T19:24:00","2","DRIVER",,"716803",,"GENERAL MOTORS CORP.","YUKON",,,"UNKNOWN","SPORT UTILITY VEHICLE (SUV)","UNKNOWN/NA","W","STRAIGHT AHEAD",,,"1",,,,,"true",,,,,,,,,,"true","true",,"OTHER",,,,,,,,,,,,,,,,,,,,,,,,,,,,,,,,,
"754593","JC462543","2019-10-06T19:19:00","1","DRIVER",,"716795",,"TOYOTA MOTOR COMPANY, LTD.","Tundra","IL","2014","NONE","PASSENGER","PERSONAL","S","STRAIGHT AHEAD",,,"1",,,,,"false","true",,,,,,,,,,,,"FRONT-RIGHT",,,,,,,,,,,,,,,,,,,,,,,,,,,,,,,,,
"754594","JC462543","2019-10-06T19:19:00","2","PARKED",,"716799",,"LEXUS","GX460","IL","2012","NONE","PASSENGER","PERSONAL","S","PARKED",,,"0",,,,,,,,,,,,,,,"true","true",,"TOTAL (ALL AREAS)",,,,,,,,,,,,,,,,,,,,,,,,,,,,,,,,,
"754579","JC462534","2019-10-06T19:15:00","1","DRIVER",,"716781",,"NISSAN","NISSAN","IL","2013","UNKNOWN","PASSENGER","UNKNOWN/NA","N","PASSING/OVERTAKING",,,"1",,,,,,,,,,,,,,,,,"true","TOTAL (ALL AREAS)",,,,,,,,,,,,,,,,,,,,,,,,,,,,,,,,,
"754580","JC462534","2019-10-06T19:15:00","2","DRIVER",,"716782",,"HONDA","CRV","IL","2002","NONE","SPORT UTILITY VEHICLE (SUV)","PERSONAL","N","STRAIGHT AHEAD",,,"1",,,,,"true","true","true","true","true",,,,,,,,,"FRONT",,,,,,,,,,,,,,,,,,,,,,,,,,,,,,,,,
"754577","JC462532","2019-10-06T19:03:00","1","DRIVER",,"716783",,"HONDA","Odyssey (minivan)",,"2007","UNKNOWN","UNKNOWN/NA","UNKNOWN/NA","W","STRAIGHT AHEAD",,,"1",,,,,"true",,,,,,,,,,"true","true",,"OTHER",,,,,,,,,,,,,,,,,,,,,,,,,,,,,,,,,
"754578","JC462532","2019-10-06T19:03:00","2","DRIVER","1","716780",,"BMW","X5","IL","2005","NONE","PASSENGER","PERSONAL","W","STRAIGHT AHEAD",,,"2",,,,,,,,,"true","true","true",,,,,,,"REAR-LEFT",,,,,,,,,,,,,,,,,,,,,,,,,,,,,,,,,
"754613","JC462607","2019-10-06T19:00:00","1","PARKED",,"716812",,"UNKNOWN","UNKNOWN","IL",,"UNKNOWN","PASSENGER","UNKNOWN/NA","S","PARKED",,,"0",,,,,,,,,,,,,"true",,,,,"ROOF",,,,,,,,,,,,,,,,,,,,,,,,,,,,,,,,,
"754614","JC462607","2019-10-06T19:00:00","2","BICYCLE",,,,,,,,,,,,,,,,,,,,,,,,,,,,,,,,,,,,,,,,,,,,,,,,,,,,,,,,,,,,,,,,,,
"754611","JC462583","2019-10-06T19:00:00","1","DRIVER",,"716814",,"GENERAL MOTORS CORP.","YUKON","IL","2001","UNKNOWN","PASSENGER","PERSONAL","W","BACKING",,,"1",,,,,,,,,,,,,,,,,"true","REAR-LEFT",,,,,,,,,,,,,,,,,,,,,,,,,,,,,,,,,
"754612","JC462583","2019-10-06T19:00:00","2","PARKED",,"716815",,"TOYOTA MOTOR COMPANY, LTD.","UNKNOWN","IN","2006","NONE","PASSENGER","PERSONAL","E","PARKED",,,"0",,,,,,,,,,,,,,,,"true",,"OTHER",,,,,,,,,,,,,,,,,,,,,,,,,,,,,,,,,
"754581","JC462536","2019-10-06T19:00:00","1","DRIVER","2","716785",,"MAZDA","Mazda 3","IL","2019","NONE","PASSENGER","PERSONAL","S","TURNING LEFT",,,"3",,,,,"true","true",,,,,,,,,,"true",,"FRONT",,,,,,,,,,,,,,,,,,,,,,,,,,,,,,,,,
"754582","JC462536","2019-10-06T19:00:00","2","DRIVER","1","716793",,"VOLKSWAGEN","JETTA","GA","2017","NONE","PASSENGER","PERSONAL","N","STRAIGHT AHEAD","true",,"2",,,,,"true",,,,,,,,,,"true","true",,"OTHER",,,,,,,,,,,,,,,,,,,,,,,,,,,,,,,,,
"754573","JC462522","2019-10-06T18:45:00","1","DRIVER",,"716779",,"UNKNOWN","UNKNOWN","IL",,"NONE","PASSENGER","PERSONAL","W","STRAIGHT AHEAD",,,"1",,,,,,,,,,,,,,,,,,"UNKNOWN",,,,,,,,,,,,,,,,,,,,,,,,,,,,,,,,,
"754574","JC462522","2019-10-06T18:45:00","2","DRIVER",,"716778",,"CHEVROLET","MALIBU (CHEVELLE)","IL","2014","NONE","PASSENGER","PERSONAL","W","SLOW/STOP IN TRAFFIC",,,"1",,,,,,,,,,"true","true","true",,,,,,"REAR-LEFT",,,,,,,,,,,,,,,,,,,,,,,,,,,,,,,,,
"754567","JC462515","2019-10-06T18:45:00","1","DRIVER",,"716775",,"HONDA","ACCORD","IL","2011","BRAKES","PASSENGER","PERSONAL","E","TURNING RIGHT",,,"1",,,,,"true","true",,,,,,,,,,,,"FRONT",,,,,,,,,,,,,,,,,,,,,,,,,,,,,,,,,
"754568","JC462515","2019-10-06T18:45:00","2","DRIVER","1","716772",,"CHEVROLET","IMPALA","IL","2015","NONE","PASSENGER","PERSONAL","E","TURNING RIGHT",,,"2",,,,,,,,,,,,,,,"true",,,"TOTAL (ALL AREAS)",,,,,,,,,,,,,,,,,,,,,,,,,,,,,,,,,
"754595","JC462568","2019-10-06T18:30:00","1","DRIVER",,"716798",,"UNKNOWN","UNKNOWN","XX",,"UNKNOWN","UNKNOWN/NA","UNKNOWN/NA","UNKNOWN","UNKNOWN/NA",,,"1",,,,,,,,,,,,,,,,,"true","UNKNOWN",,,,,,,,,,,,,,,,,,,,,,,,,,,,,,,,,
"754596","JC462568","2019-10-06T18:30:00","2","DRIVERLESS",,"716801",,"VOLKSWAGEN","PASSAT","IL","2014","UNKNOWN","PASSENGER","NOT IN USE","UNKNOWN","PARKED",,,"0",,,,,,,,,,,,,,,,"true",,"OTHER",,,,,,,,,,,,,,,,,,,,,,,,,,,,,,,,,
"754569","JC462487","2019-10-06T18:25:00","1","DRIVER","2","716777",,"ACURA","ACURA","IL","2005","NONE","PASSENGER","PERSONAL","N","STRAIGHT AHEAD","true",,"3",,"pending",,,,,,,,,,,,,,"true",,"OTHER",,,,,,,,,,,,,,,,,,,,,,,,,,,,,,,,,
"754570","JC462487","2019-10-06T18:25:00","2","PARKED",,"716788",,"FORD","ECONOLINE E250","IL","1995","NONE","VAN/MINI-VAN","NOT IN USE","UNKNOWN","PARKED","false",,"0",,,,,,,,,,,,,,,"true",,,"TOTAL (ALL AREAS)",,,,,,,,,,,,,,,,,,,,,,,,,,,,,,,,,
"754865","JC463201","2019-10-06T18:20:00","1","DRIVER",,"717549",,"FORD","Focus","IL","2005","UNKNOWN","PASSENGER","PERSONAL","W","STRAIGHT AHEAD",,,"1",,,,,"true","true",,,,,,,,,,"true",,"FRONT",,,,,,,,,,,,,,,,,,,,,,,,,,,,,,,,,
"754866","JC463201","2019-10-06T18:20:00","2","PARKED",,"717608",,"CHEVROLET","MALIBU (CHEVELLE)","IL","2014","NONE","PASSENGER","NOT IN USE","W","PARKED",,,"0",,,,,,,,,,,,"true","true","true",,,,"ROOF",,,,,,,,,,,,,,,,,,,,,,,,,,,,,,,,,
"754564","JC462482","2019-10-06T18:19:00","1","BICYCLE",,,,,,,,,,,,,,,,,,,,,,,,,,,,,,,,,,,,,,,,,,,,,,,,,,,,,,,,,,,,,,,,,,
"754565","JC462482","2019-10-06T18:19:00","2","DRIVER",,"716769",,"TOYOTA MOTOR COMPANY, LTD.","CAMRY","IL","2003","NONE","PASSENGER","PERSONAL","N","STRAIGHT AHEAD",,,"1",,,,,,,,,,,,,,,,"true",,"TOTAL (ALL AREAS)",,,,,,,,,,,,,,,,,,,,,,,,,,,,,,,,,
"754557","JC462483","2019-10-06T18:15:00","1","DRIVER",,"716764",,"MERCURY","GRAND MARQUIS","IL","1994","UNKNOWN","PASSENGER","PERSONAL","W","STRAIGHT AHEAD","true",,"1",,"private tow",,,"true","true","true","true",,,,,,,"true","true",,"OTHER",,,,,,,,,,,,,,,,,,,,,,,,,,,,,,,,,
"754560","JC462479","2019-10-06T18:10:00","1","DRIVER",,"716768",,"NISSAN","SENTRA (DATSUN AND NISSAN HAVE MERGED)","IL","2015","UNKNOWN","PASSENGER","PERSONAL","N","STRAIGHT AHEAD","true",,"1",,"personal insurance co",,,"true",,,,,,,,,,"true","true",,"OTHER",,,,,,,,,,,,,,,,,,,,,,,,,,,,,,,,,
"754561","JC462479","2019-10-06T18:10:00","2","DRIVER",,"716776",,"CHEVROLET","HHR","IL","2009","UNKNOWN","PASSENGER","PERSONAL","W","STRAIGHT AHEAD","true",,"1",,"PERSONAL INSURANCE",,,,,,,,,"true","true","true","true","true",,,"ROOF",,,,,,,,,,,,,,,,,,,,,,,,,,,,,,,,,
"754551","JC462471","2019-10-06T18:10:00","1","DRIVER",,"716756",,"TOYOTA MOTOR COMPANY, LTD.","CAMRY","IL","2001","UNKNOWN","PASSENGER","PERSONAL","W","UNKNOWN/NA",,,"1",,,,,"true",,,,,,,,,,"false",,,"FRONT",,,,,,,,,,,,,,,,,,,,,,,,,,,,,,,,,
"754552","JC462471","2019-10-06T18:10:00","2","PARKED",,"716760",,"TOYOTA MOTOR COMPANY, LTD.","COROLLA","IL","1999","UNKNOWN","PASSENGER","NOT IN USE","W","PARKED",,,"0",,,,,,,,,,,"true",,,,,,,"SIDE-LEFT",,,,,,,,,,,,,,,,,,,,,,,,,,,,,,,,,
"754575","JC462480","2019-10-06T17:55:00","1","DRIVER","2","716784",,"LEXUS","ES350","IL","2007","UNKNOWN","PASSENGER","PERSONAL","NW","CHANGING LANES",,,"3",,,,,,,,,,,,,,"true","false","true",,"UNDER CARRIAGE",,,,,,,,,,,,,,,,,,,,,,,,,,,,,,,,,
"754576","JC462480","2019-10-06T17:55:00","2","BICYCLE",,,,,,,,,,,,,,,,,,,,,,,,,,,,,,,,,,,,,,,,,,,,,,,,,,,,,,,,,,,,,,,,,,