"crash_unit_id","rd_no","crash_date","unit_no","unit_type","num_passengers","vehicle_id","cmrc_veh_i","make","model","lic_plate_state","vehicle_year","vehicle_defect","vehicle_type","vehicle_use","travel_direction","maneuver","towed_i","fire_i","occupant_cnt","exceed_speed_limit_i","towed_by","towed_to","area_00_i","area_01_i","area_02_i","area_03_i","area_04_i","area_05_i","area_06_i","area_07_i","area_08_i","area_09_i","area_10_i","area_11_i","area_12_i","area_99_i","first_contact_point","cmv_id","usdot_no","ccmc_no","ilcc_no","commercial_src","gvwr","carrier_name","carrier_state","carrier_city","hazmat_placards_i","hazmat_name","un_no","hazmat_present_i","hazmat_report_i","hazmat_report_no","mcs_report_i","mcs_report_no","hazmat_vio_cause_crash_i","mcs_vio_cause_crash_i","idot_permit_no","wide_load_i","trailer1_width","trailer2_width","trailer1_length","trailer2_length","total_vehicle_length","axle_cnt","vehicle_config","cargo_body_type","load_type","hazmat_out_of_service_i","mcs_out_of_service_i","hazmat_class"
"754601","JC462584","2019-10-06T17:50:00","1","DRIVER",,"716805",,"HYUNDAI","SONATA","IL","2018","NONE","PASSENGER","PERSONAL","E","STRAIGHT AHEAD","true",,"1",,"PRIVATE",,,"true",,,,,,,,,,,"true",,"FRONT",,,,,,,,,,,,,,,,,,,,,,,,,,,,,,,,,
"754602","JC462584","2019-10-06T17:50:00","2","DRIVER","3","716808",,"FORD","EDGE","IL","2019","NONE","PASSENGER","OTHER","N","STRAIGHT AHEAD","true",,"4",,"EMPIRE",,,,,,,,,,,,,,"true",,"OTHER",,,,,,,,,,,,,,,,,,,,,,,,,,,,,,,,,
"754558","JC462462","2019-10-06T17:50:00","1","DRIVER",,"716766","false","KIA MOTORS CORP","Optima","IL","2019","UNKNOWN","PASSENGER","PERSONAL","W","STRAIGHT AHEAD",,,"1",,,,,"true","true",,,,,,,,,,,,"FRONT",,,,,,,,,,,,,,,,,,,,,,,,,,,,,,,,,
"754559","JC462462","2019-10-06T17:50:00","2","DRIVERLESS",,"716771",,"VOLVO","C30","WI","2011","NONE","PASSENGER","UNKNOWN/NA","W","PARKED",,,"0",,,,,,,,,,,"true","true",,,,,,"SIDE-LEFT",,,,,,,,,,,,,,,,,,,,,,,,,,,,,,,,,
"754549","JC462433","2019-10-06T17:48:00","1","DRIVER",,"716755",,"LINCOLN-CONTINENTAL","Aviator","IL","2005","NONE","SPORT UTILITY VEHICLE (SUV)","PERSONAL","N","STRAIGHT AHEAD",,,"1",,,,,"true",,,,,,,,,,"true","true",,"OTHER",,,,,,,,,,,,,,,,,,,,,,,,,,,,,,,,,
"754550","JC462433","2019-10-06T17:48:00","2","DRIVER","2","716765",,"BUICK","LESABRE","WI","1995","NONE","PASSENGER","PERSONAL","W","STRAIGHT AHEAD","true",,"3",,"PRIVATE","UNK",,,"true","true","true","true",,"true","true","true","true","true",,,"ROOF",,,,,,,,,,,,,,,,,,,,,,,,,,,,,,,,,
"755084","JC463631","2019-10-06T17:45:00","1","DRIVER","2","717242",,"TOYOTA MOTOR COMPANY, LTD.","RAV4 (sport utility)","IL","2014","NONE","SPORT UTILITY VEHICLE (SUV)","PERSONAL","N","STRAIGHT AHEAD","true",,"3",,,,,,,,,,,,,,,,,,,,,,,,,,,,,,,,,,,,,,,,,,,,,,,,,,,
"754946","JC463382","2019-10-06T17:30:00","1","DRIVER",,"717115",,"ACURA","ACURA","IL","2008","UNKNOWN","PASSENGER","UNKNOWN/NA","W","ENTERING TRAFFIC LANE FROM PARKING",,,"1",,,,,,,,,,,,,,,,,"true","TOTAL (ALL AREAS)",,,,,,,,,,,,,,,,,,,,,,,,,,,,,,,,,
"754947","JC463382","2019-10-06T17:30:00","2","DRIVER",,"717125",,"CHRYSLER","300","IL","2013","NONE","PASSENGER","PERSONAL","W","STRAIGHT AHEAD",,,"1",,,,,,"true","true","true",,,,,,,,,,"SIDE-RIGHT",,,,,,,,,,,,,,,,,,,,,,,,,,,,,,,,,
"754542","JC462422","2019-10-06T17:26:00","1","DRIVER",,"716750",,"FORD","Explorer","XX",,"NONE","PASSENGER","PERSONAL","W","STRAIGHT AHEAD",,,"1",,,,,,,,,,,,,,,,,"true","UNKNOWN",,,,,,,,,,,,,,,,,,,,,,,,,,,,,,,,,
"754543","JC462422","2019-10-06T17:26:00","2","DRIVER",,"716754",,"HONDA","ACCORD","IL","2014","NONE","PASSENGER","PERSONAL","E","STRAIGHT AHEAD",,,"1",,,,,"true",,,,,,,,,,,"true",,"FRONT",,,,,,,,,,,,,,,,,,,,,,,,,,,,,,,,,
"754534","JC462451","2019-10-06T17:20:00","1","DRIVER",,"716735",,"FORD","Econoline E-450","AZ","2011","NONE","OTHER","OTHER","E","TURNING LEFT",,,"1",,,,,,,,,,,,,,,,,"true","UNKNOWN",,,,,,,,,,,,,,,,,,,,,,,,,,,,,,,,,
"754535","JC462451","2019-10-06T17:20:00","2","PARKED",,"716740",,"NISSAN","NISSAN ALTIMA","IL","2013","NONE","PASSENGER","PERSONAL","E","PARKED",,,"0",,,,,,,,"true","true",,,,,,,,,"REAR-RIGHT",,,,,,,,,,,,,,,,,,,,,,,,,,,,,,,,,
"754529","JC462425","2019-10-06T17:20:00","1","DRIVER",,"716730",,"UNKNOWN","UNKNOWN","IL",,"UNKNOWN","UNKNOWN/NA","UNKNOWN/NA","UNKNOWN","UNKNOWN/NA",,,"1",,,,,,,,,,,,,,,,,"true","UNKNOWN",,,,,,,,,,,,,,,,,,,,,,,,,,,,,,,,,
"754530","JC462425","2019-10-06T17:20:00","2","PARKED",,"716732",,"NISSAN","SENTRA (DATSUN AND NISSAN HAVE MERGED)","IL","2015","UNKNOWN","UNKNOWN/NA","NOT IN USE","W","PARKED",,,"0",,,,,,,,,"true","true",,,,,,,,"REAR-LEFT",,,,,,,,,,,,,,,,,,,,,,,,,,,,,,,,,
"754523","JC462398","2019-10-06T17:20:00","1","DRIVER",,"716726",,"TOYOTA MOTOR COMPANY, LTD.","CAMRY","IL","2017","UNKNOWN","PASSENGER","PERSONAL","W","TURNING RIGHT",,,"1",,,,,"true",,,,,,,,,,,,,"FRONT",,,,,,,,,,,,,,,,,,,,,,,,,,,,,,,,,
"754524","JC462398","2019-10-06T17:20:00","2","PEDESTRIAN",,,,,,,,,,,,,,,,,,,,,,,,,,,,,,,,,,,,,,,,,,,,,,,,,,,,,,,,,,,,,,,,,,
"755206","JC463837","2019-10-06T17:15:00","1","DRIVER",,"717358",,"NISSAN","Murano","IL","2011","NONE","SPORT UTILITY VEHICLE (SUV)","PERSONAL","E","STRAIGHT AHEAD",,,"1",,,,,,,,,,,,,,,,,,"NONE",,,,,,,,,,,,,,,,,,,,,,,,,,,,,,,,,
"755205","JC463837","2019-10-06T17:15:00","2","DRIVER",,"717365",,"CHEVROLET","EQUINOX","IL","2016","NONE","SPORT UTILITY VEHICLE (SUV)","PERSONAL","E","SLOW/STOP IN TRAFFIC",,,"1",,,,,,,,,,,,,,,,,,"NONE",,,,,,,,,,,,,,,,,,,,,,,,,,,,,,,,,
"754508","JC462409","2019-10-06T17:15:00","1","DRIVER",,"716714",,"CHRYSLER","200","IL","2016","NONE","PASSENGER","PERSONAL","E","STRAIGHT AHEAD",,,"1",,,,,,,,,,,,,,,,"true",,"OTHER",,,,,,,,,,,,,,,,,,,,,,,,,,,,,,,,,
"754509","JC462409","2019-10-06T17:15:00","2","DRIVER",,"716716",,"CHEVROLET","CRUZE","IL","2017","NONE","PASSENGER","PERSONAL","E","SLOW/STOP IN TRAFFIC",,,"1",,,,,,,,,,"true",,,,,,,,"REAR-LEFT",,,,,,,,,,,,,,,,,,,,,,,,,,,,,,,,,
"754540","JC462465","2019-10-06T17:00:00","1","DRIVER",,"716744",,"UNKNOWN","UNKNOWN","AZ",,"UNKNOWN","OTHER","UNKNOWN/NA","UNKNOWN","TURNING RIGHT",,,"1",,,,,,,,,,,,,,,,,"true","REAR",,,,,,,,,,,,,,,,,,,,,,,,,,,,,,,,,
"754541","JC462465","2019-10-06T17:00:00","2","PARKED","4","716746",,"HONDA","Odyssey (minivan)","IL","2005","NONE","PASSENGER","NOT IN USE","UNKNOWN","PARKED",,,"4",,,,,"true",,,,,,,,"true","true","true","true",,"TOTAL (ALL AREAS)",,,,,,,,,,,,,,,,,,,,,,,,,,,,,,,,,
"754538","JC462423","2019-10-06T17:00:00","1","DRIVER",,"716752",,"TOYOTA MOTOR COMPANY, LTD.","COROLLA","IL","2017","NONE","PASSENGER","PERSONAL","N","ENTER FROM DRIVE/ALLEY",,,"1",,,,,"true",,,,,,,,,,"true","true",,"OTHER",,,,,,,,,,,,,,,,,,,,,,,,,,,,,,,,,
"754539","JC462423","2019-10-06T17:00:00","2","DRIVER",,"716759",,"FORD","FLEX","IL","2016","NONE","PASSENGER","PERSONAL","W","STRAIGHT AHEAD",,,"1",,,,,,,,,,,"true","true",,,,,,"FRONT-LEFT",,,,,,,,,,,,,,,,,,,,,,,,,,,,,,,,,
"754506","JC462401","2019-10-06T17:00:00","1","DRIVER",,"716713",,"MAZDA","UNKNOWN","IL","2012","NONE","PASSENGER","PERSONAL","E","STRAIGHT AHEAD",,,"1",,,,,,,,,,,,,,,,"true",,"OTHER",,,,,,,,,,,,,,,,,,,,,,,,,,,,,,,,,
"754507","JC462401","2019-10-06T17:00:00","2","DRIVER","2","716717",,"NISSAN","SENTRA (DATSUN AND NISSAN HAVE MERGED)","IL","2018","NONE","PASSENGER","PERSONAL","E","SLOW/STOP IN TRAFFIC",,,"3",,,,,,,,,,"true",,,,,,,,"REAR-LEFT",,,,,,,,,,,,,,,,,,,,,,,,,,,,,,,,,
"754546","JC462481","2019-10-06T16:50:00","1","DRIVER",,"716748",,"TOYOTA MOTOR COMPANY, LTD.","COROLLA","IL","2016","UNKNOWN","PASSENGER","PERSONAL","S","STRAIGHT AHEAD",,,"1",,,,,,,,,,,,,,,,"true",,"OTHER",,,,,,,,,,,,,,,,,,,,,,,,,,,,,,,,,
"754547","JC462481","2019-10-06T16:50:00","2","DRIVER",,"716751",,"NISSAN","Pathfinder","IL","2014","NONE","SPORT UTILITY VEHICLE (SUV)","PERSONAL","S","SLOW/STOP IN TRAFFIC",,,"4",,,,,,,,,,"true",,,,,,"true",,"REAR-LEFT",,,,,,,,,,,,,,,,,,,,,,,,,,,,,,,,,
"754548","JC462481","2019-10-06T16:50:00","3","DRIVER","1","716763",,"ACURA","ACURA","IL","2019","NONE","PASSENGER","PERSONAL","S","SLOW/STOP IN TRAFFIC",,,"2",,,,,,,,,,"true",,,,,,,,"REAR-LEFT",,,,,,,,,,,,,,,,,,,,,,,,,,,,,,,,,
"754519","JC462412","2019-10-06T16:50:00","1","DRIVER",,"716736",,"JEEP","PATRIOT","IL","2014","NONE","PASSENGER","PERSONAL","S","TURNING LEFT",,,"1",,,,,,,,,,,,,,,"true",,,"TOTAL (ALL AREAS)",,,,,,,,,,,,,,,,,,,,,,,,,,,,,,,,,
"754520","JC462412","2019-10-06T16:50:00","2","DRIVER","1","716745",,"TOYOTA MOTOR COMPANY, LTD.","Prius","IL","2006","NONE","PASSENGER","PERSONAL","W","STRAIGHT AHEAD",,,"2",,,,,"true",,,,,,,,,,,"false",,"FRONT",,,,,,,,,,,,,,,,,,,,,,,,,,,,,,,,,
"757057","JC465065","2019-10-06T16:30:00","1","DRIVER",,"719110",,"TOYOTA MOTOR COMPANY, LTD.","RAV4 (sport utility)","IL","2017","NONE","SPORT UTILITY VEHICLE (SUV)","PERSONAL","UNKNOWN","UNKNOWN/NA",,,"1",,,,"true",,,,,,,,,,,,,,"NONE",,,,,,,,,,,,,,,,,,,,,,,,,,,,,,,,,
"757058","JC465065","2019-10-06T16:30:00","2","PARKED",,"719111",,"HONDA","CRV","IL","2009","NONE","SPORT UTILITY VEHICLE (SUV)","PERSONAL","UNKNOWN","PARKED",,,"0",,,,,,"true",,,,,,,,,,,,"FRONT-RIGHT",,,,,,,,,,,,,,,,,,,,,,,,,,,,,,,,,
"754525","JC462381","2019-10-06T16:30:00","1","DRIVER",,"716727",,"HYUNDAI","ELANTRA","IL","2018","UNKNOWN","PASSENGER","PERSONAL","S","CHANGING LANES",,,"1",,,,,,,,,"true","true",,,,,,,,"REAR",,,,,,,,,,,,,,,,,,,,,,,,,,,,,,,,,
"754526","JC462381","2019-10-06T16:30:00","2","DRIVER",,"716741","false","NEW FLYER","NEW FLYER","IL","2008","UNKNOWN","BUS OVER 15 PASS.","CTA","S","STRAIGHT AHEAD",,,"1",,,,,,,,,,,,,,"true","true",,,"TOTAL (ALL AREAS)",,,,,,,,,,,,,,,,,,,,,,,,,,,,,,,,,
"754476","JC462315","2019-10-06T16:25:00","1","DRIVER","1","716690",,"JEEP","CHEROKEE","IL","2016","NONE","PASSENGER","PERSONAL","N","STRAIGHT AHEAD",,,"2",,,,"true",,,,,,,,,,,,,,"OTHER",,,,,,,,,,,,,,,,,,,,,,,,,,,,,,,,,
"754477","JC462315","2019-10-06T16:25:00","2","PEDESTRIAN",,,,,,,,,,,,,,,,,,,,,,,,,,,,,,,,,,,,,,,,,,,,,,,,,,,,,,,,,,,,,,,,,,
"754597","JC462591","2019-10-06T16:15:00","1","DRIVER",,"716800",,"FORD","ESCAPE (SUV)","IL","2012","UNKNOWN","SPORT UTILITY VEHICLE (SUV)","TAXI/FOR HIRE","E","STRAIGHT AHEAD",,,"1",,,,,"true",,,,,,,,,,"false",,,"OTHER",,,,,,,,,,,,,,,,,,,,,,,,,,,,,,,,,
"754598","JC462591","2019-10-06T16:15:00","2","DRIVER","1","716802",,"ACURA","ACURA","IL","2009","UNKNOWN","PASSENGER","PERSONAL","E","STRAIGHT AHEAD",,,"2",,,,,,,,,,,"true",,,,,,,"REAR-LEFT",,,,,,,,,,,,,,,,,,,,,,,,,,,,,,,,,
"754514","JC462325","2019-10-06T16:15:00","1","DRIVER","1","716719",,"HYUNDAI","SONATA","IL","2017","UNKNOWN","PASSENGER","PERSONAL","E","UNKNOWN/NA","true",,"2",,"E&R towed hit and run/damage",,,"true",,,,,,,,,,"true","true",,"OTHER",,,,,,,,,,,,,,,,,,,,,,,,,,,,,,,,,
"754515","JC462325","2019-10-06T16:15:00","2","PEDESTRIAN",,,,,,,,,,,,,,,,,,,,,,,,,,,,,,,,,,,,,,,,,,,,,,,,,,,,,,,,,,,,,,,,,,
"754516","JC462325","2019-10-06T16:15:00","3","DRIVERLESS",,"716722",,"MERCEDES-BENZ","UNKNOWN","IL","2015","UNKNOWN","PASSENGER","NOT IN USE","UNKNOWN","PARKED",,,"0",,,,,,,,,"true","true","true",,,,,,,"REAR-LEFT",,,,,,,,,,,,,,,,,,,,,,,,,,,,,,,,,
"754517","JC462325","2019-10-06T16:15:00","4","DRIVERLESS",,"716725",,"BENTLEY","UNKNOWN","IL","2013","UNKNOWN","PASSENGER","NOT IN USE","UNKNOWN","PARKED",,,"0",,,,,,,,,"true","true","true",,,,,,,"REAR-LEFT",,,,,,,,,,,,,,,,,,,,,,,,,,,,,,,,,
"754518","JC462325","2019-10-06T16:15:00","5","DRIVERLESS",,"716728",,"INFINITI","QX56","IL","2005","UNKNOWN","SPORT UTILITY VEHICLE (SUV)","NOT IN USE","UNKNOWN","UNKNOWN/NA",,,"0",,,,,,,,,"true","true","true",,,,,,,"REAR-LEFT",,,,,,,,,,,,,,,,,,,,,,,,,,,,,,,,,
"754482","JC462360","2019-10-06T16:10:00","1","DRIVER",,"716694",,"HONDA","CRV","IL","2007","NONE","OTHER VEHICLE WITH TRAILER","PERSONAL","N","BACKING",,,"1",,,,,,,,,,"true",,,,,,,,"REAR-LEFT",,,,,,,,,,,,,,,,,,,,,,,,,,,,,,,,,
"754483","JC462360","2019-10-06T16:10:00","2","DRIVER",,"716691",,"VOLKSWAGEN","JETTA","IL","2013","NONE","PASSENGER","PERSONAL","UNKNOWN","SLOW/STOP IN TRAFFIC",,,"1",,,,,,,"true","true",,,,,,,,,,"SIDE-RIGHT",,,,,,,,,,,,,,,,,,,,,,,,,,,,,,,,,
"754527","JC462350","2019-10-06T16:10:00","1","DRIVER","1","716731",,"VOLKSWAGEN","PASSAT","IL","2014","UNKNOWN","PASSENGER","UNKNOWN/NA","W","STRAIGHT AHEAD",,,"2",,,,,,,,,,,,,,,,"true","true","OTHER",,,,,,,,,,,,,,,,,,,,,,,,,,,,,,,,,
"754528","JC462350","2019-10-06T16:10:00","2","DRIVER","3","716743",,"CHEVROLET","C-1500","IL","2001","NONE","PASSENGER","PERSONAL","W","STRAIGHT AHEAD",,,"4",,,,,,,,,,"true",,,,,,,"true","REAR-LEFT",,,,,,,,,,,,,,,,,,,,,,,,,,,,,,,,,
"754498","JC462379","2019-10-06T16:00:00","1","DRIVER",,"716708",,"UNKNOWN","UNKNOWN",,,"UNKNOWN","UNKNOWN/NA","UNKNOWN/NA","UNKNOWN","UNKNOWN/NA",,,"1",,,,,,,,,,,,,,,,,"true","UNKNOWN",,,,,,,,,,,,,,,,,,,,,,,,,,,,,,,,,
"754499","JC462379","2019-10-06T16:00:00","2","PARKED",,"716705",,"MAZDA","6 (Six)","IL","2009","NONE","PASSENGER","PERSONAL","S","PARKED",,,"0",,,,,,,,,,"true",,,,,,,,"REAR-LEFT",,,,,,,,,,,,,,,,,,,,,,,,,,,,,,,,,
"754512","JC462355","2019-10-06T16:00:00","1","DRIVER",,"716718",,"NEW FLYER","NEW FLYER","IL","2008","NONE","BUS OVER 15 PASS.","CTA","S","STRAIGHT AHEAD",,,"1",,,,,"true",,,,,,,,,,"true","true",,"OTHER",,,,,,,,,,,,,,,,,,,,,,,,,,,,,,,,,
"754513","JC462355","2019-10-06T16:00:00","2","DRIVER",,"716723",,"NISSAN","NISSAN MAXIMA","IL","2010","NONE","PASSENGER","PERSONAL","S","STRAIGHT AHEAD",,,"1",,,,,,,,,"true","true","true",,,,,,,"REAR-LEFT",,,,,,,,,,,,,,,,,,,,,,,,,,,,,,,,,
"754485","JC462327","2019-10-06T16:00:00","1","DRIVER",,"716697",,"VOLVO","V70","IL","2002","UNKNOWN","PASSENGER","PERSONAL","N","STRAIGHT AHEAD",,,"1",,,,,"true",,,,,,,,,,"true","true",,"OTHER",,,,,,,,,,,,,,,,,,,,,,,,,,,,,,,,,
"754486","JC462327","2019-10-06T16:00:00","2","DRIVER","1","716701",,"HONDA","CRV","IL","2002","NONE","PASSENGER","PERSONAL","N","STRAIGHT AHEAD",,,"2",,,,,,,,,"true","true","true",,,,,,,"REAR-LEFT",,,,,,,,,,,,,,,,,,,,,,,,,,,,,,,,,
"754493","JC462391","2019-10-06T15:56:00","1","BICYCLE",,,,,,,,,,,,,,,,,,,,,,,,,,,,,,,,,,,,,,,,,,,,,,,,,,,,,,,,,,,,,,,,,,
"754494","JC462391","2019-10-06T15:56:00","2","DRIVER","3","716702",,"NISSAN","Pathfinder","IL","2013","NONE","SPORT UTILITY VEHICLE (SUV)","PERSONAL","W","SLOW/STOP IN TRAFFIC",,,"4",,,,,,,,,,"true",,,,,,,,"REAR-LEFT",,,,,,,,,,,,,,,,,,,,,,,,,,,,,,,,,
"754474","JC462292","2019-10-06T15:48:00","1","DRIVER",,"716684",,"TOYOTA MOTOR COMPANY, LTD.","Sienna (van)","WI","2014","NONE","VAN/MINI-VAN","PERSONAL","N","STRAIGHT AHEAD","false",,"1",,,,,"true",,,,,,,,"true","true","true","true",,"OTHER",,,,,,,,,,,,,,,,,,,,,,,,,,,,,,,,,
"754475","JC462292","2019-10-06T15:48:00","2","DRIVER",,"716689",,"HONDA","Pilot","IL","2006","NONE","PASSENGER","PERSONAL","N","SLOW/STOP IN TRAFFIC",,,"1",,,,,,,,,"true","true","true",,,,,,,"REAR-LEFT",,,,,,,,,,,,,,,,,,,,,,,,,,,,,,,,,
"755174","JC463740","2019-10-06T15:45:00","1","DRIVER","2","717357",,"CHEVROLET","TAHOE","IL","2011","NONE","SPORT UTILITY VEHICLE (SUV)","PERSONAL","E","OTHER",,,"3",,,,,,,,,,"true",,,,,,,,"REAR-LEFT",,,,,,,,,,,,,,,,,,,,,,,,,,,,,,,,,
"755175","JC463740","2019-10-06T15:45:00","2","DRIVER",,"717367",,"PONTIAC","UNKNOWN","IL","2009","NONE","PASSENGER","PERSONAL","E","OTHER",,,"1",,,,,,,,,,,,,,,,"true",,"OTHER",,,,,,,,,,,,,,,,,,,,,,,,,,,,,,,,,
"754484","JC462330","2019-10-06T15:40:00","1","DRIVER",,"716693",,"CHEVROLET","Aveo","IL","2010","NONE","PASSENGER","PERSONAL","S","SLOW/STOP IN TRAFFIC",,,"1",,,,,,,,,,,,,,,,,,,,,,,,,,,,,,,,,,,,,,,,,,,,,,,,,,,
"754504","JC462337","2019-10-06T15:30:00","1","DRIVER",,"716729",,"TOYOTA MOTOR COMPANY, LTD.","CAMRY","IL","2011","NONE","PASSENGER","PERSONAL","S","STRAIGHT AHEAD",,,"1",,,,,"true",,,,,,,,,,"true","true",,"OTHER",,,,,,,,,,,,,,,,,,,,,,,,,,,,,,,,,
"754505","JC462337","2019-10-06T15:30:00","2","DRIVER","1","716721",,"NISSAN","VERSA","IL","2011","UNKNOWN","PASSENGER","PERSONAL","W","STRAIGHT AHEAD","true",,"2",,"private",,,"true","true","true","true",,,,,,,,,,"SIDE-RIGHT",,,,,,,,,,,,,,,,,,,,,,,,,,,,,,,,,
"754454","JC462294","2019-10-06T15:30:00","1","DRIVER",,"716665",,"TOYOTA MOTOR COMPANY, LTD.","CAMRY","IL","2007","NONE","PASSENGER","PERSONAL","N","STRAIGHT AHEAD",,,"1",,,,,,,,,,,,,,,,"true",,"OTHER",,,,,,,,,,,,,,,,,,,,,,,,,,,,,,,,,
"754455","JC462294","2019-10-06T15:30:00","2","DRIVER","1","716668",,"KIA MOTORS CORP","Rio","IL","2013","NONE","PASSENGER","PERSONAL","N","SLOW/STOP IN TRAFFIC",,,"2",,,,,,,,,,"true",,,,,,"true",,"REAR-LEFT",,,,,,,,,,,,,,,,,,,,,,,,,,,,,,,,,
"754456","JC462294","2019-10-06T15:30:00","3","DRIVER",,"716672",,"HONDA","ACCORD","IL","2013","NONE","PASSENGER","PERSONAL","N","SLOW/STOP IN TRAFFIC",,,"1",,,,,,,,,,"true",,,,,,,,"REAR-LEFT",,,,,,,,,,,,,,,,,,,,,,,,,,,,,,,,,
"754464","JC462297","2019-10-06T15:25:00","1","DRIVER",,"716677",,"HONDA","Odyssey (minivan)","IL","2003","UNKNOWN","VAN/MINI-VAN","PERSONAL","W","CHANGING LANES",,,"1",,,,,,,"true",,,,,,,,,,,"FRONT-RIGHT",,,,,,,,,,,,,,,,,,,,,,,,,,,,,,,,,
"754465","JC462297","2019-10-06T15:25:00","2","PARKED",,"716683",,"VOLKSWAGEN","PASSAT","IL","2014","NONE","PASSENGER","NOT IN USE","W","PARKED",,,"2",,,,,,,,,,,,,,"true",,,,"UNDER CARRIAGE",,,,,,,,,,,,,,,,,,,,,,,,,,,,,,,,,
"754553","JC462282","2019-10-06T15:13:00","1","DRIVER","1","716753",,"UNKNOWN","MOTORIZED","IL",,"UNKNOWN","MOPED OR MOTORIZED BICYCLE","OTHER","S","STRAIGHT AHEAD",,,"2",,,,,,,,,,,,,,,,"true",,"OTHER",,,,,,,,,,,,,,,,,,,,,,,,,,,,,,,,,
"754554","JC462282","2019-10-06T15:13:00","2","DRIVER",,"716757",,"FORD","FUSION","IL",,"NONE","PASSENGER","PERSONAL","W","STRAIGHT AHEAD",,,"1",,,,,,,"true",,,,,,,,,,,"REAR-RIGHT",,,,,,,,,,,,,,,,,,,,,,,,,,,,,,,,,
"754491","JC462280","2019-10-06T15:12:00","1","PEDESTRIAN",,,,,,,,,,,,,,,,,,,,,,,,,,,,,,,,,,,,,,,,,,,,,,,,,,,,,,,,,,,,,,,,,,
"754492","JC462280","2019-10-06T15:12:00","2","DRIVER","1","716710",,"MERCEDES-BENZ","450 SERIES","IL","2019","NONE","PASSENGER","PERSONAL","S","STRAIGHT AHEAD",,,"2",,,,"true",,,,,,,,,,,,,,"REAR-RIGHT",,,,,,,,,,,,,,,,,,,,,,,,,,,,,,,,,
"754487","JC462311","2019-10-06T15:10:00","1","DRIVER",,"716698",,"SUBARU","SUBARU","IL","2016","UNKNOWN","SPORT UTILITY VEHICLE (SUV)","UNKNOWN/NA","S","STRAIGHT AHEAD",,,"1",,,,,,"false",,,,,,,,,,,"true","SIDE-RIGHT",,,,,,,,,,,,,,,,,,,,,,,,,,,,,,,,,
"754488","JC462311","2019-10-06T15:10:00","2","PEDESTRIAN",,,,,,,,,,,,,,,,,,,,,,,,,,,,,,,,,,,,,,,,,,,,,,,,,,,,,,,,,,,,,,,,,,
"755903","JC465258","2019-10-06T15:00:00","1","DRIVER",,"718020",,"TOYOTA MOTOR COMPANY, LTD.","COROLLA","IL","2016","NONE","PASSENGER","PERSONAL","S","AVOIDING VEHICLES/OBJECTS",,,"1",,,,,,,,,,,,,,,,"true",,"OTHER",,,,,,,,,,,,,,,,,,,,,,,,,,,,,,,,,
"755904","JC465258","2019-10-06T15:00:00","2","DRIVER",,"718030",,"NISSAN","NISSAN","IL","2014","NONE","PASSENGER","PERSONAL","S","SLOW/STOP IN TRAFFIC",,,"1",,,,,,,,,,"true",,,,,,,,"REAR-LEFT",,,,,,,,,,,,,,,,,,,,,,,,,,,,,,,,,
"754591","JC462558","2019-10-06T15:00:00","1","DRIVER",,"716796",,"FORD","FORD-TRUCK,VAN,SUV, ETC","IL","2016","UNKNOWN","VAN/MINI-VAN","UNKNOWN/NA","N","UNKNOWN/NA",,,"1",,,,,,,,,,,,,,,,,"true","UNKNOWN",,,,,,,,,,,,,,,,,,,,,,,,,,,,,,,,,
"754592","JC462558","2019-10-06T15:00:00","2","DRIVER","4","716794",,"HYUNDAI","SONATA","IL","2018","NONE","PASSENGER","PERSONAL","N","SLOW/STOP IN TRAFFIC",,,"5",,,,,,,,,,"true",,,,,,,,"REAR-LEFT",,,,,,,,,,,,,,,,,,,,,,,,,,,,,,,,,
"754459","JC462287","2019-10-06T14:52:00","1","DRIVER",,"716667",,"FORD","UNKNOWN","IL","2005","UNKNOWN","PASSENGER","PERSONAL","S","STRAIGHT AHEAD",,,"1",,,,,,,,,,,,,,,,,"true","UNKNOWN",,,,,,,,,,,,,,,,,,,,,,,,,,,,,,,,,
"754460","JC462287","2019-10-06T14:52:00","2","DRIVER",,"716673",,"TOYOTA MOTOR COMPANY, LTD.","COROLLA","IL","2014","UNKNOWN","PASSENGER","PERSONAL","W","STRAIGHT AHEAD",,,"1",,,,,,,,,,,,,,,,"true",,"OTHER",,,,,,,,,,,,,,,,,,,,,,,,,,,,,,,,,
"754461","JC462266","2019-10-06T14:45:00","1","DRIVER","2","716674",,"HONDA","Pilot","IL","2005","NONE","PASSENGER","PERSONAL","E","STRAIGHT AHEAD",,,"3",,,,,,,,,,,,,,,,"true",,"OTHER",,,,,,,,,,,,,,,,,,,,,,,,,,,,,,,,,
"754462","JC462266","2019-10-06T14:45:00","2","DRIVER",,"716685",,"JEEP","Wrangler (for vehicle years 1989 to present)","IL","2017","NONE","PASSENGER","PERSONAL","E","SLOW/STOP IN TRAFFIC",,,"1",,,,,,,,,,"true",,,,,,"true",,"REAR-LEFT",,,,,,,,,,,,,,,,,,,,,,,,,,,,,,,,,
"754463","JC462266","2019-10-06T14:45:00","3","DRIVER",,"716699",,"NISSAN","UNKNOWN","IL","2015","NONE","VAN/MINI-VAN","OTHER","E","SLOW/STOP IN TRAFFIC",,,"1",,,,,,,,,,"true",,,,,,,,"REAR-LEFT",,,,,,,,,,,,,,,,,,,,,,,,,,,,,,,,,