"crash_unit_id","rd_no","crash_date","unit_no","unit_type","num_passengers","vehicle_id","cmrc_veh_i","make","model","lic_plate_state","vehicle_year","vehicle_defect","vehicle_type","vehicle_use","travel_direction","maneuver","towed_i","fire_i","occupant_cnt","exceed_speed_limit_i","towed_by","towed_to","area_00_i","area_01_i","area_02_i","area_03_i","area_04_i","area_05_i","area_06_i","area_07_i","area_08_i","area_09_i","area_10_i","area_11_i","area_12_i","area_99_i","first_contact_point","cmv_id","usdot_no","ccmc_no","ilcc_no","commercial_src","gvwr","carrier_name","carrier_state","carrier_city","hazmat_placards_i","hazmat_name","un_no","hazmat_present_i","hazmat_report_i","hazmat_report_no","mcs_report_i","mcs_report_no","hazmat_vio_cause_crash_i","mcs_vio_cause_crash_i","idot_permit_no","wide_load_i","trailer1_width","trailer2_width","trailer1_length","trailer2_length","total_vehicle_length","axle_cnt","vehicle_config","cargo_body_type","load_type","hazmat_out_of_service_i","mcs_out_of_service_i","hazmat_class"
"754686","JC462255","2019-10-06T14:45:00","1","DRIVER",,"716892",,"TOYOTA MOTOR COMPANY, LTD.","YARIS","IL","2011","NONE","PASSENGER","PERSONAL","N","STRAIGHT AHEAD","true",,"1",,"owner",,,,,,,,,,"true","true",,,,,"ROOF",,,,,,,,,,,,,,,,,,,,,,,,,,,,,,,,,
"754687","JC462255","2019-10-06T14:45:00","2","DRIVER",,"716898",,"NISSAN","NISSAN ALTIMA","IN","2013","NONE","PASSENGER","PERSONAL","E","STRAIGHT AHEAD","false",,"1",,,,,"true",,,,,,,,,,"true","true",,"OTHER",,,,,,,,,,,,,,,,,,,,,,,,,,,,,,,,,
"754439","JC462237","2019-10-06T14:45:00","1","DRIVER",,"716661",,"FORD","ECONOLINE E150","IL","2008","UNKNOWN","VAN/MINI-VAN","OTHER","N","UNKNOWN/NA",,,"1",,,,,"true","true",,,,,,,,,,,,"FRONT",,,,,,,,,,,,,,,,,,,,,,,,,,,,,,,,,
"754438","JC462237","2019-10-06T14:45:00","2","DRIVER",,"716658","true","EL DORADO INTERNATIONAL, INC.; EL DORADO MFG., LTD.","EL DORADO INTERNATIONAL, INC.","IL","2017","UNKNOWN","BUS OVER 15 PASS.","OTHER","N","SLOW/STOP IN TRAFFIC",,,"1",,,,,,,,,,,"true","false",,,,,,"SIDE-LEFT","8345",,,,,,"PACE BUS","IL","ARLINGTON HEIGHTS",,,,"N","N",,,,"N","N",,,,,,,,,"BUS","BUS","OTHER","false","false",
"754978","JC463454","2019-10-06T14:40:00","1","DRIVER",,"717145",,"UNKNOWN","UNKNOWN",,"2012","UNKNOWN","PASSENGER","UNKNOWN/NA","W","ENTERING TRAFFIC LANE FROM PARKING",,,"1",,,,,,,,,,,,,,,,"true",,"OTHER",,,,,,,,,,,,,,,,,,,,,,,,,,,,,,,,,
"754979","JC463454","2019-10-06T14:40:00","2","DRIVER",,"717155",,"HYUNDAI","SONATA","IL","2010","NONE","PASSENGER","PERSONAL","W","LEAVING TRAFFIC LANE TO PARK",,,"1",,,,,,,,,"true","true","true",,,,,,,"REAR-LEFT",,,,,,,,,,,,,,,,,,,,,,,,,,,,,,,,,
"754466","JC462272","2019-10-06T14:34:00","1","DRIVER",,"716680",,"TOYOTA MOTOR COMPANY, LTD.","COROLLA","IL","2012","UNKNOWN","PASSENGER","PERSONAL","W","STRAIGHT AHEAD","true",,"1",,"PRIVATE",,,"true",,,,,,,,,,"true","true",,"OTHER",,,,,,,,,,,,,,,,,,,,,,,,,,,,,,,,,
"754467","JC462272","2019-10-06T14:34:00","2","DRIVER","1","716687",,"TOYOTA MOTOR COMPANY, LTD.","TOYOTA","IL","2011","UNKNOWN","PASSENGER","PERSONAL","N","STRAIGHT AHEAD",,,"2",,,,,,,"true","true","true","true","true",,,,,,,"REAR-RIGHT",,,,,,,,,,,,,,,,,,,,,,,,,,,,,,,,,
"754502","JC462334","2019-10-06T14:30:00","1","DRIVER",,"716712",,"NISSAN","UNKNOWN","IL","2018","NONE","PASSENGER","PERSONAL","E","OTHER",,,"1",,,,"true",,,,,,,,,,,,,,"ROOF",,,,,,,,,,,,,,,,,,,,,,,,,,,,,,,,,
"754503","JC462334","2019-10-06T14:30:00","2","BICYCLE",,,,,,,,,,,,,,,,,,,,,,,,,,,,,,,,,,,,,,,,,,,,,,,,,,,,,,,,,,,,,,,,,,
"754457","JC462275","2019-10-06T14:30:00","1","DRIVER",,"716671",,"MAZDA","323","IN","2015","NONE","PASSENGER","PERSONAL","S","STRAIGHT AHEAD",,,"1",,,,,,,,,,,,,,,,,,"UNDER CARRIAGE",,,,,,,,,,,,,,,,,,,,,,,,,,,,,,,,,
"754458","JC462275","2019-10-06T14:30:00","2","DRIVER",,"716676",,"NISSAN","NISSAN ALTIMA","IL","2017","UNKNOWN","PICKUP","PERSONAL","S","STRAIGHT AHEAD",,,"1",,,,,,,,,,,,,,,,,,"REAR-LEFT",,,,,,,,,,,,,,,,,,,,,,,,,,,,,,,,,
"754428","JC462236","2019-10-06T14:27:00","1","DRIVER",,"716637",,"DODGE","DAKOTA","IL","2001","NONE","PICKUP","PERSONAL","E","UNKNOWN/NA",,,"1",,,,,,,,,,,,,,,,"true",,"OTHER",,,,,,,,,,,,,,,,,,,,,,,,,,,,,,,,,
"754429","JC462236","2019-10-06T14:27:00","2","DRIVER","1","716641",,"FORD","ESCAPE (SUV)","IL","2014","NONE","PASSENGER","PERSONAL","E","UNKNOWN/NA",,,"2",,,,,,,,,,"true",,,,,,,,"REAR-LEFT",,,,,,,,,,,,,,,,,,,,,,,,,,,,,,,,,
"754450","JC462253","2019-10-06T14:26:00","1","DRIVER",,"716669","false","UNKNOWN","UNKNOWN","IL","2011","NONE","BUS OVER 15 PASS.","SCHOOL BUS","S","STRAIGHT AHEAD",,,"1",,,,,"true",,,,,,,,,,,,,"FRONT-RIGHT",,,,,,,,,,,,,,,,,,,,,,,,,,,,,,,,,
"754451","JC462253","2019-10-06T14:26:00","2","DRIVER",,"716679",,"NISSAN","NISSAN ALTIMA","IL","2017","NONE","PASSENGER","PERSONAL","S","STRAIGHT AHEAD",,,"1",,,,,,,,,,,,,,,"true",,,"UNDER CARRIAGE",,,,,,,,,,,,,,,,,,,,,,,,,,,,,,,,,
"754446","JC462278","2019-10-06T14:23:00","1","DRIVER",,"716664",,"MITSUBISHI","MITSUBISHI","IL","2005","NONE","SPORT UTILITY VEHICLE (SUV)","PERSONAL","SW","BACKING",,,"1",,,,,,,,,,,,,,,,,"true","REAR-LEFT",,,,,,,,,,,,,,,,,,,,,,,,,,,,,,,,,
"754447","JC462278","2019-10-06T14:23:00","2","PARKED",,"716675",,"HYUNDAI","Santa Fe","IL","2018","NONE","SPORT UTILITY VEHICLE (SUV)","PERSONAL","SW","PARKED",,,"0",,,,,,,,,,,"true",,,,,,,"SIDE-LEFT",,,,,,,,,,,,,,,,,,,,,,,,,,,,,,,,,
"754426","JC462219","2019-10-06T14:16:00","1","DRIVER","4","716644",,"CHEVROLET","CHEVROLET-TRUCK,VAN,SUV,ETC","IL","2019","NONE","PASSENGER","PERSONAL","N","ENTERING TRAFFIC LANE FROM PARKING","true",,"5",,"Private","Private",,,,,,,,,,,"true","true","true",,"TOTAL (ALL AREAS)",,,,,,,,,,,,,,,,,,,,,,,,,,,,,,,,,
"754427","JC462219","2019-10-06T14:16:00","2","DRIVER","1","716650",,"FORD","FORD-TRUCK,VAN,SUV, ETC","IL","2018","NONE","OTHER","AMBULANCE","N","STRAIGHT AHEAD",,,"2",,,,,,"true","true",,,,,,,,,,,"SIDE-RIGHT",,,,,,,,,,,,,,,,,,,,,,,,,,,,,,,,,
"755101","JC463660","2019-10-06T14:00:00","1","DRIVER",,"717255",,"CHRYSLER","Pacifica (Sport Wagon)","IL","2006","UNKNOWN","PASSENGER","PERSONAL","N","ENTERING TRAFFIC LANE FROM PARKING",,,"1",,,,,,,,,,,,,,,"true",,,"TOTAL (ALL AREAS)",,,,,,,,,,,,,,,,,,,,,,,,,,,,,,,,,
"755102","JC463660","2019-10-06T14:00:00","2","DRIVER",,"717265",,"TOYOTA MOTOR COMPANY, LTD.","CAMRY","IL","2017","NONE","PASSENGER","PERSONAL","N","STRAIGHT AHEAD",,,"1",,,,,"true","true","true",,,,,,,,,,,"FRONT",,,,,,,,,,,,,,,,,,,,,,,,,,,,,,,,,
"754887","JC463241","2019-10-06T14:00:00","1","DRIVER",,"717065",,"HONDA","ACCORD","WI",,"NONE","PASSENGER","UNKNOWN/NA","N","SLOW/STOP IN TRAFFIC",,,"1",,,,,,,,,,,,,,,,"true",,"OTHER",,,,,,,,,,,,,,,,,,,,,,,,,,,,,,,,,
"754888","JC463241","2019-10-06T14:00:00","2","DRIVER",,"717060",,"CHEVROLET","MALIBU (CHEVELLE)","IL","2009","NONE","PASSENGER","PERSONAL","N","STRAIGHT AHEAD",,,"1",,,,,,,,,"true","true","true",,,,,,,"REAR-LEFT",,,,,,,,,,,,,,,,,,,,,,,,,,,,,,,,,
"754489","JC462361","2019-10-06T14:00:00","1","DRIVER",,"716700",,"VOLKSWAGEN","JETTA","IL","2013","UNKNOWN","PASSENGER","UNKNOWN/NA","S","STRAIGHT AHEAD",,,"1",,,,,"true",,,,,,,,,,"true","true","false","OTHER",,,,,,,,,,,,,,,,,,,,,,,,,,,,,,,,,
"754490","JC462361","2019-10-06T14:00:00","2","DRIVER",,"716707",,"FORD","CROWN VICTORIA","IL","2003","NONE","PASSENGER","PERSONAL","E","STRAIGHT AHEAD","true",,"1",,"TO BE DETERMINED",,,,,,,,,,"true","true","true",,,,"ROOF",,,,,,,,,,,,,,,,,,,,,,,,,,,,,,,,,
"754468","JC462317","2019-10-06T14:00:00","1","DRIVER",,"716678",,"INFINITI","G35","IL","2010","UNKNOWN","PASSENGER","PERSONAL","UNKNOWN","STRAIGHT AHEAD",,,"1",,,,,,"true","true","true",,,,,,,,,,"SIDE-RIGHT",,,,,,,,,,,,,,,,,,,,,,,,,,,,,,,,,
"754469","JC462317","2019-10-06T14:00:00","2","DRIVER",,"716682",,"SCION","XB","IL","2010","NONE","PASSENGER","PERSONAL","UNKNOWN","STRAIGHT AHEAD",,,"1",,,,,"true",,,,,,,,,,"true","true",,"OTHER",,,,,,,,,,,,,,,,,,,,,,,,,,,,,,,,,
"754418","JC462223","2019-10-06T14:00:00","1","DRIVER",,"716623",,"JEEP","UNKNOWN","IL","2015","UNKNOWN","UNKNOWN/NA","UNKNOWN/NA","UNKNOWN","ENTER FROM DRIVE/ALLEY",,,"1",,,,,,,,,,"true",,,,,,,,"UNKNOWN",,,,,,,,,,,,,,,,,,,,,,,,,,,,,,,,,
"754419","JC462223","2019-10-06T14:00:00","2","PARKED",,"716632",,"CHRYSLER","300","IL","2013","NONE","PASSENGER","PERSONAL","N","PARKED",,,"0",,,,,,"true",,,,,,,,,,,,"SIDE-RIGHT",,,,,,,,,,,,,,,,,,,,,,,,,,,,,,,,,
"754430","JC462225","2019-10-06T13:55:00","1","DRIVER",,"716645",,"HONDA","ACCORD","IL","2009","NONE","PASSENGER","PERSONAL","E","ENTERING TRAFFIC LANE FROM PARKING",,,"1",,,,,,,,,,,,,,,,"true",,"OTHER",,,,,,,,,,,,,,,,,,,,,,,,,,,,,,,,,
"754431","JC462225","2019-10-06T13:55:00","2","DRIVER",,"716653",,"BUICK","ENCLAVE","IL","2008","NONE","PASSENGER","PERSONAL","S","STRAIGHT AHEAD",,,"1",,,,,,,,"true",,,,,,,,,,"REAR-RIGHT",,,,,,,,,,,,,,,,,,,,,,,,,,,,,,,,,
"754420","JC462230","2019-10-06T13:45:00","1","DRIVER",,"716630",,"CHRYSLER","Pacifica (Sport Wagon)","IL","2006","NONE","PASSENGER","PERSONAL","N","ENTERING TRAFFIC LANE FROM PARKING",,,"1",,,,,,,,,,,,,,,"true",,,"TOTAL (ALL AREAS)",,,,,,,,,,,,,,,,,,,,,,,,,,,,,,,,,
"754421","JC462230","2019-10-06T13:45:00","2","DRIVER",,"716634",,"TOYOTA MOTOR COMPANY, LTD.","CAMRY","IL","2017","NONE","PASSENGER","PERSONAL","N","STRAIGHT AHEAD",,,"1",,,,,"true","true",,,,,,,,,,,,"FRONT-RIGHT",,,,,,,,,,,,,,,,,,,,,,,,,,,,,,,,,
"754436","JC462214","2019-10-06T13:45:00","1","DRIVER",,"716649",,"TOYOTA MOTOR COMPANY, LTD.","CAMRY","IL","2005","UNKNOWN","PASSENGER","UNKNOWN/NA","W","STRAIGHT AHEAD","true",,"1",,"CITY OF CHICAGO","POUND 1",,,,,,,,,,,,,"true",,"OTHER",,,,,,,,,,,,,,,,,,,,,,,,,,,,,,,,,
"754437","JC462214","2019-10-06T13:45:00","2","DRIVER","2","716659","true","NEW FLYER","NEW FLYER","IL","2007","NONE","BUS OVER 15 PASS.","CTA","W","OTHER",,,"3",,,,,,,,,,"true",,,,,,,,"REAR-LEFT","8349",,,,"SIDE OF TRUCK",,"CHICAGO TRANSIT AUTHORITY","IL","CHICAGO",,,,,,,"U",,,"U",,,,,,,,,"BUS","BUS","OTHER",,"false",
"754406","JC462205","2019-10-06T13:45:00","1","DRIVER",,"716622",,"CHEVROLET","CRUZE","IL","2016","UNKNOWN","PASSENGER","OTHER","E","STRAIGHT AHEAD",,,"1",,,,"true",,,,,,,,,,,,"false",,"OTHER",,,,,,,,,,,,,,,,,,,,,,,,,,,,,,,,,
"754407","JC462205","2019-10-06T13:45:00","2","DRIVER",,"716648",,"HYUNDAI","Accent","IL","2016","UNKNOWN","PASSENGER","PERSONAL","E","SLOW/STOP IN TRAFFIC",,,"1",,,,,,,,,,"true","true",,,,,,,"SIDE-LEFT",,,,,,,,,,,,,,,,,,,,,,,,,,,,,,,,,
"754434","JC462240","2019-10-06T13:40:00","1","DRIVER",,"716643",,"OLDSMOBILE","Aurora","IL","2001","NONE","PASSENGER","PERSONAL","S","TURNING LEFT",,,"1",,,,,"true",,,,,,,,,,,,,"FRONT",,,,,,,,,,,,,,,,,,,,,,,,,,,,,,,,,
"754435","JC462240","2019-10-06T13:40:00","2","DRIVER",,"716647",,"HONDA","CIVIC","IL","2008","NONE","PASSENGER","PERSONAL","E","SLOW/STOP IN TRAFFIC",,,"1",,,,,,,,,,,,"true","true","true",,,,"ROOF",,,,,,,,,,,,,,,,,,,,,,,,,,,,,,,,,
"754452","JC462289","2019-10-06T13:30:00","1","DRIVER",,"716666",,"HYUNDAI","UNKNOWN","IL","2017","UNKNOWN","PASSENGER","UNKNOWN/NA","NE","TURNING RIGHT",,,"1",,,,,"true","true","true",,,,,,,,,,,"FRONT",,,,,,,,,,,,,,,,,,,,,,,,,,,,,,,,,
"754453","JC462289","2019-10-06T13:30:00","2","DRIVER",,"716670",,"TOYOTA MOTOR COMPANY, LTD.","COROLLA","IL","2015","NONE","PASSENGER","PERSONAL","NE","TURNING RIGHT",,,"1",,,,,,,,,,,,,"true","true","true",,,"TOTAL (ALL AREAS)",,,,,,,,,,,,,,,,,,,,,,,,,,,,,,,,,
"754432","JC462174","2019-10-06T13:30:00","1","DRIVER",,"716642",,"NISSAN","VERSA","IL","2019","UNKNOWN","PASSENGER","PERSONAL","SE","TURNING RIGHT",,,"1",,,,"true",,,,,,,,,,,,,,"OTHER",,,,,,,,,,,,,,,,,,,,,,,,,,,,,,,,,
"754433","JC462174","2019-10-06T13:30:00","2","PEDESTRIAN",,,,,,,,,,,,,,,,,,,,,,,,,,,,,,,,,,,,,,,,,,,,,,,,,,,,,,,,,,,,,,,,,,
"754398","JC462170","2019-10-06T13:30:00","1","DRIVER",,"716619","true","VOLVO","UNKNOWN","IL","2007","UNKNOWN","TRACTOR W/ SEMI-TRAILER","UNKNOWN/NA","E","BACKING",,,"1",,,,"true",,,,,,,,,,,,,,"FRONT-LEFT","8344","185732",,"15237","SIDE OF TRUCK",,"CENTRAL STATES INTEGRA EXPRESS","IL","BLOOMINGDALE",,,,"N","N",,"N",,"N","N",,,,,,,,,"TRACTOR/SEMI-TRAILER","VAN/ENCLOSED BOX","UNKNOWN","false","false",
"754399","JC462170","2019-10-06T13:30:00","2","PARKED",,"716626",,"PETERBILT MOTORS CO., DIVISION PACCAR, INC.","PETERBILT MOTORS CO., DIVISION PACCAR, INC.","IL","2018","UNKNOWN","TRACTOR W/ SEMI-TRAILER","NOT IN USE","E","PARKED",,,"0",,,,,,,,,,,,,,,"true",,,"TOTAL (ALL AREAS)",,,,,,,,,,,,,,,,,,,,,,,,,,,,,,,,,
"754395","JC462161","2019-10-06T13:30:00","1","DRIVER",,"716601",,"UNKNOWN","UNKNOWN",,,"UNKNOWN","MOTORCYCLE (OVER 150CC)","UNKNOWN/NA","W","STRAIGHT AHEAD",,,"1",,,,,,,,,,,,,,,,,"true","OTHER",,,,,,,,,,,,,,,,,,,,,,,,,,,,,,,,,
"754396","JC462161","2019-10-06T13:30:00","2","DRIVER",,"716604",,"HYUNDAI","SONATA","IL","2013","NONE","PASSENGER","PERSONAL","W","SLOW/STOP IN TRAFFIC",,,"1",,,,,,,,,"true","true",,,,,,,,"REAR",,,,,,,,,,,,,,,,,,,,,,,,,,,,,,,,,
"754414","JC462185","2019-10-06T13:25:00","1","DRIVER",,"716624",,"SUBARU","FORESTER","IL","2016","UNKNOWN","SPORT UTILITY VEHICLE (SUV)","PERSONAL","N","OTHER",,,"1",,,,,,,,,,,,,,,,"true",,"OTHER",,,,,,,,,,,,,,,,,,,,,,,,,,,,,,,,,
"754415","JC462185","2019-10-06T13:25:00","2","PARKED",,"716627",,"HONDA","ACCORD","IL","1999","UNKNOWN","PASSENGER","NOT IN USE","N","PARKED",,,"0",,,,,,,,,,"true",,,,,,"true",,"REAR-LEFT",,,,,,,,,,,,,,,,,,,,,,,,,,,,,,,,,
"754416","JC462185","2019-10-06T13:25:00","3","PARKED",,"716636",,"TOYOTA MOTOR COMPANY, LTD.","Highlander(beginning vehicle year 2001)","IL","2005","OTHER","SPORT UTILITY VEHICLE (SUV)","NOT IN USE","N","PARKED",,,"0",,,,,,,,,,"true",,,,,,"true",,"REAR-LEFT",,,,,,,,,,,,,,,,,,,,,,,,,,,,,,,,,
"754417","JC462185","2019-10-06T13:25:00","4","PARKED",,"716638",,"TOYOTA MOTOR COMPANY, LTD.","CAMRY","IL","2010","NONE","PASSENGER","NOT IN USE","N","PARKED",,,"0",,,,,,,,,,"true",,,,,,,,"REAR-LEFT",,,,,,,,,,,,,,,,,,,,,,,,,,,,,,,,,
"756019","JC462175","2019-10-06T13:20:00","1","DRIVER",,"718135",,"HONDA","Odyssey (minivan)","IL","2006","NONE","VAN/MINI-VAN","PERSONAL","NE","BACKING","true",,"1",,"private","private",,"true",,,,,,,,,,"true","true","true","OTHER",,,,,,,,,,,,,,,,,,,,,,,,,,,,,,,,,
"756020","JC462175","2019-10-06T13:20:00","2","DRIVER",,"718137",,"TOYOTA MOTOR COMPANY, LTD.","Highlander(beginning vehicle year 2001)","IL","2015","NONE","SPORT UTILITY VEHICLE (SUV)","PERSONAL","E","STRAIGHT AHEAD",,,"1",,,,,"true","true","true","true","true",,,,,,,,"true","SIDE-RIGHT",,,,,,,,,,,,,,,,,,,,,,,,,,,,,,,,,
"754392","JC462146","2019-10-06T13:10:00","1","DRIVER",,"716602",,"VOLKSWAGEN","JETTA","IL","2000","NONE","PASSENGER","PERSONAL","E","TURNING RIGHT",,,"1",,,,,,,,,,,,,,,"true",,,"TOTAL (ALL AREAS)",,,,,,,,,,,,,,,,,,,,,,,,,,,,,,,,,
"754393","JC462146","2019-10-06T13:10:00","2","DRIVER",,"716605",,"GENERAL MOTORS CORP.","TERRAIN","IL","2014","NONE","PASSENGER","PERSONAL","E","TURNING RIGHT",,,"1",,,,,,,,,"true",,,,,,,,,"REAR-RIGHT",,,,,,,,,,,,,,,,,,,,,,,,,,,,,,,,,
"754410","JC462142","2019-10-06T13:05:00","1","DRIVER","1","716621",,"JEEP","Wrangler (for vehicle years 1989 to present)","IL","2012","UNKNOWN","PASSENGER","PERSONAL","N","STRAIGHT AHEAD","true",,"2",,,,,,,,,"true",,,,,,"true",,,"UNKNOWN",,,,,,,,,,,,,,,,,,,,,,,,,,,,,,,,,
"754411","JC462142","2019-10-06T13:05:00","2","PARKED",,"716629",,"AUDI","A4","IL","2014","NONE","PASSENGER","NOT IN USE","N","PARKED",,,"0",,,,,"true",,,,,,"true","true",,,,,,"UNKNOWN",,,,,,,,,,,,,,,,,,,,,,,,,,,,,,,,,
"754412","JC462142","2019-10-06T13:05:00","3","PARKED",,"716635",,"CHEVROLET","CAMARO","IL","2012","UNKNOWN","PASSENGER","NOT IN USE","N","PARKED",,,"0",,,,,,,,,,"true",,,,,,,,"REAR-LEFT",,,,,,,,,,,,,,,,,,,,,,,,,,,,,,,,,
"754413","JC462142","2019-10-06T13:05:00","4","PARKED",,"716640",,"TOYOTA MOTOR COMPANY, LTD.","YARIS","IL","2008","UNKNOWN","UNKNOWN/NA","NOT IN USE","N","PARKED",,,"0",,,,,,"false","true",,,,,,,,,,,"SIDE-RIGHT",,,,,,,,,,,,,,,,,,,,,,,,,,,,,,,,,
"754976","JC463409","2019-10-06T13:00:00","1","DRIVER",,"717141",,"LINCOLN-CONTINENTAL","MKX","IL","2016","UNKNOWN","PASSENGER","PERSONAL","N","STRAIGHT AHEAD",,,"1",,,,,,,"true","true",,,,,,,,,,"REAR-RIGHT",,,,,,,,,,,,,,,,,,,,,,,,,,,,,,,,,
"754977","JC463409","2019-10-06T13:00:00","2","PARKED",,"717162",,"CADILLAC","Escalade","IL","2018","UNKNOWN","PASSENGER","TAXI/FOR HIRE","N","PARKED",,,"0",,,,,,,,,,,,,,,"true",,,"TOTAL (ALL AREAS)",,,,,,,,,,,,,,,,,,,,,,,,,,,,,,,,,
"754424","JC462228","2019-10-06T13:00:00","1","DRIVER",,"716639",,"HYUNDAI","SONATA","IL","2019","NONE","PASSENGER","PERSONAL","UNKNOWN","STRAIGHT AHEAD",,,"1",,,,,,,,,"true","true",,,,,,,"false","REAR",,,,,,,,,,,,,,,,,,,,,,,,,,,,,,,,,
"754425","JC462228","2019-10-06T13:00:00","2","PARKED",,"716646",,"CHEVROLET","UNKNOWN","IL","2018","NONE","PASSENGER","UNKNOWN/NA","N","PARKED",,,"0",,,,,,,,,,"true","true",,,,,,"true","SIDE-LEFT",,,,,,,,,,,,,,,,,,,,,,,,,,,,,,,,,
"754400","JC462202","2019-10-06T13:00:00","1","DRIVER",,"716613",,"CHEVROLET","SILVERADO","IL","2016","NONE","PICKUP","PERSONAL","W","STRAIGHT AHEAD",,,"2",,,,,,,,,,,,,,,,,,"OTHER",,,,,,,,,,,,,,,,,,,,,,,,,,,,,,,,,
"754401","JC462202","2019-10-06T13:00:00","2","DRIVER",,"716617",,"TOYOTA MOTOR COMPANY, LTD.","COROLLA","IL","2001","NONE","PASSENGER","PERSONAL","N","STRAIGHT AHEAD",,,"1",,,,,,,"true","true",,,,,,,,,,"REAR-RIGHT",,,,,,,,,,,,,,,,,,,,,,,,,,,,,,,,,
"754376","JC462157","2019-10-06T13:00:00","1","DRIVER","1","716588",,"CHEVROLET","TRAVERSE","IN","2014","NONE","PASSENGER","PERSONAL","N","SLOW/STOP IN TRAFFIC",,,"2",,,,,,,,,,,,,,,,"true",,"OTHER",,,,,,,,,,,,,,,,,,,,,,,,,,,,,,,,,
"754377","JC462157","2019-10-06T13:00:00","2","DRIVER","3","716592",,"KIA MOTORS CORP","Optima","IL","2019","NONE","PASSENGER","OTHER","N","SLOW/STOP IN TRAFFIC",,,"4",,,,,,,,,,"true",,,,,,,,"REAR-LEFT",,,,,,,,,,,,,,,,,,,,,,,,,,,,,,,,,
"754366","JC462134","2019-10-06T13:00:00","1","DRIVER",,"716574",,"CHEVROLET","HHR","IL","2007","NONE","SPORT UTILITY VEHICLE (SUV)","PERSONAL","W","ENTERING TRAFFIC LANE FROM PARKING",,,"1",,,,,,,,,,,,,,,"true",,,"UNDER CARRIAGE",,,,,,,,,,,,,,,,,,,,,,,,,,,,,,,,,
"754367","JC462134","2019-10-06T13:00:00","2","DRIVER",,"716581",,"CHEVROLET","TAHOE","IL","2017","NONE","SPORT UTILITY VEHICLE (SUV)","PERSONAL","W","STRAIGHT AHEAD",,,"1",,,,,,,"true","true",,,,,,,,,,"SIDE-RIGHT",,,,,,,,,,,,,,,,,,,,,,,,,,,,,,,,,
"754362","JC462111","2019-10-06T12:54:00","1","DRIVER",,"716572",,"CHEVROLET","UPLANDER","IL","2007","UNKNOWN","VAN/MINI-VAN","PERSONAL","N","STRAIGHT AHEAD",,,"1",,,,,,,,,,,,,,,,"true",,"OTHER",,,,,,,,,,,,,,,,,,,,,,,,,,,,,,,,,
"754363","JC462111","2019-10-06T12:54:00","2","DRIVER",,"716584",,"FORD","FUSION","IL","2016","UNKNOWN","PASSENGER","PERSONAL","N","STRAIGHT AHEAD",,,"1",,,,,,,,,,"true",,,,,,,,"REAR-LEFT",,,,,,,,,,,,,,,,,,,,,,,,,,,,,,,,,
"754382","JC462158","2019-10-06T12:50:00","1","DRIVER","1","716600",,"FORD","Focus","IL",,"UNKNOWN","PASSENGER","UNKNOWN/NA","W","STRAIGHT AHEAD",,,"2",,,,,,,,,,,,,,,,"true",,"OTHER",,,,,,,,,,,,,,,,,,,,,,,,,,,,,,,,,
"754383","JC462158","2019-10-06T12:50:00","2","DRIVER","1","716593",,"INFINITI","G25","IN","2012","NONE","PASSENGER","PERSONAL","W","SLOW/STOP IN TRAFFIC",,,"2",,,,,,,,,,"true","true",,,,,,,"SIDE-LEFT",,,,,,,,,,,,,,,,,,,,,,,,,,,,,,,,,
"754351","JC462119","2019-10-06T12:50:00","1","DRIVER",,"716570",,"FORD","ESCAPE (SUV)","IL","2009","UNKNOWN","PASSENGER","PERSONAL","E","STRAIGHT AHEAD",,,"1",,,,,"true",,,,,,,,,,"true","true",,"OTHER",,,,,,,,,,,,,,,,,,,,,,,,,,,,,,,,,
"754352","JC462119","2019-10-06T12:50:00","2","DRIVER",,"716583",,"HYUNDAI","SONATA","IL","2017","NONE","PASSENGER","PERSONAL","E","STRAIGHT AHEAD",,,"2",,,,,,,,,,"true",,,,,,,,"REAR-LEFT",,,,,,,,,,,,,,,,,,,,,,,,,,,,,,,,,
"754404","JC462132","2019-10-06T12:45:00","1","DRIVER",,"716631",,"HONDA","ACCORD","IL","2005","NONE","PASSENGER","PERSONAL","N","TURNING LEFT","true",,"3",,"CHICAGO NORTHWEST","2643 HAYMOND, RIVERS GROVE IL.",,"true","true",,,,,,,,"true","true","true",,"OTHER",,,,,,,,,,,,,,,,,,,,,,,,,,,,,,,,,
"754405","JC462132","2019-10-06T12:45:00","2","DRIVER",,"716652",,"TOYOTA MOTOR COMPANY, LTD.","CAMRY","IL","1996","NONE","PASSENGER","PERSONAL","S","STRAIGHT AHEAD","true",,"1",,"EVERY 24","5101 W. LAKE",,,,,,,,,,,"true","true","true",,"TOTAL (ALL AREAS)",,,,,,,,,,,,,,,,,,,,,,,,,,,,,,,,,
"754397","JC462129","2019-10-06T12:45:00","1","DRIVER",,"716607",,"VOLKSWAGEN","Touareg","IL","2012","NONE","SPORT UTILITY VEHICLE (SUV)","PERSONAL","E","STRAIGHT AHEAD",,,"1",,,,,,,,,,,,,,,,"true",,"OTHER",,,,,,,,,,,,,,,,,,,,,,,,,,,,,,,,,
"754391","JC462129","2019-10-06T12:45:00","2","DRIVER","1","716611",,"SUBARU","LEGACY","IL","2015","NONE","PASSENGER","PERSONAL","SW","STRAIGHT AHEAD","true",,"2",,,,,,,"true","true",,,,,,,,,,"SIDE-RIGHT",,,,,,,,,,,,,,,,,,,,,,,,,,,,,,,,,