"crash_unit_id","rd_no","crash_date","unit_no","unit_type","num_passengers","vehicle_id","cmrc_veh_i","make","model","lic_plate_state","vehicle_year","vehicle_defect","vehicle_type","vehicle_use","travel_direction","maneuver","towed_i","fire_i","occupant_cnt","exceed_speed_limit_i","towed_by","towed_to","area_00_i","area_01_i","area_02_i","area_03_i","area_04_i","area_05_i","area_06_i","area_07_i","area_08_i","area_09_i","area_10_i","area_11_i","area_12_i","area_99_i","first_contact_point","cmv_id","usdot_no","ccmc_no","ilcc_no","commercial_src","gvwr","carrier_name","carrier_state","carrier_city","hazmat_placards_i","hazmat_name","un_no","hazmat_present_i","hazmat_report_i","hazmat_report_no","mcs_report_i","mcs_report_no","hazmat_vio_cause_crash_i","mcs_vio_cause_crash_i","idot_permit_no","wide_load_i","trailer1_width","trailer2_width","trailer1_length","trailer2_length","total_vehicle_length","axle_cnt","vehicle_config","cargo_body_type","load_type","hazmat_out_of_service_i","mcs_out_of_service_i","hazmat_class"
"754675","JC462135","2019-10-06T12:40:00","1","DRIVER","3","716881",,"CHEVROLET","MALIBU (CHEVELLE)","IL","2012","UNKNOWN","PASSENGER","RIDESHARE SERVICE","E","TURNING LEFT","true",,"4",,"OWNER",,,"true","true","true","true",,,,,,,,"true",,"FRONT",,,,,,,,,,,,,,,,,,,,,,,,,,,,,,,,,
"754676","JC462135","2019-10-06T12:40:00","2","DRIVER",,"716886",,"GENERAL MOTORS CORP.","UNKNOWN","IL","2002","UNKNOWN","SPORT UTILITY VEHICLE (SUV)","PERSONAL","W","STRAIGHT AHEAD","true",,"1",,"OWNER",,,"true","true",,,,,,,,,"true","true",,"FRONT",,,,,,,,,,,,,,,,,,,,,,,,,,,,,,,,,
"754368","JC462125","2019-10-06T12:40:00","1","DRIVER","2","716579",,"HYUNDAI","ELANTRA","IL","2017","NONE","PASSENGER","PERSONAL","N","SLOW/STOP IN TRAFFIC",,,"3",,,,,,,,,,,,,,,"true",,,"TOTAL (ALL AREAS)",,,,,,,,,,,,,,,,,,,,,,,,,,,,,,,,,
"754369","JC462125","2019-10-06T12:40:00","2","DRIVER",,"716587",,"FORD","FUSION","IL","2012","NONE","PASSENGER","PERSONAL","N","SLOW/STOP IN TRAFFIC",,,"2",,,,,,,,,"true","true",,,,,,,,"REAR-RIGHT",,,,,,,,,,,,,,,,,,,,,,,,,,,,,,,,,
"754408","JC462220","2019-10-06T12:30:00","1","DRIVER",,"716618",,"UNKNOWN","UNKNOWN","IL",,"UNKNOWN","UNKNOWN/NA","UNKNOWN/NA","UNKNOWN","UNKNOWN/NA",,,"1",,,,,,,,,,,,,,,,,"true","FRONT",,,,,,,,,,,,,,,,,,,,,,,,,,,,,,,,,
"754409","JC462220","2019-10-06T12:30:00","2","PARKED",,"716620",,"HYUNDAI","ELANTRA","IL","2018","NONE","PASSENGER","PERSONAL","N","PARKED",,,"0",,,,,,,,,,"true","true",,,,,,,"SIDE-LEFT",,,,,,,,,,,,,,,,,,,,,,,,,,,,,,,,,
"754364","JC462110","2019-10-06T12:29:00","1","DRIVER",,"716571",,"JEEP","UNKNOWN",,,"UNKNOWN","PASSENGER","UNKNOWN/NA","W","BACKING",,,"1",,,,,,,,,,,,,,,,,"true","REAR-LEFT",,,,,,,,,,,,,,,,,,,,,,,,,,,,,,,,,
"754365","JC462110","2019-10-06T12:29:00","2","BICYCLE",,,,,,,,,,,,,,,,,,,,,,,,,,,,,,,,,,,,,,,,,,,,,,,,,,,,,,,,,,,,,,,,,,
"754347","JC462108","2019-10-06T12:18:00","1","DRIVER","1","716561",,"CHRYSLER","Pacifica (Sport Wagon)","IL","2005","UNKNOWN","VAN/MINI-VAN","UNKNOWN/NA","W","UNKNOWN/NA",,,"2",,,,,,,,,,,,,,,,"true",,"OTHER",,,,,,,,,,,,,,,,,,,,,,,,,,,,,,,,,
"754348","JC462108","2019-10-06T12:18:00","2","DRIVER","3","716564",,"DODGE","CARAVAN","IL","2017","UNKNOWN","VAN/MINI-VAN","UNKNOWN/NA","W","SLOW/STOP IN TRAFFIC",,,"4",,,,,,,,,,"true",,,,,,,,"REAR-LEFT",,,,,,,,,,,,,,,,,,,,,,,,,,,,,,,,,
"754360","JC462126","2019-10-06T12:15:00","1","DRIVER",,"716573",,"HYUNDAI","UNKNOWN","IL","2012","UNKNOWN","PASSENGER","UNKNOWN/NA","E","ENTERING TRAFFIC LANE FROM PARKING",,,"1",,,,,,,,,,,,"true",,,,,,"ROOF",,,,,,,,,,,,,,,,,,,,,,,,,,,,,,,,,
"754361","JC462126","2019-10-06T12:15:00","2","DRIVER","1","716582",,"DODGE","RAM 1500 PU","IN","2019","UNKNOWN","TRUCK - SINGLE UNIT","PERSONAL","E","STRAIGHT AHEAD",,,"2",,,,,"true",,,,,,,,,,,,,"FRONT",,,,,,,,,,,,,,,,,,,,,,,,,,,,,,,,,
"754378","JC462124","2019-10-06T12:15:00","1","PARKED",,"716590",,"HONDA","ACCORD","IL","2013","UNKNOWN","PASSENGER","PERSONAL","E","PARKED","true",,"0",,"PRIVATE TOW","UNKNOWN",,,,,,,,,,"true","true","true",,,"UNDER CARRIAGE",,,,,,,,,,,,,,,,,,,,,,,,,,,,,,,,,
"754379","JC462124","2019-10-06T12:15:00","2","DRIVER",,"716596",,"FORD","UNKNOWN","IL","2000","UNKNOWN","PICKUP","UNKNOWN/NA","E","STRAIGHT AHEAD",,,"1",,,,,,,,,,,,,,,,,"true","REAR-LEFT",,,,,,,,,,,,,,,,,,,,,,,,,,,,,,,,,
"754320","JC482061","2019-10-06T12:03:00","1","DRIVER",,"716537",,"UNKNOWN","UNKNOWN","IL",,"UNKNOWN","UNKNOWN/NA","UNKNOWN/NA","UNKNOWN","UNKNOWN/NA",,,"1",,,,,,,,,,,,,,,,,"true","UNKNOWN",,,,,,,,,,,,,,,,,,,,,,,,,,,,,,,,,
"754321","JC482061","2019-10-06T12:03:00","2","PARKED",,"716540",,"TOYOTA MOTOR COMPANY, LTD.","4RUNNER","IL","2015","NONE","PASSENGER","NOT IN USE","E","PARKED",,,"0",,,,,,,,,,,"true",,,,,,,"SIDE-LEFT",,,,,,,,,,,,,,,,,,,,,,,,,,,,,,,,,
"754388","JC462140","2019-10-06T12:00:00","1","DRIVER",,"716625",,"CADILLAC","Escalade",,,"UNKNOWN","SPORT UTILITY VEHICLE (SUV)","PERSONAL","UNKNOWN","PASSING/OVERTAKING",,,"1",,,,,,,,,,,,,,,,,,"ROOF",,,,,,,,,,,,,,,,,,,,,,,,,,,,,,,,,
"754389","JC462140","2019-10-06T12:00:00","2","PARKED","1","716599",,"INFINITI","UNKNOWN","IL","2013","UNKNOWN","PASSENGER","PERSONAL","UNKNOWN","PARKED",,,"1",,,,,"true",,,,,,,,,,,,,"FRONT",,,,,,,,,,,,,,,,,,,,,,,,,,,,,,,,,
"754357","JC462115","2019-10-06T12:00:00","1","DRIVER",,"716568",,"UNKNOWN","UNKNOWN",,,"UNKNOWN","UNKNOWN/NA","UNKNOWN/NA","E","STRAIGHT AHEAD",,,"1",,,,,,,,,,,,,,,,,"true","UNKNOWN",,,,,,,,,,,,,,,,,,,,,,,,,,,,,,,,,
"754358","JC462115","2019-10-06T12:00:00","2","DRIVER","1","716580",,"CHEVROLET","COBALT","IL","2008","UNKNOWN","PASSENGER","PERSONAL","E","STRAIGHT AHEAD",,,"2",,,,,,,,,,"true",,,,,,"true",,"REAR-LEFT",,,,,,,,,,,,,,,,,,,,,,,,,,,,,,,,,
"754359","JC462115","2019-10-06T12:00:00","3","DRIVER","1","716589",,"HYUNDAI","Santa Fe","IL","2007","UNKNOWN","PASSENGER","PERSONAL","E","STRAIGHT AHEAD",,,"2",,,,,,,,,,"true",,,,,,,,"REAR-LEFT",,,,,,,,,,,,,,,,,,,,,,,,,,,,,,,,,
"754337","JC462088","2019-10-06T12:00:00","1","DRIVER","4","716555",,"AUDI","A4","IL","2006","NONE","PASSENGER","PERSONAL","N","CHANGING LANES",,,"5",,,,,,,"true",,,,,,,,,,,"SIDE-RIGHT",,,,,,,,,,,,,,,,,,,,,,,,,,,,,,,,,
"754338","JC462088","2019-10-06T12:00:00","2","DRIVER",,"716557",,"BMW","528I","IL","2012","NONE","PASSENGER","PERSONAL","N","STRAIGHT AHEAD",,,"1",,,,,,,,,,,,,,,"true",,,"TOTAL (ALL AREAS)",,,,,,,,,,,,,,,,,,,,,,,,,,,,,,,,,
"754380","JC462097","2019-10-06T11:50:00","1","DRIVER",,"716603",,"TOYOTA MOTOR COMPANY, LTD.","Prius","IL","2012","NONE","PASSENGER","PERSONAL","S","STRAIGHT AHEAD","true",,"1",,"OWNER",,,,,,,,,,,,,,"true",,"OTHER",,,,,,,,,,,,,,,,,,,,,,,,,,,,,,,,,
"754381","JC462097","2019-10-06T11:50:00","2","DRIVER",,"716610",,"HYUNDAI","SONATA","IL","2018","NONE","PASSENGER","PERSONAL","E","STRAIGHT AHEAD",,,"1",,,,,,,,,,,,,"true",,,,,"ROOF",,,,,,,,,,,,,,,,,,,,,,,,,,,,,,,,,
"754335","JC462064","2019-10-06T11:48:00","1","DRIVER",,"716556",,"KIA MOTORS CORP","SORENTO","IL","2017","UNKNOWN","SPORT UTILITY VEHICLE (SUV)","PERSONAL","S","U-TURN",,,"1",,,,,,,,,,,,,"true",,,,,"ROOF",,,,,,,,,,,,,,,,,,,,,,,,,,,,,,,,,
"754336","JC462064","2019-10-06T11:48:00","2","DRIVER",,"716569",,"DODGE","CARAVAN","IL","2006","UNKNOWN","VAN/MINI-VAN","PERSONAL","S","STRAIGHT AHEAD",,,"1",,,,,,,,,,,,,,,,"true",,"OTHER",,,,,,,,,,,,,,,,,,,,,,,,,,,,,,,,,
"754340","JC462105","2019-10-06T11:45:00","1","DRIVER",,"716878",,"TOYOTA MOTOR COMPANY, LTD.","4RUNNER","IL","2015","NONE","UNKNOWN/NA","UNKNOWN/NA","E","STRAIGHT AHEAD",,,"1",,,,,,,,,,,,,,,,"true",,"OTHER",,,,,,,,,,,,,,,,,,,,,,,,,,,,,,,,,
"754341","JC462105","2019-10-06T11:45:00","2","DRIVER","1","716880",,"VOLKSWAGEN","JETTA","IL","2015","NONE","PASSENGER","PERSONAL","E","SLOW/STOP IN TRAFFIC",,,"2",,,,,,,,,,"true",,,,,,,,"REAR-LEFT",,,,,,,,,,,,,,,,,,,,,,,,,,,,,,,,,
"754342","JC462052","2019-10-06T11:35:00","1","DRIVER",,"716560",,"CHEVROLET","CRUZE","IL","2014","NONE","PASSENGER","PERSONAL","E","STRAIGHT AHEAD","true",,"1",,,,,,,,,,,"true","true","true","false",,,,"FRONT-LEFT",,,,,,,,,,,,,,,,,,,,,,,,,,,,,,,,,
"754343","JC462052","2019-10-06T11:35:00","2","DRIVER",,"716566",,"JEEP","CHEROKEE","IL","2012","NONE","PASSENGER","PERSONAL","S","STRAIGHT AHEAD",,,"1",,,,,"true",,,,,,,,,,"true","true",,"OTHER",,,,,,,,,,,,,,,,,,,,,,,,,,,,,,,,,
"754384","JC462159","2019-10-06T11:30:00","1","DRIVER",,"716609",,"TOYOTA MOTOR COMPANY, LTD.","UNKNOWN","IL","2008","UNKNOWN","SPORT UTILITY VEHICLE (SUV)","PERSONAL","E","BACKING",,,"1",,,,,,,,,,"true",,,,,,,,"REAR-LEFT",,,,,,,,,,,,,,,,,,,,,,,,,,,,,,,,,
"754385","JC462159","2019-10-06T11:30:00","2","DRIVER",,"716612",,"FORD","TAURUS","IL","1999","NONE","PASSENGER","PERSONAL","S","SLOW/STOP IN TRAFFIC",,,"1",,,,,,,,,,,"true","true",,,,,,"ROOF",,,,,,,,,,,,,,,,,,,,,,,,,,,,,,,,,
"754333","JC462055","2019-10-06T11:30:00","1","DRIVER","1","716554",,"UNKNOWN","UNKNOWN","IL",,"UNKNOWN","VAN/MINI-VAN","UNKNOWN/NA","W","STRAIGHT AHEAD",,,"2",,,,,,,,,,,,,,,,,"true","OTHER",,,,,,,,,,,,,,,,,,,,,,,,,,,,,,,,,
"754334","JC462055","2019-10-06T11:30:00","2","DRIVER",,"716559",,"FORD","Focus","IL","2017","NONE","PASSENGER","PERSONAL","W","SLOW/STOP IN TRAFFIC",,,"1",,,,,,,,,,,,,,,,,,"REAR-LEFT",,,,,,,,,,,,,,,,,,,,,,,,,,,,,,,,,
"754353","JC462044","2019-10-06T11:21:00","1","DRIVER",,"716575",,"BUICK","REGAL","IL","1997","UNKNOWN","PASSENGER","PERSONAL","W","TURNING RIGHT","true",,"1",,,,,"true","true","true","true",,"false",,"true","true","true","true","true","false","OTHER",,,,,,,,,,,,,,,,,,,,,,,,,,,,,,,,,
"754354","JC462044","2019-10-06T11:21:00","2","DRIVER",,"716591",,"TOYOTA MOTOR COMPANY, LTD.","CAMRY","IL","2011","UNKNOWN","PASSENGER","PERSONAL","S","STRAIGHT AHEAD",,,"1",,,,,"false","false","false","false","false",,"true","true","true","true","true",,,"ROOF",,,,,,,,,,,,,,,,,,,,,,,,,,,,,,,,,
"754355","JC462044","2019-10-06T11:21:00","3","PARKED",,"716606",,"CADILLAC","UNKNOWN","IL","2014","UNKNOWN","PASSENGER","PERSONAL","S","PARKED",,,"0",,,,,"true",,,,,,,,,,,,,"FRONT",,,,,,,,,,,,,,,,,,,,,,,,,,,,,,,,,
"754356","JC462044","2019-10-06T11:21:00","4","PARKED",,"716615",,"CHRYSLER","300","IL","2010","UNKNOWN","PASSENGER","PERSONAL","S","PARKED",,,"0",,,,,"true",,,,,,,,,,,,,"FRONT",,,,,,,,,,,,,,,,,,,,,,,,,,,,,,,,,
"754318","JC462054","2019-10-06T11:20:00","1","DRIVER",,"716531",,"CHEVROLET","BLAZER",,,"UNKNOWN","SPORT UTILITY VEHICLE (SUV)","PERSONAL","S","STRAIGHT AHEAD",,,"1",,,,,"true",,,,,,,,,,"true","true",,"OTHER",,,,,,,,,,,,,,,,,,,,,,,,,,,,,,,,,
"754319","JC462054","2019-10-06T11:20:00","2","DRIVER","4","716539",,"KIA MOTORS CORP","SOUL","IL","2017","NONE","PASSENGER","PERSONAL","S","SLOW/STOP IN TRAFFIC",,,"5",,,,,,,,,"true","true","true",,,,,,,"REAR-LEFT",,,,,,,,,,,,,,,,,,,,,,,,,,,,,,,,,
"754308","JC462042","2019-10-06T11:18:00","1","DRIVER",,"716526",,"SUBARU","LEGACY","IL","2011","UNKNOWN","PASSENGER","UNKNOWN/NA","W","STRAIGHT AHEAD",,,"1",,,,,"true",,,,,,,,,,,,,"FRONT",,,,,,,,,,,,,,,,,,,,,,,,,,,,,,,,,
"754309","JC462042","2019-10-06T11:18:00","2","DRIVER",,"716534",,"NISSAN","UNKNOWN","IL","2018","NONE","PASSENGER","PERSONAL","S","STRAIGHT AHEAD",,,"1",,,,,,,,,,,,"true",,,,,,"ROOF",,,,,,,,,,,,,,,,,,,,,,,,,,,,,,,,,
"754531","JC462440","2019-10-06T11:15:00","1","DRIVER",,"716739",,"DODGE","UNKNOWN","WI","2018","NONE","TRUCK - SINGLE UNIT","PERSONAL","W","STRAIGHT AHEAD",,,"1",,,,,,,,,,,,,,,,"true",,"OTHER",,,,,,,,,,,,,,,,,,,,,,,,,,,,,,,,,
"754532","JC462440","2019-10-06T11:15:00","2","DRIVER",,"716742",,"NISSAN","SENTRA (DATSUN AND NISSAN HAVE MERGED)","IL","2014","NONE","PASSENGER","PERSONAL","W","STRAIGHT AHEAD",,,"1",,,,,,,,,,"true",,,,,,"true",,"REAR-LEFT",,,,,,,,,,,,,,,,,,,,,,,,,,,,,,,,,
"754533","JC462440","2019-10-06T11:15:00","3","DRIVER","1","716733",,"HONDA","CRV","IL","2004","NONE","PASSENGER","PERSONAL","W","STRAIGHT AHEAD",,,"2",,,,,,,,,,"true",,,,,,,,"REAR-LEFT",,,,,,,,,,,,,,,,,,,,,,,,,,,,,,,,,
"754297","JC462038","2019-10-06T11:15:00","1","DRIVER",,"716517",,"DODGE","RAM 1500 PU","WI","2018","NONE","TRUCK - SINGLE UNIT","PERSONAL","W","STRAIGHT AHEAD",,,"1",,,,,,,,,,,,,,,,,,"OTHER",,,,,,,,,,,,,,,,,,,,,,,,,,,,,,,,,
"754298","JC462038","2019-10-06T11:15:00","2","DRIVER",,"716523",,"NISSAN","SENTRA (DATSUN AND NISSAN HAVE MERGED)",,,"UNKNOWN","PASSENGER","PERSONAL","W","SLOW/STOP IN TRAFFIC",,,"1",,,,,,,,,,,,,,,,,"true","REAR-LEFT",,,,,,,,,,,,,,,,,,,,,,,,,,,,,,,,,
"754299","JC462038","2019-10-06T11:15:00","3","DRIVER",,"716527",,"HONDA","CRV","IL",,"NONE","PASSENGER","PERSONAL","W","SLOW/STOP IN TRAFFIC",,,"1",,,,,,,,,,,,,,,,,"true","REAR-LEFT",,,,,,,,,,,,,,,,,,,,,,,,,,,,,,,,,
"754305","JC462032","2019-10-06T11:15:00","1","DRIVER",,"716524",,"TOYOTA MOTOR COMPANY, LTD.","Prius","IL","2009","NONE","PASSENGER","PERSONAL","W","TURNING RIGHT",,,"1",,,,,,,,,,,,,,,,"true",,"TOTAL (ALL AREAS)",,,,,,,,,,,,,,,,,,,,,,,,,,,,,,,,,
"754306","JC462032","2019-10-06T11:15:00","2","DRIVER",,"716532",,"LINCOLN-CONTINENTAL","MKZ",,"2015","NONE","PASSENGER","PERSONAL","W","TURNING RIGHT",,,"1",,,,,,,,,,"true",,,,,,,,"REAR",,,,,,,,,,,,,,,,,,,,,,,,,,,,,,,,,
"754292","JC462029","2019-10-06T11:02:00","1","DRIVER",,"716514",,"LINCOLN-CONTINENTAL","TOWNCAR","IL","1999","NONE","PASSENGER","PERSONAL","N","STRAIGHT AHEAD",,,"1",,,,,,,,,,,,,,,,"true",,"OTHER",,,,,,,,,,,,,,,,,,,,,,,,,,,,,,,,,
"754293","JC462029","2019-10-06T11:02:00","2","DRIVER",,"716516",,"FORD","Explorer","IL","2002","NONE","PASSENGER","PERSONAL","N","STRAIGHT AHEAD",,,"1",,,,,,,,,,"true",,,,,,"true",,"REAR-LEFT",,,,,,,,,,,,,,,,,,,,,,,,,,,,,,,,,
"754294","JC462029","2019-10-06T11:02:00","3","DRIVER","1","716519",,"CADILLAC","UNKNOWN",,,"UNKNOWN","PASSENGER","UNKNOWN/NA","N","STRAIGHT AHEAD",,,"2",,,,,,,,,,,,,,,,,"true","REAR-LEFT",,,,,,,,,,,,,,,,,,,,,,,,,,,,,,,,,
"757800","JC468769","2019-10-06T11:00:00","1","DRIVER",,"719835",,"LAND ROVER","UNKNOWN","WI","2011","UNKNOWN","SPORT UTILITY VEHICLE (SUV)","PERSONAL","E","BACKING",,,"1",,,,,,,,,,"true",,,,,,,,"REAR-LEFT",,,,,,,,,,,,,,,,,,,,,,,,,,,,,,,,,
"757801","JC468769","2019-10-06T11:00:00","2","PARKED","1","719823",,"TOYOTA MOTOR COMPANY, LTD.","COROLLA","IL","2014","NONE","PASSENGER","PERSONAL","E","PARKED",,,"1",,,,,,,,,,,,,,,,"true",,"OTHER",,,,,,,,,,,,,,,,,,,,,,,,,,,,,,,,,
"754310","JC462025","2019-10-06T11:00:00","1","DRIVER",,"716530",,"NISSAN","VERSA","IL","2009","NONE","PASSENGER","PERSONAL","N","ENTERING TRAFFIC LANE FROM PARKING",,,"1",,,,,,,,,,,,,,,"true",,,"UNDER CARRIAGE",,,,,,,,,,,,,,,,,,,,,,,,,,,,,,,,,
"754311","JC462025","2019-10-06T11:00:00","2","DRIVER",,"716538",,"JEEP","CHEROKEE","IL","2018","NONE","PASSENGER","PERSONAL","N","STRAIGHT AHEAD",,,"1",,,,,,"true","true","true",,,,,,,,,,"SIDE-RIGHT",,,,,,,,,,,,,,,,,,,,,,,,,,,,,,,,,
"754307","JC462003","2019-10-06T10:45:00","1","DRIVER","1","716535",,"FORD","CROWN VICTORIA","IL","2011","NONE","PASSENGER","PERSONAL","E","TURNING LEFT",,,"2",,,,"true",,,,,,,,,,,,,,"FRONT",,,,,,,,,,,,,,,,,,,,,,,,,,,,,,,,,
"754312","JC462003","2019-10-06T10:45:00","2","PEDESTRIAN",,,,,,,,,,,,,,,,,,,,,,,,,,,,,,,,,,,,,,,,,,,,,,,,,,,,,,,,,,,,,,,,,,
"754301","JC461996","2019-10-06T10:44:00","1","DRIVER",,"716521",,"DODGE","NEON","IL","2003","UNKNOWN","PASSENGER","PERSONAL","N","TURNING LEFT",,,"1",,,,,"true",,,,,,,,,,,,,"FRONT",,,,,,,,,,,,,,,,,,,,,,,,,,,,,,,,,
"754302","JC461996","2019-10-06T10:44:00","2","DRIVER",,"716529",,"NISSAN","ROGUE","IL","2009","UNKNOWN","SPORT UTILITY VEHICLE (SUV)","PERSONAL","S","STRAIGHT AHEAD",,,"1",,,,,,,,,,,,,,,,"true",,"OTHER",,,,,,,,,,,,,,,,,,,,,,,,,,,,,,,,,
"754495","JC462390","2019-10-06T10:42:00","1","DRIVER",,"716704",,"NISSAN","NISSAN ALTIMA","IL",,"UNKNOWN","PASSENGER","PERSONAL","N","STRAIGHT AHEAD",,,"1",,,,,,,,,,,,,,,,"true",,"OTHER",,,,,,,,,,,,,,,,,,,,,,,,,,,,,,,,,
"754496","JC462390","2019-10-06T10:42:00","2","DRIVER",,"716706",,"DODGE","CARAVAN","IL",,"NONE","VAN/MINI-VAN","PERSONAL","N","STRAIGHT AHEAD",,,"1",,,,,"true",,,,,"true",,,,,,,,"REAR-LEFT",,,,,,,,,,,,,,,,,,,,,,,,,,,,,,,,,
"754497","JC462390","2019-10-06T10:42:00","3","PARKED",,"716703",,"NISSAN","SENTRA (DATSUN AND NISSAN HAVE MERGED)","IL","2013","NONE","PASSENGER","PERSONAL","N","PARKED",,,"0",,,,,,,,,,,,"true","true","true","false",,,"ROOF",,,,,,,,,,,,,,,,,,,,,,,,,,,,,,,,,
"754326","JC462068","2019-10-06T10:40:00","1","DRIVER",,"716546",,"DODGE","GRAND CARAVAN","IL","2003","NONE","VAN/MINI-VAN","UNKNOWN/NA","UNKNOWN","BACKING",,,"1",,,,,,,,,,"true",,,,,,,,"REAR-LEFT",,,,,,,,,,,,,,,,,,,,,,,,,,,,,,,,,
"754327","JC462068","2019-10-06T10:40:00","2","DRIVER",,"716548",,"TOYOTA MOTOR COMPANY, LTD.","Highlander(beginning vehicle year 2001)","IL","2005","NONE","SPORT UTILITY VEHICLE (SUV)","PERSONAL","UNKNOWN","STRAIGHT AHEAD",,,"1",,,,,,,,,,,,,"true","true",,,,"UNDER CARRIAGE",,,,,,,,,,,,,,,,,,,,,,,,,,,,,,,,,
"754276","JC462004","2019-10-06T10:40:00","1","DRIVER",,"716494",,"LEXUS","IS200","IL","2017","NONE","PASSENGER","PERSONAL","E","STRAIGHT AHEAD",,,"1",,,,,"true",,,,,,,,,,"true","true",,"OTHER",,,,,,,,,,,,,,,,,,,,,,,,,,,,,,,,,
"754277","JC462004","2019-10-06T10:40:00","2","DRIVER","1","716513",,"UNKNOWN","UNKNOWN","IL","2019","NONE","OTHER","PERSONAL","E","SLOW/STOP IN TRAFFIC",,,"2",,,,,,,,,"true","true","true",,,,,,,"REAR-LEFT",,,,,,,,,,,,,,,,,,,,,,,,,,,,,,,,,
"754303","JC461987","2019-10-06T10:24:00","1","DRIVER",,"716528",,"FORD","Explorer","IL","2004","UNKNOWN","PASSENGER","PERSONAL","N","STRAIGHT AHEAD",,,"1",,,,,,,,,,,,,,,,"true",,"OTHER",,,,,,,,,,,,,,,,,,,,,,,,,,,,,,,,,
"754304","JC461987","2019-10-06T10:24:00","2","DRIVER",,"716553",,"INFINITI","UNKNOWN","IL","2013","NONE","PASSENGER","PERSONAL","W","STRAIGHT AHEAD","true",,"1",,,,,,,,,,,"true","true","true",,,,,"FRONT-LEFT",,,,,,,,,,,,,,,,,,,,,,,,,,,,,,,,,
"754370","JC462193","2019-10-06T10:15:00","1","DRIVER",,"716585",,"CHEVROLET","SILVERADO","IL","2012","UNKNOWN","PASSENGER","UNKNOWN/NA","S","STRAIGHT AHEAD",,,"1",,,,,,,,,,,,,,,,,"true","OTHER",,,,,,,,,,,,,,,,,,,,,,,,,,,,,,,,,
"754371","JC462193","2019-10-06T10:15:00","2","DRIVER","1","716595",,"HONDA","ACCORD","IL","2009","NONE","PASSENGER","PERSONAL","S","STRAIGHT AHEAD",,,"2",,,,,,,,,,"true","true",,,,,,,"SIDE-LEFT",,,,,,,,,,,,,,,,,,,,,,,,,,,,,,,,,
"754256","JC461971","2019-10-06T10:15:00","1","DRIVER",,"716478",,"NISSAN","Murano","IL","2010","NONE","SPORT UTILITY VEHICLE (SUV)","PERSONAL","SW","TURNING LEFT",,,"1",,,,,"true","true","true",,,,,,,,,"true",,"SIDE-RIGHT",,,,,,,,,,,,,,,,,,,,,,,,,,,,,,,,,
"754257","JC461971","2019-10-06T10:15:00","2","DRIVER",,"716483",,"GENERAL MOTORS CORP.","ACADIA","IL","2014","NONE","SPORT UTILITY VEHICLE (SUV)","PERSONAL","S","STRAIGHT AHEAD",,,"1",,,,,"false",,,,,,,,,,"true",,,"ROOF",,,,,,,,,,,,,,,,,,,,,,,,,,,,,,,,,
"754278","JC462008","2019-10-06T10:10:00","1","DRIVER",,"716497",,"TOYOTA MOTOR COMPANY, LTD.","CAMRY","IL","2007","UNKNOWN","PASSENGER","PERSONAL","S","STRAIGHT AHEAD",,,"1",,,,,"true",,,,,,,,,,"true","true",,"OTHER",,,,,,,,,,,,,,,,,,,,,,,,,,,,,,,,,
"754279","JC462008","2019-10-06T10:10:00","2","DRIVER",,"716501",,"HONDA","AMERICAN HONDA MOTOR CO., INC.","IL","2013","UNKNOWN","PASSENGER","PERSONAL","S","STRAIGHT AHEAD",,,"1",,,,,"true",,,,"true","true","true","false",,,"true","true",,"REAR-LEFT",,,,,,,,,,,,,,,,,,,,,,,,,,,,,,,,,
"754280","JC462008","2019-10-06T10:10:00","3","DRIVER","3","716506",,"HONDA","CIVIC","KY","2015","UNKNOWN","PASSENGER","PERSONAL","S","STRAIGHT AHEAD",,,"4",,,,,"true",,,,"true","true","true",,,,"true","true",,"REAR-LEFT",,,,,,,,,,,,,,,,,,,,,,,,,,,,,,,,,
"754281","JC462008","2019-10-06T10:10:00","4","DRIVER",,"716512",,"UNKNOWN","UNKNOWN",,,"UNKNOWN","UNKNOWN/NA","UNKNOWN/NA","S","STRAIGHT AHEAD",,,"1",,,,,,,,,,,,,,,,,"true","REAR-LEFT",,,,,,,,,,,,,,,,,,,,,,,,,,,,,,,,,
"754275","JC461967","2019-10-06T10:06:00","1","DRIVER",,"716491",,"UNKNOWN","UNKNOWN",,,"UNKNOWN","VAN/MINI-VAN","UNKNOWN/NA","S","PASSING/OVERTAKING",,,"1",,,,,,,,,,,,,,,,,"true","UNKNOWN",,,,,,,,,,,,,,,,,,,,,,,,,,,,,,,,,
"754284","JC461967","2019-10-06T10:06:00","2","DRIVER",,"716500",,"HONDA","CIVIC",,"2006","NONE","PASSENGER","PERSONAL","S","BACKING","true",,"1",,,,,,,,,,,,,,,"false","true",,"TOTAL (ALL AREAS)",,,,,,,,,,,,,,,,,,,,,,,,,,,,,,,,,
"756236","JC466034","2019-10-06T10:00:00","1","DRIVER",,"718342",,"UNKNOWN","UNKNOWN",,,"UNKNOWN","UNKNOWN/NA","LAWN CARE/LANDSCAPING","UNKNOWN","UNKNOWN/NA",,,"1",,,,,,,,,,,,,,,,,"true","UNKNOWN",,,,,,,,,,,,,,,,,,,,,,,,,,,,,,,,,
"756237","JC466034","2019-10-06T10:00:00","2","PARKED",,"718345",,"VOLKSWAGEN","CC","IL","2010","NONE","PASSENGER","PERSONAL","E","PARKED",,,"0",,,,,,,,,,,,,,,,"true",,"OTHER",,,,,,,,,,,,,,,,,,,,,,,,,,,,,,,,,