"crash_unit_id","rd_no","crash_date","unit_no","unit_type","num_passengers","vehicle_id","cmrc_veh_i","make","model","lic_plate_state","vehicle_year","vehicle_defect","vehicle_type","vehicle_use","travel_direction","maneuver","towed_i","fire_i","occupant_cnt","exceed_speed_limit_i","towed_by","towed_to","area_00_i","area_01_i","area_02_i","area_03_i","area_04_i","area_05_i","area_06_i","area_07_i","area_08_i","area_09_i","area_10_i","area_11_i","area_12_i","area_99_i","first_contact_point","cmv_id","usdot_no","ccmc_no","ilcc_no","commercial_src","gvwr","carrier_name","carrier_state","carrier_city","hazmat_placards_i","hazmat_name","un_no","hazmat_present_i","hazmat_report_i","hazmat_report_no","mcs_report_i","mcs_report_no","hazmat_vio_cause_crash_i","mcs_vio_cause_crash_i","idot_permit_no","wide_load_i","trailer1_width","trailer2_width","trailer1_length","trailer2_length","total_vehicle_length","axle_cnt","vehicle_config","cargo_body_type","load_type","hazmat_out_of_service_i","mcs_out_of_service_i","hazmat_class"
"754266","JC461954","2019-10-06T10:00:00","1","DRIVER",,"716502",,"HONDA","UNKNOWN","IL","1984","UNKNOWN","MOTORCYCLE (OVER 150CC)","PERSONAL","N","STRAIGHT AHEAD",,,"1",,,,,"true","true",,,,,,,,"true","true",,,"FRONT",,,,,,,,,,,,,,,,,,,,,,,,,,,,,,,,,
"754267","JC461954","2019-10-06T10:00:00","2","DRIVER","1","716509",,"HONDA","ACCORD","IL","2013","UNKNOWN","PASSENGER","PERSONAL","E","STRAIGHT AHEAD",,,"2",,,,,"true","true","true","true",,,,,,,,,,"FRONT",,,,,,,,,,,,,,,,,,,,,,,,,,,,,,,,,
"754249","JC461961","2019-10-06T09:50:00","1","DRIVER",,"716473",,"FORD","ESCAPE (SUV)","IL","2017","NONE","PASSENGER","PERSONAL","E","TURNING RIGHT",,,"1",,,,"true",,,,,,,,,,,,,,"UNKNOWN",,,,,,,,,,,,,,,,,,,,,,,,,,,,,,,,,
"754250","JC461961","2019-10-06T09:50:00","2","BICYCLE",,,,,,,,,,,,,,,,,,,,,,,,,,,,,,,,,,,,,,,,,,,,,,,,,,,,,,,,,,,,,,,,,,
"754300","JC461960","2019-10-06T09:48:00","1","DRIVER",,"716520",,"UNKNOWN","UNKNOWN","IL",,"UNKNOWN","MOPED OR MOTORIZED BICYCLE","PERSONAL","N","UNKNOWN/NA","true",,"1",,,,,,,,,,,,,,,,"true",,"OTHER",,,,,,,,,,,,,,,,,,,,,,,,,,,,,,,,,
"754245","JC461951","2019-10-06T09:48:00","1","DRIVER",,"716472",,"BUICK","UNKNOWN","IL","2012","UNKNOWN","PASSENGER","PERSONAL","S","STRAIGHT AHEAD","true",,"1",,"UNIQUE INS. CO.","UNK",,,,,,,,,,,"true","true","true",,"OTHER",,,,,,,,,,,,,,,,,,,,,,,,,,,,,,,,,
"754246","JC461951","2019-10-06T09:48:00","2","DRIVER",,"716477",,"SUBARU","UNKNOWN","WI","2014","UNKNOWN","PASSENGER","PERSONAL","S","CHANGING LANES",,,"1",,,,,,,,,,,,"true","true","true",,,,"ROOF",,,,,,,,,,,,,,,,,,,,,,,,,,,,,,,,,
"754272","JC461986","2019-10-06T09:30:00","1","DRIVER",,"716490",,"UNKNOWN","UNKNOWN",,,"UNKNOWN","UNKNOWN/NA","UNKNOWN/NA","N","UNKNOWN/NA",,,"1",,,,,,,,,,,,,,,,,"true","UNKNOWN",,,,,,,,,,,,,,,,,,,,,,,,,,,,,,,,,
"754273","JC461986","2019-10-06T09:30:00","2","PARKED",,"716493",,"HONDA","ACCORD","IL","2008","NONE","PASSENGER","PERSONAL","N","PARKED",,,"0",,,,,,,,,,"true",,,,,,,,"UNKNOWN",,,,,,,,,,,,,,,,,,,,,,,,,,,,,,,,,
"754274","JC461986","2019-10-06T09:30:00","3","PARKED",,"716503",,"LEXUS","ES350","IL","2019","NONE","PASSENGER","PERSONAL","N","PARKED",,,"0",,,,,,,,,,,"true",,,,,,,"SIDE-LEFT",,,,,,,,,,,,,,,,,,,,,,,,,,,,,,,,,
"754270","JC461984","2019-10-06T09:30:00","1","DRIVER",,"716489",,"UNKNOWN","UNKNOWN",,,"UNKNOWN","UNKNOWN/NA","UNKNOWN/NA","UNKNOWN","UNKNOWN/NA",,,"1",,,,,,,,,,,,,,,,,,"UNKNOWN",,,,,,,,,,,,,,,,,,,,,,,,,,,,,,,,,
"754271","JC461984","2019-10-06T09:30:00","2","PARKED",,"716492",,"TOYOTA MOTOR COMPANY, LTD.","Highlander(beginning vehicle year 2001)","IL","2017","NONE","PASSENGER","PERSONAL","W","PARKED",,,"0",,,,,,"true","true","true",,,,,,,,,,"FRONT-RIGHT",,,,,,,,,,,,,,,,,,,,,,,,,,,,,,,,,
"754239","JC461945","2019-10-06T09:30:00","1","DRIVER",,"716469",,"BUICK","ENCLAVE","IL","2017","UNKNOWN","PASSENGER","PERSONAL","S","STRAIGHT AHEAD",,,"2",,,,,,,,,,,,,,,"true",,,"TOTAL (ALL AREAS)",,,,,,,,,,,,,,,,,,,,,,,,,,,,,,,,,
"754240","JC461945","2019-10-06T09:30:00","2","DRIVER",,"716476",,"CHEVROLET","UNKNOWN","IL","2016","UNKNOWN","PASSENGER","PERSONAL","W","STRAIGHT AHEAD","true",,"1",,,,,,,"true","true","true","true",,,,,"true","true",,"REAR-RIGHT",,,,,,,,,,,,,,,,,,,,,,,,,,,,,,,,,
"754254","JC461932","2019-10-06T09:10:00","1","DRIVER",,"716479",,"AM GENERAL/HUMMER","H3","IL","2009","NONE","SPORT UTILITY VEHICLE (SUV)","PERSONAL","E","PASSING/OVERTAKING",,,"1",,,,,,,"true",,,,,,,"false","false","false",,"SIDE-RIGHT",,,,,,,,,,,,,,,,,,,,,,,,,,,,,,,,,
"754255","JC461932","2019-10-06T09:10:00","2","DRIVER","2","716482",,"NISSAN","NISSAN ALTIMA","IL","2005","NONE","PASSENGER","PERSONAL","E","TURNING LEFT","true",,"3",,"CITY OF CHICAGO","103/DOTY",,,,,,,,,,,"true","true","true",,"TOTAL (ALL AREAS)",,,,,,,,,,,,,,,,,,,,,,,,,,,,,,,,,
"754234","JC461924","2019-10-06T09:09:00","1","DRIVER",,"716463",,"HONDA","CRV","IL","2002","NONE","PASSENGER","PERSONAL","SE","TURNING LEFT",,,"1",,,,"true",,,,,,,,,,,,,,"TOTAL (ALL AREAS)",,,,,,,,,,,,,,,,,,,,,,,,,,,,,,,,,
"754253","JC461924","2019-10-06T09:09:00","2","PEDESTRIAN",,,,,,,,,,,,,,,,,,,,,,,,,,,,,,,,,,,,,,,,,,,,,,,,,,,,,,,,,,,,,,,,,,
"754788","JC463071","2019-10-06T09:00:00","1","DRIVER",,"716973",,"UNKNOWN","UNKNOWN","IL",,"UNKNOWN","UNKNOWN/NA","UNKNOWN/NA","UNKNOWN","UNKNOWN/NA",,,"1",,,,,,,,,,,,,,,,,,"UNKNOWN",,,,,,,,,,,,,,,,,,,,,,,,,,,,,,,,,
"754789","JC463071","2019-10-06T09:00:00","2","PARKED",,"716979",,"JEEP","PATRIOT","IL","2017","NONE","SPORT UTILITY VEHICLE (SUV)","NOT IN USE","E","PARKED",,,"0",,,,,,,,,,,,,"true",,,,,"ROOF",,,,,,,,,,,,,,,,,,,,,,,,,,,,,,,,,
"754440","JC462261","2019-10-06T09:00:00","1","DRIVER",,"716651",,"UNKNOWN","UNKNOWN",,,"UNKNOWN","UNKNOWN/NA","UNKNOWN/NA","UNKNOWN","UNKNOWN/NA",,,"1",,,,,,,,,,,,,,,,,"true","UNKNOWN",,,,,,,,,,,,,,,,,,,,,,,,,,,,,,,,,
"754441","JC462261","2019-10-06T09:00:00","2","PARKED",,"716657",,"TOYOTA MOTOR COMPANY, LTD.","COROLLA","IL","2019","NONE","PASSENGER","NOT IN USE","UNKNOWN","PARKED",,,"0",,,,,,,,,,,"true","true","true","true","true",,,"ROOF",,,,,,,,,,,,,,,,,,,,,,,,,,,,,,,,,
"754237","JC461927","2019-10-06T08:53:00","1","DRIVER",,"716466",,"CHEVROLET","Express (full-size van)","IL","2019","NONE","BUS UP TO 15 PASS.","OTHER","W","PASSING/OVERTAKING",,,"1",,,,,"true",,,,,,,,,,,,,"FRONT",,,,,,,,,,,,,,,,,,,,,,,,,,,,,,,,,
"754238","JC461927","2019-10-06T08:53:00","2","PARKED",,"716468",,"MERCEDES-BENZ","MERCEDES-BENZ","IL",,"NONE","BUS UP TO 15 PASS.","NOT IN USE","W","PARKED",,,"0",,,,,,,,,,,,,,,"true",,,"TOTAL (ALL AREAS)",,,,,,,,,,,,,,,,,,,,,,,,,,,,,,,,,
"755419","NC463074","2019-10-06T08:45:00","1","DRIVER",,"717571",,"UNKNOWN","UNKNOWN",,,"UNKNOWN","UNKNOWN/NA","UNKNOWN/NA","UNKNOWN","UNKNOWN/NA",,,"1",,,,,,,,,,,,,,,,,"true","UNKNOWN",,,,,,,,,,,,,,,,,,,,,,,,,,,,,,,,,
"755420","NC463074","2019-10-06T08:45:00","2","PARKED",,"717576",,"NISSAN","SENTRA (DATSUN AND NISSAN HAVE MERGED)","IL","2018","NONE","PASSENGER","PERSONAL","UNKNOWN","PARKED",,,"0",,,,,,,,,,"true","true",,,,,,,"UNKNOWN",,,,,,,,,,,,,,,,,,,,,,,,,,,,,,,,,
"754221","JC461913","2019-10-06T08:45:00","1","DRIVER",,"716449",,"CHEVROLET","MALIBU (CHEVELLE)","IL","2004","UNKNOWN","UNKNOWN/NA","UNKNOWN/NA","E","BACKING",,,"1",,,,,,,,,,"true",,,,,,,,"REAR-LEFT",,,,,,,,,,,,,,,,,,,,,,,,,,,,,,,,,
"754222","JC461913","2019-10-06T08:45:00","2","DRIVER",,"716453",,"JEEP","CHEROKEE","IL","2014","NONE","PASSENGER","PERSONAL","N","STRAIGHT AHEAD",,,"1",,,,,,,,,,,,,,"true","true",,,"TOTAL (ALL AREAS)",,,,,,,,,,,,,,,,,,,,,,,,,,,,,,,,,
"754230","JC461918","2019-10-06T08:37:00","1","DRIVER",,"716456",,"BUICK","UNKNOWN","IL",,"UNKNOWN","PASSENGER","UNKNOWN/NA","S","CHANGING LANES",,,"1",,,,,"true","true",,,,,,,,,,,,"FRONT",,,,,,,,,,,,,,,,,,,,,,,,,,,,,,,,,
"754231","JC461918","2019-10-06T08:37:00","2","DRIVER",,"716459",,"TOYOTA MOTOR COMPANY, LTD.","CORONA","GA","2019","NONE","PASSENGER","PERSONAL","S","STRAIGHT AHEAD",,,"1",,,,,,,,,,,,,,"true","true",,,"TOTAL (ALL AREAS)",,,,,,,,,,,,,,,,,,,,,,,,,,,,,,,,,
"754268","JC461903","2019-10-06T08:19:00","1","DRIVER","3","716488",,"NISSAN","SENTRA (DATSUN AND NISSAN HAVE MERGED)","IL","2006","UNKNOWN","PASSENGER","PERSONAL","N","STRAIGHT AHEAD","true",,"4",,"insurance","unknown",,,,,,,,"true","true",,,"true",,,"FRONT-LEFT",,,,,,,,,,,,,,,,,,,,,,,,,,,,,,,,,
"754269","JC461903","2019-10-06T08:19:00","2","DRIVER",,"716499",,"NISSAN","NISSAN ALTIMA",,"2013","UNKNOWN","PASSENGER","PERSONAL","SE","STRAIGHT AHEAD","true",,"1",,,,,,,,,,,,,,,"true","true",,"TOTAL (ALL AREAS)",,,,,,,,,,,,,,,,,,,,,,,,,,,,,,,,,
"754226","JC461910","2019-10-06T08:15:00","1","DRIVER",,"716452",,"TOYOTA MOTOR COMPANY, LTD.","UNKNOWN","IL","2011","UNKNOWN","UNKNOWN/NA","UNKNOWN/NA","N","CHANGING LANES",,,"1",,,,,"true",,,,,,,,,,,,,"FRONT",,,,,,,,,,,,,,,,,,,,,,,,,,,,,,,,,
"754227","JC461910","2019-10-06T08:15:00","2","DRIVERLESS",,"716455",,"TOYOTA MOTOR COMPANY, LTD.","CAMRY","SC","2018","UNKNOWN","PASSENGER","NOT IN USE","UNKNOWN","PARKED",,,"0",,,,,,,,,,,,,,,"true","true",,"TOTAL (ALL AREAS)",,,,,,,,,,,,,,,,,,,,,,,,,,,,,,,,,
"754215","JC461898","2019-10-06T08:15:00","1","DRIVER",,"716447",,"DODGE","DART","IN","2015","NONE","PASSENGER","PERSONAL","S","PASSING/OVERTAKING","true",,"1",,"SELF TOW",,,"true","true",,,,,,,,,"true","true",,"OTHER",,,,,,,,,,,,,,,,,,,,,,,,,,,,,,,,,
"754216","JC461898","2019-10-06T08:15:00","2","DRIVER","1","716448",,"DODGE","RAM 1500 PU","IL","2017","NONE","PICKUP","PERSONAL","S","STRAIGHT AHEAD",,,"2",,,,,,"true","true","true",,,,,,,,,,"SIDE-RIGHT",,,,,,,,,,,,,,,,,,,,,,,,,,,,,,,,,
"754247","JC461957","2019-10-06T08:10:00","1","DRIVER",,"716484",,"LAND ROVER","RANGE ROVER OF NORTH AMER","XX","2019","UNKNOWN","UNKNOWN/NA","UNKNOWN/NA","W","STRAIGHT AHEAD",,,"1",,,,,,,,,,,,,,,,"true",,"OTHER",,,,,,,,,,,,,,,,,,,,,,,,,,,,,,,,,
"754248","JC461957","2019-10-06T08:10:00","2","DRIVER",,"716485",,"CADILLAC","DTS","IL","2007","NONE","PASSENGER","PERSONAL","S","STRAIGHT AHEAD",,,"1",,,,,,,,,,,,,,"true",,,,"UNDER CARRIAGE",,,,,,,,,,,,,,,,,,,,,,,,,,,,,,,,,
"754213","JC461907","2019-10-06T08:00:00","1","DRIVER",,"716444",,"UNKNOWN","UNKNOWN",,,"UNKNOWN","UNKNOWN/NA","UNKNOWN/NA","UNKNOWN","UNKNOWN/NA",,,"1",,,,,,,,,,,,,,,,,"true","UNKNOWN",,,,,,,,,,,,,,,,,,,,,,,,,,,,,,,,,
"754214","JC461907","2019-10-06T08:00:00","2","PARKED",,"716445",,"CHEVROLET","IMPALA","IL","2018","NONE","PASSENGER","PERSONAL","E","PARKED",,,"0",,,,,,,,,,,,,"true","true","true",,,"UNKNOWN",,,,,,,,,,,,,,,,,,,,,,,,,,,,,,,,,
"754737","JC462951","2019-10-06T07:40:00","1","DRIVER",,"716937",,"CHEVROLET","MALIBU (CHEVELLE)",,,"UNKNOWN","PASSENGER","PERSONAL","E","STRAIGHT AHEAD",,,"1",,,,,,,,,,,,,,,,"true",,"OTHER",,,,,,,,,,,,,,,,,,,,,,,,,,,,,,,,,
"754738","JC462951","2019-10-06T07:40:00","2","DRIVER",,"716944",,"JAGUAR","XJ8","IL","2008","NONE","PASSENGER","PERSONAL","E","STRAIGHT AHEAD",,,"1",,,,,,,,,,"true",,,,,,,,"REAR-LEFT",,,,,,,,,,,,,,,,,,,,,,,,,,,,,,,,,
"754444","JC462263","2019-10-06T07:30:00","1","DRIVER",,"716654",,"UNKNOWN","UNKNOWN",,,"UNKNOWN","UNKNOWN/NA","UNKNOWN/NA","UNKNOWN","UNKNOWN/NA",,,"1",,,,,,,,,,,,,,,,,"true","UNKNOWN",,,,,,,,,,,,,,,,,,,,,,,,,,,,,,,,,
"754445","JC462263","2019-10-06T07:30:00","2","PARKED",,"716656",,"FORD","EXPEDITION","IL","2001","UNKNOWN","PASSENGER","PERSONAL","UNKNOWN","PARKED",,,"0",,,,,,,,,,,"true",,,,,,,"SIDE-LEFT",,,,,,,,,,,,,,,,,,,,,,,,,,,,,,,,,
"754224","JC461878","2019-10-06T07:00:00","1","DRIVER",,"716451",,"FORD","CONTOUR","IL","2000","UNKNOWN","PASSENGER","PERSONAL","N","STRAIGHT AHEAD","true",,"1",,"STREETS OF SANITATION","CITY POUND",,,,,,,,,,,,,,,"OTHER",,,,,,,,,,,,,,,,,,,,,,,,,,,,,,,,,
"754225","JC461878","2019-10-06T07:00:00","2","DRIVER",,"716460",,"MAZDA","CX-7","IL","2015","NONE","PASSENGER","PERSONAL","W","STRAIGHT AHEAD","true",,"1",,"PRIVATE TOW","PRIVATE",,,,,,,,,,,,,"true",,"OTHER",,,,,,,,,,,,,,,,,,,,,,,,,,,,,,,,,
"754199","JC461873","2019-10-06T07:00:00","1","DRIVER",,"716425",,"TOYOTA MOTOR COMPANY, LTD.","COROLLA","IL","2009","NONE","PASSENGER","PERSONAL","S","STRAIGHT AHEAD",,,"1",,,,,"true",,,,,,,,,,"true","true",,"OTHER",,,,,,,,,,,,,,,,,,,,,,,,,,,,,,,,,
"754200","JC461873","2019-10-06T07:00:00","2","DRIVER",,"716428",,"TOYOTA MOTOR COMPANY, LTD.","RAV4 (sport utility)","IL","2011","NONE","SPORT UTILITY VEHICLE (SUV)","PERSONAL","S","STRAIGHT AHEAD",,,"1",,,,,,,,,"true","true","true",,,,,,,"REAR-LEFT",,,,,,,,,,,,,,,,,,,,,,,,,,,,,,,,,
"754217","JC461869","2019-10-06T06:54:00","1","DRIVER",,"716446",,"BMW","325i","IL","2008","NONE","PASSENGER","PERSONAL","W","STRAIGHT AHEAD",,,"1",,,,,"true",,,,,,,,,,"true","true",,"OTHER",,,,,,,,,,,,,,,,,,,,,,,,,,,,,,,,,
"754218","JC461869","2019-10-06T06:54:00","2","DRIVER",,"716450",,"HONDA","CIVIC","IL","2015","NONE","PASSENGER","PERSONAL","W","SLOW/STOP IN TRAFFIC",,,"1",,,,,,,,,"true","true","true",,,,,,,"REAR-LEFT",,,,,,,,,,,,,,,,,,,,,,,,,,,,,,,,,
"754219","JC461860","2019-10-06T06:30:00","1","DRIVER",,"716458",,"CHRYSLER","TOWN & COUNTRY","IL","2008","NONE","VAN/MINI-VAN","PERSONAL","W","CHANGING LANES",,,"1",,,,"true",,,,,,,,,,,,,,"NONE",,,,,,,,,,,,,,,,,,,,,,,,,,,,,,,,,
"754220","JC461860","2019-10-06T06:30:00","2","DRIVER",,"716462",,"CHRYSLER","300","IL","2014","NONE","PASSENGER","PERSONAL","W","STRAIGHT AHEAD","true",,"1",,"AAA","PERSONAL",,,,,,,,,,,,,"true",,,,,,,,,,,,,,,,,,,,,,,,,,,,,,,,,,,
"754207","JC461901","2019-10-06T06:00:00","1","DRIVER",,"716439",,"UNKNOWN","UNKNOWN",,,"UNKNOWN","UNKNOWN/NA","UNKNOWN/NA","UNKNOWN","UNKNOWN/NA",,,"1",,,,,,,,,,,,,,,,,"true","UNKNOWN",,,,,,,,,,,,,,,,,,,,,,,,,,,,,,,,,
"754212","JC461901","2019-10-06T06:00:00","2","PARKED",,"716443",,"DODGE","DURANGO","IL","2014","NONE","SPORT UTILITY VEHICLE (SUV)","NOT IN USE","UNKNOWN","PARKED",,,"0",,,,,,,,,,,"true","true","true","true",,,,"FRONT-LEFT",,,,,,,,,,,,,,,,,,,,,,,,,,,,,,,,,
"754232","JC461859","2019-10-06T05:39:00","1","DRIVER",,"716461",,"BMW","X3","IL","2009","NONE","PASSENGER","PERSONAL","E","STRAIGHT AHEAD","true",,"1",,"CITY OF CHICAGO","POUND 6",,"true","true","true","true","true","true","true","true","true","true","true","true",,"REAR",,,,,,,,,,,,,,,,,,,,,,,,,,,,,,,,,
"754233","JC461859","2019-10-06T05:39:00","2","DRIVER","1","716465",,"DODGE","DURANGO","IL","2019","NONE","OTHER VEHICLE WITH TRAILER","PERSONAL","N","STRAIGHT AHEAD","true","false","2",,"PRIVATE TOW","HOME",,"true",,,,,,,,,,"true","true",,"OTHER",,,,,,,,,,,,,,,,,,,,,,,,,,,,,,,,,
"754169","JC461829","2019-10-06T05:32:00","1","DRIVER",,"716403",,"JEEP","Liberty","IL","2010","NONE","PASSENGER","PERSONAL","S","STRAIGHT AHEAD","true",,"1",,"insurance company",,"true","true",,,,,,,,,,"true","true",,"OTHER",,,,,,,,,,,,,,,,,,,,,,,,,,,,,,,,,
"754170","JC461829","2019-10-06T05:32:00","2","DRIVER",,"716407",,"JEEP","CHEROKEE","IL","2001","NONE","PASSENGER","PERSONAL","S","STRAIGHT AHEAD",,,"1",,,,,,,,,"true","true","true",,,,,,,"REAR-LEFT",,,,,,,,,,,,,,,,,,,,,,,,,,,,,,,,,
"754205","JC461897","2019-10-06T05:30:00","1","DRIVER",,"716437",,"UNKNOWN","UNKNOWN",,,"UNKNOWN","UNKNOWN/NA","UNKNOWN/NA","N","UNKNOWN/NA",,,"1",,,,,,,,,,,,,,,,,"true","UNKNOWN",,,,,,,,,,,,,,,,,,,,,,,,,,,,,,,,,
"754206","JC461897","2019-10-06T05:30:00","2","PARKED",,"716438",,"GENERAL MOTORS CORP.","TERRAIN","IL",,"NONE","PASSENGER","NOT IN USE","N","PARKED",,,"0",,,,,"true",,,,,,,,,,,,,"FRONT",,,,,,,,,,,,,,,,,,,,,,,,,,,,,,,,,
"754173","JC461841","2019-10-06T05:28:00","1","DRIVER",,"716408",,"MAZDA","CX-7","IL","2007","UNKNOWN","PASSENGER","PERSONAL","E","STRAIGHT AHEAD",,,"1",,,,,"true",,,,,,,,,,,,,"FRONT",,,,,,,,,,,,,,,,,,,,,,,,,,,,,,,,,
"754174","JC461841","2019-10-06T05:28:00","2","DRIVERLESS",,"716409",,"AUDI","Q5","IL","2017","NONE","PASSENGER","PERSONAL","E","UNKNOWN/NA",,,"0",,,,,,,,,,,"true",,,,,,,"SIDE-LEFT",,,,,,,,,,,,,,,,,,,,,,,,,,,,,,,,,
"754422","JC462238","2019-10-06T05:20:00","1","DRIVER",,"716628",,"UNKNOWN","UNKNOWN","IL",,"NONE","UNKNOWN/NA","UNKNOWN/NA","S","STRAIGHT AHEAD",,,"1",,,,,,,,,,,,,,,,,,"UNKNOWN",,,,,,,,,,,,,,,,,,,,,,,,,,,,,,,,,
"754423","JC462238","2019-10-06T05:20:00","2","PARKED",,"716633",,"DODGE","RAM 1500 VAN","IL","1999","NONE","VAN/MINI-VAN","PERSONAL","S","PARKED",,,"0",,,,,,,,"false","false",,"true","true","true",,,,,"ROOF",,,,,,,,,,,,,,,,,,,,,,,,,,,,,,,,,
"754188","JC461848","2019-10-06T05:15:00","1","DRIVER",,"716420",,"HYUNDAI","Accent","IL","2016","NONE","PASSENGER","PERSONAL","W","STRAIGHT AHEAD","true",,"1",,"cityofchicago","701 N. Sacramento",,"true",,,,,,,,,,"true","true",,"TOTAL (ALL AREAS)",,,,,,,,,,,,,,,,,,,,,,,,,,,,,,,,,
"754189","JC461848","2019-10-06T05:15:00","2","PARKED",,"716432",,"KIA MOTORS CORP","Sportage (sport utility)","IL","2006","UNKNOWN","SPORT UTILITY VEHICLE (SUV)","NOT IN USE","E","PARKED",,,"0",,,,,,,,,,,,,,,,"true",,"OTHER",,,,,,,,,,,,,,,,,,,,,,,,,,,,,,,,,
"754190","JC461848","2019-10-06T05:15:00","3","PARKED",,"716433",,"TOYOTA MOTOR COMPANY, LTD.","CAMRY","IL","1999","UNKNOWN","PASSENGER","NOT IN USE","W","PARKED",,,"0",,,,,,,,,,"true",,,"true",,,,,"REAR-LEFT",,,,,,,,,,,,,,,,,,,,,,,,,,,,,,,,,
"754191","JC461848","2019-10-06T05:15:00","4","PARKED",,"716434",,"SUZUKI","SWIFT","IL","2000","UNKNOWN","SPORT UTILITY VEHICLE (SUV)","NOT IN USE","W","PARKED",,,"0",,,,,,,,,,"true",,,,,,,,"REAR-LEFT",,,,,,,,,,,,,,,,,,,,,,,,,,,,,,,,,
"754201","JC461848","2019-10-06T05:15:00","5","PARKED",,"716435",,"CHEVROLET","VENTURE","IL","2004","UNKNOWN","SPORT UTILITY VEHICLE (SUV)","NOT IN USE","W","PARKED",,,"0",,,,,,,,,,"true",,,,,,,,"REAR-LEFT",,,,,,,,,,,,,,,,,,,,,,,,,,,,,,,,,
"754204","JC461848","2019-10-06T05:15:00","6","PARKED",,"716436",,"FORD","Econoline E-450","IL","2006","UNKNOWN","TRUCK - SINGLE UNIT","NOT IN USE","E","STRAIGHT AHEAD",,,"0",,,,,,,,,,,,,,,,"true",,"OTHER",,,,,,,,,,,,,,,,,,,,,,,,,,,,,,,,,
"754175","JC461831","2019-10-06T05:13:00","1","DRIVER",,"716413",,"BUICK","UNKNOWN","IL","2013","UNKNOWN","PASSENGER","PERSONAL","W","UNKNOWN/NA","true",,"1",,"city of chicago",,,"true",,,,,,,,,,"false","true",,"FRONT",,,,,,,,,,,,,,,,,,,,,,,,,,,,,,,,,
"754176","JC461831","2019-10-06T05:13:00","2","DRIVER",,"716419",,"CHEVROLET","UNKNOWN","IL","2000","UNKNOWN","SPORT UTILITY VEHICLE (SUV)","UNKNOWN/NA","W","UNKNOWN/NA",,,"1",,,,,,,,,"true","true","true",,,,,,,"REAR-LEFT",,,,,,,,,,,,,,,,,,,,,,,,,,,,,,,,,
"754177","JC461830","2019-10-06T05:00:00","1","DRIVER",,"716410",,"TOYOTA MOTOR COMPANY, LTD.","Highlander(beginning vehicle year 2001)","IL","2005","NONE","SPORT UTILITY VEHICLE (SUV)","PERSONAL","S","STRAIGHT AHEAD","true",,"1",,"PRIVATE TOW",,,"true",,,,,,"true","true","true","true","true",,"true","FRONT",,,,,,,,,,,,,,,,,,,,,,,,,,,,,,,,,
"754178","JC461830","2019-10-06T05:00:00","2","PARKED",,"716411",,"KIA MOTORS CORP","SOUL","WI",,"NONE","SPORT UTILITY VEHICLE (SUV)","NOT IN USE","S","PARKED",,,"0",,,,,,,,,,,"false","false","true","true","true",,,"SIDE-LEFT",,,,,,,,,,,,,,,,,,,,,,,,,,,,,,,,,
"754179","JC461830","2019-10-06T05:00:00","3","PARKED",,"716412",,"NISSAN","X-Terra","CO","2012","NONE","SPORT UTILITY VEHICLE (SUV)","NOT IN USE","S","PARKED",,,"0",,,,,,,,,,,"true","true","true",,,,,"SIDE-LEFT",,,,,,,,,,,,,,,,,,,,,,,,,,,,,,,,,
"754167","JC461835","2019-10-06T04:55:00","1","DRIVER",,"716400",,"CADILLAC","UNKNOWN","IL",,"UNKNOWN","PASSENGER","UNKNOWN/NA","S","UNKNOWN/NA",,,"1",,,,,"true",,,,,,,,,,"true","true",,"OTHER",,,,,,,,,,,,,,,,,,,,,,,,,,,,,,,,,
"754168","JC461835","2019-10-06T04:55:00","2","DRIVER",,"716399",,"TOYOTA MOTOR COMPANY, LTD.","Prius","IL","2014","NONE","PASSENGER","TAXI/FOR HIRE","S","STRAIGHT AHEAD",,,"1",,,,,,,,,"true","true","true",,,,,,,"REAR-LEFT",,,,,,,,,,,,,,,,,,,,,,,,,,,,,,,,,
"754163","JC461820","2019-10-06T04:45:00","1","DRIVER","1","716394",,"JEEP","CHEROKEE","IL","2007","UNKNOWN","PASSENGER","PERSONAL","E","BACKING",,,"2",,,,,,,,,,"true","true","true",,,,,,"REAR-LEFT",,,,,,,,,,,,,,,,,,,,,,,,,,,,,,,,,
"754164","JC461820","2019-10-06T04:45:00","2","PARKED","1","716395",,"CHEVROLET","MALIBU (CHEVELLE)","NB","2018","NONE","PASSENGER","PERSONAL","UNKNOWN","PARKED",,,"1",,,,,,,,,,,,,,"true","true","true",,"TOTAL (ALL AREAS)",,,,,,,,,,,,,,,,,,,,,,,,,,,,,,,,,
"754160","JC461813","2019-10-06T04:30:00","1","DRIVER",,"716385",,"UNKNOWN","UNKNOWN","IL",,"UNKNOWN","UNKNOWN/NA","UNKNOWN/NA","UNKNOWN","UNKNOWN/NA",,,"1",,,,,,,,,,,,,,,,,,"UNKNOWN",,,,,,,,,,,,,,,,,,,,,,,,,,,,,,,,,
"754161","JC461813","2019-10-06T04:30:00","2","PARKED",,"716389",,"SUZUKI","Vitara","IL","2004","UNKNOWN","PASSENGER","PERSONAL","UNKNOWN","PARKED",,,"0",,,,,,,,,,,"true","true","true","true","true",,,"ROOF",,,,,,,,,,,,,,,,,,,,,,,,,,,,,,,,,