"crash_unit_id","rd_no","crash_date","unit_no","unit_type","num_passengers","vehicle_id","cmrc_veh_i","make","model","lic_plate_state","vehicle_year","vehicle_defect","vehicle_type","vehicle_use","travel_direction","maneuver","towed_i","fire_i","occupant_cnt","exceed_speed_limit_i","towed_by","towed_to","area_00_i","area_01_i","area_02_i","area_03_i","area_04_i","area_05_i","area_06_i","area_07_i","area_08_i","area_09_i","area_10_i","area_11_i","area_12_i","area_99_i","first_contact_point","cmv_id","usdot_no","ccmc_no","ilcc_no","commercial_src","gvwr","carrier_name","carrier_state","carrier_city","hazmat_placards_i","hazmat_name","un_no","hazmat_present_i","hazmat_report_i","hazmat_report_no","mcs_report_i","mcs_report_no","hazmat_vio_cause_crash_i","mcs_vio_cause_crash_i","idot_permit_no","wide_load_i","trailer1_width","trailer2_width","trailer1_length","trailer2_length","total_vehicle_length","axle_cnt","vehicle_config","cargo_body_type","load_type","hazmat_out_of_service_i","mcs_out_of_service_i","hazmat_class"
"754162","JC461813","2019-10-06T04:30:00","3","PARKED",,"716391",,"FORD","FORD","IL","2007","UNKNOWN","PASSENGER","PERSONAL","UNKNOWN","PARKED",,,"0",,,,,,,,,,,"true","true","true","true","true",,,"ROOF",,,,,,,,,,,,,,,,,,,,,,,,,,,,,,,,,
"754180","JC461843","2019-10-06T04:19:00","1","DRIVER","2","716427",,"MAZDA","UNKNOWN","IL","2010","NONE","PASSENGER","PERSONAL","E","STRAIGHT AHEAD","true",,"3",,"city of chicago",,,"true",,,,,,,,,,"true","true",,"OTHER",,,,,,,,,,,,,,,,,,,,,,,,,,,,,,,,,
"754181","JC461843","2019-10-06T04:19:00","2","DRIVER",,"716423",,"NISSAN","NISSAN ALTIMA","IL","2015","UNKNOWN","PASSENGER","PERSONAL","E","STRAIGHT AHEAD",,,"1",,,,,,,,,"false","false","false",,,,,,"true","UNKNOWN",,,,,,,,,,,,,,,,,,,,,,,,,,,,,,,,,
"754182","JC461843","2019-10-06T04:19:00","3","DRIVER",,"716421",,"MAZDA","UNKNOWN","IL","2017","NONE","PASSENGER","PERSONAL","W","STRAIGHT AHEAD","false",,"1",,,,,,,,,"true","true","true","true",,,,,,"FRONT-LEFT",,,,,,,,,,,,,,,,,,,,,,,,,,,,,,,,,
"754137","JC461800","2019-10-06T04:02:00","1","DRIVER","2","716376",,"JEEP","UNKNOWN","IL","2018","NONE","PASSENGER","PERSONAL","E","AVOIDING VEHICLES/OBJECTS","true",,"3",,"OWNER","PRIVATE",,,,,,,,,,,,,,,"FRONT",,,,,,,,,,,,,,,,,,,,,,,,,,,,,,,,,
"754171","JC461836","2019-10-06T04:00:00","1","DRIVER",,"716402",,"UNKNOWN","UNKNOWN",,,"UNKNOWN","UNKNOWN/NA","UNKNOWN/NA","UNKNOWN","UNKNOWN/NA",,,"1",,,,,,,,,,,,,,,,,"true","UNKNOWN",,,,,,,,,,,,,,,,,,,,,,,,,,,,,,,,,
"754172","JC461836","2019-10-06T04:00:00","2","PARKED",,"716405",,"HONDA","CIVIC","IL",,"NONE","PASSENGER","NOT IN USE","E","PARKED",,,"0",,,,,,,,,,,,,,"true","true",,,"UNDER CARRIAGE",,,,,,,,,,,,,,,,,,,,,,,,,,,,,,,,,
"754193","JC461802","2019-10-06T04:00:00","1","DRIVER",,"716422",,"GENERAL MOTORS CORP.","SAFARI",,"1988","UNKNOWN","PASSENGER","PERSONAL","S","STRAIGHT AHEAD",,,"1",,,,,"true",,,,,,,,,,,,,"OTHER",,,,,,,,,,,,,,,,,,,,,,,,,,,,,,,,,
"754194","JC461802","2019-10-06T04:00:00","2","PARKED",,"716426",,"NISSAN","NISSAN MAXIMA","IL","2014","UNKNOWN","PASSENGER","PERSONAL","UNKNOWN","PARKED",,,"0",,,,,,,,,,,,,,"true",,,,"ROOF",,,,,,,,,,,,,,,,,,,,,,,,,,,,,,,,,
"754195","JC461802","2019-10-06T04:00:00","3","PARKED",,"716430",,"FORD","Focus","IL","2014","UNKNOWN","PASSENGER","PERSONAL","UNKNOWN","PARKED",,,"0",,,,,,,,,,,,,"false","true",,,,"UNDER CARRIAGE",,,,,,,,,,,,,,,,,,,,,,,,,,,,,,,,,
"754154","JC461801","2019-10-06T03:50:00","1","DRIVER",,"716381",,"MITSUBISHI","UNKNOWN","IL","2018","UNKNOWN","PASSENGER","PERSONAL","W","STRAIGHT AHEAD",,,"1",,,,,,"true","true","true",,,,,,,,"false",,"SIDE-RIGHT",,,,,,,,,,,,,,,,,,,,,,,,,,,,,,,,,
"754155","JC461801","2019-10-06T03:50:00","2","DRIVER","1","716387",,"FORD","Explorer","IL","2017","UNKNOWN","OTHER","POLICE","S","STRAIGHT AHEAD",,,"2",,,,,,,,,,,,,,,,"true",,"OTHER",,,,,,,,,,,,,,,,,,,,,,,,,,,,,,,,,
"754149","JC461791","2019-10-06T03:40:00","1","DRIVER",,"716378",,"TOYOTA MOTOR COMPANY, LTD.","UNKNOWN","IL","2015","UNKNOWN","PASSENGER","TAXI/FOR HIRE","S","UNKNOWN/NA",,,"1",,,,,"true",,,,,,,,,,,,,"FRONT",,,,,,,,,,,,,,,,,,,,,,,,,,,,,,,,,
"754150","JC461791","2019-10-06T03:40:00","2","PARKED","1","716382",,"LEXUS","GX460","IL","2016","UNKNOWN","SPORT UTILITY VEHICLE (SUV)","PERSONAL","S","PARKED",,,"1",,,,,,,,,,,"true",,,,,,,"SIDE-LEFT",,,,,,,,,,,,,,,,,,,,,,,,,,,,,,,,,
"754156","JC461811","2019-10-06T03:30:00","1","DRIVER",,"716379",,"ACURA","ACURA","IL","2013","UNKNOWN","UNKNOWN/NA","UNKNOWN/NA","SE","BACKING",,,"1",,,,,,,,,,,"true","true",,,,,,"SIDE-LEFT",,,,,,,,,,,,,,,,,,,,,,,,,,,,,,,,,
"754157","JC461811","2019-10-06T03:30:00","2","DRIVER",,"716384",,"HONDA","UNKNOWN","IL","2014","NONE","PASSENGER","UNKNOWN/NA","N","STRAIGHT AHEAD",,,"1",,,,,"true","true",,,,,,,,,,,,"FRONT",,,,,,,,,,,,,,,,,,,,,,,,,,,,,,,,,
"754123","JC461787","2019-10-06T03:20:00","1","DRIVER",,"716364",,"MERCURY","UNKNOWN","IL","2006","UNKNOWN","PASSENGER","UNKNOWN/NA","S","STRAIGHT AHEAD",,,"1",,,,,,,,,,,,,,,,"true","true","OTHER",,,,,,,,,,,,,,,,,,,,,,,,,,,,,,,,,
"754124","JC461787","2019-10-06T03:20:00","2","DRIVER","1","716357",,"LEXUS","GS300","IL","2006","NONE","PASSENGER","PERSONAL","S","OTHER",,,"2",,,,,,,,,,"true",,,,,,,,"REAR-LEFT",,,,,,,,,,,,,,,,,,,,,,,,,,,,,,,,,
"754183","JC461784","2019-10-06T03:19:00","1","DRIVER","1","716414",,"HONDA","ACCORD","IL","2016","UNKNOWN","PASSENGER","PERSONAL","N","DRIVING WRONG WAY","true",,"2",,"E&R TOWING","701N. SACRAMENTO",,"true","true","true","true",,,,,,,"true","true",,"FRONT",,,,,,,,,,,,,,,,,,,,,,,,,,,,,,,,,
"754184","JC461784","2019-10-06T03:19:00","2","PARKED",,"716415",,"CHEVROLET","UNKNOWN","IL","2001","UNKNOWN","PASSENGER","PERSONAL","S","PARKED","true",,"0",,"private tow",,,"true","true","true",,"true","true","true",,,,"true","true",,"FRONT-RIGHT",,,,,,,,,,,,,,,,,,,,,,,,,,,,,,,,,
"754185","JC461784","2019-10-06T03:19:00","3","PARKED",,"716416",,"FORD","UNKNOWN","IL","2015","OTHER","PASSENGER","PERSONAL","S","PARKED","true",,"0",,"private",,,"true","true","true",,"true","true","true",,,,"true","true",,"FRONT-RIGHT",,,,,,,,,,,,,,,,,,,,,,,,,,,,,,,,,
"754186","JC461784","2019-10-06T03:19:00","4","PARKED",,"716417",,"HONDA","UNKNOWN","IL","2018","UNKNOWN","PASSENGER","PERSONAL","S","PARKED",,,"0",,,,,"true",,,,"true","true","true",,,,"true","true",,"OTHER",,,,,,,,,,,,,,,,,,,,,,,,,,,,,,,,,
"754187","JC461784","2019-10-06T03:19:00","5","PARKED",,"716418",,"SUBARU","UNKNOWN","IL","2018","UNKNOWN","PASSENGER","PERSONAL","S","PARKED",,,"0",,,,,"true",,,,,,,,,,"true","true",,"OTHER",,,,,,,,,,,,,,,,,,,,,,,,,,,,,,,,,
"754607","JC461816","2019-10-06T03:10:00","1","DRIVER",,"716807",,"HONDA","UNKNOWN","IL","2016","UNKNOWN","PASSENGER","UNKNOWN/NA","S","CHANGING LANES",,,"1",,,,,,,,,,,,,,,"true",,,"TOTAL (ALL AREAS)",,,,,,,,,,,,,,,,,,,,,,,,,,,,,,,,,
"754608","JC461816","2019-10-06T03:10:00","2","DRIVER",,"716809",,"VOLKSWAGEN","TIGUAN","IL","2019","UNKNOWN","SPORT UTILITY VEHICLE (SUV)","PERSONAL","S","NEGOTIATING A CURVE",,,"1",,,,,,,"true","true",,,,,,,,,,"SIDE-RIGHT",,,,,,,,,,,,,,,,,,,,,,,,,,,,,,,,,
"754146","JC461766","2019-10-06T03:06:00","1","DRIVER","2","716377",,"CHEVROLET","IMPALA","IL","2003","NONE","PASSENGER","PERSONAL","S","TURNING LEFT",,,"3",,,,,"true",,,,,,,,,,"true","true",,"OTHER",,,,,,,,,,,,,,,,,,,,,,,,,,,,,,,,,
"754147","JC461766","2019-10-06T03:06:00","2","DRIVER",,"716393",,"FORD","UNKNOWN","IL","2015","NONE","PICKUP","PERSONAL","W","STRAIGHT AHEAD",,,"1",,,,,,"false","true","true",,,,,"false","false",,,,"SIDE-RIGHT",,,,,,,,,,,,,,,,,,,,,,,,,,,,,,,,,
"754125","JC461765","2019-10-06T02:57:00","1","DRIVER",,"716359",,"KIA MOTORS CORP","UNKNOWN","IL","2014","UNKNOWN","PASSENGER","PERSONAL","N","OTHER","true",,"1",,,,,,,,,,,,,,,,,,"OTHER",,,,,,,,,,,,,,,,,,,,,,,,,,,,,,,,,
"754126","JC461765","2019-10-06T02:57:00","2","DRIVER",,"716363",,"HONDA","UNKNOWN","IL","2003","UNKNOWN","UNKNOWN/NA","PERSONAL","N","STRAIGHT AHEAD","true",,"1",,,,,,,,,,,"true","true","true","true",,,,"ROOF",,,,,,,,,,,,,,,,,,,,,,,,,,,,,,,,,
"754119","JC461762","2019-10-06T02:55:00","1","DRIVER",,"716356",,"NISSAN","NISSAN MAXIMA","IL","2013","NONE","PASSENGER","PERSONAL","N","STRAIGHT AHEAD","true",,"1",,"PRIVATE TOW",,,"true",,,,,,,,,,"true","true",,"OTHER",,,,,,,,,,,,,,,,,,,,,,,,,,,,,,,,,
"754120","JC461762","2019-10-06T02:55:00","2","DRIVER",,"716358",,"KIA MOTORS CORP","FORTE","MD","2018","NONE","PASSENGER","PERSONAL","N","STRAIGHT AHEAD","true",,"1",,"PRIVATE TOW",,,,,,,,,,,,,,,,"REAR-LEFT",,,,,,,,,,,,,,,,,,,,,,,,,,,,,,,,,
"754121","JC461762","2019-10-06T02:55:00","3","DRIVER",,"716362",,"FORD","EXPLORER","IL","2011","NONE","PASSENGER","PERSONAL","N","STRAIGHT AHEAD",,,"1",,,,,,,,,,,"true",,,,,,,"SIDE-LEFT",,,,,,,,,,,,,,,,,,,,,,,,,,,,,,,,,
"754131","JC461756","2019-10-06T02:49:00","1","DRIVER",,"716371",,"AUDI","UNKNOWN","IL","2018","NONE","SPORT UTILITY VEHICLE (SUV)","PERSONAL","E","SKIDDING/CONTROL LOSS","true",,"1",,"CITY OF CHICAGO","IMPOUND 6",,"true","true","true","true","true",,"false",,,"true",,,,,,,,,,,,,,,,,,,,,,,,,,,,,,,,,,,,,
"754132","JC461756","2019-10-06T02:49:00","2","PARKED",,"716372",,"CHRYSLER","PT Cruiser","IL","2002","NONE","VAN/MINI-VAN","NOT IN USE","E","PARKED",,,"0",,,,,,,,,,,"true","true","true","true","true",,,"ROOF",,,,,,,,,,,,,,,,,,,,,,,,,,,,,,,,,
"754133","JC461756","2019-10-06T02:49:00","3","PARKED",,"716373",,"LEXUS","ES350",,"2009","NONE","PASSENGER","NOT IN USE","E","PARKED",,,"0",,,,,,,,,"true","true","true","true","true","true","true",,,"ROOF",,,,,,,,,,,,,,,,,,,,,,,,,,,,,,,,,
"754134","JC461756","2019-10-06T02:49:00","4","PARKED",,"716374",,"ALFA ROMEO","UNKNOWN","IL","2017","NONE","PASSENGER","NOT IN USE","E","PARKED",,,"0",,,,,,,,,"true","true","true","true","true","true","true",,,"FRONT-LEFT",,,,,,,,,,,,,,,,,,,,,,,,,,,,,,,,,
"754151","JC461753","2019-10-06T02:42:00","1","DRIVER","1","716380",,"CADILLAC","CTS","IL","2007","UNKNOWN","PASSENGER","PERSONAL","S","TURNING RIGHT",,,"2",,,,,,,,,,,,,,,,"true",,"OTHER",,,,,,,,,,,,,,,,,,,,,,,,,,,,,,,,,
"754152","JC461753","2019-10-06T02:42:00","2","DRIVER",,"716392",,"DODGE","DURANGO","IL","2002","NONE","PASSENGER","PERSONAL","S","TURNING RIGHT",,,"1",,,,,,,,,,,"true","true","true","true",,,,"ROOF",,,,,,,,,,,,,,,,,,,,,,,,,,,,,,,,,
"754153","JC461753","2019-10-06T02:42:00","3","DRIVER",,"716398",,"CHEVROLET","UNKNOWN","IL","1997","UNKNOWN","PASSENGER","PERSONAL","N","STRAIGHT AHEAD","true",,"1",,"PERSONAL TOW","PERSONAL TOW",,,,,,,,,"true","true","true",,,,"ROOF",,,,,,,,,,,,,,,,,,,,,,,,,,,,,,,,,
"754127","JC461755","2019-10-06T02:40:00","1","DRIVER",,"716360",,"HYUNDAI","ELANTRA","IL","2017","NONE","PASSENGER","PERSONAL","S","STRAIGHT AHEAD","true",,"1",,"PRIVATE TOW",,,"true","true","true","true",,,,,"true","true","true","true",,"OTHER",,,,,,,,,,,,,,,,,,,,,,,,,,,,,,,,,
"754128","JC461755","2019-10-06T02:40:00","2","PARKED",,"716365",,"NISSAN","NISSAN MAXIMA","IL","2004","NONE","PASSENGER","PERSONAL","N","PARKED",,,"0",,,,,"true",,"true",,,,,"true","true","true","true","true",,"TOTAL (ALL AREAS)",,,,,,,,,,,,,,,,,,,,,,,,,,,,,,,,,
"754129","JC461755","2019-10-06T02:40:00","3","PARKED",,"716370",,"NISSAN","NISSAN","IL","2016","NONE","PASSENGER","PERSONAL","N","PARKED",,,"0",,,,,"true",,,,,,,,,,"true","true",,"OTHER",,,,,,,,,,,,,,,,,,,,,,,,,,,,,,,,,
"754158","JC461772","2019-10-06T02:38:00","1","DRIVER","1","716386",,"UNKNOWN","UNKNOWN","IL",,"UNKNOWN","MOPED OR MOTORIZED BICYCLE","UNKNOWN/NA","UNKNOWN","UNKNOWN/NA",,,"2",,,,,,,,,,,,,,,,,,"UNKNOWN",,,,,,,,,,,,,,,,,,,,,,,,,,,,,,,,,
"754159","JC461772","2019-10-06T02:38:00","2","PARKED",,"716388",,"FORD","ESCAPE (SUV)","IL","2013","UNKNOWN","SPORT UTILITY VEHICLE (SUV)","UNKNOWN/NA","N","PARKED",,,"0",,,,,,,,,,,,,,,,,"true","UNKNOWN",,,,,,,,,,,,,,,,,,,,,,,,,,,,,,,,,
"754165","JC461747","2019-10-06T02:30:00","1","DRIVER",,"716397",,"AUDI","UNKNOWN","IL","2018","UNKNOWN","PASSENGER","PERSONAL","W","STRAIGHT AHEAD",,,"1",,,,,"true",,,,,,,,,,"true","true",,"OTHER",,,,,,,,,,,,,,,,,,,,,,,,,,,,,,,,,
"754166","JC461747","2019-10-06T02:30:00","2","DRIVER",,"716401",,"FORD","FORD","IL","2000","NONE","TRUCK - SINGLE UNIT","TOW TRUCK","E","STRAIGHT AHEAD",,,"1",,,,,"true",,,,,,,,,,"true","true",,"OTHER",,,,,,,,,,,,,,,,,,,,,,,,,,,,,,,,,
"754113","JC461742","2019-10-06T02:30:00","1","DRIVER",,"716347",,"HYUNDAI","UNKNOWN","IL","2019","UNKNOWN","PASSENGER","UNKNOWN/NA","E","STRAIGHT AHEAD","true",,"1",,"ER TOWING","103 DOTY RD",,"true",,,,,,,,,,"true","true",,"OTHER",,,,,,,,,,,,,,,,,,,,,,,,,,,,,,,,,
"754109","JC461750","2019-10-06T02:27:00","1","DRIVER",,"716345",,"DODGE","Avenger","IL","2014","NONE","PASSENGER","PERSONAL","S","STRAIGHT AHEAD","true",,"1",,,,,"true",,,,,,,,,,"true","true",,"OTHER",,,,,,,,,,,,,,,,,,,,,,,,,,,,,,,,,
"754110","JC461750","2019-10-06T02:27:00","2","PARKED",,"716348",,"CHEVROLET","Trail Blazer","IL","2008","NONE","PASSENGER","PERSONAL","S","PARKED",,,"0",,,,,,,,,"false","true","true",,,,,,,"SIDE-LEFT",,,,,,,,,,,,,,,,,,,,,,,,,,,,,,,,,
"754116","JC461776","2019-10-06T02:20:00","1","DRIVER",,"716351",,"UNKNOWN","UNKNOWN","IL",,"UNKNOWN","VAN/MINI-VAN","UNKNOWN/NA","S","STRAIGHT AHEAD",,,"1",,,,,,,,,,,,,,,,,"true","UNKNOWN",,,,,,,,,,,,,,,,,,,,,,,,,,,,,,,,,
"754117","JC461776","2019-10-06T02:20:00","2","PARKED",,"716354",,"CHEVROLET","MALIBU (CHEVELLE)","IL","2015","NONE","PASSENGER","NOT IN USE","UNKNOWN","PARKED",,,"0",,,,,,,,,,,,,,"true","true",,,"UNDER CARRIAGE",,,,,,,,,,,,,,,,,,,,,,,,,,,,,,,,,
"754111","JC461764","2019-10-06T02:20:00","1","DRIVER",,"716346",,"BUICK","UNKNOWN","IL","1999","UNKNOWN","PASSENGER","UNKNOWN/NA","S","STRAIGHT AHEAD",,,"1",,,,,,,,,,,,,,,,,"true","UNKNOWN",,,,,,,,,,,,,,,,,,,,,,,,,,,,,,,,,
"754112","JC461764","2019-10-06T02:20:00","2","DRIVER",,"716349",,"CHEVROLET","MALIBU (CHEVELLE)","IN","2018","UNKNOWN","PASSENGER","PERSONAL","S","STRAIGHT AHEAD",,,"1",,,,,,,,,"true","true","true",,,,,,,"REAR-LEFT",,,,,,,,,,,,,,,,,,,,,,,,,,,,,,,,,
"754105","JC461728","2019-10-06T02:09:00","1","DRIVER",,"716344",,"HONDA","CIVIC","IL","2004","NONE","PASSENGER","PERSONAL","S","STRAIGHT AHEAD",,,"1",,,,,"true","true",,"true","true",,,,,,,,,"FRONT",,,,,,,,,,,,,,,,,,,,,,,,,,,,,,,,,
"754106","JC461728","2019-10-06T02:09:00","2","DRIVER",,"716350",,"FORD","EXPLORER","IL","2017","NONE","PASSENGER","POLICE","E","STRAIGHT AHEAD","false",,"1",,,,,,,,,,,"true","true",,"true","true",,,"TOTAL (ALL AREAS)",,,,,,,,,,,,,,,,,,,,,,,,,,,,,,,,,
"754102","JC461719","2019-10-06T01:56:00","1","DRIVER",,"716336",,"DODGE","UNKNOWN","IL",,"NONE","TRUCK - SINGLE UNIT","OTHER","E","PASSING/OVERTAKING",,,"1",,,,,,,"true",,,,,,,,,,,"SIDE-RIGHT",,,,,,,,,,,,,,,,,,,,,,,,,,,,,,,,,
"754101","JC461719","2019-10-06T01:56:00","2","DRIVER","1","716343",,"DODGE","CARAVAN","IL",,"NONE","VAN/MINI-VAN","PERSONAL","N","STRAIGHT AHEAD","true",,"2",,"personal tow",,,"true",,,,,,,,,,"true","true",,"OTHER",,,,,,,,,,,,,,,,,,,,,,,,,,,,,,,,,
"754089","JC461725","2019-10-06T01:55:00","1","DRIVER",,"716327",,"NISSAN","SENTRA (DATSUN AND NISSAN HAVE MERGED)","IL","2018","NONE","PASSENGER","PERSONAL","W","STRAIGHT AHEAD",,,"1",,,,,,,,,,,,,,,,"true",,"OTHER",,,,,,,,,,,,,,,,,,,,,,,,,,,,,,,,,
"754090","JC461725","2019-10-06T01:55:00","2","PEDESTRIAN",,,,,,,,,,,,,,,,,,,,,,,,,,,,,,,,,,,,,,,,,,,,,,,,,,,,,,,,,,,,,,,,,,
"754114","JC461724","2019-10-06T01:50:00","1","DRIVER",,"716352",,"HONDA","UNKNOWN","IL","2008","UNKNOWN","PASSENGER","PERSONAL","E","SLOW/STOP IN TRAFFIC",,,"1",,,,,,,,,,,,,,,,"true",,"OTHER",,,,,,,,,,,,,,,,,,,,,,,,,,,,,,,,,
"754115","JC461724","2019-10-06T01:50:00","2","DRIVER",,"716355",,"CHEVROLET","EQUINOX","IL","2014","UNKNOWN","PASSENGER","PERSONAL","E","STRAIGHT AHEAD",,,"1",,,,,,,,,,"true",,,,,,,,"REAR-LEFT",,,,,,,,,,,,,,,,,,,,,,,,,,,,,,,,,
"754122","JC461729","2019-10-06T01:40:00","1","DRIVER",,"716353",,"NISSAN","ROGUE","IL","2018","NONE","SPORT UTILITY VEHICLE (SUV)","PERSONAL","N","STRAIGHT AHEAD",,,"1",,,,,,,,,,,,,,,,"true",,"OTHER",,,,,,,,,,,,,,,,,,,,,,,,,,,,,,,,,
"754092","JC461730","2019-10-06T01:39:00","1","PEDESTRIAN",,,,,,,,,,,,,,,,,,,,,,,,,,,,,,,,,,,,,,,,,,,,,,,,,,,,,,,,,,,,,,,,,,
"754093","JC461730","2019-10-06T01:39:00","2","DRIVER","1","716339",,"LEXUS","RX300","IL","2002","NONE","PASSENGER","UNKNOWN/NA","N","STRAIGHT AHEAD",,,"2",,,,"true",,,,,,,,,,,,,,"TOTAL (ALL AREAS)",,,,,,,,,,,,,,,,,,,,,,,,,,,,,,,,,
"754094","JC461712","2019-10-06T01:25:00","1","DRIVER",,"716332",,"TOYOTA MOTOR COMPANY, LTD.","CAMRY","IL","2018","NONE","PASSENGER","PERSONAL","S","STRAIGHT AHEAD","true",,"1",,"PRIVATE",,,"true",,,,,,,,,,"true","true",,"OTHER",,,,,,,,,,,,,,,,,,,,,,,,,,,,,,,,,
"754095","JC461712","2019-10-06T01:25:00","2","DRIVER",,"716335",,"CHEVROLET","IMPALA","IL","2012","NONE","PASSENGER","PERSONAL","NW","TURNING LEFT","true",,"1",,"PRIVATE",,,"true",,,,,,,,,,"true","true",,"OTHER",,,,,,,,,,,,,,,,,,,,,,,,,,,,,,,,,
"754096","JC461712","2019-10-06T01:25:00","3","DRIVER",,"716338",,"HYUNDAI","SONATA","IL","2017","NONE","PASSENGER","PERSONAL","E","SLOW/STOP IN TRAFFIC",,,"1",,,,,"true",,,,,,,,,,,,,"FRONT",,,,,,,,,,,,,,,,,,,,,,,,,,,,,,,,,
"754084","JC461709","2019-10-06T01:20:00","1","DRIVER",,"716325",,"FORD","UNKNOWN","IL","2009","UNKNOWN","UNKNOWN/NA","UNKNOWN/NA","N","STRAIGHT AHEAD",,,"1",,,,,,,,,,,,,,,,,"true","UNKNOWN",,,,,,,,,,,,,,,,,,,,,,,,,,,,,,,,,
"754085","JC461709","2019-10-06T01:20:00","2","DRIVER",,"716328",,"TOYOTA MOTOR COMPANY, LTD.","UNKNOWN","IL","2009","NONE","PASSENGER","UNKNOWN/NA","N","STRAIGHT AHEAD",,,"1",,,,,,,,,"true","true","true",,,,,,,"REAR-LEFT",,,,,,,,,,,,,,,,,,,,,,,,,,,,,,,,,
"754130","JC461714","2019-10-06T01:16:00","1","DRIVER",,"716368",,"LINCOLN-CONTINENTAL","NAVIGATOR","IL","1998","BRAKES","SPORT UTILITY VEHICLE (SUV)","PERSONAL","UNKNOWN","OTHER",,,"1",,,,,,"true","true",,,,,,,,,"true",,"OTHER",,,,,,,,,,,,,,,,,,,,,,,,,,,,,,,,,
"754068","JC461704","2019-10-06T01:10:00","1","DRIVER",,"716309",,"UNKNOWN","UNKNOWN","IL",,"UNKNOWN","PICKUP","UNKNOWN/NA","N","STRAIGHT AHEAD",,,"1",,,,,,,,,,,,,,,,,"true","OTHER",,,,,,,,,,,,,,,,,,,,,,,,,,,,,,,,,
"754069","JC461704","2019-10-06T01:10:00","2","PARKED","2","716315",,"LINCOLN-CONTINENTAL","TOWNCAR","IL","1998","NONE","PASSENGER","NOT IN USE","N","PARKED",,,"2",,,,,,,,,"true","true","true",,,,,,,"SIDE-LEFT",,,,,,,,,,,,,,,,,,,,,,,,,,,,,,,,,
"754070","JC461704","2019-10-06T01:10:00","3","PARKED",,"716305",,"VOLKSWAGEN","PASSAT","IL","2016","UNKNOWN","PASSENGER","NOT IN USE","N","UNKNOWN/NA",,,"0",,,,,,,,,,"true",,,,,,,,"REAR-LEFT",,,,,,,,,,,,,,,,,,,,,,,,,,,,,,,,,
"754103","JC461749","2019-10-06T01:05:00","1","DRIVER",,"716340",,"UNKNOWN","UNKNOWN","XX",,"UNKNOWN","UNKNOWN/NA","UNKNOWN/NA","E","TURNING LEFT",,,"1",,,,,"true",,,,,,,,,,"true","true",,"OTHER",,,,,,,,,,,,,,,,,,,,,,,,,,,,,,,,,
"754104","JC461749","2019-10-06T01:05:00","2","DRIVER","2","716341",,"TOYOTA MOTOR COMPANY, LTD.","Avalon","IL","2008","UNKNOWN","PASSENGER","PERSONAL","W","STRAIGHT AHEAD",,,"3",,,,,,,,,,,,"true","true","true","true",,,"ROOF",,,,,,,,,,,,,,,,,,,,,,,,,,,,,,,,,
"754067","JC461693","2019-10-06T01:00:00","1","NON-CONTACT VEHICLE",,,,,,,,,,,,,,,,,,,,,,,,,,,,,,,,,,,,,,,,,,,,,,,,,,,,,,,,,,,,,,,,,,
"754071","JC461693","2019-10-06T01:00:00","2","DRIVER",,"716307",,"SUBARU","IMPREZA","IL","2016","NONE","PICKUP","PERSONAL","W","STRAIGHT AHEAD",,,"1",,,,,,,,,,,,,,,,,,"UNKNOWN",,,,,,,,,,,,,,,,,,,,,,,,,,,,,,,,,
"754074","JC461702","2019-10-06T00:56:00","1","DRIVER",,"716310",,"CHEVROLET","UNKNOWN","IL","2012","UNKNOWN","PASSENGER","UNKNOWN/NA","N","STRAIGHT AHEAD",,,"1",,,,,,,,,,,,,,,,,"true","FRONT",,,,,,,,,,,,,,,,,,,,,,,,,,,,,,,,,
"754075","JC461702","2019-10-06T00:56:00","2","PARKED","2","716314",,"HONDA","ACCORD","IL","2000","UNKNOWN","PASSENGER","UNKNOWN/NA","N","PARKED",,,"2",,,,,,,,,,,,,,,"true",,,"TOTAL (ALL AREAS)",,,,,,,,,,,,,,,,,,,,,,,,,,,,,,,,,
"754078","JC461699","2019-10-06T00:55:00","1","DRIVER",,"716317",,"UNKNOWN","UNKNOWN",,,"UNKNOWN","UNKNOWN/NA","UNKNOWN/NA","UNKNOWN","UNKNOWN/NA",,,"1",,,,,"true","true","true",,,,,,,,"false","true",,"FRONT",,,,,,,,,,,,,,,,,,,,,,,,,,,,,,,,,
"754079","JC461699","2019-10-06T00:55:00","2","PARKED",,"716320",,"CHEVROLET","CRUZE","IL","2018","NONE","PASSENGER","PERSONAL","S","PARKED",,,"0",,,,,,,,,,,"true","true","true","true","true",,,"FRONT-LEFT",,,,,,,,,,,,,,,,,,,,,,,,,,,,,,,,,
"754080","JC461699","2019-10-06T00:55:00","3","PARKED",,"716322",,"HYUNDAI","Accent","IL","2010","NONE","PASSENGER","PERSONAL","S","PARKED",,,"0",,,,,,,,,,,"true","true","true","true","true",,,"FRONT-LEFT",,,,,,,,,,,,,,,,,,,,,,,,,,,,,,,,,