"crash_unit_id","rd_no","crash_date","unit_no","unit_type","num_passengers","vehicle_id","cmrc_veh_i","make","model","lic_plate_state","vehicle_year","vehicle_defect","vehicle_type","vehicle_use","travel_direction","maneuver","towed_i","fire_i","occupant_cnt","exceed_speed_limit_i","towed_by","towed_to","area_00_i","area_01_i","area_02_i","area_03_i","area_04_i","area_05_i","area_06_i","area_07_i","area_08_i","area_09_i","area_10_i","area_11_i","area_12_i","area_99_i","first_contact_point","cmv_id","usdot_no","ccmc_no","ilcc_no","commercial_src","gvwr","carrier_name","carrier_state","carrier_city","hazmat_placards_i","hazmat_name","un_no","hazmat_present_i","hazmat_report_i","hazmat_report_no","mcs_report_i","mcs_report_no","hazmat_vio_cause_crash_i","mcs_vio_cause_crash_i","idot_permit_no","wide_load_i","trailer1_width","trailer2_width","trailer1_length","trailer2_length","total_vehicle_length","axle_cnt","vehicle_config","cargo_body_type","load_type","hazmat_out_of_service_i","mcs_out_of_service_i","hazmat_class"
"754081","JC461699","2019-10-06T00:55:00","4","PARKED",,"716324",,"NISSAN","VERSA","IL","2011","NONE","PASSENGER","PERSONAL","S","PARKED",,,"0",,,,,,,,,,,"true","true","true","true","true",,,"FRONT-LEFT",,,,,,,,,,,,,,,,,,,,,,,,,,,,,,,,,
"754082","JC461686","2019-10-06T00:45:00","1","DRIVER",,"716323",,"CHEVROLET","UNKNOWN","IL","2006","UNKNOWN","PASSENGER","PERSONAL","N","CHANGING LANES",,,"1",,,,,"true","true",,,,,,,,,,,,"FRONT",,,,,,,,,,,,,,,,,,,,,,,,,,,,,,,,,
"754083","JC461686","2019-10-06T00:45:00","2","DRIVER",,"716329",,"LEXUS","IS250","IL","2015","UNKNOWN","PASSENGER","PERSONAL","N","STRAIGHT AHEAD",,,"1",,,,,,,,,,,"true","true",,,,,,"SIDE-LEFT",,,,,,,,,,,,,,,,,,,,,,,,,,,,,,,,,
"756168","JC465878","2019-10-06T00:42:00","1","DRIVER","1","718275",,"NISSAN","Murano",,,"UNKNOWN","PASSENGER","OTHER","N","STRAIGHT AHEAD",,,"2",,,,,"true",,,,,,,,,,"false","true",,"OTHER",,,,,,,,,,,,,,,,,,,,,,,,,,,,,,,,,
"756169","JC465878","2019-10-06T00:42:00","2","DRIVER","1","718284",,"NISSAN","SENTRA (DATSUN AND NISSAN HAVE MERGED)","IL","2015","UNKNOWN","PASSENGER","OTHER","W","STRAIGHT AHEAD",,,"2",,,,,,,,,,,,"true","true","true",,,,"ROOF",,,,,,,,,,,,,,,,,,,,,,,,,,,,,,,,,
"754065","JC461700","2019-10-06T00:40:00","1","DRIVER",,"716303",,"FORD","EXPEDITION","IL","2003","UNKNOWN","SPORT UTILITY VEHICLE (SUV)","PERSONAL","N","STRAIGHT AHEAD",,,"1",,,,,,,,,,,,,,,,"true",,"OTHER",,,,,,,,,,,,,,,,,,,,,,,,,,,,,,,,,
"754066","JC461700","2019-10-06T00:40:00","2","DRIVER",,"716316",,"BMW","328i",,"2014","NONE","PASSENGER","PERSONAL","N","STRAIGHT AHEAD",,,"1",,,,,,,,,,"true",,,,,,,,"REAR-LEFT",,,,,,,,,,,,,,,,,,,,,,,,,,,,,,,,,
"754061","JC461683","2019-10-06T00:36:00","1","DRIVER",,"716301",,"HONDA","CIVIC","IL",,"UNKNOWN","PASSENGER","UNKNOWN/NA","E","STRAIGHT AHEAD",,,"2",,,,,,,,,,,,,,,,,"true","OTHER",,,,,,,,,,,,,,,,,,,,,,,,,,,,,,,,,
"754062","JC461683","2019-10-06T00:36:00","2","DRIVER",,"716306",,"FORD","EDGE","IL","2019","UNKNOWN","PASSENGER","PERSONAL","N","TURNING RIGHT",,,"1",,,,,,,,,,,,,,,"true",,,"TOTAL (ALL AREAS)",,,,,,,,,,,,,,,,,,,,,,,,,,,,,,,,,
"754097","JC461677","2019-10-06T00:36:00","1","DRIVER",,"716334",,"INFINITI","FX35","IL","2005","UNKNOWN","PASSENGER","PERSONAL","E","STRAIGHT AHEAD","true",,"1",,"ER TOWING","POUND 1",,"false","false","false","false","false","false",,,,,"false","false",,"FRONT",,,,,,,,,,,,,,,,,,,,,,,,,,,,,,,,,
"754098","JC461677","2019-10-06T00:36:00","2","PARKED",,"716337",,"DODGE","CHARGER","IL","2017","UNKNOWN","PASSENGER","UNKNOWN/NA","E","PARKED","true",,"0",,"PRIVATE TOW",,,,,,,,,"true","true","true","true","true",,,"UNKNOWN",,,,,,,,,,,,,,,,,,,,,,,,,,,,,,,,,
"754099","JC461677","2019-10-06T00:36:00","3","PARKED",,"716361",,"HYUNDAI","ELANTRA","IL","2006","UNKNOWN","UNKNOWN/NA","UNKNOWN/NA","E","PARKED",,,"0",,,,,,,,,,"true","true","true","true",,,,,"SIDE-LEFT",,,,,,,,,,,,,,,,,,,,,,,,,,,,,,,,,
"754056","JC461678","2019-10-06T00:25:00","1","DRIVER",,"716297",,"TOYOTA MOTOR COMPANY, LTD.","RAV4 (sport utility)","IL",,"UNKNOWN","UNKNOWN/NA","UNKNOWN/NA","E","BACKING",,,"1",,,,,,,,,,"true",,,,,,,,"REAR-LEFT",,,,,,,,,,,,,,,,,,,,,,,,,,,,,,,,,
"754057","JC461678","2019-10-06T00:25:00","2","DRIVER",,"716300",,"TOYOTA MOTOR COMPANY, LTD.","CAMRY","IL","2019","UNKNOWN","PASSENGER","PERSONAL","W","STRAIGHT AHEAD",,,"1",,,,,,,,,,,,,,,,"true",,"OTHER",,,,,,,,,,,,,,,,,,,,,,,,,,,,,,,,,
"754076","JC461680","2019-10-06T00:20:00","1","DRIVER",,"716312",,"HONDA","ACCORD","IL","2006","UNKNOWN","PASSENGER","UNKNOWN/NA","W","STRAIGHT AHEAD",,,"1",,,,,,,,,,,,,,,,,,"OTHER",,,,,,,,,,,,,,,,,,,,,,,,,,,,,,,,,
"754077","JC461680","2019-10-06T00:20:00","2","DRIVER","1","716321",,"TOYOTA MOTOR COMPANY, LTD.","COROLLA","IL","2003","NONE","PASSENGER","PERSONAL","NE","TURNING LEFT","true",,"2",,"private tow",,,"true","true","true",,,,,,,,,"true",,"FRONT",,,,,,,,,,,,,,,,,,,,,,,,,,,,,,,,,
"754086","JC461674","2019-10-06T00:15:00","1","DRIVER","2","716326",,"CHEVROLET","TAHOE","IL","2000","UNKNOWN","PASSENGER","PERSONAL","E","STRAIGHT AHEAD","false",,"3",,,,,"true","true","true",,,,,,,,,,,"SIDE-RIGHT",,,,,,,,,,,,,,,,,,,,,,,,,,,,,,,,,
"754087","JC461674","2019-10-06T00:15:00","2","PARKED",,"716331",,"CHEVROLET","Trail Blazer","IN","2003","UNKNOWN","UNKNOWN/NA","UNKNOWN/NA","UNKNOWN","PARKED",,,"0",,,,,,,,,,,,"true","true","true",,,,"ROOF",,,,,,,,,,,,,,,,,,,,,,,,,,,,,,,,,
"754088","JC461674","2019-10-06T00:15:00","3","PARKED",,"716333",,"MAZDA","UNKNOWN","IL","2011","UNKNOWN","UNKNOWN/NA","UNKNOWN/NA","UNKNOWN","PARKED",,,"0",,,,,,,,,,,,"true","true","true","true",,,"ROOF",,,,,,,,,,,,,,,,,,,,,,,,,,,,,,,,,
"754054","JC461671","2019-10-06T00:15:00","1","DRIVER",,"716285",,"UNKNOWN","UNKNOWN",,,"UNKNOWN","UNKNOWN/NA","UNKNOWN/NA","S","UNKNOWN/NA",,,"1",,,,,,,,,,,,,,,,,"true","UNKNOWN",,,,,,,,,,,,,,,,,,,,,,,,,,,,,,,,,
"754055","JC461671","2019-10-06T00:15:00","2","PARKED",,"716290",,"CHRYSLER","300","IL",,"UNKNOWN","PASSENGER","UNKNOWN/NA","S","PARKED",,,"0",,,,,,,"true","true","true",,,,,,,,,"REAR",,,,,,,,,,,,,,,,,,,,,,,,,,,,,,,,,
"754063","JC461681","2019-10-06T00:11:00","1","DRIVER",,"716313",,"HYUNDAI","UNKNOWN","IL","2003","UNKNOWN","PASSENGER","UNKNOWN/NA","E","DRIVING WRONG WAY",,,"1",,,,,,,,,,,,,,,,,"true","UNKNOWN",,,,,,,,,,,,,,,,,,,,,,,,,,,,,,,,,
"754064","JC461681","2019-10-06T00:11:00","2","DRIVER",,"716304",,"DODGE","CARAVAN","IL","2013","UNKNOWN","VAN/MINI-VAN","TAXI/FOR HIRE","N","STRAIGHT AHEAD","true",,"1",,"UNKNOWN","UNKNOWN",,,,,,,,,,"true","true","true",,,"TOTAL (ALL AREAS)",,,,,,,,,,,,,,,,,,,,,,,,,,,,,,,,,
"754039","JC461663","2019-10-06T00:08:00","1","DRIVER",,"716280",,"HONDA","ACCORD","IL","2018","UNKNOWN","PASSENGER","UNKNOWN/NA","W","STRAIGHT AHEAD",,,"1",,,,,,,,,,,,,,,,"true",,"OTHER",,,,,,,,,,,,,,,,,,,,,,,,,,,,,,,,,
"754040","JC461663","2019-10-06T00:08:00","2","PARKED",,"716283",,"LEXUS","GX470","IL","2004","UNKNOWN","SPORT UTILITY VEHICLE (SUV)","PERSONAL","W","PARKED",,,"0",,,,,,,,,,"true",,,,,,"true",,"REAR-LEFT",,,,,,,,,,,,,,,,,,,,,,,,,,,,,,,,,
"754041","JC461663","2019-10-06T00:08:00","3","PARKED",,"716293",,"SCION","TC","IL","2016","UNKNOWN","PASSENGER","PERSONAL","W","PARKED",,,"0",,,,,,,,,,"true",,,,,,"true",,"REAR-LEFT",,,,,,,,,,,,,,,,,,,,,,,,,,,,,,,,,
"754042","JC461663","2019-10-06T00:08:00","4","PARKED",,"716295",,"CHEVROLET","UNKNOWN","IL","2005","UNKNOWN","PASSENGER","PERSONAL","W","PARKED",,,"0",,,,,,,,,,"true",,,,,,,,"REAR-LEFT",,,,,,,,,,,,,,,,,,,,,,,,,,,,,,,,,
"754052","JC461670","2019-10-06T00:03:00","1","DRIVER",,"716281",,"VOLKSWAGEN","UNKNOWN","IL",,"UNKNOWN","PASSENGER","UNKNOWN/NA","W","STRAIGHT AHEAD",,,"1",,,,,"true",,,,,,,,,,"true","true",,"OTHER",,,,,,,,,,,,,,,,,,,,,,,,,,,,,,,,,
"754053","JC461670","2019-10-06T00:03:00","2","DRIVER",,"716288",,"CADILLAC","SRX","IL","2010","UNKNOWN","SPORT UTILITY VEHICLE (SUV)","PERSONAL","W","STRAIGHT AHEAD",,,"1",,,,,,,,,"true","true","true","false",,,,,,"REAR-LEFT",,,,,,,,,,,,,,,,,,,,,,,,,,,,,,,,,
"755383","JC462940","2019-10-06T00:00:00","1","DRIVER",,"717535",,"UNKNOWN","UNKNOWN",,,"UNKNOWN","UNKNOWN/NA","UNKNOWN/NA","N","UNKNOWN/NA",,,"1",,,,,,,,,,,,,,,,,"true","UNKNOWN",,,,,,,,,,,,,,,,,,,,,,,,,,,,,,,,,
"755384","JC462940","2019-10-06T00:00:00","2","PARKED",,"717536",,"HONDA","CIVIC","IL","2008","NONE","PASSENGER","NOT IN USE","N","PARKED",,,"0",,,,,"true",,,,,,,,,"true","true","true",,"SIDE-LEFT",,,,,,,,,,,,,,,,,,,,,,,,,,,,,,,,,
"754589","JC462554","2019-10-06T00:00:00","1","DRIVER",,"716790",,"UNKNOWN","UNKNOWN",,,"UNKNOWN","UNKNOWN/NA","UNKNOWN/NA","UNKNOWN","UNKNOWN/NA",,,"1",,,,,,,,,,,,,,,,,"true","UNKNOWN",,,,,,,,,,,,,,,,,,,,,,,,,,,,,,,,,
"754590","JC462554","2019-10-06T00:00:00","2","PARKED",,"716792",,"NISSAN","NISSAN ALTIMA","IL","2017","NONE","PASSENGER","PERSONAL","S","PARKED",,,"0",,,,,,,,,,,,,,,"true","true",,"TOTAL (ALL AREAS)",,,,,,,,,,,,,,,,,,,,,,,,,,,,,,,,,
"754322","JC462037","2019-10-06T00:00:00","1","DRIVER",,"716543",,"UNKNOWN","UNKNOWN","IL",,"UNKNOWN","UNKNOWN/NA","UNKNOWN/NA","S","STRAIGHT AHEAD",,,"1",,,,,,,,,,,,,,,,,,"UNKNOWN",,,,,,,,,,,,,,,,,,,,,,,,,,,,,,,,,
"754323","JC462037","2019-10-06T00:00:00","2","PARKED",,"716547",,"MERCEDES-BENZ","E320","IL","2004","NONE","PASSENGER","PERSONAL","S","PARKED",,,"0",,,,,"true",,,,"true",,,,,,,,,"REAR-RIGHT",,,,,,,,,,,,,,,,,,,,,,,,,,,,,,,,,
"754045","JC461650","2019-10-05T23:55:00","1","DRIVER",,"716278",,"FORD","TAURUS","IL","2000","NONE","PASSENGER","PERSONAL","W","STRAIGHT AHEAD",,,"1",,,,,"true",,,,,,,,,,"true","true",,"OTHER",,,,,,,,,,,,,,,,,,,,,,,,,,,,,,,,,
"754046","JC461650","2019-10-05T23:55:00","2","DRIVER",,"716284",,"FORD","EXPLORER","IL","2017","NONE","PASSENGER","POLICE","S","SLOW/STOP IN TRAFFIC","true",,"2",,,,,,,,,,,,,,,"true","true",,"TOTAL (ALL AREAS)",,,,,,,,,,,,,,,,,,,,,,,,,,,,,,,,,
"754047","JC461653","2019-10-05T23:51:00","1","DRIVER",,"716287",,"CHEVROLET","IMPALA","IL","2012","UNKNOWN","PASSENGER","PERSONAL","S","STRAIGHT AHEAD",,,"1",,,,,,,,,,,,,,"true","true","true",,"TOTAL (ALL AREAS)",,,,,,,,,,,,,,,,,,,,,,,,,,,,,,,,,
"754048","JC461653","2019-10-05T23:51:00","2","PARKED",,"716298",,"FORD","EXPEDITION","IL","2201","UNKNOWN","PASSENGER","PERSONAL","E","PARKED",,,"0",,,,,,,,,"true","true","true","true",,,,,,"SIDE-LEFT",,,,,,,,,,,,,,,,,,,,,,,,,,,,,,,,,
"754107","JC461737","2019-10-05T23:45:00","1","DRIVER",,"716367",,"PONTIAC","GRAND PRIX","XX","2005","UNKNOWN","UNKNOWN/NA","UNKNOWN/NA","UNKNOWN","OTHER",,,"1",,,,,,,,,,,,,,,"true",,,"TOTAL (ALL AREAS)",,,,,,,,,,,,,,,,,,,,,,,,,,,,,,,,,
"754108","JC461737","2019-10-05T23:45:00","2","DRIVER",,"716342",,"DODGE","JOURNEY","IL","2012","NONE","PASSENGER","PERSONAL","E","STRAIGHT AHEAD",,,"1",,,,,,,,,,,,,"true","false",,,,"ROOF",,,,,,,,,,,,,,,,,,,,,,,,,,,,,,,,,
"754049","JC461652","2019-10-05T23:30:00","1","DRIVER",,"716292",,"MAZDA","323","IL","2008","WHEELS","PASSENGER","PERSONAL","N","STRAIGHT AHEAD","true",,"1",,"PRIVATE TOW",,,"true","true","true",,,,,,,,"true","true",,"FRONT",,,,,,,,,,,,,,,,,,,,,,,,,,,,,,,,,
"754050","JC461652","2019-10-05T23:30:00","2","DRIVERLESS",,"716299",,"MERCEDES-BENZ","UNKNOWN","IL","2018","NONE","PASSENGER","NOT IN USE","UNKNOWN","PARKED",,,"0",,,,,"true",,,,,,"true","true","true","true","true","true",,"SIDE-LEFT",,,,,,,,,,,,,,,,,,,,,,,,,,,,,,,,,
"754051","JC461652","2019-10-05T23:30:00","3","DRIVERLESS",,"716302",,"MERCURY","UNKNOWN","IL","2008","NONE","PASSENGER","NOT IN USE","N","PARKED",,,"0",,,,,,,,,,"true",,,,,,,,"REAR-LEFT",,,,,,,,,,,,,,,,,,,,,,,,,,,,,,,,,
"754033","JC461631","2019-10-05T23:15:00","1","DRIVER",,"716273",,"HONDA","CIVIC","IL","2018","NONE","PASSENGER","PERSONAL","S","TURNING RIGHT",,,"1",,,,"true",,,,,,,,,,,,,,"OTHER",,,,,,,,,,,,,,,,,,,,,,,,,,,,,,,,,
"754032","JC461631","2019-10-05T23:15:00","2","PEDESTRIAN",,,,,,,,,,,,,,,,,,,,,,,,,,,,,,,,,,,,,,,,,,,,,,,,,,,,,,,,,,,,,,,,,,
"754034","JC461637","2019-10-05T23:13:00","1","DRIVER",,"716277",,"NISSAN","ROGUE","IL","2009","UNKNOWN","PASSENGER","PERSONAL","N","STRAIGHT AHEAD","true",,"1",,,,,,,,,,,,,,"true","true",,,"TOTAL (ALL AREAS)",,,,,,,,,,,,,,,,,,,,,,,,,,,,,,,,,
"754035","JC461637","2019-10-05T23:13:00","2","DRIVER",,"716279",,"JEEP","Grand Cherokee (for vehicle years 1989 to present)","IL","2016","NONE","PASSENGER","PERSONAL","N","BACKING",,,"1",,,,,"true","true",,,,,,,,,,"true",,"FRONT",,,,,,,,,,,,,,,,,,,,,,,,,,,,,,,,,
"754036","JC461637","2019-10-05T23:13:00","3","PARKED",,"716282",,"HONDA","Odyssey (minivan)","IL","2014","UNKNOWN","VAN/MINI-VAN","NOT IN USE","N","PARKED",,,"0",,,,,,,,,"true","true",,,,,,,,"REAR",,,,,,,,,,,,,,,,,,,,,,,,,,,,,,,,,
"754037","JC461637","2019-10-05T23:13:00","4","PARKED",,"716286",,"BUICK","LACROSSE","IL","2016","UNKNOWN","PASSENGER","NOT IN USE","N","PARKED",,,"0",,,,,"true","true","true","true","true",,,,,,,,,"REAR",,,,,,,,,,,,,,,,,,,,,,,,,,,,,,,,,
"754038","JC461637","2019-10-05T23:13:00","5","PARKED",,"716289",,"GENERAL MOTORS CORP.","TERRAIN","IL","2017","UNKNOWN","PASSENGER","NOT IN USE","N","PARKED",,,"0",,,,,,,,"true","true",,,,,,,,,"REAR",,,,,,,,,,,,,,,,,,,,,,,,,,,,,,,,,
"754058","JC461637","2019-10-05T23:13:00","6","PARKED",,"716294",,"TOYOTA MOTOR COMPANY, LTD.","Prius","IL","2013","UNKNOWN","PASSENGER","NOT IN USE","N","PARKED",,,"0",,,,,,"true",,"true","true",,,,,,,,,"REAR",,,,,,,,,,,,,,,,,,,,,,,,,,,,,,,,,
"754030","JC461632","2019-10-05T23:00:00","1","DRIVER",,"716272",,"TOYOTA MOTOR COMPANY, LTD.","UNKNOWN","IL","2011","UNKNOWN","SPORT UTILITY VEHICLE (SUV)","UNKNOWN/NA","N","STRAIGHT AHEAD",,,"1",,,,,,,,,,,,,,,,"true",,"OTHER",,,,,,,,,,,,,,,,,,,,,,,,,,,,,,,,,
"754031","JC461632","2019-10-05T23:00:00","2","DRIVER",,"716274",,"DODGE","UNKNOWN","IL","2012","NONE","VAN/MINI-VAN","PERSONAL","N","SLOW/STOP IN TRAFFIC",,,"1",,,,,,,,,,"true",,,,,,,,"REAR-LEFT",,,,,,,,,,,,,,,,,,,,,,,,,,,,,,,,,
"754025","JC461623","2019-10-05T22:58:00","1","DRIVER",,"716269",,"DODGE","CARAVAN","IL","2012","UNKNOWN","SPORT UTILITY VEHICLE (SUV)","UNKNOWN/NA","NE","MERGING",,,"1",,,,,"true",,,,,,,,,,,,,"FRONT-RIGHT",,,,,,,,,,,,,,,,,,,,,,,,,,,,,,,,,
"754026","JC461623","2019-10-05T22:58:00","2","DRIVER","3","716266",,"TOYOTA MOTOR COMPANY, LTD.","Prius","IL","2011","UNKNOWN","PASSENGER","RIDESHARE SERVICE","N","STRAIGHT AHEAD",,,"4",,,,,,,,,,"true","true","true","true","true","true",,,"ROOF",,,,,,,,,,,,,,,,,,,,,,,,,,,,,,,,,
"754043","JC461613","2019-10-05T22:55:00","1","DRIVER","2","716291",,"VOLKSWAGEN","PASSAT","IL","2013","NONE","PASSENGER","RIDESHARE SERVICE","N","STRAIGHT AHEAD","true",,"3",,,,,"true",,,,,,,,,,,"true",,"FRONT",,,,,,,,,,,,,,,,,,,,,,,,,,,,,,,,,
"754044","JC461613","2019-10-05T22:55:00","2","DRIVER",,"716296",,"NISSAN","VERSA","IL","2011","NONE","PASSENGER","PERSONAL","W","STRAIGHT AHEAD","true",,"1",,,,,"true",,,,,,,,,,"true","true",,"OTHER",,,,,,,,,,,,,,,,,,,,,,,,,,,,,,,,,
"754020","JC461603","2019-10-05T22:48:00","1","DRIVER",,"716260",,"HONDA","Odyssey (minivan)",,,"UNKNOWN","VAN/MINI-VAN","UNKNOWN/NA","E","STRAIGHT AHEAD",,,"1",,,,,,,,,,,,,,,,,"true","UNKNOWN",,,,,,,,,,,,,,,,,,,,,,,,,,,,,,,,,
"754021","JC461603","2019-10-05T22:48:00","2","DRIVER",,"716262",,"CHEVROLET","UNKNOWN","IL","2017","UNKNOWN","SPORT UTILITY VEHICLE (SUV)","PERSONAL","W","STRAIGHT AHEAD",,,"1",,,,,,,,,,,,,,"true","true",,,"TOTAL (ALL AREAS)",,,,,,,,,,,,,,,,,,,,,,,,,,,,,,,,,
"754091","JC461612","2019-10-05T22:34:00","1","DRIVER",,"716330",,"VOLKSWAGEN","PASSAT","IL","2007","UNKNOWN","PASSENGER","PERSONAL","E","STRAIGHT AHEAD","true",,"3",,"STREETS AND SANS","701 N SACRAMENTO",,"true","true","true","true","true",,,,,,,,,"SIDE-RIGHT",,,,,,,,,,,,,,,,,,,,,,,,,,,,,,,,,
"754022","JC461593","2019-10-05T22:32:00","1","DRIVER",,"716263",,"CHEVROLET","MALIBU (CHEVELLE)","IL","2014","NONE","PASSENGER","PERSONAL","W","STRAIGHT AHEAD","true",,"1",,"E&R TOWING",,,"true",,,,,,,,,,"true","true",,"TOTAL (ALL AREAS)",,,,,,,,,,,,,,,,,,,,,,,,,,,,,,,,,
"754023","JC461593","2019-10-05T22:32:00","2","PARKED",,"716275",,"TOYOTA MOTOR COMPANY, LTD.","CAMRY","IL","2017","UNKNOWN","PASSENGER","PERSONAL","UNKNOWN","PARKED",,,"0",,,,,,,,,,"true",,,,,,"true",,"REAR-LEFT",,,,,,,,,,,,,,,,,,,,,,,,,,,,,,,,,
"754024","JC461593","2019-10-05T22:32:00","3","PARKED",,"716276",,"TOYOTA MOTOR COMPANY, LTD.","RAV4 (sport utility)","IL","2016","UNKNOWN","PASSENGER","PERSONAL","UNKNOWN","PARKED",,,"0",,,,,,,,,,"true",,,,,,,,"REAR-LEFT",,,,,,,,,,,,,,,,,,,,,,,,,,,,,,,,,
"754585","JC462535","2019-10-05T22:30:00","1","DRIVER",,"716789",,"UNKNOWN","UNKNOWN",,,"UNKNOWN","UNKNOWN/NA","UNKNOWN/NA","E","ENTERING TRAFFIC LANE FROM PARKING",,,"1",,,,,,,,,,,,,,,,,"true","UNKNOWN",,,,,,,,,,,,,,,,,,,,,,,,,,,,,,,,,
"754586","JC462535","2019-10-05T22:30:00","2","PARKED",,"716791",,"CHEVROLET","Trail Blazer","IL","2007","NONE","SPORT UTILITY VEHICLE (SUV)","PERSONAL","E","PARKED",,,"0",,,,,,,,,,,"true",,,,,,,"SIDE-LEFT",,,,,,,,,,,,,,,,,,,,,,,,,,,,,,,,,
"754028","JC461605","2019-10-05T22:20:00","1","DRIVER","1","716267",,"MAZDA","UNKNOWN","IA","2016","UNKNOWN","PASSENGER","UNKNOWN/NA","E","TURNING RIGHT",,,"2",,,,,"true","true","true","true","true",,,,,,,,,"SIDE-RIGHT",,,,,,,,,,,,,,,,,,,,,,,,,,,,,,,,,
"754029","JC461605","2019-10-05T22:20:00","2","DRIVER",,"716270",,"NISSAN","SENTRA (DATSUN AND NISSAN HAVE MERGED)","IL","2017","NONE","PASSENGER","RIDESHARE SERVICE","E","TURNING RIGHT",,,"1",,,,,,,,,,,"true","true","true","true","true",,,"ROOF",,,,,,,,,,,,,,,,,,,,,,,,,,,,,,,,,
"754072","JC461580","2019-10-05T22:20:00","1","DRIVER","1","716311",,"FORD","F150","WI","2016","NONE","PICKUP","PERSONAL","S","STRAIGHT AHEAD",,,"2",,,,,,,,,,,"true","true",,,,,,"SIDE-LEFT",,,,,,,,,,,,,,,,,,,,,,,,,,,,,,,,,
"754073","JC461580","2019-10-05T22:20:00","2","DRIVER","1","716318",,"VOLVO","XC90","IL","2006","NONE","PASSENGER","PERSONAL","S","STRAIGHT AHEAD",,,"2",,,,,"true","true",,,,,,,,"true","true",,,"FRONT",,,,,,,,,,,,,,,,,,,,,,,,,,,,,,,,,
"754013","JC461578","2019-10-05T21:50:00","1","DRIVER",,"716251",,"CHEVROLET","MALIBU (CHEVELLE)","IL","2004","UNKNOWN","PASSENGER","PERSONAL","S","STRAIGHT AHEAD","true",,"1",,"PRIVATE",,,,,,,,,,,,,"true","true",,"TOTAL (ALL AREAS)",,,,,,,,,,,,,,,,,,,,,,,,,,,,,,,,,
"754014","JC461578","2019-10-05T21:50:00","2","DRIVER","1","716257",,"MINI","COOPER","IL","2017","UNKNOWN","PASSENGER","PERSONAL","W","STRAIGHT AHEAD",,,"2",,,,,"true",,,,,,,,,,,"true",,"FRONT",,,,,,,,,,,,,,,,,,,,,,,,,,,,,,,,,
"754009","JC461557","2019-10-05T21:50:00","1","DRIVER","1","716244",,"GENERAL MOTORS CORP.","JIMMY","IL","2001","NONE","SPORT UTILITY VEHICLE (SUV)","PERSONAL","NW","U-TURN","true",,"2",,"PRIVATE",,,"true",,,,,,,,,,,"true",,"OTHER",,,,,,,,,,,,,,,,,,,,,,,,,,,,,,,,,
"754010","JC461557","2019-10-05T21:50:00","2","DRIVER","3","716253",,"CHRYSLER","TOWN & COUNTRY","IL","2008","NONE","VAN/MINI-VAN","PERSONAL","S","STRAIGHT AHEAD","true",,"4",,"AAA",,,,,,,,,,,,,"true","true",,"TOTAL (ALL AREAS)",,,,,,,,,,,,,,,,,,,,,,,,,,,,,,,,,
"753996","JC461566","2019-10-05T21:35:00","1","DRIVER",,"716236",,"BUICK","CENTURY","XX",,"UNKNOWN","PASSENGER","UNKNOWN/NA","S","STRAIGHT AHEAD",,,"1",,,,,"true",,,,,,,,,,,,,"FRONT",,,,,,,,,,,,,,,,,,,,,,,,,,,,,,,,,
"753997","JC461566","2019-10-05T21:35:00","2","DRIVER","1","716243",,"BUICK","UNKNOWN","IL","2016","NONE","SPORT UTILITY VEHICLE (SUV)","PERSONAL","S","STRAIGHT AHEAD",,,"2",,,,,,,,,,,"true",,,,,,,"FRONT-LEFT",,,,,,,,,,,,,,,,,,,,,,,,,,,,,,,,,
"753988","JC461540","2019-10-05T21:30:00","1","DRIVER",,"716228",,"NISSAN","NISSAN MAXIMA","IL","2001","NONE","PASSENGER","PERSONAL","E","STRAIGHT AHEAD",,,"1",,,,,"true",,,,,,,,,,,"true",,"OTHER",,,,,,,,,,,,,,,,,,,,,,,,,,,,,,,,,
"753989","JC461540","2019-10-05T21:30:00","2","DRIVER","1","716232",,"HYUNDAI","SONATA","IL","2017","NONE","PASSENGER","RIDESHARE SERVICE","E","SLOW/STOP IN TRAFFIC",,,"2",,,,,,,,,"true","true","true",,,,,,,"REAR-LEFT",,,,,,,,,,,,,,,,,,,,,,,,,,,,,,,,,
"754007","JC461565","2019-10-05T21:25:00","1","BICYCLE",,,,,,,,,,,,,,,,,,,,,,,,,,,,,,,,,,,,,,,,,,,,,,,,,,,,,,,,,,,,,,,,,,
"754008","JC461565","2019-10-05T21:25:00","2","DRIVER",,"716245",,"CHRYSLER","TOWN & COUNTRY","IL","2013","NONE","PASSENGER","PERSONAL","SE","OTHER",,,"1",,,,,,,,,,,,,,"true","true",,,"UNDER CARRIAGE",,,,,,,,,,,,,,,,,,,,,,,,,,,,,,,,,
"754011","JC461550","2019-10-05T21:19:00","1","DRIVER",,"716249",,"FORD","Focus","IL","2013","UNKNOWN","PASSENGER","PERSONAL","W","TURNING LEFT",,,"1",,,,,,,,,,,,,,,"true","true",,"OTHER",,,,,,,,,,,,,,,,,,,,,,,,,,,,,,,,,