"crash_unit_id","rd_no","crash_date","unit_no","unit_type","num_passengers","vehicle_id","cmrc_veh_i","make","model","lic_plate_state","vehicle_year","vehicle_defect","vehicle_type","vehicle_use","travel_direction","maneuver","towed_i","fire_i","occupant_cnt","exceed_speed_limit_i","towed_by","towed_to","area_00_i","area_01_i","area_02_i","area_03_i","area_04_i","area_05_i","area_06_i","area_07_i","area_08_i","area_09_i","area_10_i","area_11_i","area_12_i","area_99_i","first_contact_point","cmv_id","usdot_no","ccmc_no","ilcc_no","commercial_src","gvwr","carrier_name","carrier_state","carrier_city","hazmat_placards_i","hazmat_name","un_no","hazmat_present_i","hazmat_report_i","hazmat_report_no","mcs_report_i","mcs_report_no","hazmat_vio_cause_crash_i","mcs_vio_cause_crash_i","idot_permit_no","wide_load_i","trailer1_width","trailer2_width","trailer1_length","trailer2_length","total_vehicle_length","axle_cnt","vehicle_config","cargo_body_type","load_type","hazmat_out_of_service_i","mcs_out_of_service_i","hazmat_class"
"754012","JC461550","2019-10-05T21:19:00","2","DRIVER","2","716252",,"NISSAN","NISSAN ALTIMA","IL","2019","UNKNOWN","PASSENGER","PERSONAL","W","TURNING RIGHT",,,"3",,,,,,,,,,,,"true","true",,,,,"FRONT-LEFT",,,,,,,,,,,,,,,,,,,,,,,,,,,,,,,,,
"753979","JC461530","2019-10-05T21:15:00","1","DRIVER",,"716216",,"NISSAN","NISSAN","IL","2011","UNKNOWN","PASSENGER","PERSONAL","E","STRAIGHT AHEAD",,,"1",,,,,,,,,,,,,,,,"true",,"FRONT",,,,,,,,,,,,,,,,,,,,,,,,,,,,,,,,,
"753980","JC461530","2019-10-05T21:15:00","2","DRIVER",,"716225",,"ACURA","ACURA","IL","2016","NONE","PASSENGER","PERSONAL","E","STRAIGHT AHEAD",,,"1",,,,,,,,,,"true",,,,,,,,"REAR-LEFT",,,,,,,,,,,,,,,,,,,,,,,,,,,,,,,,,
"753968","JC461538","2019-10-05T21:00:00","1","DRIVER",,"716254",,"CHEVROLET","MALIBU (CHEVELLE)","IL","2007","NONE","PASSENGER","PERSONAL","S","SKIDDING/CONTROL LOSS",,,"1",,,,,,,,,,,,,,,,"true",,"OTHER",,,,,,,,,,,,,,,,,,,,,,,,,,,,,,,,,
"753969","JC461538","2019-10-05T21:00:00","2","DRIVER","1","716238",,"NISSAN","NISSAN ALTIMA","IL","2017","NONE","PASSENGER","RIDESHARE SERVICE","S","OTHER",,,"2",,,,,,,,,,"true",,,,,,,,"REAR-LEFT",,,,,,,,,,,,,,,,,,,,,,,,,,,,,,,,,
"753998","JC461553","2019-10-05T20:50:00","1","DRIVER",,"716235",,"CHRYSLER","300","IL",,"UNKNOWN","PASSENGER","UNKNOWN/NA","E","STRAIGHT AHEAD",,,"1",,,,,,,,,,,,,,"false","false","false","true","UNKNOWN",,,,,,,,,,,,,,,,,,,,,,,,,,,,,,,,,
"753999","JC461553","2019-10-05T20:50:00","2","DRIVER",,"716241",,"NISSAN","SENTRA (DATSUN AND NISSAN HAVE MERGED)","TN","2017","NONE","PASSENGER","PERSONAL","E","SLOW/STOP IN TRAFFIC",,,"1",,,,,,,,,"true","true",,,,,,,,"REAR",,,,,,,,,,,,,,,,,,,,,,,,,,,,,,,,,
"754000","JC461553","2019-10-05T20:50:00","3","PARKED",,"716246",,"HONDA","ACCORD","IL","2011","UNKNOWN","PASSENGER","NOT IN USE","S","PARKED",,,"0",,,,,,,"true","true","true","true",,,,,,,,"REAR",,,,,,,,,,,,,,,,,,,,,,,,,,,,,,,,,
"754005","JC461516","2019-10-05T20:46:00","1","DRIVER",,"716242",,"MERCEDES-BENZ","C300","IL","2010","UNKNOWN","PASSENGER","PERSONAL","S","STRAIGHT AHEAD","true",,"1",,"OWNER/EVERY 24 TOWING","634 N. CICERO",,"true",,,,,,,,,"true","true","true",,"TOTAL (ALL AREAS)",,,,,,,,,,,,,,,,,,,,,,,,,,,,,,,,,
"754006","JC461516","2019-10-05T20:46:00","2","DRIVER","1","716248",,"TOYOTA MOTOR COMPANY, LTD.","RAV4 (sport utility)","GA","2015","NONE","PASSENGER","PERSONAL","N","SLOW/STOP IN TRAFFIC","true",,"2",,"OWNER/CHICAGO TOWING","UNK",,,,,,,,,,,"true","true","true",,"TOTAL (ALL AREAS)",,,,,,,,,,,,,,,,,,,,,,,,,,,,,,,,,
"753981","JC461504","2019-10-05T20:41:00","1","DRIVER",,"716220",,"JEEP","CHEROKEE","IL","2000","UNKNOWN","PASSENGER","PERSONAL","S","STRAIGHT AHEAD",,,"1",,,,,,,,,,,,,,,,"true",,"OTHER",,,,,,,,,,,,,,,,,,,,,,,,,,,,,,,,,
"753982","JC461504","2019-10-05T20:41:00","2","DRIVER",,"716224",,"CADILLAC","UNKNOWN","IL","2001","UNKNOWN","PASSENGER","PERSONAL","S","STRAIGHT AHEAD",,,"1",,,,,,,,,"true","true","true",,,,,,,"REAR-LEFT",,,,,,,,,,,,,,,,,,,,,,,,,,,,,,,,,
"753948","JC461508","2019-10-05T20:40:00","1","DRIVER",,"716198",,"UNKNOWN","UNKNOWN",,,"UNKNOWN","OTHER","UNKNOWN/NA","S","STRAIGHT AHEAD",,,"1",,,,,,,,,,,,,,,,,"true","OTHER",,,,,,,,,,,,,,,,,,,,,,,,,,,,,,,,,
"753949","JC461508","2019-10-05T20:40:00","2","DRIVER","1","716207",,"GENERAL MOTORS CORP.","YUKON","IL","2003","NONE","PASSENGER","PERSONAL","S","STRAIGHT AHEAD","true",,"2",,"E & R","CPD TOW YARD",,"true",,,,,,,,,,"true","true",,"REAR-LEFT",,,,,,,,,,,,,,,,,,,,,,,,,,,,,,,,,
"754260","JC461949","2019-10-05T20:30:00","1","DRIVER",,"716536",,"FORD","EXPLORER","IL","2004","OTHER","SPORT UTILITY VEHICLE (SUV)","UNKNOWN/NA","W","SKIDDING/CONTROL LOSS",,,"1",,,,,,,,,,,,,,,,"true",,"OTHER",,,,,,,,,,,,,,,,,,,,,,,,,,,,,,,,,
"754261","JC461949","2019-10-05T20:30:00","2","DRIVER","1","716542",,"JEEP","Grand Cherokee (for vehicle years 1989 to present)","IL","2015","NONE","SPORT UTILITY VEHICLE (SUV)","UNKNOWN/NA","S","STRAIGHT AHEAD","true",,"2",,"PENDING @ RESIDENCE","PENDING",,,,,,,,"true","true","true",,,,,"ROOF",,,,,,,,,,,,,,,,,,,,,,,,,,,,,,,,,
"753990","JC461501","2019-10-05T20:25:00","1","DRIVER",,"716234",,"HYUNDAI","ELANTRA","IL","2017","NONE","PASSENGER","PERSONAL","W","U-TURN",,,"2",,,,,"true",,,,,,,,,,,,,"FRONT-RIGHT",,,,,,,,,,,,,,,,,,,,,,,,,,,,,,,,,
"753991","JC461501","2019-10-05T20:25:00","2","DRIVER",,"716256",,"HYUNDAI","ELANTRA",,"2013","NONE","FARM EQUIPMENT","PERSONAL","E","DIVERGING",,,"1",,,,,,,,,,,,,,,"true",,,"TOTAL (ALL AREAS)",,,,,,,,,,,,,,,,,,,,,,,,,,,,,,,,,
"753956","JC461498","2019-10-05T20:22:00","1","DRIVER",,"716202",,"HYUNDAI","AZERA","IL","2007","UNKNOWN","PASSENGER","PERSONAL","E","STRAIGHT AHEAD",,,"1",,,,,,,,,,,,,,,,"true",,"OTHER",,,,,,,,,,,,,,,,,,,,,,,,,,,,,,,,,
"753957","JC461498","2019-10-05T20:22:00","2","DRIVER","1","716209",,"TOYOTA MOTOR COMPANY, LTD.","CAMRY","IL","2004","UNKNOWN","PASSENGER","PERSONAL","E","STRAIGHT AHEAD",,,"2",,,,,,,,,,"true",,,,,,"true",,"REAR-LEFT",,,,,,,,,,,,,,,,,,,,,,,,,,,,,,,,,
"753958","JC461498","2019-10-05T20:22:00","3","DRIVER",,"716217",,"MERCEDES-BENZ","250 SERIES","IL","2014","NONE","PASSENGER","PERSONAL","E","STRAIGHT AHEAD",,,"1",,,,,,,,,,"true",,,,,,,,"REAR-LEFT",,,,,,,,,,,,,,,,,,,,,,,,,,,,,,,,,
"753983","JC461491","2019-10-05T20:19:00","1","DRIVER",,"716221",,"SATURN","SATURN","IL","2004","UNKNOWN","PASSENGER","PERSONAL","N","STRAIGHT AHEAD",,,"1",,,,,,,,,,,,,,,,,"true","TOTAL (ALL AREAS)",,,,,,,,,,,,,,,,,,,,,,,,,,,,,,,,,
"753984","JC461491","2019-10-05T20:19:00","2","DRIVER","1","716229",,"HONDA","ACCORD","MO","2008","UNKNOWN","PASSENGER","PERSONAL","E","TURNING LEFT",,,"2",,,,,"true",,,,,,,,,,,"true",,"FRONT",,,,,,,,,,,,,,,,,,,,,,,,,,,,,,,,,
"753952","JC461492","2019-10-05T20:00:00","1","DRIVER",,"716205",,"BMW","528I","IL","2008","UNKNOWN","PASSENGER","PERSONAL","S","CHANGING LANES",,,"1",,,,,,,,,,,,,,,"true",,,"TOTAL (ALL AREAS)",,,,,,,,,,,,,,,,,,,,,,,,,,,,,,,,,
"753953","JC461492","2019-10-05T20:00:00","2","DRIVER",,"716214",,"CADILLAC","Escalade","IL","2005","UNKNOWN","SPORT UTILITY VEHICLE (SUV)","PERSONAL","S","STRAIGHT AHEAD",,,"1",,,,,"true",,,,,,,,,,,,,"FRONT",,,,,,,,,,,,,,,,,,,,,,,,,,,,,,,,,
"753941","JC461477","2019-10-05T19:53:00","1","DRIVER",,"716188",,"TOYOTA MOTOR COMPANY, LTD.","COROLLA","IL","2013","UNKNOWN","PASSENGER","PERSONAL","N","STRAIGHT AHEAD",,,"1",,,,,,,,,,,,,,,"false","true",,"OTHER",,,,,,,,,,,,,,,,,,,,,,,,,,,,,,,,,
"753942","JC461477","2019-10-05T19:53:00","2","DRIVER",,"716194",,"CHEVROLET","IMPALA","IL","2008","UNKNOWN","PASSENGER","PERSONAL","E","STRAIGHT AHEAD",,,"1",,,,,,,,,"true","true",,,,,,,,"REAR",,,,,,,,,,,,,,,,,,,,,,,,,,,,,,,,,
"753947","JC461477","2019-10-05T19:53:00","3","DRIVERLESS",,"716197",,"HONDA","ACCORD","IL","2004","UNKNOWN","PASSENGER","UNKNOWN/NA","E","PARKED",,,"0",,,,,,,,,,"true","true",,,,,,,"FRONT-LEFT",,,,,,,,,,,,,,,,,,,,,,,,,,,,,,,,,
"753926","JC461468","2019-10-05T19:53:00","1","BICYCLE",,,,,,,,,,,,,,,,,,,,,,,,,,,,,,,,,,,,,,,,,,,,,,,,,,,,,,,,,,,,,,,,,,
"753927","JC461468","2019-10-05T19:53:00","2","DRIVER",,"716179",,"NISSAN","UNKNOWN","IL","2014","NONE","PASSENGER","PERSONAL","W","STARTING IN TRAFFIC",,,"1",,,,"true",,,,,,,,,,,,,,"OTHER",,,,,,,,,,,,,,,,,,,,,,,,,,,,,,,,,
"753954","JC461517","2019-10-05T19:51:00","1","DRIVER",,"716201",,"TOYOTA MOTOR COMPANY, LTD.","COROLLA","IL","2009","UNKNOWN","PASSENGER","PERSONAL","W","TURNING LEFT",,,"1",,,,,"true","true","true",,,,,,,,,,,"FRONT-RIGHT",,,,,,,,,,,,,,,,,,,,,,,,,,,,,,,,,
"753955","JC461517","2019-10-05T19:51:00","2","DRIVER",,"716204",,"CHRYSLER","UNKNOWN","IL","2006","UNKNOWN","UNKNOWN/NA","UNKNOWN/NA","W","STRAIGHT AHEAD",,,"1",,,,,,,,,,,,,"true","true","true",,,"UNDER CARRIAGE",,,,,,,,,,,,,,,,,,,,,,,,,,,,,,,,,
"753945","JC461496","2019-10-05T19:45:00","1","DRIVER",,"716191",,"TOYOTA MOTOR COMPANY, LTD.","CAMRY","IL","2011","UNKNOWN","PASSENGER","PERSONAL","SE","STRAIGHT AHEAD",,,"1",,,,,,,,,,,"false",,,,,"true",,"OTHER",,,,,,,,,,,,,,,,,,,,,,,,,,,,,,,,,
"753946","JC461496","2019-10-05T19:45:00","2","DRIVER",,"716196",,"HYUNDAI","ELANTRA","CA","2011","NONE","PASSENGER","PERSONAL","SE","STRAIGHT AHEAD",,,"1",,,,,,,,,,"true",,,,,,,,"REAR-LEFT",,,,,,,,,,,,,,,,,,,,,,,,,,,,,,,,,
"753973","JC461523","2019-10-05T19:40:00","1","DRIVER",,"716211",,"UNKNOWN","UNKNOWN",,,"UNKNOWN","UNKNOWN/NA","UNKNOWN/NA","S","STRAIGHT AHEAD",,,"1",,,,,,,,,,,,,,,,,"true","OTHER",,,,,,,,,,,,,,,,,,,,,,,,,,,,,,,,,
"753974","JC461523","2019-10-05T19:40:00","2","DRIVERLESS",,"716218",,"AUDI","S6","IL","2017","NONE","PASSENGER","NOT IN USE","S","PARKED",,,"0",,,,,,,,,"true","true",,,,,,,,"REAR",,,,,,,,,,,,,,,,,,,,,,,,,,,,,,,,,
"754873","JC463230","2019-10-05T19:30:00","1","DRIVER",,"717058",,"NISSAN","ROGUE","IN","2014","UNKNOWN","PASSENGER","PERSONAL","N","CHANGING LANES",,,"1",,,,,,,,,,,,,,,"true",,,"TOTAL (ALL AREAS)",,,,,,,,,,,,,,,,,,,,,,,,,,,,,,,,,
"754874","JC463230","2019-10-05T19:30:00","2","DRIVER",,"717064",,"TOYOTA MOTOR COMPANY, LTD.","CAMRY","IL","2013","NONE","PASSENGER","TAXI/FOR HIRE","N","STRAIGHT AHEAD",,,"1",,,,,,,,,"true",,,,,,,,,"REAR-RIGHT",,,,,,,,,,,,,,,,,,,,,,,,,,,,,,,,,
"753959","JC461522","2019-10-05T19:30:00","1","DRIVER",,"716247",,"TOYOTA MOTOR COMPANY, LTD.","Prius","IL","2012","UNKNOWN","PASSENGER","PERSONAL","S","PASSING/OVERTAKING",,,"1",,,,,,,,,,,,,,"true","true",,,"UNDER CARRIAGE",,,,,,,,,,,,,,,,,,,,,,,,,,,,,,,,,
"753960","JC461522","2019-10-05T19:30:00","2","DRIVER",,"716255",,"FORD","ESCAPE (SUV)","IL","2019","UNKNOWN","SPORT UTILITY VEHICLE (SUV)","PERSONAL","S","PASSING/OVERTAKING",,,"1",,,,,"true","true",,,,,,,,,,,,"FRONT-RIGHT",,,,,,,,,,,,,,,,,,,,,,,,,,,,,,,,,
"753950","JC461488","2019-10-05T19:30:00","1","DRIVER",,"716199",,"SUBARU","UNKNOWN","IL","2017","UNKNOWN","SPORT UTILITY VEHICLE (SUV)","UNKNOWN/NA","N","BACKING",,,"1",,,,,,,,,,"true",,,,,,,,"REAR-LEFT",,,,,,,,,,,,,,,,,,,,,,,,,,,,,,,,,
"753951","JC461488","2019-10-05T19:30:00","2","DRIVER",,"716200",,"FORD","FUSION","IL","2015","UNKNOWN","PASSENGER","PERSONAL","S","ENTER FROM DRIVE/ALLEY",,,"1",,,,,,,,,,,,,,,,"true",,"OTHER",,,,,,,,,,,,,,,,,,,,,,,,,,,,,,,,,
"753917","JC461465","2019-10-05T19:30:00","1","DRIVER",,"716166",,"FORD","ESCAPE (SUV)","IL","2019","NONE","SPORT UTILITY VEHICLE (SUV)","UNKNOWN/NA","S","ENTERING TRAFFIC LANE FROM PARKING",,,"1",,,,,"true",,,,,,,,,,,,,"FRONT",,,,,,,,,,,,,,,,,,,,,,,,,,,,,,,,,
"753918","JC461465","2019-10-05T19:30:00","2","DRIVER",,"716172",,"TOYOTA MOTOR COMPANY, LTD.","Prius","IL","2012","NONE","PASSENGER","PERSONAL","S","STRAIGHT AHEAD",,,"1",,,,,,,,,,,"true","true",,,,,,"FRONT-LEFT",,,,,,,,,,,,,,,,,,,,,,,,,,,,,,,,,
"753966","JC461459","2019-10-05T19:30:00","1","BICYCLE",,,,,,,,,,,,,,,,,,,,,,,,,,,,,,,,,,,,,,,,,,,,,,,,,,,,,,,,,,,,,,,,,,
"753967","JC461459","2019-10-05T19:30:00","2","DRIVER",,"716213",,"TOYOTA MOTOR COMPANY, LTD.","4RUNNER","IL","2019","NONE","SPORT UTILITY VEHICLE (SUV)","COMMERCIAL - SINGLE UNIT","SE","STRAIGHT AHEAD",,,"1",,,,,"true",,,,,,,,,,,,,"FRONT",,,,,,,,,,,,,,,,,,,,,,,,,,,,,,,,,
"753905","JC461436","2019-10-05T19:25:00","1","DRIVER",,"716155",,"JEEP","PATRIOT","IL",,"UNKNOWN","PASSENGER","PERSONAL","N","BACKING",,,"1",,,,,,,,,,"true","true",,,,,,,"REAR-LEFT",,,,,,,,,,,,,,,,,,,,,,,,,,,,,,,,,
"753906","JC461436","2019-10-05T19:25:00","2","PARKED",,"716162",,"HYUNDAI","Santa Fe","IL",,"UNKNOWN","PASSENGER","PERSONAL","UNKNOWN","PARKED IN TRAFFIC LANE",,,"0",,,,,,,,"true",,,,,,,,,,"REAR-RIGHT",,,,,,,,,,,,,,,,,,,,,,,,,,,,,,,,,
"757148","JC467620","2019-10-05T19:15:00","1","DRIVER",,"719222",,"NISSAN","NISSAN ALTIMA","IL","2012","UNKNOWN","PASSENGER","PERSONAL","E","CHANGING LANES",,,"1",,,,,,,"true",,,,,,,,,,,"SIDE-RIGHT",,,,,,,,,,,,,,,,,,,,,,,,,,,,,,,,,
"757149","JC467620","2019-10-05T19:15:00","2","DRIVER",,"719205",,"TOYOTA MOTOR COMPANY, LTD.","CAMRY","IL","2019","NONE","PASSENGER","PERSONAL","E","SLOW/STOP IN TRAFFIC",,,"1",,,,,,,,,,,,,,,"true",,,"TOTAL (ALL AREAS)",,,,,,,,,,,,,,,,,,,,,,,,,,,,,,,,,
"753921","JC461434","2019-10-05T19:15:00","1","DRIVER",,"716169",,"CHEVROLET","UNKNOWN","IL","2012","UNKNOWN","PASSENGER","PERSONAL","W","STRAIGHT AHEAD",,,"1",,,,,"true","true",,,,,,,,,,"true",,"FRONT",,,,,,,,,,,,,,,,,,,,,,,,,,,,,,,,,
"753922","JC461434","2019-10-05T19:15:00","2","PARKED",,"716176",,"CHEVROLET","TAHOE","IL","1998","UNKNOWN","PASSENGER","PERSONAL","W","PARKED",,,"0",,,,,,,,,,"true","true","true",,,,,,"SIDE-LEFT",,,,,,,,,,,,,,,,,,,,,,,,,,,,,,,,,
"753924","JC461449","2019-10-05T19:12:00","1","PARKED","1","716170",,"TOYOTA MOTOR COMPANY, LTD.","CAMRY","IL","2016","NONE","PASSENGER","PERSONAL","N","PARKED IN TRAFFIC LANE",,,"1",,,,,,,,,,,,"false","true","true",,,,"ROOF",,,,,,,,,,,,,,,,,,,,,,,,,,,,,,,,,
"753925","JC461449","2019-10-05T19:12:00","2","DRIVER",,"716178",,"NEW FLYER","NEW FLYER","IL","2012","NONE","BUS OVER 15 PASS.","CTA","N","STRAIGHT AHEAD",,,"1",,,,,,,"true","true","true",,,,,,,,,"SIDE-RIGHT",,,,,,,,,,,,,,,,,,,,,,,,,,,,,,,,,
"753928","JC461440","2019-10-05T19:12:00","1","DRIVER",,"716186",,"MAZDA","RX8","IL","2005","UNKNOWN","PASSENGER","PERSONAL","W","STRAIGHT AHEAD",,,"1",,,,,"true",,,,,,,,,,,,,"FRONT",,,,,,,,,,,,,,,,,,,,,,,,,,,,,,,,,
"753929","JC461440","2019-10-05T19:12:00","2","DRIVER","2","716193",,"AUDI","Q7","IL","2012","UNKNOWN","PASSENGER","PERSONAL","W","STRAIGHT AHEAD",,,"3",,,,,,,,,,"true","true",,,,,,,"REAR-LEFT",,,,,,,,,,,,,,,,,,,,,,,,,,,,,,,,,
"753900","JC461439","2019-10-05T19:10:00","1","DRIVER",,"716146",,"NISSAN","ROGUE","IL","2016","NONE","SPORT UTILITY VEHICLE (SUV)","RIDESHARE SERVICE","E","STRAIGHT AHEAD",,,"1",,,,,,,,,,,,,,,,"true",,"OTHER",,,,,,,,,,,,,,,,,,,,,,,,,,,,,,,,,
"753901","JC461439","2019-10-05T19:10:00","2","DRIVER",,"716152",,"LAND ROVER","RANGE ROVER OF NORTH AMER","IL","2019","NONE","SPORT UTILITY VEHICLE (SUV)","PERSONAL","E","STRAIGHT AHEAD",,,"1",,,,,,,,,,"true",,,,,,,,"REAR-LEFT",,,,,,,,,,,,,,,,,,,,,,,,,,,,,,,,,
"753936","JC461432","2019-10-05T19:08:00","1","PEDESTRIAN",,,,,,,,,,,,,,,,,,,,,,,,,,,,,,,,,,,,,,,,,,,,,,,,,,,,,,,,,,,,,,,,,,
"753937","JC461432","2019-10-05T19:08:00","2","PEDESTRIAN",,,,,,,,,,,,,,,,,,,,,,,,,,,,,,,,,,,,,,,,,,,,,,,,,,,,,,,,,,,,,,,,,,
"753938","JC461432","2019-10-05T19:08:00","3","DRIVER",,"716195",,"HONDA","CRV","IL","2000","NONE","SPORT UTILITY VEHICLE (SUV)","PERSONAL","N","STRAIGHT AHEAD",,,"1",,,,,,,,,,,,,,,"true","true",,"TOTAL (ALL AREAS)",,,,,,,,,,,,,,,,,,,,,,,,,,,,,,,,,
"753894","JC461412","2019-10-05T19:07:00","1","DRIVER","1","716141",,"NISSAN","SENTRA (DATSUN AND NISSAN HAVE MERGED)","IL","2014","NONE","PASSENGER","PERSONAL","E","PASSING/OVERTAKING",,,"2",,,,,"true",,,,,,,,,,"true","true",,"OTHER",,,,,,,,,,,,,,,,,,,,,,,,,,,,,,,,,
"753895","JC461412","2019-10-05T19:07:00","2","DRIVER",,"716149",,"CHEVROLET","IMPALA",,,"NONE","PASSENGER","PERSONAL","S","STRAIGHT AHEAD",,,"1",,,,,"true","true","true","true","true",,,,,,,,,"SIDE-RIGHT",,,,,,,,,,,,,,,,,,,,,,,,,,,,,,,,,
"754003","JC461408","2019-10-05T19:01:00","1","DRIVER",,"716240",,"UNKNOWN","UNKNOWN","IL",,"UNKNOWN","UNKNOWN/NA","PERSONAL","S","STRAIGHT AHEAD",,,"1",,,,,,,,,,,,,,,,,"true","UNKNOWN",,,,,,,,,,,,,,,,,,,,,,,,,,,,,,,,,
"754004","JC461408","2019-10-05T19:01:00","2","DRIVER",,"716259",,"TOYOTA MOTOR COMPANY, LTD.","YARIS","IL","2015","NONE","PASSENGER","PERSONAL","E","STRAIGHT AHEAD","false",,"1",,,,,,,,,,,,,,"true","true",,,"OTHER",,,,,,,,,,,,,,,,,,,,,,,,,,,,,,,,,
"754911","JC463326","2019-10-05T19:00:00","1","DRIVER",,"717085",,"UNKNOWN","UNKNOWN","IL",,"UNKNOWN","UNKNOWN/NA","UNKNOWN/NA","UNKNOWN","UNKNOWN/NA",,,"1",,,,,,,,,,,,,,,,,"true","UNKNOWN",,,,,,,,,,,,,,,,,,,,,,,,,,,,,,,,,
"754912","JC463326","2019-10-05T19:00:00","2","PARKED",,"717093",,"CHEVROLET","SILVERADO","IL","2015","NONE","TRUCK - SINGLE UNIT","PERSONAL","W","PARKED",,,"0",,,,,"true",,,,,,,,,,,,,"FRONT",,,,,,,,,,,,,,,,,,,,,,,,,,,,,,,,,
"754448","JC462265","2019-10-05T19:00:00","1","DRIVER",,"716662",,"TOYOTA MOTOR COMPANY, LTD.","Prius","IL","2010","UNKNOWN","PASSENGER","PERSONAL","N","STRAIGHT AHEAD",,,"1",,,,,"true",,,,,,,,,,,,,"FRONT",,,,,,,,,,,,,,,,,,,,,,,,,,,,,,,,,
"754449","JC462265","2019-10-05T19:00:00","2","DRIVER",,"716663",,"UNKNOWN","UNKNOWN",,,"UNKNOWN","UNKNOWN/NA","UNKNOWN/NA","N","STRAIGHT AHEAD",,,"1",,,,,,,,,,"true",,,,,,,,"REAR-LEFT",,,,,,,,,,,,,,,,,,,,,,,,,,,,,,,,,
"754289","JC462022","2019-10-05T19:00:00","1","DRIVER",,"716511",,"DODGE","JOURNEY","IL","2018","NONE","SPORT UTILITY VEHICLE (SUV)","PERSONAL","E","DIVERGING",,,"1",,,,,"true",,,,,,,,,,,"true",,"OTHER",,,,,,,,,,,,,,,,,,,,,,,,,,,,,,,,,
"754290","JC462022","2019-10-05T19:00:00","2","DRIVER","1","716515",,"FORD","FUSION","IL","2016","UNKNOWN","PASSENGER","UNKNOWN/NA","N","STARTING IN TRAFFIC",,,"2",,,,,,,,,,,,,,,"true","false",,"OTHER",,,,,,,,,,,,,,,,,,,,,,,,,,,,,,,,,
"753939","JC461486","2019-10-05T19:00:00","1","DRIVER",,"716182",,"UNKNOWN","UNKNOWN","IL",,"UNKNOWN","UNKNOWN/NA","UNKNOWN/NA","E","STRAIGHT AHEAD",,,"1",,,,,"true",,,,,,,,,,,"true",,"OTHER",,,,,,,,,,,,,,,,,,,,,,,,,,,,,,,,,
"753940","JC461486","2019-10-05T19:00:00","2","DRIVER",,"716185",,"TOYOTA MOTOR COMPANY, LTD.","SR5","IL",,"NONE","PASSENGER","PERSONAL","W","TURNING LEFT",,,"1",,,,,,,"true","true",,,,,,,,,,"SIDE-RIGHT",,,,,,,,,,,,,,,,,,,,,,,,,,,,,,,,,
"753912","JC461446","2019-10-05T19:00:00","1","DRIVER",,"716163",,"CHEVROLET","CHEVROLET","IL","2017","UNKNOWN","VAN/MINI-VAN","PERSONAL","N","STRAIGHT AHEAD","true",,"1",,"R & R TOWING","UNKNOWN",,"true",,,,,,,,,,"true","true",,"OTHER",,,,,,,,,,,,,,,,,,,,,,,,,,,,,,,,,
"753913","JC461446","2019-10-05T19:00:00","2","DRIVER","1","716173",,"HONDA","ACCORD","IL","2010","UNKNOWN","PASSENGER","PERSONAL","N","STRAIGHT AHEAD",,,"2",,,,,,,,,"true","true","true",,,,,,,"REAR-LEFT",,,,,,,,,,,,,,,,,,,,,,,,,,,,,,,,,
"753930","JC461430","2019-10-05T19:00:00","1","DRIVER","1","716192",,"UNKNOWN","UNKNOWN","IL",,"UNKNOWN","UNKNOWN/NA","UNKNOWN/NA","E","STRAIGHT AHEAD",,,"2",,,,,,,,,,,,,,,,,,"OTHER",,,,,,,,,,,,,,,,,,,,,,,,,,,,,,,,,
"753931","JC461430","2019-10-05T19:00:00","2","DRIVER",,"716181",,"HONDA","ACCORD","IL","2012","NONE","PASSENGER","PERSONAL","E","TURNING RIGHT",,,"1",,,,,,,,,,,"true",,,,,,,"REAR-LEFT",,,,,,,,,,,,,,,,,,,,,,,,,,,,,,,,,
"753902","JC461423","2019-10-05T18:57:00","1","DRIVER",,"716158",,"HONDA","Odyssey (minivan)","IL","2016","NONE","PASSENGER","PERSONAL","N","STRAIGHT AHEAD",,,"1",,,,,,,,,,,,,,,,"true",,"OTHER",,,,,,,,,,,,,,,,,,,,,,,,,,,,,,,,,
"753923","JC461423","2019-10-05T18:57:00","2","PEDESTRIAN",,,,,,,,,,,,,,,,,,,,,,,,,,,,,,,,,,,,,,,,,,,,,,,,,,,,,,,,,,,,,,,,,,
"753994","JC461560","2019-10-05T18:50:00","1","DRIVER",,"716230",,"UNKNOWN","UNKNOWN","IL",,"UNKNOWN","UNKNOWN/NA","UNKNOWN/NA","E","TURNING RIGHT",,,"1",,,,,,,,,,,,,,,,,"true","UNKNOWN",,,,,,,,,,,,,,,,,,,,,,,,,,,,,,,,,
"753995","JC461560","2019-10-05T18:50:00","2","DRIVER",,"716237",,"NISSAN","SENTRA (DATSUN AND NISSAN HAVE MERGED)","IL","2018","NONE","OTHER","OTHER","E","TURNING RIGHT",,,"1",,,,,,,,"true","true","true",,,,,,,,"REAR-RIGHT",,,,,,,,,,,,,,,,,,,,,,,,,,,,,,,,,
"753882","JC461420","2019-10-05T18:45:00","1","DRIVER",,"716127",,"CHEVROLET","UNKNOWN","IL","2007","UNKNOWN","PASSENGER","UNKNOWN/NA","E","STRAIGHT AHEAD",,,"1",,,,,,,,,,,,,,,,"true",,"OTHER",,,,,,,,,,,,,,,,,,,,,,,,,,,,,,,,,
"753883","JC461420","2019-10-05T18:45:00","2","DRIVER","4","716132",,"NISSAN","SENTRA (DATSUN AND NISSAN HAVE MERGED)","IL","2019","NONE","SPORT UTILITY VEHICLE (SUV)","PERSONAL","E","SLOW/STOP IN TRAFFIC",,,"5",,,,,,,,,,"true",,,,,,,,"REAR-LEFT",,,,,,,,,,,,,,,,,,,,,,,,,,,,,,,,,