"crash_unit_id","rd_no","crash_date","unit_no","unit_type","num_passengers","vehicle_id","cmrc_veh_i","make","model","lic_plate_state","vehicle_year","vehicle_defect","vehicle_type","vehicle_use","travel_direction","maneuver","towed_i","fire_i","occupant_cnt","exceed_speed_limit_i","towed_by","towed_to","area_00_i","area_01_i","area_02_i","area_03_i","area_04_i","area_05_i","area_06_i","area_07_i","area_08_i","area_09_i","area_10_i","area_11_i","area_12_i","area_99_i","first_contact_point","cmv_id","usdot_no","ccmc_no","ilcc_no","commercial_src","gvwr","carrier_name","carrier_state","carrier_city","hazmat_placards_i","hazmat_name","un_no","hazmat_present_i","hazmat_report_i","hazmat_report_no","mcs_report_i","mcs_report_no","hazmat_vio_cause_crash_i","mcs_vio_cause_crash_i","idot_permit_no","wide_load_i","trailer1_width","trailer2_width","trailer1_length","trailer2_length","total_vehicle_length","axle_cnt","vehicle_config","cargo_body_type","load_type","hazmat_out_of_service_i","mcs_out_of_service_i","hazmat_class"
"753890","JC461405","2019-10-05T18:40:00","1","DRIVER",,"716140",,"TOYOTA MOTOR COMPANY, LTD.","COROLLA","IL","2018","UNKNOWN","PASSENGER","PERSONAL","W","STRAIGHT AHEAD","true",,"1",,,,,"true",,,,,,,,,,"true","true",,"OTHER",,,,,,,,,,,,,,,,,,,,,,,,,,,,,,,,,
"753891","JC461405","2019-10-05T18:40:00","2","DRIVER",,"716147",,"CHEVROLET","IMPALA","IL","2017","UNKNOWN","PASSENGER","PERSONAL","N","STRAIGHT AHEAD","false",,"1",,,,,"true","true","true","true","true",,,,,,,,,"SIDE-RIGHT",,,,,,,,,,,,,,,,,,,,,,,,,,,,,,,,,
"754285","JC461877","2019-10-05T18:39:00","1","DRIVER",,"716533",,"HYUNDAI","UNKNOWN","IL","2005","UNKNOWN","PASSENGER","PERSONAL","N","STRAIGHT AHEAD",,,"1",,,,,,,,,,,,,,,,,"true","SIDE-RIGHT",,,,,,,,,,,,,,,,,,,,,,,,,,,,,,,,,
"754286","JC461877","2019-10-05T18:39:00","2","DRIVER",,"716544",,"NISSAN","SENTRA (DATSUN AND NISSAN HAVE MERGED)","IL","2018","UNKNOWN","PASSENGER","PERSONAL","N","STRAIGHT AHEAD",,,"1",,,,,,,,,,,"true","true","true","true",,,,"ROOF",,,,,,,,,,,,,,,,,,,,,,,,,,,,,,,,,
"753970","JC461425","2019-10-05T18:38:00","1","DRIVER","1","716210",,"DODGE","CALIBER","IL","2008","UNKNOWN","PASSENGER","PERSONAL","N","STRAIGHT AHEAD","true",,"2",,,,,"true","true","true","true","true","true","true","true","true","true","true","true",,"FRONT",,,,,,,,,,,,,,,,,,,,,,,,,,,,,,,,,
"753971","JC461425","2019-10-05T18:38:00","2","PARKED",,"716215",,"CHRYSLER","UNKNOWN","IL","2006","UNKNOWN","VAN/MINI-VAN","NOT IN USE","N","PARKED",,,"0",,,,,,,,,,,,"true","true","true","true",,,"UNDER CARRIAGE",,,,,,,,,,,,,,,,,,,,,,,,,,,,,,,,,
"753972","JC461425","2019-10-05T18:38:00","3","PARKED",,"716219",,"CHEVROLET","UNKNOWN","IL","2006","UNKNOWN","PASSENGER","NOT IN USE","N","PARKED","true",,"0",,,,,,,,,,"true","true","true","true","true","true",,,"SIDE-LEFT",,,,,,,,,,,,,,,,,,,,,,,,,,,,,,,,,
"757875","JC461382","2019-10-05T18:37:00","1","DRIVER",,"719891",,"HYUNDAI","GENESIS","IL","2011","UNKNOWN","PASSENGER","PERSONAL","UNKNOWN","CHANGING LANES",,,"1",,,,,,,,,,,,,,,,,"true","FRONT",,,,,,,,,,,,,,,,,,,,,,,,,,,,,,,,,
"757876","JC461382","2019-10-05T18:37:00","2","DRIVER",,"719892",,"FORD","FUSION","IL","2011","UNKNOWN","PASSENGER","PERSONAL","S","STRAIGHT AHEAD",,,"1",,,,,,,,,,,,,,,"true",,,"TOTAL (ALL AREAS)",,,,,,,,,,,,,,,,,,,,,,,,,,,,,,,,,
"754243","JC461953","2019-10-05T18:30:00","1","DRIVER","3","716471",,"UNKNOWN","UNKNOWN","IL",,"UNKNOWN","UNKNOWN/NA","UNKNOWN/NA","N","STARTING IN TRAFFIC",,,"4",,,,,,,,,,,,,,,,,"true","FRONT",,,,,,,,,,,,,,,,,,,,,,,,,,,,,,,,,
"754244","JC461953","2019-10-05T18:30:00","2","DRIVER","1","716475",,"HYUNDAI","Accent","IL","2014","NONE","PASSENGER","RIDESHARE SERVICE","N","STRAIGHT AHEAD",,,"2",,,,,"true",,,,,,,,,,,,,"FRONT",,,,,,,,,,,,,,,,,,,,,,,,,,,,,,,,,
"753893","JC461418","2019-10-05T18:30:00","1","DRIVER",,"716148",,"JEEP","Liberty","IL","2003","NONE","SPORT UTILITY VEHICLE (SUV)","PERSONAL","E","STRAIGHT AHEAD",,,"1",,,,,,,,,,,,,,,,"true",,"OTHER",,,,,,,,,,,,,,,,,,,,,,,,,,,,,,,,,
"753892","JC461418","2019-10-05T18:30:00","2","DRIVER",,"716151",,"TOYOTA MOTOR COMPANY, LTD.","CAMRY","IL","2002","UNKNOWN","PASSENGER","PERSONAL","E","STRAIGHT AHEAD",,,"1",,,,,,,,,,"true",,,,,,,,"REAR-LEFT",,,,,,,,,,,,,,,,,,,,,,,,,,,,,,,,,
"753896","JC461414","2019-10-05T18:30:00","1","DRIVER",,"716144",,"HONDA","ACCORD","IL","2006","NONE","PASSENGER","PERSONAL","N","STRAIGHT AHEAD",,,"1",,,,,"true",,,,,,,,,,"true","true",,"OTHER",,,,,,,,,,,,,,,,,,,,,,,,,,,,,,,,,
"753897","JC461414","2019-10-05T18:30:00","2","DRIVER",,"716150",,"TOYOTA MOTOR COMPANY, LTD.","RAV4 (sport utility)","IL",,"NONE","PASSENGER","PERSONAL","N","STRAIGHT AHEAD",,,"1",,,,,,,,,"true","true","true",,,,,,,"REAR-LEFT",,,,,,,,,,,,,,,,,,,,,,,,,,,,,,,,,
"753898","JC461381","2019-10-05T18:30:00","1","DRIVER",,"716145",,"HONDA","UNKNOWN",,,"UNKNOWN","UNKNOWN/NA","UNKNOWN/NA","N","UNKNOWN/NA",,,"1",,,,,,,,,,,,,,,,,"true","FRONT",,,,,,,,,,,,,,,,,,,,,,,,,,,,,,,,,
"753899","JC461381","2019-10-05T18:30:00","2","DRIVER","1","716161",,"CHRYSLER","PT Cruiser","IL","2006","UNKNOWN","UNKNOWN/NA","UNKNOWN/NA","E","UNKNOWN/NA",,,"2",,,,,,,,,,,,,,,"true",,,"TOTAL (ALL AREAS)",,,,,,,,,,,,,,,,,,,,,,,,,,,,,,,,,
"753907","JC461473","2019-10-05T18:15:00","1","DRIVER",,"716160",,"FORD","Focus","IL","2018","NONE","SPORT UTILITY VEHICLE (SUV)","PERSONAL","N","STRAIGHT AHEAD",,,"1",,,,,,,,,,,,,,,,"true",,"OTHER",,,,,,,,,,,,,,,,,,,,,,,,,,,,,,,,,
"753908","JC461473","2019-10-05T18:15:00","2","DRIVER",,"716157",,"CADILLAC","SRX","IL","2012","NONE","PASSENGER","PERSONAL","N","SLOW/STOP IN TRAFFIC",,,"1",,,,,,,,,,"true",,,,,,,,"REAR-LEFT",,,,,,,,,,,,,,,,,,,,,,,,,,,,,,,,,
"753868","JC461388","2019-10-05T18:15:00","1","DRIVER",,"716119",,"HONDA","CIVIC","IL","2004","UNKNOWN","PASSENGER","PERSONAL","E","STARTING IN TRAFFIC",,,"1",,,,,,,,,,"false",,,,,,"true",,"OTHER",,,,,,,,,,,,,,,,,,,,,,,,,,,,,,,,,
"753869","JC461388","2019-10-05T18:15:00","2","DRIVER",,"716136",,"SUBARU","SUBARU","IL","2010","NONE","UNKNOWN/NA","UNKNOWN/NA","E","STRAIGHT AHEAD",,,"1",,,,,,,,,,"true",,,,,,,,"REAR-LEFT",,,,,,,,,,,,,,,,,,,,,,,,,,,,,,,,,
"753855","JC461373","2019-10-05T18:15:00","1","DRIVER","1","716113",,"JEEP","UNKNOWN","IL","2008","NONE","SPORT UTILITY VEHICLE (SUV)","RIDESHARE SERVICE","E","ENTERING TRAFFIC LANE FROM PARKING",,,"2",,,,,,,,,,,,,,,"true",,,"TOTAL (ALL AREAS)",,,,,,,,,,,,,,,,,,,,,,,,,,,,,,,,,
"753856","JC461373","2019-10-05T18:15:00","2","DRIVER",,"716115",,"NISSAN","NISSAN ALTIMA","IL","2017","NONE","PASSENGER","RIDESHARE SERVICE","E","LEAVING TRAFFIC LANE TO PARK",,,"1",,,,,,,,,"true",,,,,,,,,"REAR",,,,,,,,,,,,,,,,,,,,,,,,,,,,,,,,,
"753874","JC461407","2019-10-05T18:13:00","1","DRIVER",,"716130",,"ACURA","ACURA","IL","2010","NONE","SPORT UTILITY VEHICLE (SUV)","PERSONAL","W","PASSING/OVERTAKING",,,"1",,,,,"true",,,,,,,,,,,,,"FRONT",,,,,,,,,,,,,,,,,,,,,,,,,,,,,,,,,
"753875","JC461407","2019-10-05T18:13:00","2","DRIVER","1","716122",,"FORD","ESCAPE (SUV)","IL","2009","NONE","SPORT UTILITY VEHICLE (SUV)","PERSONAL","W","SLOW/STOP IN TRAFFIC",,,"2",,,,,,,,,,"true","true",,,,,,,"SIDE-LEFT",,,,,,,,,,,,,,,,,,,,,,,,,,,,,,,,,
"753863","JC461396","2019-10-05T18:12:00","1","DRIVER","3","716118",,"CHEVROLET","IMPALA","IL","2011","NONE","PASSENGER","PERSONAL","N","STRAIGHT AHEAD",,,"4",,,,,"true",,,,,,,,,,"true","true",,"OTHER",,,,,,,,,,,,,,,,,,,,,,,,,,,,,,,,,
"753864","JC461396","2019-10-05T18:12:00","2","DRIVER","1","716120",,"NISSAN","Frontier","IL","2010","NONE","PICKUP","PERSONAL","N","SLOW/STOP IN TRAFFIC",,,"2",,,,,,,,,"true","true","true",,,,,,,"REAR-LEFT",,,,,,,,,,,,,,,,,,,,,,,,,,,,,,,,,
"753914","JC461386","2019-10-05T18:10:00","1","DRIVER",,"716164",,"TOYOTA MOTOR COMPANY, LTD.","Prius","IL","2006","UNKNOWN","PASSENGER","PERSONAL","E","STRAIGHT AHEAD",,,"1",,,,,,,,,,,,,,,,"true",,"OTHER",,,,,,,,,,,,,,,,,,,,,,,,,,,,,,,,,
"753915","JC461386","2019-10-05T18:10:00","2","DRIVER",,"716175",,"CHEVROLET","CHEVROLET","IN","2015","UNKNOWN","PASSENGER","PERSONAL","E","STRAIGHT AHEAD",,,"1",,,,,,,,,,"true",,,,,,,,"REAR-LEFT",,,,,,,,,,,,,,,,,,,,,,,,,,,,,,,,,
"753876","JC461391","2019-10-05T18:08:00","1","DRIVER","1","716124",,"HYUNDAI","UNKNOWN","IL","2016","UNKNOWN","PASSENGER","PERSONAL","S","MERGING",,,"2",,,,,"true",,,,,,,,,,,,,"FRONT",,,,,,,,,,,,,,,,,,,,,,,,,,,,,,,,,
"753877","JC461391","2019-10-05T18:08:00","2","DRIVER","1","716129",,"NISSAN","SENTRA (DATSUN AND NISSAN HAVE MERGED)","IL","2012","NONE","PICKUP","PERSONAL","S","STRAIGHT AHEAD",,,"2",,,,,,,,,,,,,,,"true",,,"TOTAL (ALL AREAS)",,,,,,,,,,,,,,,,,,,,,,,,,,,,,,,,,
"753884","JC461419","2019-10-05T18:05:00","1","DRIVER",,"716137",,"CHEVROLET","IMPALA",,,"UNKNOWN","PASSENGER","UNKNOWN/NA","S","OTHER",,,"1",,,,,"true",,,,,,,,,,"true","true",,"OTHER",,,,,,,,,,,,,,,,,,,,,,,,,,,,,,,,,
"753885","JC461419","2019-10-05T18:05:00","2","DRIVER",,"716131",,"CHEVROLET","MALIBU (CHEVELLE)","IL","2017","NONE","PICKUP","PERSONAL","S","OTHER",,,"1",,,,,,,,,"true","true",,,,,,,,"REAR-RIGHT",,,,,,,,,,,,,,,,,,,,,,,,,,,,,,,,,
"754228","JC461938","2019-10-05T18:00:00","1","DRIVER",,"716454",,"SUBARU","UNKNOWN","IL","2019","UNKNOWN","UNKNOWN/NA","UNKNOWN/NA","N","TURNING LEFT",,,"1",,,,,,,,,,,,,,,"true",,,"TOTAL (ALL AREAS)",,,,,,,,,,,,,,,,,,,,,,,,,,,,,,,,,
"754229","JC461938","2019-10-05T18:00:00","2","DRIVER",,"716457",,"TOYOTA MOTOR COMPANY, LTD.","COROLLA","IL","2020","NONE","PASSENGER","PERSONAL","N","TURNING LEFT",,,"1",,,,,,,"true","true",,,,,,,,,,"SIDE-RIGHT",,,,,,,,,,,,,,,,,,,,,,,,,,,,,,,,,
"753878","JC461370","2019-10-05T17:57:00","1","DRIVER",,"716125",,"NISSAN","NISSAN ALTIMA","IL","2006","NONE","PASSENGER","PERSONAL","W","OTHER",,,"1",,,,,,,,,,,,,"true","true",,,,"ROOF",,,,,,,,,,,,,,,,,,,,,,,,,,,,,,,,,
"753879","JC461370","2019-10-05T17:57:00","2","DRIVER",,"716142",,"KIA MOTORS CORP","Sportage (sport utility)","IL","2012","NONE","SPORT UTILITY VEHICLE (SUV)","PERSONAL","W","STRAIGHT AHEAD",,,"1",,,,,"true","true",,,,,,,,,,,,"FRONT",,,,,,,,,,,,,,,,,,,,,,,,,,,,,,,,,
"753859","JC461355","2019-10-05T17:46:00","1","DRIVER",,"716108",,"JEEP","Grand Cherokee (for vehicle years 1989 to present)","IL","2018","UNKNOWN","SPORT UTILITY VEHICLE (SUV)","UNKNOWN/NA","N","STRAIGHT AHEAD",,,"1",,,,,,,,,,,,,,,,"true",,"OTHER",,,,,,,,,,,,,,,,,,,,,,,,,,,,,,,,,
"753860","JC461355","2019-10-05T17:46:00","2","DRIVER","1","716112",,"CHEVROLET","MALIBU (CHEVELLE)","IL","2017","UNKNOWN","PASSENGER","PERSONAL","N","SLOW/STOP IN TRAFFIC",,,"2",,,,,,,,,,"true",,,,,,,,"REAR-LEFT",,,,,,,,,,,,,,,,,,,,,,,,,,,,,,,,,
"753861","JC461354","2019-10-05T17:45:00","1","DRIVER",,"716111",,"CADILLAC","SRX","IL","2011","NONE","SPORT UTILITY VEHICLE (SUV)","PERSONAL","W","STARTING IN TRAFFIC",,,"1",,,,,,,,,,,,,,,,"true",,"OTHER",,,,,,,,,,,,,,,,,,,,,,,,,,,,,,,,,
"753862","JC461354","2019-10-05T17:45:00","2","DRIVER",,"716116",,"CHEVROLET","EQUINOX","IL","2010","NONE","SPORT UTILITY VEHICLE (SUV)","PERSONAL","W","SLOW/STOP IN TRAFFIC",,,"1",,,,,,,,,,"true",,,,,,,,"REAR-LEFT",,,,,,,,,,,,,,,,,,,,,,,,,,,,,,,,,
"753843","JC461326","2019-10-05T17:41:00","1","DRIVER",,"716095",,"CHEVROLET","TAHOE","IL","1997","UNKNOWN","PASSENGER","PERSONAL","E","TURNING LEFT",,,"1",,,,"true",,,,,,,,,,,,,,"NONE",,,,,,,,,,,,,,,,,,,,,,,,,,,,,,,,,
"753844","JC461326","2019-10-05T17:41:00","2","PEDESTRIAN",,,,,,,,,,,,,,,,,,,,,,,,,,,,,,,,,,,,,,,,,,,,,,,,,,,,,,,,,,,,,,,,,,
"753853","JC461372","2019-10-05T17:40:00","1","DRIVER",,"716104",,"TOYOTA MOTOR COMPANY, LTD.","CAMRY","IL","2003","NONE","PASSENGER","PERSONAL","E","STRAIGHT AHEAD",,,"1",,,,,"true",,,,,,,,,,,,,"FRONT",,,,,,,,,,,,,,,,,,,,,,,,,,,,,,,,,
"753854","JC461372","2019-10-05T17:40:00","2","DRIVER","1","716107",,"HONDA","ACCORD","IL","2008","NONE","PASSENGER","PERSONAL","E","LEAVING TRAFFIC LANE TO PARK",,,"2",,,,,,,,,,"true","true",,,,,,,"SIDE-LEFT",,,,,,,,,,,,,,,,,,,,,,,,,,,,,,,,,
"753845","JC461338","2019-10-05T17:40:00","1","DRIVER",,"716099",,"UNKNOWN","UNKNOWN",,,"UNKNOWN","PASSENGER","PERSONAL","S","STRAIGHT AHEAD",,,"1",,,,,,,,,,,,,,,,,"true","OTHER",,,,,,,,,,,,,,,,,,,,,,,,,,,,,,,,,
"753846","JC461338","2019-10-05T17:40:00","2","DRIVER",,"716102",,"CHEVROLET","CRUZE","IL","2018","UNKNOWN","PASSENGER","RIDESHARE SERVICE","S","SLOW/STOP IN TRAFFIC",,,"1",,,,,,,,,,"true",,,,,,,,"REAR-LEFT",,,,,,,,,,,,,,,,,,,,,,,,,,,,,,,,,
"754893","JC463262","2019-10-05T17:36:00","1","DRIVER",,"717066",,"BMW","UNKNOWN","IL","2002","NONE","SPORT UTILITY VEHICLE (SUV)","OTHER","SE","STRAIGHT AHEAD",,,"1",,,,,,,,,,,,,,,,,"true","OTHER",,,,,,,,,,,,,,,,,,,,,,,,,,,,,,,,,
"754894","JC463262","2019-10-05T17:36:00","2","DRIVER",,"717070",,"NISSAN","MAURANO","IL","2017","NONE","SPORT UTILITY VEHICLE (SUV)","PERSONAL","SE","STRAIGHT AHEAD",,,"1",,,,,,,,,,"true",,,,,,,,"REAR-LEFT",,,,,,,,,,,,,,,,,,,,,,,,,,,,,,,,,
"753961","JC461343","2019-10-05T17:36:00","1","DRIVER","1","716203",,"FORD","ESCAPE (SUV)","IL","2007","OTHER","PASSENGER","PERSONAL","W","OTHER",,,"2",,,,,,,,,,,,,,,,"true",,"OTHER",,,,,,,,,,,,,,,,,,,,,,,,,,,,,,,,,
"753962","JC461343","2019-10-05T17:36:00","2","PARKED",,"716212",,"JEEP","CHEROKEE","IL","1999","UNKNOWN","UNKNOWN/NA","UNKNOWN/NA","UNKNOWN","PARKED",,,"0",,,,,,,,,,,,,"true",,,"true",,"OTHER",,,,,,,,,,,,,,,,,,,,,,,,,,,,,,,,,
"753963","JC461343","2019-10-05T17:36:00","3","PARKED",,"716223",,"FORD","UNKNOWN","IL","2006","UNKNOWN","UNKNOWN/NA","UNKNOWN/NA","W","PARKED",,,"0",,,,,,,,,,"true",,,,,,,,"REAR-LEFT",,,,,,,,,,,,,,,,,,,,,,,,,,,,,,,,,
"754402","JC462212","2019-10-05T17:30:00","1","DRIVER",,"716614",,"FORD","EXPLORER","MI","2006","UNKNOWN","SPORT UTILITY VEHICLE (SUV)","UNKNOWN/NA","S","STRAIGHT AHEAD",,,"1",,,,,,"false","false","false",,,,,,,,,"true","UNKNOWN",,,,,,,,,,,,,,,,,,,,,,,,,,,,,,,,,
"754403","JC462212","2019-10-05T17:30:00","2","DRIVER",,"716616",,"GENERAL MOTORS CORP.","Envoy","IL","2004","NONE","SPORT UTILITY VEHICLE (SUV)","PERSONAL","S","STRAIGHT AHEAD",,,"1",,,,,,,,,,,,"true","true","true",,,,"ROOF",,,,,,,,,,,,,,,,,,,,,,,,,,,,,,,,,
"753839","JC461320","2019-10-05T17:20:00","1","PARKED",,"716088",,"VOLVO","XC60","IL","2012","NONE","PASSENGER","NOT IN USE","N","PARKED",,,"2",,,,"true",,,,,,,,,,,,,,"ROOF",,,,,,,,,,,,,,,,,,,,,,,,,,,,,,,,,
"753840","JC461320","2019-10-05T17:20:00","2","BICYCLE",,,,,,,,,,,,,,,,,,,,,,,,,,,,,,,,,,,,,,,,,,,,,,,,,,,,,,,,,,,,,,,,,,
"753829","JC461319","2019-10-05T17:20:00","1","DRIVER","1","716087",,"ACURA (DIV. OF AMERICAN HONDA MOTOR CO.)","UNKNOWN","IL","2013","UNKNOWN","PASSENGER","PERSONAL","N","STRAIGHT AHEAD",,,"2",,,,,,,,,,,,,,,,"true",,"OTHER",,,,,,,,,,,,,,,,,,,,,,,,,,,,,,,,,
"753830","JC461319","2019-10-05T17:20:00","2","DRIVER","1","716097",,"TOYOTA MOTOR COMPANY, LTD.","CAMRY","IL","2019","UNKNOWN","PASSENGER","PERSONAL","N","SLOW/STOP IN TRAFFIC",,,"2",,,,,,,,,,"true",,,,,,,,"REAR-LEFT",,,,,,,,,,,,,,,,,,,,,,,,,,,,,,,,,
"753833","JC461295","2019-10-05T17:12:00","1","DRIVER",,"716086",,"JEEP","UNKNOWN","IL","2002","UNKNOWN","PASSENGER","PERSONAL","E","TURNING LEFT",,,"1",,,,,"true",,,,,,,,,,,,,"FRONT",,,,,,,,,,,,,,,,,,,,,,,,,,,,,,,,,
"753834","JC461295","2019-10-05T17:12:00","2","DRIVER","2","716090",,"VOLVO","UNKNOWN","IL","2008","NONE","PASSENGER","PERSONAL","E","STRAIGHT AHEAD",,,"3",,,,,,,,,,,"true",,,,,,,"SIDE-LEFT",,,,,,,,,,,,,,,,,,,,,,,,,,,,,,,,,
"753837","JC461306","2019-10-05T17:09:00","1","DRIVER",,"716092",,"NEW FLYER","NEW FLYER","IL","2006","NONE","BUS OVER 15 PASS.","CTA","W","STRAIGHT AHEAD",,,"1",,,,,,,"true",,,,,,,,,,,"SIDE-RIGHT",,,,,,,,,,,,,,,,,,,,,,,,,,,,,,,,,
"753838","JC461306","2019-10-05T17:09:00","2","PARKED",,"716096",,"TOYOTA MOTOR COMPANY, LTD.","COROLLA","IL","2009","NONE","PASSENGER","PERSONAL","W","PARKED",,,"0",,,,,,,,,,,,,"true",,,,,"ROOF",,,,,,,,,,,,,,,,,,,,,,,,,,,,,,,,,
"753851","JC461363","2019-10-05T17:00:00","1","DRIVER","1","716103",,"HONDA","ACCORD","IL","2007","UNKNOWN","PASSENGER","PERSONAL","N","SLOW/STOP IN TRAFFIC",,,"2",,,,,,,,,,"true","true","true",,,,"false","true","SIDE-LEFT",,,,,,,,,,,,,,,,,,,,,,,,,,,,,,,,,
"753852","JC461363","2019-10-05T17:00:00","2","DRIVER",,"716117",,"CHEVROLET","CAMARO","IL","2014","UNKNOWN","PASSENGER","PERSONAL","N","SLOW/STOP IN TRAFFIC",,,"1",,,,,,,,,,"false","false",,,,,"true","true","OTHER",,,,,,,,,,,,,,,,,,,,,,,,,,,,,,,,,
"753872","JC461331","2019-10-05T17:00:00","1","DRIVER",,"716177",,"UNKNOWN","UNKNOWN",,,"UNKNOWN","UNKNOWN/NA","UNKNOWN/NA","S","BACKING",,,"1",,,,,,,,,,,,,,,,,,"REAR-LEFT",,,,,,,,,,,,,,,,,,,,,,,,,,,,,,,,,
"753873","JC461331","2019-10-05T17:00:00","2","DRIVER","1","716171",,"HONDA","ACCORD","WI","2012","UNKNOWN","PASSENGER","PERSONAL","N","STRAIGHT AHEAD",,,"2",,,,,,,,,,,,,,,,"true",,"OTHER",,,,,,,,,,,,,,,,,,,,,,,,,,,,,,,,,
"753819","JC461303","2019-10-05T17:00:00","1","DRIVER",,"716075",,"VOLKSWAGEN","JETTA","IL","2003","NONE","PASSENGER","PERSONAL","E","BACKING",,,"1",,,,,,,,,,"true",,,,,,,,"REAR-LEFT",,,,,,,,,,,,,,,,,,,,,,,,,,,,,,,,,
"753820","JC461303","2019-10-05T17:00:00","2","DRIVER",,"716067",,"CHEVROLET","IMPALA","IL","2008","NONE","PASSENGER","PERSONAL","S","STRAIGHT AHEAD",,,"1",,,,,,,,,,,,,"true","true",,,,"ROOF",,,,,,,,,,,,,,,,,,,,,,,,,,,,,,,,,
"753964","JC461469","2019-10-05T16:57:00","1","DRIVER",,"716206",,"UNKNOWN","UNKNOWN",,,"UNKNOWN","UNKNOWN/NA","UNKNOWN/NA","N","UNKNOWN/NA",,,"1",,,,,"true",,,,,,,,,,,,"false","FRONT",,,,,,,,,,,,,,,,,,,,,,,,,,,,,,,,,
"753965","JC461469","2019-10-05T16:57:00","2","PARKED",,"716208",,"LAND ROVER","LAND ROVER","IL","2015","NONE","PASSENGER","PERSONAL","N","PARKED",,,"0",,,,,,,,,,,,"true",,,,,,"FRONT-LEFT",,,,,,,,,,,,,,,,,,,,,,,,,,,,,,,,,
"753847","JC461287","2019-10-05T16:48:00","1","DRIVER",,"716101",,"GENERAL MOTORS CORP.","Envoy","IL","2002","NONE","PASSENGER","PERSONAL","W","STRAIGHT AHEAD",,,"1",,,,,"true",,,,,,,,,,,,,"FRONT",,,,,,,,,,,,,,,,,,,,,,,,,,,,,,,,,
"753848","JC461287","2019-10-05T16:48:00","2","PARKED",,"716105",,"CHEVROLET","UNKNOWN","IL","1994","NONE","PASSENGER","PERSONAL","W","PARKED",,,"0",,,,,,,,,,,,,"true","true",,,,"ROOF",,,,,,,,,,,,,,,,,,,,,,,,,,,,,,,,,
"753849","JC461287","2019-10-05T16:48:00","3","PARKED",,"716110",,"ACURA","ACURA","IL","2000","NONE","PASSENGER","PERSONAL","W","PARKED",,,"0",,,,,,,,,,,,,,"true",,,,"ROOF",,,,,,,,,,,,,,,,,,,,,,,,,,,,,,,,,
"753850","JC461287","2019-10-05T16:48:00","4","PARKED",,"716114",,"TOYOTA MOTOR COMPANY, LTD.","CAMRY","IL","2018","NONE","PASSENGER","PERSONAL","W","PARKED",,,"0",,,,,,,,,,,"true","true","true",,,,,"ROOF",,,,,,,,,,,,,,,,,,,,,,,,,,,,,,,,,
"753801","JC461245","2019-10-05T16:35:00","1","DRIVER",,"716054",,"FORD","FUSION","IL","2015","UNKNOWN","PASSENGER","UNKNOWN/NA","S","OTHER",,,"1",,,,,"true","true",,,,,,,,,,,,"FRONT",,,,,,,,,,,,,,,,,,,,,,,,,,,,,,,,,
"753802","JC461245","2019-10-05T16:35:00","2","PARKED",,"716057",,"HONDA","Odyssey (minivan)","IL","2006","UNKNOWN","VAN/MINI-VAN","PERSONAL","E","PARKED",,,"0",,,,,,,,,,,,"true","true","true",,,,"REAR-RIGHT",,,,,,,,,,,,,,,,,,,,,,,,,,,,,,,,,
"753813","JC461297","2019-10-05T16:30:00","1","DRIVER",,"716068",,"FORD","UNKNOWN","IN","2017","NONE","TRACTOR W/ SEMI-TRAILER","OTHER","W","CHANGING LANES",,,"1",,,,"true",,,,,,,,,,,,,,,,,,,,,,,,,,,,,,,,,,,,,,,,,,,,,,,
"753814","JC461297","2019-10-05T16:30:00","2","DRIVER",,"716066",,"BMW","UNKNOWN","IL","2016","NONE","PASSENGER","PERSONAL","W","STRAIGHT AHEAD",,,"1",,,,,,,,,,,,,,"true","true",,,"UNDER CARRIAGE",,,,,,,,,,,,,,,,,,,,,,,,,,,,,,,,,
"753796","JC461293","2019-10-05T16:30:00","1","DRIVER",,"716047",,"HONDA","ACCORD","IL","2014","NONE","PASSENGER","PERSONAL","E","STRAIGHT AHEAD",,,"1",,,,,,,,,,,,,,,,"true",,"OTHER",,,,,,,,,,,,,,,,,,,,,,,,,,,,,,,,,
"753797","JC461293","2019-10-05T16:30:00","2","DRIVER",,"716049",,"DODGE","CHARGER","IL",,"NONE","PASSENGER","PERSONAL","E","STRAIGHT AHEAD",,,"1",,,,,,,,,,"true",,,,,,"true",,"REAR-LEFT",,,,,,,,,,,,,,,,,,,,,,,,,,,,,,,,,
"753798","JC461293","2019-10-05T16:30:00","3","DRIVER",,"716053",,"KIA MOTORS CORP","Sedona","IL",,"NONE","VAN/MINI-VAN","PERSONAL","E","SLOW/STOP IN TRAFFIC",,,"1",,,,,,,,,,"true",,,,,,,,"REAR-LEFT",,,,,,,,,,,,,,,,,,,,,,,,,,,,,,,,,
"753805","JC461283","2019-10-05T16:30:00","1","DRIVER","1","716056",,"CHEVROLET","TAHOE","IL","2006","NONE","SPORT UTILITY VEHICLE (SUV)","PERSONAL","E","ENTERING TRAFFIC LANE FROM PARKING",,,"2",,,,,"true",,,,,,,,,,,,,"FRONT",,,,,,,,,,,,,,,,,,,,,,,,,,,,,,,,,
"753804","JC461283","2019-10-05T16:30:00","2","DRIVER",,"716061",,"LEXUS","UNKNOWN","IL","2008","NONE","PASSENGER","PERSONAL","E","LEAVING TRAFFIC LANE TO PARK",,,"1",,,,,,,,,,,"true","true",,,,,,"FRONT-LEFT",,,,,,,,,,,,,,,,,,,,,,,,,,,,,,,,,