"crash_unit_id","rd_no","crash_date","unit_no","unit_type","num_passengers","vehicle_id","cmrc_veh_i","make","model","lic_plate_state","vehicle_year","vehicle_defect","vehicle_type","vehicle_use","travel_direction","maneuver","towed_i","fire_i","occupant_cnt","exceed_speed_limit_i","towed_by","towed_to","area_00_i","area_01_i","area_02_i","area_03_i","area_04_i","area_05_i","area_06_i","area_07_i","area_08_i","area_09_i","area_10_i","area_11_i","area_12_i","area_99_i","first_contact_point","cmv_id","usdot_no","ccmc_no","ilcc_no","commercial_src","gvwr","carrier_name","carrier_state","carrier_city","hazmat_placards_i","hazmat_name","un_no","hazmat_present_i","hazmat_report_i","hazmat_report_no","mcs_report_i","mcs_report_no","hazmat_vio_cause_crash_i","mcs_vio_cause_crash_i","idot_permit_no","wide_load_i","trailer1_width","trailer2_width","trailer1_length","trailer2_length","total_vehicle_length","axle_cnt","vehicle_config","cargo_body_type","load_type","hazmat_out_of_service_i","mcs_out_of_service_i","hazmat_class"
"753827","JC461265","2019-10-05T16:30:00","1","DRIVER",,"716076",,"KIA MOTORS CORP","KIA MOTORS CORP","IL","2013","NONE","PASSENGER","UNKNOWN/NA","E","BACKING",,,"1",,,,,,,,,,"true",,,,,,,,"REAR-LEFT",,,,,,,,,,,,,,,,,,,,,,,,,,,,,,,,,
"753828","JC461265","2019-10-05T16:30:00","2","PARKED","1","716083",,"HONDA","CRV","IL","2014","NONE","SPORT UTILITY VEHICLE (SUV)","NOT IN USE","W","PARKED",,,"1",,,,,,,,,,,,,,,,"true",,"OTHER",,,,,,,,,,,,,,,,,,,,,,,,,,,,,,,,,
"753903","JC461282","2019-10-05T16:27:00","1","DRIVER",,"716153",,"FORD","ESCAPE (SUV)","IL","2009","UNKNOWN","PASSENGER","PERSONAL","S","STRAIGHT AHEAD","true",,"1",,"private company",,,"true","true",,,,,,,,,,"true",,"FRONT",,,,,,,,,,,,,,,,,,,,,,,,,,,,,,,,,
"753904","JC461282","2019-10-05T16:27:00","2","DRIVER",,"716154",,"MITSUBISHI","LANCER","IL","2002","UNKNOWN","PASSENGER","PERSONAL","S","SLOW/STOP IN TRAFFIC","true",,"1",,"private company",,,,,,,,"true","true","true",,,,,,"SIDE-LEFT",,,,,,,,,,,,,,,,,,,,,,,,,,,,,,,,,
"755319","JC464026","2019-10-05T16:20:00","1","DRIVER",,"717477",,"VOLKSWAGEN","PASSAT","IL","2002","UNKNOWN","PASSENGER","UNKNOWN/NA","E","UNKNOWN/NA",,,"1",,,,,,,,,,,,,,,,,"true","FRONT",,,,,,,,,,,,,,,,,,,,,,,,,,,,,,,,,
"755320","JC464026","2019-10-05T16:20:00","2","PARKED","1","717479",,"TOYOTA MOTOR COMPANY, LTD.","CAMRY","IL","2015","NONE","PASSENGER","NOT IN USE","E","PARKED",,,"1",,,,,,,,,,,,,"true","true","true",,,"ROOF",,,,,,,,,,,,,,,,,,,,,,,,,,,,,,,,,
"753823","JC461301","2019-10-05T16:10:00","1","DRIVER","2","716082",,"CHEVROLET","EQUINOX","IL","2013","UNKNOWN","PASSENGER","PERSONAL","E","TURNING LEFT","true",,"3",,,,,,,,,,,"true","true",,,,,,"SIDE-LEFT",,,,,,,,,,,,,,,,,,,,,,,,,,,,,,,,,
"753824","JC461301","2019-10-05T16:10:00","2","DRIVER",,"716094",,"SUBARU","OUTBACK","IL","2019","UNKNOWN","PASSENGER","PERSONAL","N","STRAIGHT AHEAD",,,"1",,,,,,,,,,,,,,"true","true",,,"TOTAL (ALL AREAS)",,,,,,,,,,,,,,,,,,,,,,,,,,,,,,,,,
"753821","JC461256","2019-10-05T16:10:00","1","DRIVER","1","716070",,"KIA MOTORS CORP","Sedona","IL","2011","UNKNOWN","VAN/MINI-VAN","PERSONAL","NW","ENTER FROM DRIVE/ALLEY",,,"2",,,,,,"true",,,,,,,,,,,,"FRONT-RIGHT",,,,,,,,,,,,,,,,,,,,,,,,,,,,,,,,,
"753822","JC461256","2019-10-05T16:10:00","2","DRIVER","1","716077",,"TOYOTA MOTOR COMPANY, LTD.","CAMRY","IL","2003","UNKNOWN","PASSENGER","PERSONAL","W","STRAIGHT AHEAD",,,"2",,,,,,,,,,,,,,,,"true",,"OTHER",,,,,,,,,,,,,,,,,,,,,,,,,,,,,,,,,
"754840","JC463143","2019-10-05T16:05:00","1","DRIVER",,"717025",,"CHEVROLET","UNKNOWN",,,"UNKNOWN","VAN/MINI-VAN","UNKNOWN/NA","N","STRAIGHT AHEAD",,,"1",,,,,,,,,,,,,,,,"true",,"OTHER",,,,,,,,,,,,,,,,,,,,,,,,,,,,,,,,,
"754841","JC463143","2019-10-05T16:05:00","2","DRIVER","3","717030",,"FORD","ESCAPE (SUV)","IL","2018","OTHER","SPORT UTILITY VEHICLE (SUV)","PERSONAL","N","STRAIGHT AHEAD",,,"4",,,,,,,,,,"true",,,,,,,,"REAR-LEFT",,,,,,,,,,,,,,,,,,,,,,,,,,,,,,,,,
"757699","JC468584","2019-10-05T16:00:00","1","DRIVER",,"719729",,"TOYOTA MOTOR COMPANY, LTD.","YARIS","IL","2009","UNKNOWN","PASSENGER","PERSONAL","S","STRAIGHT AHEAD",,,"1",,,,,,,,,,,,,,,,"true",,"OTHER",,,,,,,,,,,,,,,,,,,,,,,,,,,,,,,,,
"757700","JC468584","2019-10-05T16:00:00","2","DRIVER",,"719734",,"NISSAN","ROGUE","IL","2013","NONE","SPORT UTILITY VEHICLE (SUV)","PERSONAL","S","STRAIGHT AHEAD",,,"1",,,,,,,,,,"true",,,,,,,,"REAR-LEFT",,,,,,,,,,,,,,,,,,,,,,,,,,,,,,,,,
"754264","JC462011","2019-10-05T16:00:00","1","DRIVER",,"716487",,"UNKNOWN","UNKNOWN","IL",,"NONE","PASSENGER","PERSONAL","UNKNOWN","UNKNOWN/NA",,,"1",,,,,,,,,,,,,,,,,"true","UNKNOWN",,,,,,,,,,,,,,,,,,,,,,,,,,,,,,,,,
"754265","JC462011","2019-10-05T16:00:00","2","PARKED",,"716486",,"CHEVROLET","MALIBU (CHEVELLE)","IL","2016","NONE","PASSENGER","PERSONAL","S","PARKED",,,"0",,,,,,,,"true",,,,,,,,,,"SIDE-RIGHT",,,,,,,,,,,,,,,,,,,,,,,,,,,,,,,,,
"754330","JC461443","2019-10-05T16:00:00","1","DRIVER",,"716549",,"UNKNOWN","UNKNOWN",,,"UNKNOWN","UNKNOWN/NA","UNKNOWN/NA","N","UNKNOWN/NA",,,"1",,,,,,,,,,,,,,,,"true",,"OTHER",,,,,,,,,,,,,,,,,,,,,,,,,,,,,,,,,
"754331","JC461443","2019-10-05T16:00:00","2","PARKED",,"716550",,"HONDA","CRV","IL","2016","NONE","PASSENGER","PERSONAL","N","PARKED",,,"0",,,,,,,,,,"true",,,,,,"true",,"REAR-LEFT",,,,,,,,,,,,,,,,,,,,,,,,,,,,,,,,,
"754332","JC461443","2019-10-05T16:00:00","3","PARKED",,"716551",,"HONDA","CRV","IL","2014","NONE","PASSENGER","PERSONAL","N","PARKED",,,"0",,,,,,,,,,"true",,,,,,"true",,"REAR-LEFT",,,,,,,,,,,,,,,,,,,,,,,,,,,,,,,,,
"753806","JC461291","2019-10-05T16:00:00","1","DRIVER",,"716073",,"UNKNOWN","UNKNOWN","IL",,"UNKNOWN","UNKNOWN/NA","UNKNOWN/NA","E","STRAIGHT AHEAD",,,"1",,,,,,,,,,,,,,,,,,"UNKNOWN",,,,,,,,,,,,,,,,,,,,,,,,,,,,,,,,,
"753807","JC461291","2019-10-05T16:00:00","2","DRIVER","2","716062",,"CHEVROLET","COBALT","IL","2007","NONE","PASSENGER","PERSONAL","E","STRAIGHT AHEAD",,,"3",,,,,,,,,"true","true","true",,,,,,,"REAR-LEFT",,,,,,,,,,,,,,,,,,,,,,,,,,,,,,,,,
"753811","JC461290","2019-10-05T16:00:00","1","DRIVER",,"716060",,"NISSAN","SENTRA (DATSUN AND NISSAN HAVE MERGED)","IL","2015","NONE","PASSENGER","PERSONAL","S","ENTERING TRAFFIC LANE FROM PARKING",,,"1",,,,,,,,,,,,,,,"true","true",,"TOTAL (ALL AREAS)",,,,,,,,,,,,,,,,,,,,,,,,,,,,,,,,,
"753812","JC461290","2019-10-05T16:00:00","2","DRIVER",,"716078",,"HONDA","CIVIC","IL","2000","NONE","PASSENGER","PERSONAL","S","STRAIGHT AHEAD",,,"1",,,,,"true","true",,,,,,,,,,,,"SIDE-RIGHT",,,,,,,,,,,,,,,,,,,,,,,,,,,,,,,,,
"753817","JC461271","2019-10-05T16:00:00","1","DRIVER",,"716063",,"CADILLAC","UNKNOWN",,,"UNKNOWN","SPORT UTILITY VEHICLE (SUV)","UNKNOWN/NA","N","ENTER FROM DRIVE/ALLEY",,,"1",,,,,,,,,,,,,,,,"true",,"OTHER",,,,,,,,,,,,,,,,,,,,,,,,,,,,,,,,,
"753818","JC461271","2019-10-05T16:00:00","2","DRIVER","4","716100",,"PONTIAC","TORRENT","IL","2007","NONE","PASSENGER","PERSONAL","E","STRAIGHT AHEAD",,,"5",,,,,,,,"true",,,,,,,,,,"SIDE-RIGHT",,,,,,,,,,,,,,,,,,,,,,,,,,,,,,,,,
"753790","JC461253","2019-10-05T16:00:00","1","DRIVER",,"716048",,"TOYOTA MOTOR COMPANY, LTD.","Sienna (van)","IL","2012","UNKNOWN","UNKNOWN/NA","UNKNOWN/NA","S","STRAIGHT AHEAD",,,"1",,,,,,,,,,,,,,,,"true",,"OTHER",,,,,,,,,,,,,,,,,,,,,,,,,,,,,,,,,
"753791","JC461253","2019-10-05T16:00:00","2","DRIVER",,"716050",,"VOLKSWAGEN","PASSAT","IL","2015","UNKNOWN","PASSENGER","PERSONAL","S","STRAIGHT AHEAD",,,"1",,,,,,,,,,"true",,,,,,,,"REAR-LEFT",,,,,,,,,,,,,,,,,,,,,,,,,,,,,,,,,
"753778","JC461197","2019-10-05T15:50:00","1","DRIVER",,"716034",,"TOYOTA MOTOR COMPANY, LTD.","RAV4 (sport utility)","IL","2019","NONE","SPORT UTILITY VEHICLE (SUV)","OTHER","S","STRAIGHT AHEAD",,,"1",,,,,"true",,,,,,,,,,"true","true",,"OTHER",,,,,,,,,,,,,,,,,,,,,,,,,,,,,,,,,
"753779","JC461197","2019-10-05T15:50:00","2","DRIVER",,"716038",,"CADILLAC","DTS","IL","2007","NONE","PASSENGER","PERSONAL","W","STRAIGHT AHEAD","true",,"1",,"PRIVATE","UNK",,"true",,"true","true","true",,,,,,,,,"SIDE-RIGHT",,,,,,,,,,,,,,,,,,,,,,,,,,,,,,,,,
"755477","JC463300","2019-10-05T15:45:00","1","DRIVER",,"717632",,"NISSAN","Frontier","TX","2001","UNKNOWN","UNKNOWN/NA","UNKNOWN/NA","UNKNOWN","BACKING",,,"1",,,,,,,,,,"true",,,,,,,,"REAR-LEFT",,,,,,,,,,,,,,,,,,,,,,,,,,,,,,,,,
"755478","JC463300","2019-10-05T15:45:00","2","PARKED",,"717635",,"HYUNDAI","Santa Fe","IL","2006","UNKNOWN","UNKNOWN/NA","PERSONAL","UNKNOWN","PARKED",,,"0",,,,,,,,,,,,,"true",,,,,"ROOF",,,,,,,,,,,,,,,,,,,,,,,,,,,,,,,,,
"753803","JC461175","2019-10-05T15:44:00","1","DRIVER",,"716055",,"NISSAN","ROGUE","IL","2009","UNKNOWN","PASSENGER","PERSONAL","S","BACKING",,,"1",,,,,,,,,"true",,,,,,,,,"REAR",,,,,,,,,,,,,,,,,,,,,,,,,,,,,,,,,
"753795","JC461175","2019-10-05T15:44:00","2","PARKED","1","716072",,"FORD","CROWN VICTORIA","IL",,"NONE","OTHER","POLICE","S","PARKED",,,"1",,,,,,,,,,,,,"true",,,,,"ROOF",,,,,,,,,,,,,,,,,,,,,,,,,,,,,,,,,
"754583","JC461413","2019-10-05T15:40:00","1","DRIVER",,"716786",,"HYUNDAI","TUCSON","IL","2013","NONE","SPORT UTILITY VEHICLE (SUV)","PERSONAL","UNKNOWN","UNKNOWN/NA",,,"1",,,,,"true",,,,,,,,,,"true","true",,"OTHER",,,,,,,,,,,,,,,,,,,,,,,,,,,,,,,,,
"754584","JC461413","2019-10-05T15:40:00","2","DRIVER",,"716787",,"CHEVROLET","SUBURBAN","IL","2016","NONE","SPORT UTILITY VEHICLE (SUV)","PERSONAL","UNKNOWN","UNKNOWN/NA",,,"1",,,,,,,,,,"true",,,,,,,,"REAR-LEFT",,,,,,,,,,,,,,,,,,,,,,,,,,,,,,,,,
"753788","JC461250","2019-10-05T15:36:00","1","DRIVER",,"716044",,"AUDI","Q7","IL","2015","NONE","SPORT UTILITY VEHICLE (SUV)","PERSONAL","N","STRAIGHT AHEAD",,,"1",,,,,,,,,,,,,,,"true",,,"TOTAL (ALL AREAS)",,,,,,,,,,,,,,,,,,,,,,,,,,,,,,,,,
"753789","JC461250","2019-10-05T15:36:00","2","DRIVER","3","716046",,"NISSAN","NISSAN ALTIMA","IL","2011","NONE","PASSENGER","PERSONAL","E","STRAIGHT AHEAD",,,"4",,,,,"true",,,,,,,,,,,,,"FRONT",,,,,,,,,,,,,,,,,,,,,,,,,,,,,,,,,
"755066","JC463607","2019-10-05T15:32:00","1","DRIVER",,"717238",,"RANGE ROVER OF NORTH AMERICA","RANGE ROVER OF NORTH AMERICA","IN","2014","UNKNOWN","SPORT UTILITY VEHICLE (SUV)","UNKNOWN/NA","SE","TURNING LEFT",,,"1",,,,,,,,,,,,,,,,,"true","ROOF",,,,,,,,,,,,,,,,,,,,,,,,,,,,,,,,,
"755067","JC463607","2019-10-05T15:32:00","2","DRIVER",,"717241",,"PONTIAC","Vibe (sport wagon)","IL","2007","NONE","PASSENGER","PERSONAL","S","STRAIGHT AHEAD",,,"1",,,,,"true","true",,,,,,,,,,"true",,"FRONT",,,,,,,,,,,,,,,,,,,,,,,,,,,,,,,,,
"754324","JC462084","2019-10-05T15:30:00","1","DRIVER",,"716541",,"UNKNOWN","UNKNOWN","IL",,"UNKNOWN","UNKNOWN/NA","UNKNOWN/NA","UNKNOWN","UNKNOWN/NA",,,"1",,,,,,,,,,,,,,,,,"true","UNKNOWN",,,,,,,,,,,,,,,,,,,,,,,,,,,,,,,,,
"754325","JC462084","2019-10-05T15:30:00","2","PARKED",,"716545",,"DODGE","CHARGER","IL","2015","NONE","PASSENGER","PERSONAL","S","PARKED",,,"0",,,,,"false","true","true","true","true",,,,,,,,,"SIDE-RIGHT",,,,,,,,,,,,,,,,,,,,,,,,,,,,,,,,,
"753808","JC461244","2019-10-05T15:30:00","1","DRIVER",,"716059",,"JEEP","UNKNOWN","IL",,"UNKNOWN","PASSENGER","UNKNOWN/NA","N","STRAIGHT AHEAD",,,"1",,,,,,,,,,,,,,,,,"true","UNKNOWN",,,,,,,,,,,,,,,,,,,,,,,,,,,,,,,,,
"753809","JC461244","2019-10-05T15:30:00","2","DRIVER",,"716064",,"CHEVROLET","TRAVERSE","IL","2011","UNKNOWN","SPORT UTILITY VEHICLE (SUV)","UNKNOWN/NA","N","TURNING RIGHT",,,"1",,,,,,,,,,,,,,,,,"true","UNKNOWN",,,,,,,,,,,,,,,,,,,,,,,,,,,,,,,,,
"753810","JC461244","2019-10-05T15:30:00","3","DRIVER","3","716071",,"PONTIAC","GRAND PRIX","IL","2003","UNKNOWN","PASSENGER","PERSONAL","N","MERGING",,,"4",,,,,,,,,,,,,,,"true",,,"TOTAL (ALL AREAS)",,,,,,,,,,,,,,,,,,,,,,,,,,,,,,,,,
"753784","JC461214","2019-10-05T15:30:00","1","DRIVER",,"716042",,"UNKNOWN","UNKNOWN","IL",,"UNKNOWN","PASSENGER","UNKNOWN/NA","N","STRAIGHT AHEAD",,,"1",,,,,,"true",,,,,,,,,,,,"FRONT-RIGHT",,,,,,,,,,,,,,,,,,,,,,,,,,,,,,,,,
"753785","JC461214","2019-10-05T15:30:00","2","DRIVER",,"716043",,"SUBARU","UNKNOWN","IL","2019","UNKNOWN","PASSENGER","PERSONAL","W","STRAIGHT AHEAD",,,"1",,,,,,,,,,,,,,,"true",,,"TOTAL (ALL AREAS)",,,,,,,,,,,,,,,,,,,,,,,,,,,,,,,,,
"753776","JC461205","2019-10-05T15:30:00","1","DRIVER",,"716033",,"UNKNOWN","UNKNOWN","IL",,"UNKNOWN","UNKNOWN/NA","UNKNOWN/NA","W","UNKNOWN/NA",,,"1",,,,,,,,,,,,,,,,,"true","UNKNOWN",,,,,,,,,,,,,,,,,,,,,,,,,,,,,,,,,
"753777","JC461205","2019-10-05T15:30:00","2","PARKED",,"716024",,"TOYOTA MOTOR COMPANY, LTD.","CAMRY","IL","1998","NONE","PASSENGER","PERSONAL","W","PARKED",,,"0",,,,,,,,,,,,"true","true","true","true",,,"ROOF",,,,,,,,,,,,,,,,,,,,,,,,,,,,,,,,,
"753780","JC461187","2019-10-05T15:30:00","1","DRIVER",,"716028",,"CHRYSLER","TOWN & COUNTRY","IL","2006","UNKNOWN","VAN/MINI-VAN","PERSONAL","W","LEAVING TRAFFIC LANE TO PARK",,,"1",,,,,,,,,,,,,,,,,,"REAR",,,,,,,,,,,,,,,,,,,,,,,,,,,,,,,,,
"753781","JC461187","2019-10-05T15:30:00","2","DRIVERLESS",,"716035",,"INFINITI","UNKNOWN","IL","2008","UNKNOWN","PASSENGER","PERSONAL","W","PARKED",,,"0",,,,,"true",,,,,,,,,,,,,"FRONT",,,,,,,,,,,,,,,,,,,,,,,,,,,,,,,,,
"753768","JC461171","2019-10-05T15:30:00","1","BICYCLE",,,,,,,,,,,,,,,,,,,,,,,,,,,,,,,,,,,,,,,,,,,,,,,,,,,,,,,,,,,,,,,,,,
"753769","JC461171","2019-10-05T15:30:00","2","DRIVER",,"716026",,"HONDA","CIVIC","IL","2006","NONE","PASSENGER","PERSONAL","N","TURNING LEFT",,,"1",,,,,,,,,,,,,,"true","true","true",,"TOTAL (ALL AREAS)",,,,,,,,,,,,,,,,,,,,,,,,,,,,,,,,,
"753786","JC461189","2019-10-05T15:25:00","1","DRIVER",,"716045",,"VOLKSWAGEN","PASSAT","IL","2015","OTHER","PASSENGER","PERSONAL","N","STRAIGHT AHEAD",,,"1",,,,,,,,,,,,,,,,"true",,"OTHER",,,,,,,,,,,,,,,,,,,,,,,,,,,,,,,,,
"753787","JC461189","2019-10-05T15:25:00","2","DRIVER",,"716051",,"NISSAN","UNKNOWN","IL","2015","OTHER","PASSENGER","PERSONAL","N","STRAIGHT AHEAD",,,"1",,,,,,,,,,"true",,,,,,,,"REAR-LEFT",,,,,,,,,,,,,,,,,,,,,,,,,,,,,,,,,
"753841","JC461252","2019-10-05T15:20:00","1","DRIVER",,"716091",,"ACURA (DIV. OF AMERICAN HONDA MOTOR CO.)","MDX","IL","2013","UNKNOWN","SPORT UTILITY VEHICLE (SUV)","PERSONAL","N","TURNING LEFT",,,"1",,,,,"true",,,,,,,,,,,"true",,"FRONT",,,,,,,,,,,,,,,,,,,,,,,,,,,,,,,,,
"753842","JC461252","2019-10-05T15:20:00","2","DRIVER","1","716098",,"DODGE","CHARGER","IL","2013","UNKNOWN","PASSENGER","PERSONAL","S","STRAIGHT AHEAD","true",,"2",,"PRIVATE TOW","UNK",,,,,,,,,,,,"true","true",,"TOTAL (ALL AREAS)",,,,,,,,,,,,,,,,,,,,,,,,,,,,,,,,,
"753865","JC461179","2019-10-05T15:20:00","1","DRIVER","1","716121",,"TOYOTA MOTOR COMPANY, LTD.","Highlander(beginning vehicle year 2001)","IL","2016","NONE","PASSENGER","PERSONAL","NW","TURNING LEFT",,,"2",,,,,"true","true","true",,,,,"true","true","true",,,,"SIDE-RIGHT",,,,,,,,,,,,,,,,,,,,,,,,,,,,,,,,,
"753866","JC461179","2019-10-05T15:20:00","2","DRIVER",,"716133",,"NISSAN","SENTRA (DATSUN AND NISSAN HAVE MERGED)","IL","2017","NONE","PASSENGER","RIDESHARE SERVICE","S","STRAIGHT AHEAD",,,"1",,,,,"true",,,,,,,,,,"true","true",,"OTHER",,,,,,,,,,,,,,,,,,,,,,,,,,,,,,,,,
"753867","JC461179","2019-10-05T15:20:00","3","PEDESTRIAN",,,,,,,,,,,,,,,,,,,,,,,,,,,,,,,,,,,,,,,,,,,,,,,,,,,,,,,,,,,,,,,,,,
"753754","JC461174","2019-10-05T15:20:00","1","DRIVER",,"716010",,"LINCOLN-CONTINENTAL","MKZ","IL","2015","NONE","PASSENGER","PERSONAL","N","BACKING",,,"1",,,,,,,,,,"true",,,,,,,,"REAR-LEFT",,,,,,,,,,,,,,,,,,,,,,,,,,,,,,,,,
"753755","JC461174","2019-10-05T15:20:00","2","DRIVER",,"716023",,"NISSAN","Frontier","IL","2010","NONE","PASSENGER","PERSONAL","E","STRAIGHT AHEAD",,,"1",,,,,"true",,,,,,,,,,,,,"FRONT-RIGHT",,,,,,,,,,,,,,,,,,,,,,,,,,,,,,,,,
"753743","JC461134","2019-10-05T15:20:00","1","DRIVER",,"716001",,"TOYOTA MOTOR COMPANY, LTD.","CAMRY","IL","2015","NONE","PASSENGER","PERSONAL","NW","TURNING LEFT",,,"1",,,,,,,,,,,,,,"true","true",,,"TOTAL (ALL AREAS)",,,,,,,,,,,,,,,,,,,,,,,,,,,,,,,,,
"753744","JC461134","2019-10-05T15:20:00","2","DRIVER",,"716011",,"BUICK","ENCLAVE","IL","2013","NONE","SPORT UTILITY VEHICLE (SUV)","PERSONAL","S","STRAIGHT AHEAD","true",,"2",,"PRIVATE TOW",,,"true","true",,,,,,,,,,,,"FRONT",,,,,,,,,,,,,,,,,,,,,,,,,,,,,,,,,
"753764","JC461157","2019-10-05T15:17:00","1","DRIVER",,"716013",,"CHEVROLET","IMPALA","IL","2018","UNKNOWN","PASSENGER","PERSONAL","N","STRAIGHT AHEAD","true",,"1",,"Private Tow/Unknown","9417 Mobile ave",,,,,"true","true",,,,,,,,"false","REAR",,,,,,,,,,,,,,,,,,,,,,,,,,,,,,,,,
"753765","JC461157","2019-10-05T15:17:00","2","DRIVER","1","716018",,"TOYOTA MOTOR COMPANY, LTD.","CAMRY","IL","2006","UNKNOWN","PASSENGER","PERSONAL","W","STRAIGHT AHEAD",,,"2",,,,,"true","true",,,,,,,,,,,,"FRONT",,,,,,,,,,,,,,,,,,,,,,,,,,,,,,,,,
"753760","JC461167","2019-10-05T15:15:00","1","BICYCLE",,,,,,,,,,,,,,,,,,,,,,,,,,,,,,,,,,,,,,,,,,,,,,,,,,,,,,,,,,,,,,,,,,
"753761","JC461167","2019-10-05T15:15:00","2","DRIVER",,"716015",,"FORD","Explorer","IL","1997","NONE","PASSENGER","PERSONAL","N","STRAIGHT AHEAD",,,"1",,,,"true",,,,,,,,,,,,,,"FRONT",,,,,,,,,,,,,,,,,,,,,,,,,,,,,,,,,
"753732","JC461156","2019-10-05T15:05:00","1","DRIVER","1","715983",,"KIA MOTORS CORP","Sedona","IL","2007","NONE","VAN/MINI-VAN","PERSONAL","E","SLOW/STOP IN TRAFFIC",,,"2",,,,,"true",,,,,,,,,,"true","true",,"OTHER",,,,,,,,,,,,,,,,,,,,,,,,,,,,,,,,,
"753733","JC461156","2019-10-05T15:05:00","2","DRIVER",,"715991",,"JEEP","CHEROKEE","IL","2016","NONE","SPORT UTILITY VEHICLE (SUV)","PERSONAL","E","SLOW/STOP IN TRAFFIC",,,"1",,,,,,,,,"true","true","true",,,,,,,"REAR-LEFT",,,,,,,,,,,,,,,,,,,,,,,,,,,,,,,,,
"753750","JC461155","2019-10-05T15:04:00","1","DRIVER",,"716003",,"FORD","UNKNOWN","IL","2010","UNKNOWN","PASSENGER","UNKNOWN/NA","S","STRAIGHT AHEAD",,,"1",,,,,,,,,,,,,,,,,,"UNKNOWN",,,,,,,,,,,,,,,,,,,,,,,,,,,,,,,,,
"753751","JC461155","2019-10-05T15:04:00","2","DRIVER",,"716007",,"HYUNDAI","ELANTRA","IL","2006","NONE","PASSENGER","PERSONAL","S","STRAIGHT AHEAD",,,"1",,,,,,,,,,,,,,,"true",,,"TOTAL (ALL AREAS)",,,,,,,,,,,,,,,,,,,,,,,,,,,,,,,,,
"753745","JC461178","2019-10-05T15:00:00","1","DRIVER",,"715996",,"UNKNOWN","UNKNOWN","IL",,"UNKNOWN","UNKNOWN/NA","UNKNOWN/NA","UNKNOWN","UNKNOWN/NA",,,"1",,,,,,,,,,,,,,,,,,"UNKNOWN",,,,,,,,,,,,,,,,,,,,,,,,,,,,,,,,,
"753746","JC461178","2019-10-05T15:00:00","2","DRIVERLESS",,"716004",,"FORD","Explorer","IL",,"NONE","PASSENGER","POLICE","UNKNOWN","PARKED",,,"0",,,,,,,,,,,"true",,,,,,,"SIDE-LEFT",,,,,,,,,,,,,,,,,,,,,,,,,,,,,,,,,
"753772","JC461129","2019-10-05T15:00:00","1","DRIVER",,"716021",,"PONTIAC","G6","IL","2006","NONE","PASSENGER","PERSONAL","S","STRAIGHT AHEAD","true",,"1",,,,,"true","true",,,,,,,,,,,,"FRONT",,,,,,,,,,,,,,,,,,,,,,,,,,,,,,,,,
"753773","JC461129","2019-10-05T15:00:00","2","DRIVER",,"716027",,"HYUNDAI","UNKNOWN","IL","2018","NONE","PASSENGER","OTHER","E","STRAIGHT AHEAD",,,"1",,,,,,,,,,,,,,,"true",,,"TOTAL (ALL AREAS)",,,,,,,,,,,,,,,,,,,,,,,,,,,,,,,,,
"753766","JC461137","2019-10-05T14:50:00","1","DRIVER",,"716019",,"JAGUAR","UNKNOWN","IL","2005","UNKNOWN","PASSENGER","UNKNOWN/NA","W","OTHER","true",,"1",,"PERSONAL TOW","UNKNOWN",,"true",,,,,,,,,,"true","true",,"OTHER",,,,,,,,,,,,,,,,,,,,,,,,,,,,,,,,,
"753767","JC461137","2019-10-05T14:50:00","2","DRIVER","1","716031",,"FORD","EXPLORER","IL","2016","UNKNOWN","PASSENGER","PERSONAL","W","OTHER",,,"2",,,,,,,,,"true","true","true",,,,,,,"REAR-LEFT",,,,,,,,,,,,,,,,,,,,,,,,,,,,,,,,,
"753730","JC461144","2019-10-05T14:45:00","1","DRIVER","2","715980",,"UNKNOWN","UNKNOWN",,,"UNKNOWN","PASSENGER","UNKNOWN/NA","N","BACKING",,,"3",,,,,,,,,,"true",,,,,,,,"REAR-LEFT",,,,,,,,,,,,,,,,,,,,,,,,,,,,,,,,,
"753731","JC461144","2019-10-05T14:45:00","2","DRIVER","1","715986",,"NISSAN","NISSAN ALTIMA","IL","2017","UNKNOWN","PASSENGER","UNKNOWN/NA","E","SLOW/STOP IN TRAFFIC",,,"2",,,,,,,,"true","true",,,,,,,,,"REAR-RIGHT",,,,,,,,,,,,,,,,,,,,,,,,,,,,,,,,,
"753724","JC461124","2019-10-05T14:45:00","1","DRIVER",,"715970",,"BUICK","UNKNOWN","MO","2009","UNKNOWN","PASSENGER","UNKNOWN/NA","S","STRAIGHT AHEAD",,,"1",,,,,"true",,,,,,,,,,"true","true",,"OTHER",,,,,,,,,,,,,,,,,,,,,,,,,,,,,,,,,
"753725","JC461124","2019-10-05T14:45:00","2","DRIVER",,"715972",,"VOLVO","S90","IL","2018","NONE","PASSENGER","RIDESHARE SERVICE","S","STRAIGHT AHEAD",,,"1",,,,,,,,,"true","true","true",,,,,,,"REAR-LEFT",,,,,,,,,,,,,,,,,,,,,,,,,,,,,,,,,
"753886","JC461417","2019-10-05T14:40:00","1","DRIVER",,"716128",,"NISSAN","NISSAN ALTIMA","IL",,"UNKNOWN","UNKNOWN/NA","UNKNOWN/NA","N","MERGING",,,"1",,,,,,,,,,,,,,,,,"true","UNKNOWN",,,,,,,,,,,,,,,,,,,,,,,,,,,,,,,,,
"753887","JC461417","2019-10-05T14:40:00","2","DRIVER",,"716139",,"CHRYSLER","200","IL","2014","NONE","PASSENGER","PERSONAL","E","STRAIGHT AHEAD",,,"1",,,,,,,,,,,,,,,,"true",,"OTHER",,,,,,,,,,,,,,,,,,,,,,,,,,,,,,,,,