"crash_unit_id","rd_no","crash_date","unit_no","unit_type","num_passengers","vehicle_id","cmrc_veh_i","make","model","lic_plate_state","vehicle_year","vehicle_defect","vehicle_type","vehicle_use","travel_direction","maneuver","towed_i","fire_i","occupant_cnt","exceed_speed_limit_i","towed_by","towed_to","area_00_i","area_01_i","area_02_i","area_03_i","area_04_i","area_05_i","area_06_i","area_07_i","area_08_i","area_09_i","area_10_i","area_11_i","area_12_i","area_99_i","first_contact_point","cmv_id","usdot_no","ccmc_no","ilcc_no","commercial_src","gvwr","carrier_name","carrier_state","carrier_city","hazmat_placards_i","hazmat_name","un_no","hazmat_present_i","hazmat_report_i","hazmat_report_no","mcs_report_i","mcs_report_no","hazmat_vio_cause_crash_i","mcs_vio_cause_crash_i","idot_permit_no","wide_load_i","trailer1_width","trailer2_width","trailer1_length","trailer2_length","total_vehicle_length","axle_cnt","vehicle_config","cargo_body_type","load_type","hazmat_out_of_service_i","mcs_out_of_service_i","hazmat_class"
"753799","JC461232","2019-10-05T14:40:00","1","DRIVER",,"716052",,"JEEP","Grand Cherokee (for vehicle years 1989 to present)","OK","2018","UNKNOWN","SPORT UTILITY VEHICLE (SUV)","PERSONAL","N","OTHER",,,"1",,,,,"true",,,,,,,,,,,,,"FRONT",,,,,,,,,,,,,,,,,,,,,,,,,,,,,,,,,
"753800","JC461232","2019-10-05T14:40:00","2","PARKED",,"716058",,"VOLKSWAGEN","VOLKSWAGEN","TN","2015","UNKNOWN","PASSENGER","PERSONAL","N","PARKED",,,"0",,,,,,,,,,,"true",,,,,,,"SIDE-LEFT",,,,,,,,,,,,,,,,,,,,,,,,,,,,,,,,,
"753720","JC461123","2019-10-05T14:39:00","1","DRIVER",,"716002",,"TOYOTA MOTOR COMPANY, LTD.","CAMRY","IL","2014","NONE","PASSENGER","PERSONAL","W","TURNING RIGHT","true",,"1",,"owner",,,"true",,,,,,,,,,"true","true",,"OTHER",,,,,,,,,,,,,,,,,,,,,,,,,,,,,,,,,
"753721","JC461123","2019-10-05T14:39:00","2","DRIVER",,"715963",,"CHRYSLER","200","IL","2015","NONE","PASSENGER","PERSONAL","W","STRAIGHT AHEAD","true",,"1",,"owner",,,,,"true","true","true",,,,,,,,,"SIDE-RIGHT",,,,,,,,,,,,,,,,,,,,,,,,,,,,,,,,,
"753756","JC461159","2019-10-05T14:30:00","1","DRIVER",,"716008",,"UNKNOWN","UNKNOWN",,,"UNKNOWN","SPORT UTILITY VEHICLE (SUV)","UNKNOWN/NA","NW","PASSING/OVERTAKING",,,"1",,,,,,,"true",,,,,,,,,,,"SIDE-RIGHT",,,,,,,,,,,,,,,,,,,,,,,,,,,,,,,,,
"753757","JC461159","2019-10-05T14:30:00","2","DRIVER",,"716014",,"KIA MOTORS CORP","SOUL","IL","2013","UNKNOWN","SPORT UTILITY VEHICLE (SUV)","PERSONAL","NW","SLOW/STOP IN TRAFFIC",,,"1",,,,,,,,,,,"true",,,,,,,"FRONT-LEFT",,,,,,,,,,,,,,,,,,,,,,,,,,,,,,,,,
"753726","JC461114","2019-10-05T14:27:00","1","DRIVER","1","715979",,"FORD","Econoline E-450","AZ","2013","UNKNOWN","OTHER","PERSONAL","N","TURNING RIGHT",,,"2",,,,"true",,,,,,,,,,,,,,"ROOF",,,,,,,,,,,,,,,,,,,,,,,,,,,,,,,,,
"753727","JC461114","2019-10-05T14:27:00","2","DRIVER",,"715994",,"TOYOTA MOTOR COMPANY, LTD.","COROLLA","MI","2020","UNKNOWN","PASSENGER","PERSONAL","W","TURNING RIGHT",,,"1",,,,,,,,,,,"true","true",,,,,,"FRONT-LEFT",,,,,,,,,,,,,,,,,,,,,,,,,,,,,,,,,
"753752","JC461120","2019-10-05T14:25:00","1","DRIVER",,"716012",,"CHEVROLET","UNKNOWN","IL","2019","UNKNOWN","PASSENGER","PERSONAL","N","STRAIGHT AHEAD",,,"1",,,,,,,,,,,,,,,"true",,,"TOTAL (ALL AREAS)",,,,,,,,,,,,,,,,,,,,,,,,,,,,,,,,,
"753753","JC461120","2019-10-05T14:25:00","2","DRIVER",,"716030",,"AUDI","2000 TT-Coupe,2000 TT-Roadster","IL","2016","UNKNOWN","PASSENGER","PERSONAL","N","TURNING RIGHT",,,"1",,,,,,,,,"true",,,,,,,,,"REAR",,,,,,,,,,,,,,,,,,,,,,,,,,,,,,,,,
"754251","JC461955","2019-10-05T14:20:00","1","DRIVER",,"716496",,"DODGE","RAM 2500 VAN","IL","2018","NONE","VAN/MINI-VAN","OTHER","SE","U-TURN",,,"1",,,,,"true","true",,,,,,,,,,,,"FRONT",,,,,,,,,,,,,,,,,,,,,,,,,,,,,,,,,
"754252","JC461955","2019-10-05T14:20:00","2","DRIVER",,"716518",,"INFINITI","QX4","IL","2003","NONE","PASSENGER","PERSONAL","N","STRAIGHT AHEAD",,,"1",,,,,"false","false",,,,,,,,"true","true",,,"UNDER CARRIAGE",,,,,,,,,,,,,,,,,,,,,,,,,,,,,,,,,
"753857","JC461371","2019-10-05T14:12:00","1","DRIVER",,"716106",,"UNKNOWN","UNKNOWN","IL",,"NONE","OTHER","TOW TRUCK","E","STRAIGHT AHEAD",,,"1",,,,,,,,,,,,,,,,,"true","UNKNOWN",,,,,,,,,,,,,,,,,,,,,,,,,,,,,,,,,
"753858","JC461371","2019-10-05T14:12:00","2","PARKED",,"716109",,"FORD","UNKNOWN","IL","2007","NONE","PASSENGER","NOT IN USE","W","PARKED",,,"0",,,,,,,"true",,,,,,,,,,,"FRONT-RIGHT",,,,,,,,,,,,,,,,,,,,,,,,,,,,,,,,,
"753736","JC461119","2019-10-05T14:12:00","1","PARKED",,"715987",,"CADILLAC","Escalade","IL","2007","NONE","PASSENGER","PERSONAL","UNKNOWN","PARKED",,,"0",,,,,"true",,,,,,,,,,,,,"FRONT-RIGHT",,,,,,,,,,,,,,,,,,,,,,,,,,,,,,,,,
"753737","JC461119","2019-10-05T14:12:00","2","PARKED",,"715992",,"AUDI","Q7","IL","2015","NONE","PASSENGER","PERSONAL","S","PARKED",,,"0",,,,,,,,,,,,"true","true","true",,,,"UNKNOWN",,,,,,,,,,,,,,,,,,,,,,,,,,,,,,,,,
"756981","JC467330","2019-10-05T14:00:00","1","DRIVER",,"719048",,"FORD","EXPLORER","IL","2018","UNKNOWN","UNKNOWN/NA","UNKNOWN/NA","W","BACKING",,,"1",,,,,,,,,,,,,,,,,"true","UNKNOWN",,,,,,,,,,,,,,,,,,,,,,,,,,,,,,,,,
"756982","JC467330","2019-10-05T14:00:00","2","PARKED",,"719053",,"TOYOTA MOTOR COMPANY, LTD.","UNKNOWN","IL","2019","NONE","PASSENGER","PERSONAL","W","PARKED",,,"0",,,,,,,,,,,,,,,,"true",,"OTHER",,,,,,,,,,,,,,,,,,,,,,,,,,,,,,,,,
"754235","JC461947","2019-10-05T14:00:00","1","DRIVER",,"716467",,"MAZDA","UNKNOWN","TX",,"UNKNOWN","UNKNOWN/NA","UNKNOWN/NA","S","STRAIGHT AHEAD",,,"1",,,,,,,,,,,,,,,"true","true",,"OTHER",,,,,,,,,,,,,,,,,,,,,,,,,,,,,,,,,
"754236","JC461947","2019-10-05T14:00:00","2","DRIVER",,"716464",,"MERCEDES-BENZ","S500","IL","2008","NONE","PASSENGER","PERSONAL","S","STRAIGHT AHEAD",,,"1",,,,,,,,,"true","true",,,,,,,,"REAR",,,,,,,,,,,,,,,,,,,,,,,,,,,,,,,,,
"755120","JC461177","2019-10-05T14:00:00","1","DRIVER",,"717269",,"BMW","UNKNOWN","IL","1998","NONE","PASSENGER","UNKNOWN/NA","W","STRAIGHT AHEAD",,,"1",,,,,,,,,,,,,,,,"true",,"OTHER",,,,,,,,,,,,,,,,,,,,,,,,,,,,,,,,,
"755121","JC461177","2019-10-05T14:00:00","2","DRIVER",,"717271",,"ACURA (DIV. OF AMERICAN HONDA MOTOR CO.)","RDX","IN","2019","NONE","SPORT UTILITY VEHICLE (SUV)","PERSONAL","W","STRAIGHT AHEAD",,,"1",,,,,,,,,,,,,,,,"true",,"REAR-LEFT",,,,,,,,,,,,,,,,,,,,,,,,,,,,,,,,,
"753722","JC461102","2019-10-05T14:00:00","1","DRIVER",,"715965",,"DODGE","CHALLENGER",,,"UNKNOWN","PASSENGER","UNKNOWN/NA","N","STRAIGHT AHEAD",,,"1",,,,,,,,,,,,,,,,,"true","UNKNOWN",,,,,,,,,,,,,,,,,,,,,,,,,,,,,,,,,
"753723","JC461102","2019-10-05T14:00:00","2","PARKED",,"716006",,"TOYOTA MOTOR COMPANY, LTD.","CAMRY","IL","2016","NONE","PASSENGER","NOT IN USE","N","PARKED",,,"0",,,,,,,,,,,,,,,"true",,,"UNDER CARRIAGE",,,,,,,,,,,,,,,,,,,,,,,,,,,,,,,,,
"753694","JC461099","2019-10-05T14:00:00","1","DRIVER","1","715953",,"CHRYSLER","TOWN & COUNTRY","IL","2010","NONE","VAN/MINI-VAN","PERSONAL","W","STRAIGHT AHEAD",,,"2",,,,,,,,,,,,,,,,"true",,"OTHER",,,,,,,,,,,,,,,,,,,,,,,,,,,,,,,,,
"753695","JC461099","2019-10-05T14:00:00","2","DRIVER","2","715951",,"TOYOTA MOTOR COMPANY, LTD.","RAV4 (sport utility)","IL","2015","NONE","SPORT UTILITY VEHICLE (SUV)","PERSONAL","W","STRAIGHT AHEAD",,,"3",,,,,,,,,,"true",,,,,,"true",,,,,,,,,,,,,,,,,,,,,,,,,,,,,,,,,,,
"753696","JC461099","2019-10-05T14:00:00","3","DRIVER",,"715946",,"TOYOTA MOTOR COMPANY, LTD.","Matrix (sport wagon)","IL","2008","NONE","PASSENGER","PERSONAL","W","STRAIGHT AHEAD",,,"1",,,,,,,,,,"true",,,,,,,,"REAR-LEFT",,,,,,,,,,,,,,,,,,,,,,,,,,,,,,,,,
"753706","JC461082","2019-10-05T14:00:00","1","DRIVER",,"715976",,"BUICK","VERANO","IL","2014","UNKNOWN","SPORT UTILITY VEHICLE (SUV)","PERSONAL","NW","BACKING",,,"1",,,,,,,,,,,"true",,,,,,,"SIDE-LEFT",,,,,,,,,,,,,,,,,,,,,,,,,,,,,,,,,
"753707","JC461082","2019-10-05T14:00:00","2","PARKED",,"715981",,"LEXUS","RX300","IL","2015","NONE","SPORT UTILITY VEHICLE (SUV)","PERSONAL","S","PARKED",,,"0",,,,,,,,,,,"true",,,,,,,"SIDE-LEFT",,,,,,,,,,,,,,,,,,,,,,,,,,,,,,,,,
"753718","JC461074","2019-10-05T14:00:00","1","PARKED",,"715966",,"TOYOTA MOTOR COMPANY, LTD.","CAMRY","IL","2010","NONE","PASSENGER","PERSONAL","E","PARKED","true",,"0",,,,,,,,,,,,,"true","true",,,,"ROOF",,,,,,,,,,,,,,,,,,,,,,,,,,,,,,,,,
"753719","JC461074","2019-10-05T14:00:00","2","DRIVER",,"715975",,"BLUEBIRD INTERNATIONAL","UNKNOWN","MI","2013","NONE","TRUCK - SINGLE UNIT","COMMERCIAL - SINGLE UNIT","E","STRAIGHT AHEAD",,,"1",,,,,,"true","false","false",,,,,,,,,,"SIDE-RIGHT",,,,,,,,,,,,,,,,,,,,,,,,,,,,,,,,,
"753684","JC461095","2019-10-05T13:45:00","1","DRIVER",,"716032",,"FORD","UNKNOWN","IL","1995","UNKNOWN","PICKUP","UNKNOWN/NA","W","STRAIGHT AHEAD",,,"1",,,,,,,,,,,,,,,,"true",,"OTHER",,,,,,,,,,,,,,,,,,,,,,,,,,,,,,,,,
"753685","JC461095","2019-10-05T13:45:00","2","DRIVER","1","715988",,"NISSAN","ROGUE","IL","2016","UNKNOWN","SPORT UTILITY VEHICLE (SUV)","PERSONAL","W","SLOW/STOP IN TRAFFIC",,,"2",,,,,,,,,,"true",,,,,,,,"REAR-LEFT",,,,,,,,,,,,,,,,,,,,,,,,,,,,,,,,,
"753740","JC461075","2019-10-05T13:40:00","1","DRIVER",,"715993",,"NISSAN","NISSAN ALTIMA","IL","2015","NONE","PASSENGER","PERSONAL","S","STRAIGHT AHEAD",,,"1",,,,,"true",,,,,,,,,,,,,"FRONT",,,,,,,,,,,,,,,,,,,,,,,,,,,,,,,,,
"753705","JC461075","2019-10-05T13:40:00","2","DRIVER","1","715974",,"MAZDA","Tribute","IL","2005","NONE","SPORT UTILITY VEHICLE (SUV)","PERSONAL","S","LEAVING TRAFFIC LANE TO PARK",,,"2",,,,,,,,,"true",,,,,,,,,"REAR",,,,,,,,,,,,,,,,,,,,,,,,,,,,,,,,,
"753664","JC461073","2019-10-05T13:40:00","1","DRIVER",,"715923",,"DODGE","CHARGER","IA",,"UNKNOWN","PASSENGER","PERSONAL","E","STRAIGHT AHEAD",,,"1",,,,,,,"true",,,,,,,,,,,"SIDE-RIGHT",,,,,,,,,,,,,,,,,,,,,,,,,,,,,,,,,
"753665","JC461073","2019-10-05T13:40:00","2","DRIVER",,"715927",,"BUICK","CENTURY","IL","2004","NONE","PASSENGER","PERSONAL","N","STRAIGHT AHEAD",,,"1",,,,,,,,,,,,,,,,"true",,"OTHER",,,,,,,,,,,,,,,,,,,,,,,,,,,,,,,,,
"754209","JC461061","2019-10-05T13:40:00","1","DRIVER",,"716440","true","FORD","F350","IL","2008","UNKNOWN","TRUCK - SINGLE UNIT","CONSTRUCTION/MAINTENANCE","N","STRAIGHT AHEAD",,,"1",,,,,,,,,,,,,,,,,"true","UNKNOWN","8342",,,,,,"MARIA CONTRACTING FIRM OWNED","IL","ELGIN",,,,"U","U",,"N",,"U","U",,,,,,,,,"SINGLE UNIT TRUCK, 2 AXLES, 6 TIRES","OTHER","UNKNOWN",,"false",
"754210","JC461061","2019-10-05T13:40:00","2","PARKED",,"716441",,"JEEP","PATRIOT","IL",,"NONE","PASSENGER","NOT IN USE","N","PARKED",,,"0",,,,,,,,,,,"true","true",,,,"true",,"FRONT-LEFT",,,,,,,,,,,,,,,,,,,,,,,,,,,,,,,,,
"754211","JC461061","2019-10-05T13:40:00","3","PARKED",,"716442",,"JEEP","CHEROKEE","IL",,"NONE","PASSENGER","NOT IN USE","N","PARKED",,,"0",,,,,,,,,,"true",,,,,,,,"REAR-LEFT",,,,,,,,,,,,,,,,,,,,,,,,,,,,,,,,,
"753815","JC461196","2019-10-05T13:33:00","1","DRIVER","1","716069",,"NISSAN","ROGUE","IL","2017","UNKNOWN","SPORT UTILITY VEHICLE (SUV)","PERSONAL","N","BACKING",,,"2",,,,,,,,,"true","true",,,,,,,,"REAR",,,,,,,,,,,,,,,,,,,,,,,,,,,,,,,,,
"753816","JC461196","2019-10-05T13:33:00","2","PARKED",,"716079",,"LAND ROVER","RANGE ROVER OF NORTH AMER","WI","2018","NONE","SPORT UTILITY VEHICLE (SUV)","PERSONAL","N","PARKED",,,"0",,,,,,,,,"true",,,,,,,,,"REAR",,,,,,,,,,,,,,,,,,,,,,,,,,,,,,,,,
"753943","JC461503","2019-10-05T13:30:00","1","DRIVER",,"716190",,"DODGE","GRAND CARAVAN","IL","2006","NONE","VAN/MINI-VAN","PERSONAL","W","STRAIGHT AHEAD",,,"1",,,,,,,,,,,,,,,,"true",,"OTHER",,,,,,,,,,,,,,,,,,,,,,,,,,,,,,,,,
"753944","JC461503","2019-10-05T13:30:00","2","DRIVER","1","716187",,"NISSAN","SENTRA (DATSUN AND NISSAN HAVE MERGED)","IL","2006","NONE","PASSENGER","PERSONAL","W","SLOW/STOP IN TRAFFIC",,,"2",,,,,,,,,,"true",,,,,,,,"REAR-LEFT",,,,,,,,,,,,,,,,,,,,,,,,,,,,,,,,,
"753677","JC461057","2019-10-05T13:30:00","1","DRIVER",,"715985",,"INFINITI","QX4","IL","2001","UNKNOWN","PASSENGER","PERSONAL","N","STRAIGHT AHEAD",,,"1",,,,,"true",,,,,,,,,,,,,"OTHER",,,,,,,,,,,,,,,,,,,,,,,,,,,,,,,,,
"753678","JC461057","2019-10-05T13:30:00","2","DRIVER","1","715995",,"KIA MOTORS CORP","FORTE","IL","2017","UNKNOWN","PASSENGER","PERSONAL","N","SLOW/STOP IN TRAFFIC",,,"2",,,,,,,,,,,"true",,,,,,,"SIDE-LEFT",,,,,,,,,,,,,,,,,,,,,,,,,,,,,,,,,
"753762","JC461054","2019-10-05T13:30:00","1","DRIVER",,"716009",,"NISSAN","ALTRA-EV","IL","2008","NONE","PASSENGER","PERSONAL","S","STRAIGHT AHEAD",,,"1",,,,,,"true","true",,,,,,,,,,,"FRONT-RIGHT",,,,,,,,,,,,,,,,,,,,,,,,,,,,,,,,,
"753763","JC461054","2019-10-05T13:30:00","2","PARKED",,"716016",,"AUDI","UNKNOWN","IL","2017","NONE","PASSENGER","PERSONAL","UNKNOWN","PARKED",,,"0",,,,,,,,,,,,,"true","true",,,,"UNDER CARRIAGE",,,,,,,,,,,,,,,,,,,,,,,,,,,,,,,,,
"753641","JC461041","2019-10-05T13:30:00","1","DRIVER",,"715904",,"HYUNDAI","UNKNOWN","IL",,"UNKNOWN","SPORT UTILITY VEHICLE (SUV)","PERSONAL","W","PASSING/OVERTAKING",,,"1",,,,,"true",,,,,,,,,,,"true",,"FRONT",,,,,,,,,,,,,,,,,,,,,,,,,,,,,,,,,
"753642","JC461041","2019-10-05T13:30:00","2","DRIVER","1","715896",,"FORD","ECONOLINE E150",,"2003","NONE","VAN/MINI-VAN","PERSONAL","W","SLOW/STOP IN TRAFFIC",,,"2",,,,,,,,,,,"true",,,,,,,"SIDE-LEFT",,,,,,,,,,,,,,,,,,,,,,,,,,,,,,,,,
"753670","JC461041","2019-10-05T13:30:00","3","PEDESTRIAN",,,,,,,,,,,,,,,,,,,,,,,,,,,,,,,,,,,,,,,,,,,,,,,,,,,,,,,,,,,,,,,,,,
"753758","JC461149","2019-10-05T13:29:00","1","DRIVER",,"716020",,"BUICK","Rendezvous","IL","2006","NONE","PASSENGER","PERSONAL","W","BACKING",,,"1",,,,,,,,,,"false",,,,,,,,"REAR-LEFT",,,,,,,,,,,,,,,,,,,,,,,,,,,,,,,,,
"753759","JC461149","2019-10-05T13:29:00","2","DRIVER",,"716029",,"NISSAN","NISSAN ALTIMA","IL","2008","NONE","PASSENGER","PERSONAL","E","SLOW/STOP IN TRAFFIC",,,"1",,,,,,,,,,,,,,,,,,"OTHER",,,,,,,,,,,,,,,,,,,,,,,,,,,,,,,,,
"753708","JC461104","2019-10-05T13:20:00","1","DRIVER",,"715956",,"SCION","TC","IL","2007","UNKNOWN","PASSENGER","PERSONAL","N","BACKING",,,"1",,,,,,,,,,,,,,,,,"true","UNKNOWN",,,,,,,,,,,,,,,,,,,,,,,,,,,,,,,,,
"753709","JC461104","2019-10-05T13:20:00","2","DRIVER","3","715964",,"FORD","EXPLORER","IL","2019","UNKNOWN","SPORT UTILITY VEHICLE (SUV)","PERSONAL","E","STRAIGHT AHEAD",,,"4",,,,,"true",,,,,,,,,,,,,"FRONT",,,,,,,,,,,,,,,,,,,,,,,,,,,,,,,,,
"753662","JC461064","2019-10-05T13:20:00","1","DRIVER",,"715922",,"CHEVROLET","UNKNOWN","IL","2017","NONE","SPORT UTILITY VEHICLE (SUV)","PERSONAL","W","ENTERING TRAFFIC LANE FROM PARKING",,,"1",,,,,"true",,,,,,,,,,,,,"FRONT",,,,,,,,,,,,,,,,,,,,,,,,,,,,,,,,,
"753663","JC461064","2019-10-05T13:20:00","2","PARKED","1","715928",,"DODGE","DURANGO","IL","2017","NONE","SPORT UTILITY VEHICLE (SUV)","NOT IN USE","E","PARKED",,,"1",,,,,,,,,,"true",,,,,,,,"REAR-LEFT",,,,,,,,,,,,,,,,,,,,,,,,,,,,,,,,,
"753675","JC461072","2019-10-05T13:19:00","1","DRIVER",,"715936",,"ACURA","ACURA","IL","2004","NONE","PASSENGER","PERSONAL","N","BACKING",,,"1",,,,,,,,,"true","true","true",,,,,,,"REAR-LEFT",,,,,,,,,,,,,,,,,,,,,,,,,,,,,,,,,
"753676","JC461072","2019-10-05T13:19:00","2","DRIVER",,"715942",,"KENWORTH MOTOR TRUCK CO.","KENWORTH MOTOR TRUCK CO.","IL","2000","NONE","TRUCK - SINGLE UNIT","COMMERCIAL - SINGLE UNIT","W","STRAIGHT AHEAD",,,"1",,,,,,,,,,,,"true",,,,,,"ROOF",,,,,,,,,,,,,,,,,,,,,,,,,,,,,,,,,
"753668","JC461071","2019-10-05T13:15:00","1","DRIVER",,"715933",,"TOYOTA MOTOR COMPANY, LTD.","CAMRY","IL","2013","UNKNOWN","OTHER","OTHER","N","STRAIGHT AHEAD",,,"1",,,,,,,,,,"true",,,,,,,,"REAR-LEFT",,,,,,,,,,,,,,,,,,,,,,,,,,,,,,,,,
"753697","JC461071","2019-10-05T13:15:00","2","DRIVER",,"715947",,"FORD","FUSION","IL","2014","UNKNOWN","PASSENGER","PERSONAL","S","STRAIGHT AHEAD",,,"1",,,,,,,,,,,,,,,,"true",,"OTHER",,,,,,,,,,,,,,,,,,,,,,,,,,,,,,,,,
"753672","JC461046","2019-10-05T13:15:00","1","DRIVER",,"715945","true","UNKNOWN","UNKNOWN","IL","2017","NONE","TRACTOR W/ SEMI-TRAILER","COMMERCIAL - MULTI-UNIT","E","BACKING",,,"1",,,,"true",,,,,,,,,,,,,,"SIDE-RIGHT",,,,,,,,,,,,,,,,,,,,,,,,,,,,,,,,,
"753700","JC461018","2019-10-05T13:14:00","1","DRIVER",,"715955",,"TOYOTA MOTOR COMPANY, LTD.","Echo","IL","2002","NONE","PASSENGER","PERSONAL","E","TURNING LEFT","true",,"1",,,,,,,,,"false",,"true",,,,,,,"FRONT-LEFT",,,,,,,,,,,,,,,,,,,,,,,,,,,,,,,,,
"753701","JC461018","2019-10-05T13:14:00","2","DRIVER",,"715971",,"TESLA MOTORS","MODEL S","IL","2013","NONE","PASSENGER","PERSONAL","W","STRAIGHT AHEAD",,,"1",,,,,,,,,,,,,,,,"true",,"OTHER",,,,,,,,,,,,,,,,,,,,,,,,,,,,,,,,,
"753647","JC461011","2019-10-05T13:07:00","1","DRIVER",,"715905",,"FORD","F350",,,"NONE","SPORT UTILITY VEHICLE (SUV)","PERSONAL","N","STRAIGHT AHEAD",,,"1",,,,,"true",,,,,,,,,,,,,"FRONT",,,,,,,,,,,,,,,,,,,,,,,,,,,,,,,,,
"753648","JC461011","2019-10-05T13:07:00","2","DRIVER",,"715911",,"MITSUBISHI","Outlander",,,"NONE","PASSENGER","PERSONAL","N","LEAVING TRAFFIC LANE TO PARK",,,"1",,,,,,,,,,,,,"true",,,,,"ROOF",,,,,,,,,,,,,,,,,,,,,,,,,,,,,,,,,
"753774","JC461184","2019-10-05T13:06:00","1","DRIVER",,"716022",,"NISSAN","ROGUE","IL","2016","UNKNOWN","PASSENGER","PERSONAL","E","CHANGING LANES",,,"1",,,,,,,"true","true","false",,,,,,,,,"REAR-RIGHT",,,,,,,,,,,,,,,,,,,,,,,,,,,,,,,,,
"753775","JC461184","2019-10-05T13:06:00","2","DRIVER",,"716036",,"TOYOTA MOTOR COMPANY, LTD.","Sequoia","IL","2019","NONE","PASSENGER","PERSONAL","E","STRAIGHT AHEAD",,,"1",,,,,,,,,,,"true",,,,,,,"FRONT-LEFT",,,,,,,,,,,,,,,,,,,,,,,,,,,,,,,,,
"754349","JC462087","2019-10-05T13:00:00","1","DRIVER",,"716563",,"UNKNOWN","UNKNOWN","IL",,"UNKNOWN","UNKNOWN/NA","UNKNOWN/NA","UNKNOWN","UNKNOWN/NA",,,"1",,,,,,,,,,,,,,,,"false","true","UNKNOWN",,,,,,,,,,,,,,,,,,,,,,,,,,,,,,,,,
"754350","JC462087","2019-10-05T13:00:00","2","PARKED",,"716565",,"FORD","ESCAPE (SUV)","IL","2005","NONE","SPORT UTILITY VEHICLE (SUV)","UNKNOWN/NA","N","PARKED",,,"0",,,,,,,,,,,,,,,,"true",,"OTHER",,,,,,,,,,,,,,,,,,,,,,,,,,,,,,,,,
"753716","JC461022","2019-10-05T13:00:00","1","DRIVER",,"715959",,"JEEP","UNKNOWN","IL","2004","NONE","PASSENGER","PERSONAL","S","SLOW/STOP IN TRAFFIC",,,"1",,,,,,,,,,,,,,,,,"false","OTHER",,,,,,,,,,,,,,,,,,,,,,,,,,,,,,,,,
"753717","JC461022","2019-10-05T13:00:00","2","DRIVER","1","715968",,"CHEVROLET","MALIBU (CHEVELLE)","IL","2017","NONE","PASSENGER","PERSONAL","S","SLOW/STOP IN TRAFFIC",,,"2",,,,,,,,,,,,,,,,,,"REAR-LEFT",,,,,,,,,,,,,,,,,,,,,,,,,,,,,,,,,
"753703","JC461033","2019-10-05T12:54:00","1","DRIVER",,"715961",,"MERCEDES-BENZ","C300","IL","2015","UNKNOWN","PASSENGER","PERSONAL","S","STRAIGHT AHEAD",,,"1",,,,,,,,,,,,,,,,"true",,"OTHER",,,,,,,,,,,,,,,,,,,,,,,,,,,,,,,,,
"753702","JC461033","2019-10-05T12:54:00","2","BICYCLE",,,,,,,,,,,,,,,,,,,,,,,,,,,,,,,,,,,,,,,,,,,,,,,,,,,,,,,,,,,,,,,,,,
"753643","JC460989","2019-10-05T12:45:00","1","DRIVER",,"715898",,"MERCEDES-BENZ","C250","IL","2017","NONE","PASSENGER","PERSONAL","W","STRAIGHT AHEAD",,,"1",,,,,"true",,,,,,,,,,"true","true",,"OTHER",,,,,,,,,,,,,,,,,,,,,,,,,,,,,,,,,
"753644","JC460989","2019-10-05T12:45:00","2","DRIVER",,"715907",,"SCION","TC","IL","2012","NONE","PASSENGER","PERSONAL","SE","TURNING RIGHT","true",,"1",,"private","private",,,,,,,,"true","true","true",,,,,"ROOF",,,,,,,,,,,,,,,,,,,,,,,,,,,,,,,,,
"753637","JC461021","2019-10-05T12:40:00","1","DRIVER","1","715895",,"KIA MOTORS CORP","Rio","IL","2016","NONE","PASSENGER","PERSONAL","W","STRAIGHT AHEAD",,,"2",,,,"true",,,,,,,,,,,,,,"NONE",,,,,,,,,,,,,,,,,,,,,,,,,,,,,,,,,
"753638","JC461021","2019-10-05T12:40:00","2","DRIVER","2","715903",,"CADILLAC","UNKNOWN","IL","2004","NONE","PASSENGER","PERSONAL","W","STRAIGHT AHEAD",,,"3",,,,,,,,,,,"true",,,,,,,"SIDE-LEFT",,,,,,,,,,,,,,,,,,,,,,,,,,,,,,,,,
"753635","JC460995","2019-10-05T12:40:00","1","DRIVER",,"715900",,"FORD","UNKNOWN","IL","2016","NONE","OTHER","OTHER","S","OTHER",,,"1",,,,"true",,,"false",,,,,,,,,,,"SIDE-RIGHT",,,,,,,,,,,,,,,,,,,,,,,,,,,,,,,,,
"753636","JC460995","2019-10-05T12:40:00","2","PARKED",,"715910",,"FORD","F150","IL","2014","NONE","PICKUP","OTHER","W","PARKED",,,"0",,,,,,,,,,,"true",,,,,,,"SIDE-LEFT",,,,,,,,,,,,,,,,,,,,,,,,,,,,,,,,,
"753660","JC461063","2019-10-05T12:35:00","1","DRIVER",,"715984",,"TOYOTA MOTOR COMPANY, LTD.","CAMRY","IL","2011","UNKNOWN","PASSENGER","UNKNOWN/NA","N","STRAIGHT AHEAD",,,"1",,,,,,,,,,,,,,,,"true",,"OTHER",,,,,,,,,,,,,,,,,,,,,,,,,,,,,,,,,
"753661","JC461063","2019-10-05T12:35:00","2","DRIVER","1","715921",,"MERCEDES-BENZ","C300","IL","2011","NONE","PASSENGER","PERSONAL","N","SLOW/STOP IN TRAFFIC",,,"2",,,,,,,,,"true","true",,,,,,,,"REAR-LEFT",,,,,,,,,,,,,,,,,,,,,,,,,,,,,,,,,
"753692","JC461051","2019-10-05T12:30:00","1","DRIVER","1","715952",,"JEEP","Jeepster,Utility Wag(for vehicle years 1989 to present)","IL","2019","NONE","PASSENGER","PERSONAL","E","CHANGING LANES",,,"2",,,,,,,,,,,,,,,"true","true",,"TOTAL (ALL AREAS)",,,,,,,,,,,,,,,,,,,,,,,,,,,,,,,,,