"crash_unit_id","rd_no","crash_date","unit_no","unit_type","num_passengers","vehicle_id","cmrc_veh_i","make","model","lic_plate_state","vehicle_year","vehicle_defect","vehicle_type","vehicle_use","travel_direction","maneuver","towed_i","fire_i","occupant_cnt","exceed_speed_limit_i","towed_by","towed_to","area_00_i","area_01_i","area_02_i","area_03_i","area_04_i","area_05_i","area_06_i","area_07_i","area_08_i","area_09_i","area_10_i","area_11_i","area_12_i","area_99_i","first_contact_point","cmv_id","usdot_no","ccmc_no","ilcc_no","commercial_src","gvwr","carrier_name","carrier_state","carrier_city","hazmat_placards_i","hazmat_name","un_no","hazmat_present_i","hazmat_report_i","hazmat_report_no","mcs_report_i","mcs_report_no","hazmat_vio_cause_crash_i","mcs_vio_cause_crash_i","idot_permit_no","wide_load_i","trailer1_width","trailer2_width","trailer1_length","trailer2_length","total_vehicle_length","axle_cnt","vehicle_config","cargo_body_type","load_type","hazmat_out_of_service_i","mcs_out_of_service_i","hazmat_class"
"753693","JC461051","2019-10-05T12:30:00","2","DRIVER",,"715962",,"HYUNDAI","TUCSON","IL","2013","NONE","PASSENGER","PERSONAL","W","TURNING LEFT",,,"1",,,,,"true",,,,,,,,,,,"true",,"UNDER CARRIAGE",,,,,,,,,,,,,,,,,,,,,,,,,,,,,,,,,
"753639","JC461017","2019-10-05T12:30:00","1","DRIVER",,"715912",,"MACK TRUCKS, INC.","UNKNOWN","IL","2002","NONE","TRUCK - SINGLE UNIT","UNKNOWN/NA","E","STRAIGHT AHEAD",,,"1",,,,,"true","true","true",,,,,,"false","false",,,,"FRONT-RIGHT",,,,,,,,,,,,,,,,,,,,,,,,,,,,,,,,,
"753640","JC461017","2019-10-05T12:30:00","2","PARKED",,"715915",,"CHEVROLET","CHEVROLET","IL","2003","NONE","VAN/MINI-VAN","PERSONAL","E","PARKED",,,"0",,,,,,,,,,"true","true","true",,,,,,"SIDE-LEFT",,,,,,,,,,,,,,,,,,,,,,,,,,,,,,,,,
"753629","JC461007","2019-10-05T12:30:00","1","DRIVER",,"715891",,"UNKNOWN","UNKNOWN","IL",,"UNKNOWN","UNKNOWN/NA","UNKNOWN/NA","E","STRAIGHT AHEAD",,,"1",,,,,,,,,,,,,,,"true","true",,"OTHER",,,,,,,,,,,,,,,,,,,,,,,,,,,,,,,,,
"753630","JC461007","2019-10-05T12:30:00","2","DRIVER",,"715899",,"LEXUS","RX330","IL","2006","UNKNOWN","PASSENGER","PERSONAL","E","SLOW/STOP IN TRAFFIC",,,"1",,,,,,,,,"true","true",,,,,,,,"REAR-RIGHT",,,,,,,,,,,,,,,,,,,,,,,,,,,,,,,,,
"753654","JC441045","2019-10-05T12:30:00","1","DRIVER",,"715914",,"HONDA","CIVIC","IL","2004","UNKNOWN","PASSENGER","UNKNOWN/NA","UNKNOWN","BACKING",,,"1",,,,,,,,,,,"true",,,,,,,"ROOF",,,,,,,,,,,,,,,,,,,,,,,,,,,,,,,,,
"753655","JC441045","2019-10-05T12:30:00","2","DRIVER",,"715917",,"TOYOTA MOTOR COMPANY, LTD.","4RUNNER","IL","2009","UNKNOWN","PASSENGER","UNKNOWN/NA","UNKNOWN","BACKING",,,"3",,,,,,,,,,"true","true",,,,,,,"SIDE-LEFT",,,,,,,,,,,,,,,,,,,,,,,,,,,,,,,,,
"753646","JC460979","2019-10-05T12:25:00","1","DRIVER",,"715906","true","FREIGHTLINER CORP.","UNKNOWN","IN","2020","NONE","TRUCK - SINGLE UNIT","COMMERCIAL - SINGLE UNIT","W","STRAIGHT AHEAD",,,"1",,,,"true",,,,,,,,,,,,,,,"8341","327574",,,"DRIVER","3","PENSKE TRUCK LEASING CO LP","IN","EAST CHICAGO",,,,"N",,,,,,,,,,,,,"35","2","SINGLE UNIT TRUCK, 2 AXLES, 6 TIRES","VAN/ENCLOSED BOX","OTHER",,,
"753671","JC460979","2019-10-05T12:25:00","2","PARKED",,"715932",,"FORD","ECONOLINE E350","IL","2012","NONE","VAN/MINI-VAN","NOT IN USE","E","PARKED",,,"0",,,,,,,,,,,,,,,,,,,,,,,,,,,,,,,,,,,,,,,,,,,,,,,,,,,
"753683","JC460979","2019-10-05T12:25:00","3","PARKED",,"715938",,"BMW","328i","IL","2006","NONE","PASSENGER","NOT IN USE","UNKNOWN","PARKED",,,"0",,,,,,,,,,,,,"true",,,,,"ROOF",,,,,,,,,,,,,,,,,,,,,,,,,,,,,,,,,
"753686","JC460979","2019-10-05T12:25:00","4","PARKED",,"715939",,"NISSAN","UNKNOWN","IL","2006","NONE","PASSENGER","NOT IN USE","UNKNOWN","PARKED",,,"0",,,,,,,,,,,,,,,,"true",,"OTHER",,,,,,,,,,,,,,,,,,,,,,,,,,,,,,,,,
"753689","JC460979","2019-10-05T12:25:00","5","PARKED",,"715944",,"MERCEDES-BENZ","S500","NC","2000","NONE","PASSENGER","NOT IN USE","UNKNOWN","PARKED",,,"0",,,,,,,,,,,,,,,,,,,,,,,,,,,,,,,,,,,,,,,,,,,,,,,,,,,
"753631","JC460981","2019-10-05T12:23:00","1","DRIVER","1","715893",,"VOLKSWAGEN","BEETLE (SUPER BEETLE OR BUG)","IL","2007","UNKNOWN","PASSENGER","PERSONAL","N","TURNING RIGHT",,,"2",,,,,,,,,,,,,,,,,"true","SIDE-RIGHT",,,,,,,,,,,,,,,,,,,,,,,,,,,,,,,,,
"753632","JC460981","2019-10-05T12:23:00","2","DRIVER",,"715909",,"TOYOTA MOTOR COMPANY, LTD.","CAMRY","IL","2015","UNKNOWN","PASSENGER","PERSONAL","N","STRAIGHT AHEAD",,,"1",,,,,,,,,,,,,,,"true","true",,"TOTAL (ALL AREAS)",,,,,,,,,,,,,,,,,,,,,,,,,,,,,,,,,
"753610","JC460977","2019-10-05T12:20:00","1","DRIVER",,"715875",,"FORD","UNKNOWN","IL","2010","NONE","PASSENGER","PERSONAL","E","BACKING",,,"1",,,,,,,,,,"true",,,,,,,,"REAR-LEFT",,,,,,,,,,,,,,,,,,,,,,,,,,,,,,,,,
"753611","JC460977","2019-10-05T12:20:00","2","DRIVER",,"715878",,"FORD","ESCORT","IL","2002","NONE","PASSENGER","PERSONAL","S","OTHER",,,"1",,,,,,,,,,,"true","true","true",,,,,"FRONT-LEFT",,,,,,,,,,,,,,,,,,,,,,,,,,,,,,,,,
"753651","JC460963","2019-10-05T12:20:00","1","DRIVER",,"715913",,"HONDA","ACCORD","IL","2006","NONE","PASSENGER","PERSONAL","SW","TURNING RIGHT","true",,"1",,"UNK","UNK",,"true","true",,,,,,,,,,,,"FRONT",,,,,,,,,,,,,,,,,,,,,,,,,,,,,,,,,
"753652","JC460963","2019-10-05T12:20:00","2","DRIVER",,"715918",,"KIA MOTORS CORP","Optima","IL","2017","NONE","PASSENGER","PERSONAL","W","STRAIGHT AHEAD","false",,"1",,,,,,,,,,,,,,,"true",,,"FRONT",,,,,,,,,,,,,,,,,,,,,,,,,,,,,,,,,
"753653","JC460963","2019-10-05T12:20:00","3","DRIVER",,"715924",,"NISSAN","Pathfinder","IL","2001","NONE","PASSENGER","PERSONAL","S","STRAIGHT AHEAD","true",,"1",,"UNK","UNK",,,,,,,,,,,"true","true","true",,"TOTAL (ALL AREAS)",,,,,,,,,,,,,,,,,,,,,,,,,,,,,,,,,
"753608","JC460958","2019-10-05T12:20:00","1","DRIVER",,"715871",,"CHEVROLET","HHR","IL","2010","NONE","PASSENGER","PERSONAL","NW","BACKING",,,"1",,,,,,,,,,,"true",,,,,,,"SIDE-LEFT",,,,,,,,,,,,,,,,,,,,,,,,,,,,,,,,,
"753609","JC460958","2019-10-05T12:20:00","2","DRIVER",,"715874",,"CHEVROLET","MALIBU (CHEVELLE)","IL","2017","NONE","PASSENGER","PERSONAL","SE","STRAIGHT AHEAD",,,"1",,,,,"true",,,,,,,,,,,,,"FRONT",,,,,,,,,,,,,,,,,,,,,,,,,,,,,,,,,
"753619","JC460964","2019-10-05T12:19:00","1","PARKED",,"715881",,"NISSAN","ROGUE","IL","2016","NONE","PASSENGER","PERSONAL","S","PARKED","true",,"0",,"Private","Private",,,,,,,,,,"true","true","true",,,"ROOF",,,,,,,,,,,,,,,,,,,,,,,,,,,,,,,,,
"753618","JC460964","2019-10-05T12:19:00","2","DRIVER","1","715879",,"HONDA","Odyssey (minivan)","IL","2003","NONE","PASSENGER","PERSONAL","S","STRAIGHT AHEAD",,,"2",,,,,"true","true","true","true",,,,,,,,,,"FRONT",,,,,,,,,,,,,,,,,,,,,,,,,,,,,,,,,
"756207","JC465947","2019-10-05T12:15:00","1","DRIVER",,"718313",,"JEEP","Wrangler (for vehicle years 1989 to present)","IL","2007","UNKNOWN","SPORT UTILITY VEHICLE (SUV)","UNKNOWN/NA","S","STRAIGHT AHEAD",,,"1",,,,,,,,,,,,,,,,,"true","OTHER",,,,,,,,,,,,,,,,,,,,,,,,,,,,,,,,,
"756208","JC465947","2019-10-05T12:15:00","2","DRIVER",,"718315",,"SUBARU","OUTBACK","IL","2016","UNKNOWN","SPORT UTILITY VEHICLE (SUV)","PERSONAL","S","SLOW/STOP IN TRAFFIC",,,"1",,,,,,,,,,"true",,,,,,,,"REAR-LEFT",,,,,,,,,,,,,,,,,,,,,,,,,,,,,,,,,
"753633","JC460988","2019-10-05T12:07:00","1","DRIVER",,"715894",,"UNKNOWN","UNKNOWN",,,"UNKNOWN","UNKNOWN/NA","UNKNOWN/NA","E","UNKNOWN/NA",,,"1",,,,,,,,,,,,,,,,"true",,"OTHER",,,,,,,,,,,,,,,,,,,,,,,,,,,,,,,,,
"753634","JC460988","2019-10-05T12:07:00","2","DRIVER",,"715908",,"HONDA","CIVIC","IL","2002","UNKNOWN","PASSENGER","PERSONAL","E","SLOW/STOP IN TRAFFIC",,,"1",,,,,,,,,,"true",,,,,,,,"REAR-LEFT",,,,,,,,,,,,,,,,,,,,,,,,,,,,,,,,,
"754480","JC462314","2019-10-05T12:00:00","1","DRIVER",,"716692",,"JEEP","CHEROKEE","IL",,"NONE","PASSENGER","PERSONAL","N","BACKING",,,"1",,,,,,,"true",,,,,,"true",,,,,"ROOF",,,,,,,,,,,,,,,,,,,,,,,,,,,,,,,,,
"754481","JC462314","2019-10-05T12:00:00","2","PARKED",,"716695",,"KIA MOTORS CORP","KIA MOTORS CORP","IL",,"NONE","PASSENGER","NOT IN USE","S","PARKED",,,"0",,,,,,,"true",,,,,,,,,,,"SIDE-RIGHT",,,,,,,,,,,,,,,,,,,,,,,,,,,,,,,,,
"753605","JC460939","2019-10-05T11:45:00","1","DRIVER",,"715869",,"CHEVROLET","UNKNOWN","IL","2012","UNKNOWN","UNKNOWN/NA","UNKNOWN/NA","W","STRAIGHT AHEAD",,,"1",,,,,,,,,,,,,,,,,"true","OTHER",,,,,,,,,,,,,,,,,,,,,,,,,,,,,,,,,
"753591","JC460919","2019-10-05T11:40:00","1","DRIVER",,"715846",,"BLUEBIRD INTERNATIONAL","UNKNOWN","IL","2009","NONE","OTHER","TOW TRUCK","S","PASSING/OVERTAKING",,,"1",,,,,,"true",,,,,,,,,,,,"SIDE-RIGHT",,,,,,,,,,,,,,,,,,,,,,,,,,,,,,,,,
"753592","JC460919","2019-10-05T11:40:00","2","DRIVER",,"715849",,"NEW FLYER","NEW FLYER","IL","2007","NONE","BUS OVER 15 PASS.","CTA","S","STRAIGHT AHEAD",,,"1",,,,,,"true",,,,,,,,"true",,,,"ROOF",,,,,,,,,,,,,,,,,,,,,,,,,,,,,,,,,
"753606","JC460926","2019-10-05T11:36:00","1","DRIVER",,"715870",,"NISSAN","350Z","IL","2016","NONE","PASSENGER","PERSONAL","S","TURNING LEFT","true",,"1",,"unk","unk",,"true","true","true","true",,,,,,,,,,"SIDE-RIGHT",,,,,,,,,,,,,,,,,,,,,,,,,,,,,,,,,
"753607","JC460926","2019-10-05T11:36:00","2","DRIVER","1","715873",,"CHEVROLET","SUBURBAN","IL","1999","NONE","PASSENGER","PERSONAL","N","STRAIGHT AHEAD","true","true","2",,"unk","unk",,,,,,,,,,,"true","true","true",,"TOTAL (ALL AREAS)",,,,,,,,,,,,,,,,,,,,,,,,,,,,,,,,,
"754828","JC463137","2019-10-05T11:30:00","1","DRIVER",,"717022",,"UNKNOWN","UNKNOWN","IL",,"UNKNOWN","UNKNOWN/NA","UNKNOWN/NA","W","STRAIGHT AHEAD",,,"1",,,,,,,,,,,,,,,,,"true","UNKNOWN",,,,,,,,,,,,,,,,,,,,,,,,,,,,,,,,,
"754829","JC463137","2019-10-05T11:30:00","2","DRIVER",,"717035",,"HONDA","UNKNOWN","IL","2014","NONE","PASSENGER","PERSONAL","W","STRAIGHT AHEAD",,,"1",,,,,,,,,,,,,,,"true",,,"TOTAL (ALL AREAS)",,,,,,,,,,,,,,,,,,,,,,,,,,,,,,,,,
"753734","JC461160","2019-10-05T11:30:00","1","DRIVER",,"715982",,"UNKNOWN","UNKNOWN",,,"UNKNOWN","UNKNOWN/NA","UNKNOWN/NA","UNKNOWN","UNKNOWN/NA",,,"1",,,,,,,,,,,,,,,,,"true","UNKNOWN",,,,,,,,,,,,,,,,,,,,,,,,,,,,,,,,,
"753735","JC461160","2019-10-05T11:30:00","2","PARKED",,"715990",,"NISSAN","NISSAN ALTIMA","IL","2017","UNKNOWN","PASSENGER","OTHER","W","PARKED",,,"0",,,,,,,,,,,"true",,,,,,,"SIDE-LEFT",,,,,,,,,,,,,,,,,,,,,,,,,,,,,,,,,
"753612","JC460936","2019-10-05T11:30:00","1","DRIVER",,"715876",,"DODGE","MAGNUM","IL","2008","UNKNOWN","PASSENGER","PERSONAL","E","STRAIGHT AHEAD","true",,"1",,"Private Tow Comapny",,,"true",,,,,,,,,,"true","true",,"OTHER",,,,,,,,,,,,,,,,,,,,,,,,,,,,,,,,,
"753613","JC460936","2019-10-05T11:30:00","2","PARKED","2","715880",,"CADILLAC","Escalade","IL","2016","NONE","SPORT UTILITY VEHICLE (SUV)","PERSONAL","E","PARKED","true",,"2",,"Private Tow company",,,"true",,,"true","true","true","true","true",,,"true","true",,"REAR-LEFT",,,,,,,,,,,,,,,,,,,,,,,,,,,,,,,,,
"753614","JC460936","2019-10-05T11:30:00","3","PARKED",,"715886",,"VOLKSWAGEN","PASSAT","IL","2014","NONE","PASSENGER","PERSONAL","E","PARKED","false",,"0",,,,,"true",,,,"true","true","true",,,,"true","true",,"REAR-LEFT",,,,,,,,,,,,,,,,,,,,,,,,,,,,,,,,,
"753615","JC460936","2019-10-05T11:30:00","4","PARKED",,"715889",,"FORD","EXPEDITION","IL","2005","UNKNOWN","SPORT UTILITY VEHICLE (SUV)","PERSONAL","E","PARKED",,,"0",,,,,,,,,,"true",,,,,,,,"REAR-LEFT",,,,,,,,,,,,,,,,,,,,,,,,,,,,,,,,,
"753580","JC460891","2019-10-05T11:21:00","1","DRIVER",,"715842",,"JEEP","CHEROKEE","IL","2018","NONE","SPORT UTILITY VEHICLE (SUV)","PERSONAL","S","STRAIGHT AHEAD",,,"1",,,,,,,,,,,,"true","true","true","true",,,"UNDER CARRIAGE",,,,,,,,,,,,,,,,,,,,,,,,,,,,,,,,,
"753581","JC460891","2019-10-05T11:21:00","2","DRIVER",,"715845",,"HYUNDAI","SONATA","IL","2013","NONE","PASSENGER","PERSONAL","W","STRAIGHT AHEAD","true",,"1",,"PRIVATE",,,"true",,,,,,,,,,"true","true",,"OTHER",,,,,,,,,,,,,,,,,,,,,,,,,,,,,,,,,
"753572","JC460895","2019-10-05T11:15:00","1","DRIVER",,"715832",,"FORD","F250","IL","2000","NONE","PICKUP","PERSONAL","N","STRAIGHT AHEAD",,,"1",,,,,,,,,,,,,,,,"true",,"OTHER",,,,,,,,,,,,,,,,,,,,,,,,,,,,,,,,,
"753573","JC460895","2019-10-05T11:15:00","2","DRIVER",,"715841",,"FORD","EDGE","IL","2014","NONE","PASSENGER","PERSONAL","W","STRAIGHT AHEAD",,,"1",,,,,,,,,,,,,,,"true",,,"TOTAL (ALL AREAS)",,,,,,,,,,,,,,,,,,,,,,,,,,,,,,,,,
"753602","JC460924","2019-10-05T11:05:00","1","DRIVER",,"715863",,"CHEVROLET","MALIBU (CHEVELLE)","IL","1992","UNKNOWN","UNKNOWN/NA","UNKNOWN/NA","E","STRAIGHT AHEAD",,,"2",,,,,"true",,,,,,,,,,,,"false","TOTAL (ALL AREAS)",,,,,,,,,,,,,,,,,,,,,,,,,,,,,,,,,
"753603","JC460924","2019-10-05T11:05:00","2","PARKED",,"715868",,"CHEVROLET","IMPALA","IL","2006","UNKNOWN","PASSENGER","PERSONAL","E","PARKED","true",,"0",,"PRIVATE TOW","INSURANCE",,,,,,,"true","true","true",,,,,,"SIDE-LEFT",,,,,,,,,,,,,,,,,,,,,,,,,,,,,,,,,
"757774","JC468738","2019-10-05T11:00:00","1","DRIVER",,"719803",,"UNKNOWN","UNKNOWN",,,"UNKNOWN","UNKNOWN/NA","UNKNOWN/NA","W","CHANGING LANES",,,"1",,,,,,,,,,,,,,,,,"true","SIDE-RIGHT",,,,,,,,,,,,,,,,,,,,,,,,,,,,,,,,,
"757775","JC468738","2019-10-05T11:00:00","2","DRIVER",,"719806",,"MERCEDES-BENZ","300 SERIES","IL","1990","UNKNOWN","PASSENGER","PERSONAL","W","STRAIGHT AHEAD",,,"1",,,,,,,,,,,,,,,"true",,,"TOTAL (ALL AREAS)",,,,,,,,,,,,,,,,,,,,,,,,,,,,,,,,,
"753597","JC460935","2019-10-05T11:00:00","1","DRIVER",,"715862",,"JEEP","Liberty","IL","2002","NONE","PASSENGER","UNKNOWN/NA","E","STRAIGHT AHEAD",,,"1",,,,,,,,,,,,,,,,"true",,"OTHER",,,,,,,,,,,,,,,,,,,,,,,,,,,,,,,,,
"753598","JC460935","2019-10-05T11:00:00","2","DRIVER",,"715865",,"FORD","FORD","IL","2013","NONE","PASSENGER","RIDESHARE SERVICE","E","STRAIGHT AHEAD",,,"1",,,,,,,,,,"true",,,,,,,,"REAR-LEFT",,,,,,,,,,,,,,,,,,,,,,,,,,,,,,,,,
"753587","JC460918","2019-10-05T11:00:00","1","DRIVER",,"715857",,"CHEVROLET","TAHOE","IL",,"NONE","SPORT UTILITY VEHICLE (SUV)","RIDESHARE SERVICE","NE","TURNING RIGHT",,,"1",,,,,,,,,,,,,,,"true","true",,"TOTAL (ALL AREAS)",,,,,,,,,,,,,,,,,,,,,,,,,,,,,,,,,
"753588","JC460918","2019-10-05T11:00:00","2","DRIVER","1","715847",,"LINCOLN-CONTINENTAL","MKS","IL","2011","NONE","SPORT UTILITY VEHICLE (SUV)","PERSONAL","E","SLOW/STOP IN TRAFFIC",,,"2",,,,,,,,,"true","true",,,,,,,,"REAR",,,,,,,,,,,,,,,,,,,,,,,,,,,,,,,,,
"753710","JC460888","2019-10-05T10:53:00","1","DRIVER",,"715957",,"AUDI","A6","IL","2016","UNKNOWN","PASSENGER","PERSONAL","NE","BACKING","true",,"1",,"UNKNOWN","UNKNOWN",,,,,,"true","true","true","true","true","true","true",,,"SIDE-LEFT",,,,,,,,,,,,,,,,,,,,,,,,,,,,,,,,,
"753711","JC460888","2019-10-05T10:53:00","2","PARKED",,"715960",,"TOYOTA MOTOR COMPANY, LTD.","Highlander(beginning vehicle year 2001)","IL","2015","UNKNOWN","SPORT UTILITY VEHICLE (SUV)","NOT IN USE","UNKNOWN","PARKED",,,"0",,,,,"true",,,,,,,,,,"true","true",,"OTHER",,,,,,,,,,,,,,,,,,,,,,,,,,,,,,,,,
"753712","JC460888","2019-10-05T10:53:00","3","PARKED",,"715967",,"INFINITI","UNKNOWN","MD","2018","UNKNOWN","PASSENGER","NOT IN USE","UNKNOWN","PARKED","true",,"0",,"UNKNOWN","UNKNOWN",,"true","true","true",,,,,,"true","true","true","true",,"TOTAL (ALL AREAS)",,,,,,,,,,,,,,,,,,,,,,,,,,,,,,,,,
"753713","JC460888","2019-10-05T10:53:00","4","PARKED",,"715973",,"KIA MOTORS CORP","Optima","IL","2010","UNKNOWN","PASSENGER","NOT IN USE","UNKNOWN","PARKED",,,"0",,,,,,,"true","true","true",,,,,,,,,"SIDE-RIGHT",,,,,,,,,,,,,,,,,,,,,,,,,,,,,,,,,
"753584","JC460897","2019-10-05T10:45:00","1","DRIVER",,"715850",,"HYUNDAI","SONATA","IL","2013","NONE","PASSENGER","PERSONAL","W","STRAIGHT AHEAD","true",,"1",,"PRIVATE",,,"true",,,,,,,,,,"true","true",,"OTHER",,,,,,,,,,,,,,,,,,,,,,,,,,,,,,,,,
"753585","JC460897","2019-10-05T10:45:00","2","DRIVER",,"715861",,"DODGE","CARAVAN","IL","2014","NONE","PASSENGER","OTHER","W","STRAIGHT AHEAD",,,"1",,,,,,,,,"true",,,,,,,,,"REAR",,,,,,,,,,,,,,,,,,,,,,,,,,,,,,,,,
"753586","JC460897","2019-10-05T10:45:00","3","PARKED",,"715867",,"NISSAN","ROGUE","IL","2012","NONE","PASSENGER","PERSONAL","W","PARKED","true",,"0",,"PRIVATE",,,"true",,,"true","true","true","true","true",,,,,,"REAR-LEFT",,,,,,,,,,,,,,,,,,,,,,,,,,,,,,,,,
"753574","JC460889","2019-10-05T10:40:00","1","DRIVER",,"715828",,"UNKNOWN","UNKNOWN","IL","2014","NONE","TRUCK - SINGLE UNIT","OTHER","S","STRAIGHT AHEAD",,,"1",,,,,,,,,,,,,,,,"true",,"OTHER",,,,,,,,,,,,,,,,,,,,,,,,,,,,,,,,,
"753575","JC460889","2019-10-05T10:40:00","2","DRIVER",,"715839",,"LEXUS","IS300",,"2005","NONE","PASSENGER","PERSONAL","S","SLOW/STOP IN TRAFFIC",,,"1",,,,,,,,,,"true",,,,,,,,"REAR-LEFT",,,,,,,,,,,,,,,,,,,,,,,,,,,,,,,,,
"754287","JC460848","2019-10-05T10:35:00","1","DRIVER",,"716507",,"TOYOTA MOTOR COMPANY, LTD.","TOYOTA","IL","2001","UNKNOWN","PASSENGER","PERSONAL","W","STRAIGHT AHEAD","true",,"1",,"PRIVATE",,,,,,,,,,,,,,"true",,"OTHER",,,,,,,,,,,,,,,,,,,,,,,,,,,,,,,,,
"754288","JC460848","2019-10-05T10:35:00","2","DRIVER",,"716508",,"BUICK","BUICK","IL","2016","UNKNOWN","PASSENGER","PERSONAL","W","STRAIGHT AHEAD",,,"1",,,,,,,,,,"true",,,,,,,,"REAR-LEFT",,,,,,,,,,,,,,,,,,,,,,,,,,,,,,,,,
"754291","JC460848","2019-10-05T10:35:00","3","DRIVER",,"716510",,"AUDI","A6","IL","2007","NONE","PASSENGER","PERSONAL","W","SLOW/STOP IN TRAFFIC",,,"1",,,,,,,,,,"true",,,,,,,,"REAR-LEFT",,,,,,,,,,,,,,,,,,,,,,,,,,,,,,,,,
"756988","JC467337","2019-10-05T10:30:00","1","DRIVER",,"719074",,"UNKNOWN","UNKNOWN",,,"UNKNOWN","UNKNOWN/NA","UNKNOWN/NA","UNKNOWN","UNKNOWN/NA",,,"1",,,,,,,,,,,,,,,,,"true","UNKNOWN",,,,,,,,,,,,,,,,,,,,,,,,,,,,,,,,,
"756989","JC467337","2019-10-05T10:30:00","2","PARKED",,"719063",,"NISSAN","ROGUE","IL","2016","UNKNOWN","SPORT UTILITY VEHICLE (SUV)","PERSONAL","S","PARKED",,,"0",,,,,,,,,,,"true","true","true","true","true",,,"ROOF",,,,,,,,,,,,,,,,,,,,,,,,,,,,,,,,,
"753658","JC461036","2019-10-05T10:30:00","1","DRIVER",,"715919",,"UNKNOWN","UNKNOWN",,,"UNKNOWN","UNKNOWN/NA","CONSTRUCTION/MAINTENANCE","N","BACKING",,,"1",,,,,,,,,,,,,,,,,"true","SIDE-LEFT",,,,,,,,,,,,,,,,,,,,,,,,,,,,,,,,,
"753659","JC461036","2019-10-05T10:30:00","2","PARKED",,"715925",,"NISSAN","VERSA","IL",,"NONE","PASSENGER","PERSONAL","W","PARKED",,,"0",,,,,,,,,,,,,,,"true","true",,"TOTAL (ALL AREAS)",,,,,,,,,,,,,,,,,,,,,,,,,,,,,,,,,
"753546","JC460850","2019-10-05T10:30:00","1","DRIVER","1","715810",,"UNKNOWN","UNKNOWN",,,"UNKNOWN","PASSENGER","UNKNOWN/NA","E","STRAIGHT AHEAD",,,"2",,,,,,,,,,,,,,,,,"true","OTHER",,,,,,,,,,,,,,,,,,,,,,,,,,,,,,,,,
"753547","JC460850","2019-10-05T10:30:00","2","DRIVER",,"715813",,"TOYOTA MOTOR COMPANY, LTD.","COROLLA","IL","2009","NONE","PASSENGER","PERSONAL","E","SLOW/STOP IN TRAFFIC",,,"1",,,,,,,,,"true","true","true",,,,,,,"REAR-LEFT",,,,,,,,,,,,,,,,,,,,,,,,,,,,,,,,,
"753560","JC460847","2019-10-05T10:26:00","1","PARKED","2","715822",,"BUICK","BUICK","IL","2001","UNKNOWN","PASSENGER","PERSONAL","W","PARKED IN TRAFFIC LANE",,,"0",,,,,,,,"true",,,,,,,,,,"REAR-RIGHT",,,,,,,,,,,,,,,,,,,,,,,,,,,,,,,,,
"753561","JC460847","2019-10-05T10:26:00","2","DRIVER",,"715830",,"KIA MOTORS CORP","SORENTO","IL","2019","UNKNOWN","PASSENGER","PERSONAL","W","STRAIGHT AHEAD",,,"1",,,,,,,,,,,,,"true",,,,,"ROOF",,,,,,,,,,,,,,,,,,,,,,,,,,,,,,,,,
"753540","JC460854","2019-10-05T10:25:00","1","DRIVER",,"715799",,"BMW","325","IL","2003","UNKNOWN","PASSENGER","PERSONAL","S","TURNING RIGHT",,,"1",,,,,"true",,,,,,,,,,,,,"OTHER",,,,,,,,,,,,,,,,,,,,,,,,,,,,,,,,,
"753541","JC460854","2019-10-05T10:25:00","2","DRIVER",,"715805",,"HYUNDAI","TUCSON","IL","2012","NONE","PASSENGER","PERSONAL","N","TURNING RIGHT",,,"1",,,,,,,,,"true",,,,,,,,,"OTHER",,,,,,,,,,,,,,,,,,,,,,,,,,,,,,,,,
"754562","JC461003","2019-10-05T10:20:00","1","DRIVER",,"716761",,"UNKNOWN","UNKNOWN",,,"UNKNOWN","UNKNOWN/NA","UNKNOWN/NA","UNKNOWN","STRAIGHT AHEAD",,,"1",,,,,,,,,,,,,,,,,"true","UNKNOWN",,,,,,,,,,,,,,,,,,,,,,,,,,,,,,,,,
"754563","JC461003","2019-10-05T10:20:00","2","PARKED",,"716762",,"HYUNDAI","SONATA","IL","2018","UNKNOWN","PASSENGER","PERSONAL","S","PARKED",,,"0",,,,,,,,,,,,,,,,,,"ROOF",,,,,,,,,,,,,,,,,,,,,,,,,,,,,,,,,
"754566","JC461003","2019-10-05T10:20:00","3","DRIVERLESS",,"716773",,"HONDA","CIVIC","IL","2017","NONE","PASSENGER","PERSONAL","E","PARKED",,,"0",,,,,,,,,,"true",,,,,,,,"REAR-LEFT",,,,,,,,,,,,,,,,,,,,,,,,,,,,,,,,,
"753582","JC460858","2019-10-05T10:20:00","1","DRIVER",,"715843",,"DODGE","CARAVAN","IL","2004","NONE","VAN/MINI-VAN","PERSONAL","W","TURNING RIGHT",,,"1",,,,,"false",,,,,,,,,,"true","true",,"TOTAL (ALL AREAS)",,,,,,,,,,,,,,,,,,,,,,,,,,,,,,,,,
"753583","JC460858","2019-10-05T10:20:00","2","DRIVER",,"715856",,"CHEVROLET","IMPALA","IL","2015","NONE","PASSENGER","PERSONAL","E","TURNING LEFT",,,"2",,,,,,,,,"true","true",,,,,,,,"REAR",,,,,,,,,,,,,,,,,,,,,,,,,,,,,,,,,
"754223","JC460858","2019-10-05T10:20:00","3","PEDESTRIAN",,,,,,,,,,,,,,,,,,,,,,,,,,,,,,,,,,,,,,,,,,,,,,,,,,,,,,,,,,,,,,,,,,