"crash_unit_id","rd_no","crash_date","unit_no","unit_type","num_passengers","vehicle_id","cmrc_veh_i","make","model","lic_plate_state","vehicle_year","vehicle_defect","vehicle_type","vehicle_use","travel_direction","maneuver","towed_i","fire_i","occupant_cnt","exceed_speed_limit_i","towed_by","towed_to","area_00_i","area_01_i","area_02_i","area_03_i","area_04_i","area_05_i","area_06_i","area_07_i","area_08_i","area_09_i","area_10_i","area_11_i","area_12_i","area_99_i","first_contact_point","cmv_id","usdot_no","ccmc_no","ilcc_no","commercial_src","gvwr","carrier_name","carrier_state","carrier_city","hazmat_placards_i","hazmat_name","un_no","hazmat_present_i","hazmat_report_i","hazmat_report_no","mcs_report_i","mcs_report_no","hazmat_vio_cause_crash_i","mcs_vio_cause_crash_i","idot_permit_no","wide_load_i","trailer1_width","trailer2_width","trailer1_length","trailer2_length","total_vehicle_length","axle_cnt","vehicle_config","cargo_body_type","load_type","hazmat_out_of_service_i","mcs_out_of_service_i","hazmat_class"
"753554","JC460831","2019-10-05T10:17:00","1","DRIVER","1","715817",,"NISSAN","SENTRA (DATSUN AND NISSAN HAVE MERGED)","IL","2017","UNKNOWN","PASSENGER","PERSONAL","S","STRAIGHT AHEAD",,,"2",,,,,,,,,,,,,,"true","true",,,"TOTAL (ALL AREAS)",,,,,,,,,,,,,,,,,,,,,,,,,,,,,,,,,
"753555","JC460831","2019-10-05T10:17:00","2","DRIVER",,"715818",,"NISSAN","SENTRA (DATSUN AND NISSAN HAVE MERGED)","IL","2016","NONE","PASSENGER","PERSONAL","N","STRAIGHT AHEAD",,,"1",,,,,"true",,,,,,,,,"true","true","true",,"TOTAL (ALL AREAS)",,,,,,,,,,,,,,,,,,,,,,,,,,,,,,,,,
"753521","JC460809","2019-10-05T10:02:00","1","DRIVER",,"715785",,"DODGE","UNKNOWN",,,"UNKNOWN","PASSENGER","PERSONAL","N","CHANGING LANES",,,"1",,,,,,,,,,,,"true",,,,,,"FRONT-LEFT",,,,,,,,,,,,,,,,,,,,,,,,,,,,,,,,,
"753522","JC460809","2019-10-05T10:02:00","2","DRIVER",,"715790",,"HYUNDAI","Santa Fe","IL","2007","UNKNOWN","PASSENGER","PERSONAL","N","STRAIGHT AHEAD",,,"1",,,,,"true",,,,,,,,,,,,,"FRONT",,,,,,,,,,,,,,,,,,,,,,,,,,,,,,,,,
"754015","JC461568","2019-10-05T10:00:00","1","DRIVER",,"716258",,"VOLKSWAGEN","JETTA","IL","2008","NONE","PASSENGER","PERSONAL","E","TURNING LEFT","true",,"1",,,,,"true","true","true","true","true",,,,,,,,,"FRONT-RIGHT",,,,,,,,,,,,,,,,,,,,,,,,,,,,,,,,,
"754016","JC461568","2019-10-05T10:00:00","2","DRIVER","3","716271",,"FORD","F-150XLT(has 3RD door on passenger side)","IL","2001","NONE","PICKUP","PERSONAL","N","STRAIGHT AHEAD","true",,"4",,,,,"true","true",,,,,,,,"true","true","true",,"OTHER",,,,,,,,,,,,,,,,,,,,,,,,,,,,,,,,,
"754017","JC461568","2019-10-05T10:00:00","3","PARKED",,"716261",,"TOYOTA MOTOR COMPANY, LTD.","CAMRY","IL","2015","NONE","PASSENGER","NOT IN USE","N","PARKED",,,"0",,,,,,"true","true","true","true",,,,,,,,,"SIDE-RIGHT",,,,,,,,,,,,,,,,,,,,,,,,,,,,,,,,,
"754018","JC461568","2019-10-05T10:00:00","4","DRIVER","2","716268",,"NISSAN","CUBE","IN","2011","NONE","PASSENGER","PERSONAL","N","OTHER","true",,"3",,,,,,,,"true","true","true","true","true",,,,,,"REAR-LEFT",,,,,,,,,,,,,,,,,,,,,,,,,,,,,,,,,
"754019","JC461568","2019-10-05T10:00:00","5","PARKED",,"716264",,"CHEVROLET","CRUZE","IL","2017","NONE","PASSENGER","NOT IN USE","N","PARKED",,,"0",,,,,,"true","true","true",,,,,,,,,,"SIDE-RIGHT",,,,,,,,,,,,,,,,,,,,,,,,,,,,,,,,,
"754027","JC461568","2019-10-05T10:00:00","6","PARKED",,"716265",,"CADILLAC","DEVILLE","IL","2012","NONE","PASSENGER","NOT IN USE","N","PARKED",,,"0",,,,,,,"true","true","true",,,,,,,,,"SIDE-RIGHT",,,,,,,,,,,,,,,,,,,,,,,,,,,,,,,,,
"753550","JC460842","2019-10-05T10:00:00","1","DRIVER",,"715812",,"UNKNOWN","UNKNOWN",,,"UNKNOWN","UNKNOWN/NA","UNKNOWN/NA","UNKNOWN","UNKNOWN/NA",,,"1",,,,,,,,,,,,,,,,,"true","UNKNOWN",,,,,,,,,,,,,,,,,,,,,,,,,,,,,,,,,
"753551","JC460842","2019-10-05T10:00:00","2","PARKED",,"715815",,"CHEVROLET","SILVERADO","IL","2004","NONE","PICKUP","NOT IN USE","W","PARKED",,,"0",,,,,,,,,,,"true","true","true","true","true",,,"ROOF",,,,,,,,,,,,,,,,,,,,,,,,,,,,,,,,,
"753589","JC460867","2019-10-05T09:45:00","1","DRIVER",,"715844",,"CHEVROLET","UNKNOWN","IL",,"UNKNOWN","PICKUP","UNKNOWN/NA","E","UNKNOWN/NA",,,"1",,,,,,,,,,,"true","true","true","true","true",,,"UNKNOWN",,,,,,,,,,,,,,,,,,,,,,,,,,,,,,,,,
"753590","JC460867","2019-10-05T09:45:00","2","DRIVER",,"715851",,"CADILLAC","UNKNOWN","IL","2006","UNKNOWN","UNKNOWN/NA","UNKNOWN/NA","E","OTHER","true",,"1",,"unk","unk",,"true","true","true","true","true",,,,,,,,,"REAR-RIGHT",,,,,,,,,,,,,,,,,,,,,,,,,,,,,,,,,
"753562","JC460853","2019-10-05T09:45:00","1","DRIVER",,"715824",,"UNKNOWN","UNKNOWN","XX",,"UNKNOWN","UNKNOWN/NA","UNKNOWN/NA","UNKNOWN","UNKNOWN/NA",,,"1",,,,,,,,,,,,,,,,,"true","UNKNOWN",,,,,,,,,,,,,,,,,,,,,,,,,,,,,,,,,
"753563","JC460853","2019-10-05T09:45:00","2","PARKED",,"715821",,"HONDA","Odyssey (minivan)","IL","2006","UNKNOWN","VAN/MINI-VAN","PERSONAL","N","PARKED",,,"0",,,,,"false",,,,,,,,,,"false","true",,"OTHER",,,,,,,,,,,,,,,,,,,,,,,,,,,,,,,,,
"753558","JC460804","2019-10-05T09:40:00","1","DRIVER",,"715820",,"BUICK","Rendezvous","IL","2006","NONE","SPORT UTILITY VEHICLE (SUV)","PERSONAL","S","STRAIGHT AHEAD",,,"1",,,,,,,,,,,,,,,,"true",,"OTHER",,,,,,,,,,,,,,,,,,,,,,,,,,,,,,,,,
"753559","JC460804","2019-10-05T09:40:00","2","DRIVER","1","715823",,"CHEVROLET","CHEVROLET-TRUCK,VAN,SUV,ETC","IL","2018","NONE","SPORT UTILITY VEHICLE (SUV)","PERSONAL","S","STRAIGHT AHEAD",,,"2",,,,,,,,,,"true",,,,,,,,"REAR-LEFT",,,,,,,,,,,,,,,,,,,,,,,,,,,,,,,,,
"753556","JC460803","2019-10-05T09:35:00","1","DRIVER",,"715819",,"UNKNOWN","UNKNOWN","IL",,"UNKNOWN","UNKNOWN/NA","UNKNOWN/NA","UNKNOWN","UNKNOWN/NA",,,"1",,,,,,,,,,,,,,,,,"true","UNKNOWN",,,,,,,,,,,,,,,,,,,,,,,,,,,,,,,,,
"753557","JC460803","2019-10-05T09:35:00","2","PARKED",,"715834",,"JEEP","UNKNOWN","IL","2016","NONE","SPORT UTILITY VEHICLE (SUV)","PERSONAL","E","PARKED",,,"0",,,,,,,,,,,,,,,"true",,,"TOTAL (ALL AREAS)",,,,,,,,,,,,,,,,,,,,,,,,,,,,,,,,,
"753511","JC460776","2019-10-05T09:30:00","1","DRIVER",,"715780",,"AUDI","Q7",,,"UNKNOWN","SPORT UTILITY VEHICLE (SUV)","UNKNOWN/NA","W","UNKNOWN/NA",,,"1",,,,,,,,,,,,,,,,,"true","OTHER",,,,,,,,,,,,,,,,,,,,,,,,,,,,,,,,,
"753512","JC460776","2019-10-05T09:30:00","2","DRIVER",,"715781",,"TOYOTA MOTOR COMPANY, LTD.","Prius","IL","2013","NONE","PASSENGER","PERSONAL","W","SLOW/STOP IN TRAFFIC",,,"1",,,,,,,,"true","true","true",,,,,,,,"REAR-LEFT",,,,,,,,,,,,,,,,,,,,,,,,,,,,,,,,,
"753570","JC460835","2019-10-05T09:25:00","1","DRIVER",,"715835",,"NISSAN","ROGUE","IL","2013","NONE","PASSENGER","PERSONAL","W","STRAIGHT AHEAD",,,"1",,,,,,,,,,,,,,,,"true",,"OTHER",,,,,,,,,,,,,,,,,,,,,,,,,,,,,,,,,
"753571","JC460835","2019-10-05T09:25:00","2","DRIVER",,"715872",,"CHEVROLET","UNKNOWN","IL","2016","NONE","PASSENGER","PERSONAL","W","SLOW/STOP IN TRAFFIC",,,"1",,,,,,,,,,"true",,,,,,,,"REAR-LEFT",,,,,,,,,,,,,,,,,,,,,,,,,,,,,,,,,
"753532","JC460779","2019-10-05T09:19:00","1","DRIVER",,"715797",,"CHRYSLER","UNKNOWN","IL","2003","UNKNOWN","PASSENGER","PERSONAL","S","STRAIGHT AHEAD",,,"1",,,,,,,,,,,,,,,,,"true","OTHER",,,,,,,,,,,,,,,,,,,,,,,,,,,,,,,,,
"753533","JC460779","2019-10-05T09:19:00","2","BICYCLE",,,,,,,,,,,,,,,,,,,,,,,,,,,,,,,,,,,,,,,,,,,,,,,,,,,,,,,,,,,,,,,,,,
"753513","JC460759","2019-10-05T09:02:00","1","DRIVER",,"715779",,"FORD","ESCAPE (SUV)","MO",,"UNKNOWN","PASSENGER","RIDESHARE SERVICE","N","STRAIGHT AHEAD",,,"1",,,,,"true",,,,,,,,,,,,,"FRONT",,,,,,,,,,,,,,,,,,,,,,,,,,,,,,,,,
"753514","JC460759","2019-10-05T09:02:00","2","PARKED",,"715783",,"NISSAN","VERSA","IL","2011","UNKNOWN","PASSENGER","PERSONAL","N","PARKED",,,"0",,,,,,,,,,"true","true","true",,,,,,"SIDE-LEFT",,,,,,,,,,,,,,,,,,,,,,,,,,,,,,,,,
"753534","JC460748","2019-10-05T08:50:00","1","DRIVER","3","715798",,"BUICK","UNKNOWN","IN","1999","UNKNOWN","PASSENGER","PERSONAL","S","TURNING LEFT","true",,"4",,"City of Chicago",,,,,,,,,,,,,"true",,,"TOTAL (ALL AREAS)",,,,,,,,,,,,,,,,,,,,,,,,,,,,,,,,,
"753535","JC460748","2019-10-05T08:50:00","2","DRIVER",,"715806",,"NISSAN","ROGUE","IL","2017","NONE","PASSENGER","PERSONAL","E","STRAIGHT AHEAD","true",,"1",,"Private Tow",,,,,,,,,,,"true","true","true",,,"ROOF",,,,,,,,,,,,,,,,,,,,,,,,,,,,,,,,,
"753566","JC460750","2019-10-05T08:40:00","1","DRIVER",,"715829",,"HONDA","CIVIC","IL","2019","UNKNOWN","PASSENGER","UNKNOWN/NA","N","STRAIGHT AHEAD",,,"1",,,,,,,,,,,,,,,,"true",,"FRONT",,,,,,,,,,,,,,,,,,,,,,,,,,,,,,,,,
"753567","JC460750","2019-10-05T08:40:00","2","DRIVER","1","715837",,"HYUNDAI","HYUNDAI","IL","2007","UNKNOWN","PASSENGER","UNKNOWN/NA","N","SLOW/STOP IN TRAFFIC",,,"2",,,,,,,,,,"true",,,,,,,,"SIDE-LEFT",,,,,,,,,,,,,,,,,,,,,,,,,,,,,,,,,
"753505","JC460737","2019-10-05T08:32:00","1","DRIVER",,"715767",,"FORD","FORD-TRUCK,VAN,SUV, ETC","IL",,"UNKNOWN","UNKNOWN/NA","UNKNOWN/NA","E","STRAIGHT AHEAD",,,"1",,,,,"true",,,,,,,,,,,,,"FRONT",,,,,,,,,,,,,,,,,,,,,,,,,,,,,,,,,
"753506","JC460737","2019-10-05T08:32:00","2","DRIVER",,"715769",,"CHRYSLER","300","IL","2016","NONE","PASSENGER","PERSONAL","E","SLOW/STOP IN TRAFFIC",,,"2",,,,,,,,,,"true",,,,,,,,"REAR-LEFT",,,,,,,,,,,,,,,,,,,,,,,,,,,,,,,,,
"754372","JC461275","2019-10-05T08:30:00","1","DRIVER",,"716576",,"UNKNOWN","ULTRALIGHT",,,"UNKNOWN","PASSENGER","UNKNOWN/NA","E","STRAIGHT AHEAD",,,"1",,,,,,,,,,,,,,,,,"true","UNKNOWN",,,,,,,,,,,,,,,,,,,,,,,,,,,,,,,,,
"754373","JC461275","2019-10-05T08:30:00","2","DRIVER",,"716586",,"CADILLAC","UNKNOWN",,"2005","NONE","OTHER","OTHER","E","OTHER",,,"1",,,,,,,,,,"true",,,,,,,,"REAR-LEFT",,,,,,,,,,,,,,,,,,,,,,,,,,,,,,,,,
"753517","JC460782","2019-10-05T08:30:00","1","DRIVER",,"715787",,"HONDA","Pilot","IL","2006","NONE","SPORT UTILITY VEHICLE (SUV)","PERSONAL","S","OTHER",,,"1",,,,,,,,,,,,,"true","true","true",,,"ROOF",,,,,,,,,,,,,,,,,,,,,,,,,,,,,,,,,
"753518","JC460782","2019-10-05T08:30:00","2","DRIVER",,"715796",,"DODGE","DURANGO","IL","2018","NONE","SPORT UTILITY VEHICLE (SUV)","PERSONAL","S","STRAIGHT AHEAD",,,"1",,,,,"true","true","true",,,,,,,,,,,"FRONT",,,,,,,,,,,,,,,,,,,,,,,,,,,,,,,,,
"753552","JC460747","2019-10-05T08:30:00","1","DRIVER",,"715827",,"NISSAN","SENTRA (DATSUN AND NISSAN HAVE MERGED)","IL","2008","NONE","PASSENGER","PERSONAL","E","STRAIGHT AHEAD","true",,"1",,"TRUCK #314","UNKNOWN",,"true",,,,,,,,,"false","true","true",,"OTHER",,,,,,,,,,,,,,,,,,,,,,,,,,,,,,,,,
"753553","JC460747","2019-10-05T08:30:00","2","DRIVER",,"715852",,"NISSAN","ROGUE","IL","2015","NONE","PASSENGER","PERSONAL","S","STRAIGHT AHEAD","true",,"1",,"TRUCK #314","UNKNOWN",,"true","true","true","true","true",,,,,,,"true",,"UNDER CARRIAGE",,,,,,,,,,,,,,,,,,,,,,,,,,,,,,,,,
"753519","JC460730","2019-10-05T08:00:00","1","DRIVER","2","715786",,"DODGE","CARAVAN","IL","2005","NONE","PASSENGER","PERSONAL","S","STRAIGHT AHEAD","true",,"3",,"PERSONAL TOW",,,"true",,,,,,,,,,"true","true",,"OTHER",,,,,,,,,,,,,,,,,,,,,,,,,,,,,,,,,
"753520","JC460730","2019-10-05T08:00:00","2","DRIVER","2","715794",,"CHRYSLER","UNKNOWN","IL","2005","NONE","PASSENGER","PERSONAL","W","STRAIGHT AHEAD","true",,"3",,"PERSONAL TOW",,,,"true","true","true","true","true",,,,,,,,"SIDE-RIGHT",,,,,,,,,,,,,,,,,,,,,,,,,,,,,,,,,
"753770","JC461181","2019-10-05T07:55:00","1","DRIVER",,"716017",,"UNKNOWN","UNKNOWN",,,"UNKNOWN","UNKNOWN/NA","UNKNOWN/NA","E","UNKNOWN/NA",,,"1",,,,,,,,,,,,,,,,,"true","UNKNOWN",,,,,,,,,,,,,,,,,,,,,,,,,,,,,,,,,
"753771","JC461181","2019-10-05T07:55:00","2","DRIVER",,"716025",,"HONDA","CRV","IL","2007","UNKNOWN","PASSENGER","PERSONAL","E","STRAIGHT AHEAD",,,"1",,,,,,,,,,,,,,,"true","true",,"OTHER",,,,,,,,,,,,,,,,,,,,,,,,,,,,,,,,,
"753503","JC460721","2019-10-05T07:39:00","1","DRIVER",,"715770",,"CHEVROLET","EQUINOX","IL","2015","NONE","SPORT UTILITY VEHICLE (SUV)","PERSONAL","NE","TURNING RIGHT",,,"2",,,,"true",,,,,,,,,,,,,,"FRONT-RIGHT",,,,,,,,,,,,,,,,,,,,,,,,,,,,,,,,,
"753504","JC460721","2019-10-05T07:39:00","2","BICYCLE",,,,,,,,,,,,,,,,,,,,,,,,,,,,,,,,,,,,,,,,,,,,,,,,,,,,,,,,,,,,,,,,,,
"753468","JC460719","2019-10-05T07:30:00","1","DRIVER",,"715751",,"HYUNDAI","ELANTRA","IL","2017","BRAKES","PASSENGER","PERSONAL","E","STRAIGHT AHEAD",,,"1",,,,,,,,,,,,,,,,"true",,"OTHER",,,,,,,,,,,,,,,,,,,,,,,,,,,,,,,,,
"753469","JC460719","2019-10-05T07:30:00","2","DRIVER",,"715753",,"CHEVROLET","SILVERADO","IL","2005","NONE","PICKUP","PERSONAL","E","STRAIGHT AHEAD",,,"1",,,,,,,,,,"true",,,,,,,,"REAR-LEFT",,,,,,,,,,,,,,,,,,,,,,,,,,,,,,,,,
"753479","JC460718","2019-10-05T07:30:00","1","DRIVER","1","715759",,"CHEVROLET","CHEVROLET-TRUCK,VAN,SUV,ETC","IL","2003","UNKNOWN","SPORT UTILITY VEHICLE (SUV)","UNKNOWN/NA","N","SLOW/STOP IN TRAFFIC",,,"2",,,,,,,,,,,,,,,,"true",,"OTHER",,,,,,,,,,,,,,,,,,,,,,,,,,,,,,,,,
"753480","JC460718","2019-10-05T07:30:00","2","DRIVER","1","715764",,"TOYOTA MOTOR COMPANY, LTD.","CAMRY","IL","2011","NONE","PASSENGER","PERSONAL","N","SLOW/STOP IN TRAFFIC",,,"2",,,,,,,,,,"true",,,,,,,,"REAR-LEFT",,,,,,,,,,,,,,,,,,,,,,,,,,,,,,,,,
"753472","JC460715","2019-10-05T07:30:00","1","DRIVER",,"715755",,"UNKNOWN","UNKNOWN","IL",,"UNKNOWN","UNKNOWN/NA","UNKNOWN/NA","S","UNKNOWN/NA",,,"1",,,,,,,,,,,,,,,,,"true","UNKNOWN",,,,,,,,,,,,,,,,,,,,,,,,,,,,,,,,,
"753473","JC460715","2019-10-05T07:30:00","2","PARKED",,"715758",,"FORD","EXPEDITION","IL","2003","NONE","SPORT UTILITY VEHICLE (SUV)","PERSONAL","S","PARKED",,,"0",,,,,,,,,,"true",,,,,,,,"REAR-LEFT",,,,,,,,,,,,,,,,,,,,,,,,,,,,,,,,,
"753474","JC460715","2019-10-05T07:30:00","3","PARKED",,"715765",,"OLDSMOBILE","Bravada","IL","2003","UNKNOWN","SPORT UTILITY VEHICLE (SUV)","UNKNOWN/NA","S","PARKED",,,"0",,,,,,,,,,"true",,,,,,,,"REAR-LEFT",,,,,,,,,,,,,,,,,,,,,,,,,,,,,,,,,
"753475","JC460715","2019-10-05T07:30:00","4","PARKED",,"715775",,"FORD","F150","MI","1994","NONE","PICKUP","PERSONAL","S","PARKED",,,"0",,,,,,,,,"true",,"true",,,,,,,"FRONT-LEFT",,,,,,,,,,,,,,,,,,,,,,,,,,,,,,,,,
"753476","JC460715","2019-10-05T07:30:00","5","PARKED",,"715777",,"TOYOTA MOTOR COMPANY, LTD.","COROLLA","IL","2014","NONE","PASSENGER","PERSONAL","S","PARKED",,,"0",,,,,,,,,"true",,"true",,,,,,,"SIDE-LEFT",,,,,,,,,,,,,,,,,,,,,,,,,,,,,,,,,
"753525","JC460715","2019-10-05T07:30:00","6","PARKED",,"715789",,"CHEVROLET","CRUZE","IL","2012","NONE","PASSENGER","PERSONAL","S","PARKED",,,"0",,,,,,,,,,,"true",,,,,,,"SIDE-LEFT",,,,,,,,,,,,,,,,,,,,,,,,,,,,,,,,,
"753470","JC460707","2019-10-05T07:30:00","1","DRIVER",,"715754",,"CADILLAC","SRX","IL","2004","NONE","PASSENGER","PERSONAL","S","MERGING",,,"1",,,,,"true","true",,,,,,,,,,,,"FRONT",,,,,,,,,,,,,,,,,,,,,,,,,,,,,,,,,
"753471","JC460707","2019-10-05T07:30:00","2","DRIVER",,"715766",,"CHEVROLET","MALIBU (CHEVELLE)","IL","2018","NONE","PASSENGER","PERSONAL","S","STRAIGHT AHEAD",,,"1",,,,,,,,,,,"true","true",,,,,,"FRONT-LEFT",,,,,,,,,,,,,,,,,,,,,,,,,,,,,,,,,
"753576","JC460898","2019-10-05T07:09:00","1","DRIVER",,"715836",,"UNKNOWN","UNKNOWN","IL",,"UNKNOWN","UNKNOWN/NA","UNKNOWN/NA","E","TURNING RIGHT",,,"1",,,,,,,,,,,,,,,,,"true","UNKNOWN",,,,,,,,,,,,,,,,,,,,,,,,,,,,,,,,,
"753577","JC460898","2019-10-05T07:09:00","2","DRIVER",,"715833",,"CHEVROLET","IMPALA","IL","2019","NONE","PASSENGER","OTHER","E","SLOW/STOP IN TRAFFIC",,,"1",,,,,,,,,,,,,,"true","true",,,"TOTAL (ALL AREAS)",,,,,,,,,,,,,,,,,,,,,,,,,,,,,,,,,
"753645","JC460969","2019-10-05T06:30:00","1","DRIVER",,"715897",,"UNKNOWN","UNKNOWN","IL",,"UNKNOWN","UNKNOWN/NA","UNKNOWN/NA","UNKNOWN","UNKNOWN/NA",,,"1",,,,,,,,,,,,,,,,,"true","UNKNOWN",,,,,,,,,,,,,,,,,,,,,,,,,,,,,,,,,
"753621","JC460969","2019-10-05T06:30:00","2","PARKED",,"715883",,"CHEVROLET","SILVERADO","LA","2017","UNKNOWN","PICKUP","PERSONAL","UNKNOWN","PARKED",,,"0",,,,,,,,,,,,,"true",,,,,"ROOF",,,,,,,,,,,,,,,,,,,,,,,,,,,,,,,,,
"753501","JC460686","2019-10-05T06:20:00","1","DRIVER","4","715761",,"DODGE","CARAVAN","IL","2012","UNKNOWN","VAN/MINI-VAN","PERSONAL","N","STRAIGHT AHEAD",,,"5",,,,,"true",,,,,,,,,,"true","true",,"OTHER",,,,,,,,,,,,,,,,,,,,,,,,,,,,,,,,,
"753502","JC460686","2019-10-05T06:20:00","2","DRIVER",,"715771",,"CHEVROLET","UNKNOWN","IL","2013","UNKNOWN","PASSENGER","PERSONAL","W","STRAIGHT AHEAD","true",,"1",,,,,,,,,,,,"true","true","true",,,,"ROOF",,,,,,,,,,,,,,,,,,,,,,,,,,,,,,,,,
"753461","JC460695","2019-10-05T06:10:00","1","DRIVER",,"715745",,"PONTIAC","G6","IN","2006","UNKNOWN","PASSENGER","UNKNOWN/NA","S","STRAIGHT AHEAD",,,"1",,,,,"true",,,,,,,,,,,"true",,"OTHER",,,,,,,,,,,,,,,,,,,,,,,,,,,,,,,,,
"753462","JC460695","2019-10-05T06:10:00","2","DRIVER","1","715747",,"MITSUBISHI","Outlander","IN","2015","UNKNOWN","PASSENGER","PERSONAL","W","STRAIGHT AHEAD",,,"2",,,,,,,"true","true","true",,,,,,,,,"REAR",,,,,,,,,,,,,,,,,,,,,,,,,,,,,,,,,
"753747","JC460713","2019-10-05T05:15:00","1","DRIVER",,"715997",,"UNKNOWN","UNKNOWN",,,"UNKNOWN","UNKNOWN/NA","UNKNOWN/NA","UNKNOWN","UNKNOWN/NA",,,"1",,,,,,,,,,,,,,,,,"true","UNKNOWN",,,,,,,,,,,,,,,,,,,,,,,,,,,,,,,,,
"753748","JC460713","2019-10-05T05:15:00","2","DRIVER",,"715998",,"FORD","EDGE",,"2011","UNKNOWN","UNKNOWN/NA","UNKNOWN/NA","N","UNKNOWN/NA",,,"1",,,,,"true",,,,"true","true","true",,,,"true","true",,"REAR-LEFT",,,,,,,,,,,,,,,,,,,,,,,,,,,,,,,,,
"753749","JC460713","2019-10-05T05:15:00","3","DRIVER","1","715999",,"KIA MOTORS CORP","SORENTO","IL","2011","NONE","PASSENGER","PERSONAL","N","SLOW/STOP IN TRAFFIC",,,"2",,,,,,,,,"true","true","true",,,,,,,"REAR-LEFT",,,,,,,,,,,,,,,,,,,,,,,,,,,,,,,,,
"753548","JC460851","2019-10-05T05:10:00","1","DRIVER",,"715816",,"UNKNOWN","UNKNOWN",,,"UNKNOWN","UNKNOWN/NA","UNKNOWN/NA","S","UNKNOWN/NA",,,"1",,,,,"true",,,,,,,,,,"true","true",,"OTHER",,,,,,,,,,,,,,,,,,,,,,,,,,,,,,,,,
"753549","JC460851","2019-10-05T05:10:00","2","DRIVER",,"715814",,"KIA MOTORS CORP","SOUL","IL","2014","NONE","PASSENGER","PERSONAL","S","OTHER",,,"1",,,,,,,,"true",,"true",,"true",,,,,,"REAR-LEFT",,,,,,,,,,,,,,,,,,,,,,,,,,,,,,,,,
"753456","JC460671","2019-10-05T05:05:00","1","DRIVER",,"715741",,"KIA MOTORS CORP","FORTE","MS","2015","UNKNOWN","PASSENGER","PERSONAL","E","UNKNOWN/NA","true",,"1",,"CHICAGO TOW","UNK",,"true",,,,,,,,,,"true","true",,"OTHER",,,,,,,,,,,,,,,,,,,,,,,,,,,,,,,,,
"753457","JC460671","2019-10-05T05:05:00","2","PARKED",,"715742",,"CHRYSLER","UNKNOWN","IL","2007","UNKNOWN","PASSENGER","PERSONAL","E","PARKED",,,"0",,,,,"true",,,,"true","true","true",,,,"true","true",,,,,,,,,,,,,,,,,,,,,,,,,,,,,,,,,,,
"753458","JC460671","2019-10-05T05:05:00","3","PARKED",,"715743",,"BUICK","UNKNOWN","IL","2008","UNKNOWN","PASSENGER","PERSONAL","E","PARKED",,,"0",,,,,,,,,"true","true","true",,,,,,,"REAR-LEFT",,,,,,,,,,,,,,,,,,,,,,,,,,,,,,,,,
"753515","JC460757","2019-10-05T05:00:00","1","DRIVER",,"715782",,"UNKNOWN","UNKNOWN","IL",,"UNKNOWN","UNKNOWN/NA","UNKNOWN/NA","UNKNOWN","UNKNOWN/NA",,,"1",,,,,,,,,,,,,,,,,"true","UNKNOWN",,,,,,,,,,,,,,,,,,,,,,,,,,,,,,,,,
"753516","JC460757","2019-10-05T05:00:00","2","PARKED",,"715784",,"CHEVROLET","MALIBU (CHEVELLE)","IL","2001","UNKNOWN","PASSENGER","PERSONAL","N","PARKED","true",,"0",,"PRIVATE",,,,,,,,"true","true",,,,"true",,,"SIDE-LEFT",,,,,,,,,,,,,,,,,,,,,,,,,,,,,,,,,
"753477","JC460706","2019-10-05T05:00:00","1","DRIVER",,"715757",,"UNKNOWN","UNKNOWN","XX",,"UNKNOWN","UNKNOWN/NA","UNKNOWN/NA","N","UNKNOWN/NA",,,"1",,,,,,,,,,,,,,,"true",,,"TOTAL (ALL AREAS)",,,,,,,,,,,,,,,,,,,,,,,,,,,,,,,,,
"753478","JC460706","2019-10-05T05:00:00","2","PARKED",,"715760",,"HYUNDAI","Accent","IL","2013","NONE","PASSENGER","NOT IN USE","N","PARKED",,,"0",,,,,,,,,"true",,,,,,,,,"REAR-RIGHT",,,,,,,,,,,,,,,,,,,,,,,,,,,,,,,,,
"753497","JC460696","2019-10-05T05:00:00","1","DRIVER",,"715762",,"UNKNOWN","UNKNOWN","IL",,"UNKNOWN","UNKNOWN/NA","UNKNOWN/NA","UNKNOWN","UNKNOWN/NA",,,"1",,,,,,,,,,,,,,,,,"true","UNKNOWN",,,,,,,,,,,,,,,,,,,,,,,,,,,,,,,,,
"753498","JC460696","2019-10-05T05:00:00","2","PARKED",,"715763",,"CHEVROLET","ASTRO","IL","2002","UNKNOWN","VAN/MINI-VAN","NOT IN USE","UNKNOWN","PARKED","false",,"0",,,,,,,,,,,"true","true","true","true",,,,"ROOF",,,,,,,,,,,,,,,,,,,,,,,,,,,,,,,,,
"753499","JC460696","2019-10-05T05:00:00","3","PARKED",,"715768",,"MAZDA","6 (Six)","IL","2007","UNKNOWN","PASSENGER","NOT IN USE","UNKNOWN","PARKED",,,"0",,,,,,,,,"false","true","true",,,,"true","false",,"TOTAL (ALL AREAS)",,,,,,,,,,,,,,,,,,,,,,,,,,,,,,,,,
"753500","JC460696","2019-10-05T05:00:00","4","PARKED",,"715774",,"FORD","F150",,"2008","UNKNOWN","PICKUP","NOT IN USE","UNKNOWN","PARKED",,,"0",,,,,"false",,,,,,,,,,"false","true",,"OTHER",,,,,,,,,,,,,,,,,,,,,,,,,,,,,,,,,
"753451","JC460666","2019-10-05T04:50:00","1","DRIVER","1","715735",,"FORD","EXPLORER","IL","2018","NONE","OTHER","POLICE","W","BACKING",,,"2",,,,,,,,,,,,,,"true","true",,,"TOTAL (ALL AREAS)",,,,,,,,,,,,,,,,,,,,,,,,,,,,,,,,,