"crash_unit_id","rd_no","crash_date","unit_no","unit_type","num_passengers","vehicle_id","cmrc_veh_i","make","model","lic_plate_state","vehicle_year","vehicle_defect","vehicle_type","vehicle_use","travel_direction","maneuver","towed_i","fire_i","occupant_cnt","exceed_speed_limit_i","towed_by","towed_to","area_00_i","area_01_i","area_02_i","area_03_i","area_04_i","area_05_i","area_06_i","area_07_i","area_08_i","area_09_i","area_10_i","area_11_i","area_12_i","area_99_i","first_contact_point","cmv_id","usdot_no","ccmc_no","ilcc_no","commercial_src","gvwr","carrier_name","carrier_state","carrier_city","hazmat_placards_i","hazmat_name","un_no","hazmat_present_i","hazmat_report_i","hazmat_report_no","mcs_report_i","mcs_report_no","hazmat_vio_cause_crash_i","mcs_vio_cause_crash_i","idot_permit_no","wide_load_i","trailer1_width","trailer2_width","trailer1_length","trailer2_length","total_vehicle_length","axle_cnt","vehicle_config","cargo_body_type","load_type","hazmat_out_of_service_i","mcs_out_of_service_i","hazmat_class"
"756922","JC467246","2019-10-05T04:13:00","1","DRIVER",,"718992",,"HONDA","UNKNOWN","IL","2019","OTHER","SINGLE UNIT TRUCK WITH TRAILER","UNKNOWN/NA","N","STRAIGHT AHEAD",,,"1",,,,,,,,,,,,,,,,,"true","UNKNOWN",,,,,,,,,,,,,,,,,,,,,,,,,,,,,,,,,
"756923","JC467246","2019-10-05T04:13:00","2","PARKED",,"718993",,"HONDA","CIVIC","IL","1997","NONE","PASSENGER","PERSONAL","N","PARKED",,,"0",,,,,,,,,,,"true","true","true","true","true",,,"ROOF",,,,,,,,,,,,,,,,,,,,,,,,,,,,,,,,,
"753459","JC460673","2019-10-05T04:13:00","1","DRIVER","2","715744",,"HONDA","UNKNOWN","IL","2003","UNKNOWN","VAN/MINI-VAN","PERSONAL","SW","TURNING RIGHT","false",,"3",,,,,"true",,,,,,,,,,,,,"FRONT",,,,,,,,,,,,,,,,,,,,,,,,,,,,,,,,,
"753460","JC460673","2019-10-05T04:13:00","2","DRIVER","2","715746",,"HONDA","UNKNOWN","NC","2016","UNKNOWN","PASSENGER","PERSONAL","SW","TURNING RIGHT",,,"3",,,,,,,,,,,,,,,"true",,,"TOTAL (ALL AREAS)",,,,,,,,,,,,,,,,,,,,,,,,,,,,,,,,,
"753441","JC460655","2019-10-05T04:12:00","1","DRIVER","1","715728",,"HONDA","UNKNOWN","IL",,"NONE","VAN/MINI-VAN","PERSONAL","N","TURNING LEFT",,,"2",,,,,"true",,,,,,,,,,"false","true",,"OTHER",,,,,,,,,,,,,,,,,,,,,,,,,,,,,,,,,
"753442","JC460655","2019-10-05T04:12:00","2","DRIVER","1","715730",,"CHEVROLET","UNKNOWN","IL",,"NONE","PASSENGER","PERSONAL","W","STRAIGHT AHEAD","true",,"2",,,,,,,,,,,,,,"true","true",,,"TOTAL (ALL AREAS)",,,,,,,,,,,,,,,,,,,,,,,,,,,,,,,,,
"753446","JC460656","2019-10-05T04:10:00","1","DRIVER",,"715732",,"UNKNOWN","UNKNOWN","IL",,"UNKNOWN","UNKNOWN/NA","PERSONAL","E","CHANGING LANES",,,"1",,,,,,,,,,,,,,"true","true","true",,"TOTAL (ALL AREAS)",,,,,,,,,,,,,,,,,,,,,,,,,,,,,,,,,
"753447","JC460656","2019-10-05T04:10:00","2","DRIVER",,"715734",,"MAZDA","Mazda 3","IL","2011","OTHER","PASSENGER","PERSONAL","E","STRAIGHT AHEAD",,,"1",,,,,,,"true","true","true",,,,,,,,,"REAR-RIGHT",,,,,,,,,,,,,,,,,,,,,,,,,,,,,,,,,
"753437","JC460654","2019-10-05T04:04:00","1","DRIVER",,"715724",,"HONDA","CIVIC",,,"UNKNOWN","PASSENGER","UNKNOWN/NA","E","STRAIGHT AHEAD",,,"1",,,,,,,,,,,,,,,"true",,,"TOTAL (ALL AREAS)",,,,,,,,,,,,,,,,,,,,,,,,,,,,,,,,,
"753438","JC460654","2019-10-05T04:04:00","2","DRIVER",,"715726",,"LINCOLN-CONTINENTAL","MKZ","IL","2018","NONE","PASSENGER","PERSONAL","E","STRAIGHT AHEAD",,,"1",,,,,,,,,"true",,,,,,,,,"REAR",,,,,,,,,,,,,,,,,,,,,,,,,,,,,,,,,
"753604","JC460871","2019-10-05T04:00:00","1","DRIVER",,"715864",,"UNKNOWN","UNKNOWN",,,"UNKNOWN","UNKNOWN/NA","UNKNOWN/NA","W","UNKNOWN/NA",,,"1",,,,,"true",,,,,,,,,,,"true",,"FRONT",,,,,,,,,,,,,,,,,,,,,,,,,,,,,,,,,
"754135","JC460652","2019-10-05T03:40:00","1","DRIVER",,"716366",,"UNKNOWN","UNKNOWN",,,"UNKNOWN","UNKNOWN/NA","UNKNOWN/NA","N","UNKNOWN/NA",,,"1",,,,,,,,,,,,,,,,,"true","UNKNOWN",,,,,,,,,,,,,,,,,,,,,,,,,,,,,,,,,
"754136","JC460652","2019-10-05T03:40:00","2","PARKED",,"716369",,"CHRYSLER","300","IL",,"NONE","PASSENGER","PERSONAL","N","PARKED",,,"0",,,,,,,,,"true","true","true",,,,,,,"REAR-LEFT",,,,,,,,,,,,,,,,,,,,,,,,,,,,,,,,,
"753690","JC461084","2019-10-05T03:30:00","1","DRIVER",,"715950",,"UNKNOWN","UNKNOWN",,,"UNKNOWN","UNKNOWN/NA","UNKNOWN/NA","UNKNOWN","UNKNOWN/NA",,,"1",,,,,,,,,,,,,,,,,"true","UNKNOWN",,,,,,,,,,,,,,,,,,,,,,,,,,,,,,,,,
"753691","JC461084","2019-10-05T03:30:00","2","PARKED",,"715969",,"VOLKSWAGEN","UNKNOWN","IL","2013","UNKNOWN","PASSENGER","PERSONAL","E","PARKED",,,"0",,,,,"false","true","true",,,,,,,,,,,"SIDE-RIGHT",,,,,,,,,,,,,,,,,,,,,,,,,,,,,,,,,
"753429","JC460641","2019-10-05T03:26:00","1","DRIVERLESS",,"715713",,"LEXUS","IS300","IL","2019","UNKNOWN","PASSENGER","UNKNOWN/NA","SW","UNKNOWN/NA","true",,"0",,"streets and sanitation","103rd and doty",,"true",,,,,,,,,,"true","true",,"OTHER",,,,,,,,,,,,,,,,,,,,,,,,,,,,,,,,,
"753422","JC460629","2019-10-05T03:19:00","1","DRIVER",,"715703",,"NISSAN","SENTRA (DATSUN AND NISSAN HAVE MERGED)","IN","2012","NONE","PASSENGER","PERSONAL","S","SLOW/STOP IN TRAFFIC","true",,"1",,"HERREAS",,,"true",,,,,,,,,,"true","true",,"OTHER",,,,,,,,,,,,,,,,,,,,,,,,,,,,,,,,,
"753452","JC460679","2019-10-05T03:15:00","1","DRIVER",,"715736",,"UNKNOWN","UNKNOWN","IL",,"UNKNOWN","UNKNOWN/NA","UNKNOWN/NA","E","UNKNOWN/NA",,,"1",,,,,,,,,,,,,,,,"true","false","UNKNOWN",,,,,,,,,,,,,,,,,,,,,,,,,,,,,,,,,
"753453","JC460679","2019-10-05T03:15:00","2","PARKED",,"715737",,"ACURA","ACURA","IL","2010","NONE","PASSENGER","PERSONAL","E","PARKED",,,"0",,,,,,,,,,"true",,,,,,,,"REAR-LEFT",,,,,,,,,,,,,,,,,,,,,,,,,,,,,,,,,
"753443","JC460647","2019-10-05T03:15:00","1","DRIVER",,"715729",,"JEEP","Grand Cherokee (for vehicle years 1989 to present)","IL","2015","UNKNOWN","PASSENGER","PERSONAL","W","STRAIGHT AHEAD",,,"1",,,,,"true","true",,,,,,,,,,,,"FRONT",,,,,,,,,,,,,,,,,,,,,,,,,,,,,,,,,
"753444","JC460647","2019-10-05T03:15:00","2","PARKED",,"715731",,"CADILLAC","UNKNOWN","IL","2008","NONE","PASSENGER","PERSONAL","W","PARKED",,,"0",,,,,,,,,,,,,"true","true",,,,"UNKNOWN",,,,,,,,,,,,,,,,,,,,,,,,,,,,,,,,,
"753445","JC460647","2019-10-05T03:15:00","3","PARKED",,"715733",,"SATURN","UNKNOWN","IL","2009","NONE","PASSENGER","PERSONAL","W","PARKED",,,"0",,,,,,,,,,,,,"true",,,,,"UNKNOWN",,,,,,,,,,,,,,,,,,,,,,,,,,,,,,,,,
"753428","JC460632","2019-10-05T03:15:00","1","DRIVER",,"715709",,"FORD","ESCAPE (SUV)","IL","2008","NONE","PASSENGER","PERSONAL","W","UNKNOWN/NA","true",,"1",,"ER TOWING","103 DOTY AVE",,,,,,,,,,,,,"true",,"OTHER",,,,,,,,,,,,,,,,,,,,,,,,,,,,,,,,,
"753432","JC460633","2019-10-05T03:13:00","1","DRIVER",,"715719",,"TOYOTA MOTOR COMPANY, LTD.","Prius","IL","2009","UNKNOWN","PASSENGER","PERSONAL","S","STRAIGHT AHEAD","true",,"1",,"private","unknown",,"true",,,,,,,,,,"true","true",,"OTHER",,,,,,,,,,,,,,,,,,,,,,,,,,,,,,,,,
"753433","JC460633","2019-10-05T03:13:00","2","DRIVER",,"715722",,"NISSAN","NISSAN ALTIMA","IL","2005","UNKNOWN","PASSENGER","PERSONAL","E","STRAIGHT AHEAD","true",,"1",,"Private Tow","unknown",,"false","false","false",,,,,"true","true","true","true",,,"ROOF",,,,,,,,,,,,,,,,,,,,,,,,,,,,,,,,,
"753975","JC460640","2019-10-05T03:10:00","1","DRIVER",,"718810",,"NISSAN","ROGUE","IL","2016","NONE","PASSENGER","PERSONAL","S","STRAIGHT AHEAD","true",,"1",,"five star towing","5601 W Hirsch, Chicago",,"true","true",,,,,,,,,,"true",,"FRONT",,,,,,,,,,,,,,,,,,,,,,,,,,,,,,,,,
"753976","JC460640","2019-10-05T03:10:00","2","PARKED",,"718817",,"HONDA","HONDA","IL","2007","NONE","PASSENGER","PERSONAL","S","PARKED",,,"0",,,,,,,,,,,,,"true","true","true",,,"UNDER CARRIAGE",,,,,,,,,,,,,,,,,,,,,,,,,,,,,,,,,
"753977","JC460640","2019-10-05T03:10:00","3","PARKED",,"718846",,"JEEP","CHEROKEE","IL","1999","UNKNOWN","PASSENGER","NOT IN USE","S","PARKED",,,"0",,,,,,,,,,"true","true","true",,,"true","true",,"SIDE-LEFT",,,,,,,,,,,,,,,,,,,,,,,,,,,,,,,,,
"753978","JC460640","2019-10-05T03:10:00","4","PARKED",,"718850",,"HONDA","CIVIC","IL","2002","UNKNOWN","PASSENGER","NOT IN USE","S","PARKED",,,"0",,,,,,,,,"true","true","true",,,,,,,"REAR-LEFT",,,,,,,,,,,,,,,,,,,,,,,,,,,,,,,,,
"755494","JC463291","2019-10-05T03:00:00","1","DRIVER",,"717641",,"UNKNOWN","UNKNOWN","IL",,"UNKNOWN","UNKNOWN/NA","UNKNOWN/NA","S","STRAIGHT AHEAD",,,"1",,,,,,,,,,,,,,,,,,"UNKNOWN",,,,,,,,,,,,,,,,,,,,,,,,,,,,,,,,,
"755495","JC463291","2019-10-05T03:00:00","2","PARKED",,"717643",,"JEEP","CHEROKEE","IL","2016","NONE","PASSENGER","NOT IN USE","S","PARKED",,,"0",,,,,,,,,,,,,,,"true",,,"TOTAL (ALL AREAS)",,,,,,,,,,,,,,,,,,,,,,,,,,,,,,,,,
"753427","JC460617","2019-10-05T02:53:00","1","DRIVER",,"715705",,"FORD","Focus","IL","2016","UNKNOWN","PASSENGER","UNKNOWN/NA","S","UNKNOWN/NA","true",,"1",,"city of chicago","300 e lower wacker",,"true",,,,"true",,"true","true","true","true","true",,,"FRONT",,,,,,,,,,,,,,,,,,,,,,,,,,,,,,,,,
"753528","JC460813","2019-10-05T02:26:00","1","DRIVER",,"715795",,"PONTIAC","GRAND PRIX","IL",,"UNKNOWN","UNKNOWN/NA","UNKNOWN/NA","S","UNKNOWN/NA",,,"1",,,,,,,,,,,,,,,,,,"UNKNOWN",,,,,,,,,,,,,,,,,,,,,,,,,,,,,,,,,
"753529","JC460813","2019-10-05T02:26:00","2","PARKED",,"715791",,"FORD","ESCAPE (SUV)","IL","2018","UNKNOWN","SPORT UTILITY VEHICLE (SUV)","PERSONAL","S","PARKED",,,"0",,,,,"true",,,,,"true","true",,,,,"true",,"REAR-LEFT",,,,,,,,,,,,,,,,,,,,,,,,,,,,,,,,,
"753410","JC460611","2019-10-05T02:21:00","1","DRIVER",,"715696",,"LINCOLN-CONTINENTAL","MKX","IL","2016","NONE","PASSENGER","PERSONAL","NE","TURNING RIGHT",,,"1",,,,,,"true","true","true",,,,,,,,,,"SIDE-RIGHT",,,,,,,,,,,,,,,,,,,,,,,,,,,,,,,,,
"753411","JC460611","2019-10-05T02:21:00","2","DRIVER",,"715697",,"NISSAN","VERSA","IL","2012","NONE","PASSENGER","PERSONAL","NE","STRAIGHT AHEAD","true",,"1",,"owner",,,,,,,,,,,,"true","true","true",,"ROOF",,,,,,,,,,,,,,,,,,,,,,,,,,,,,,,,,
"753416","JC460609","2019-10-05T02:20:00","1","DRIVER",,"715702",,"UNKNOWN","UNKNOWN","IL",,"UNKNOWN","UNKNOWN/NA","UNKNOWN/NA","S","UNKNOWN/NA",,,"1",,,,,,,,,,,,,,,,,"true","UNKNOWN",,,,,,,,,,,,,,,,,,,,,,,,,,,,,,,,,
"753417","JC460609","2019-10-05T02:20:00","2","PARKED",,"715704",,"CHEVROLET","CHEVROLET-TRUCK,VAN,SUV,ETC","IL","2003","UNKNOWN","PICKUP","PERSONAL","S","PARKED",,,"0",,,,,,,,,,,,,,,,"true",,"FRONT-RIGHT",,,,,,,,,,,,,,,,,,,,,,,,,,,,,,,,,
"753418","JC460609","2019-10-05T02:20:00","3","PARKED",,"715707",,"JEEP","CHEROKEE","IL","2017","UNKNOWN","PASSENGER","PERSONAL","S","STRAIGHT AHEAD",,,"0",,,,,"true",,,,,,"true","true","true","true","true","true",,"UNDER CARRIAGE",,,,,,,,,,,,,,,,,,,,,,,,,,,,,,,,,
"753419","JC460609","2019-10-05T02:20:00","4","PARKED",,"715712",,"HONDA","CIVIC","IL","2011","UNKNOWN","PASSENGER","PERSONAL","S","PARKED",,,"0",,,,,,,,,"true","true","true",,,,,,,"REAR-LEFT",,,,,,,,,,,,,,,,,,,,,,,,,,,,,,,,,
"753434","JC460604","2019-10-05T02:20:00","1","DRIVER",,"715720",,"UNKNOWN","UNKNOWN",,,"UNKNOWN","UNKNOWN/NA","UNKNOWN/NA","W","UNKNOWN/NA",,,"1",,,,,"true","true",,,,,,,,,"true","true",,"FRONT",,,,,,,,,,,,,,,,,,,,,,,,,,,,,,,,,
"753435","JC460604","2019-10-05T02:20:00","2","PARKED",,"715721",,"TOYOTA MOTOR COMPANY, LTD.","COROLLA","IL","2016","NONE","PASSENGER","NOT IN USE","W","PARKED","true",,"0",,,,,"true","true","true","true","true","true","true","true","true","true","true","true",,"FRONT-LEFT",,,,,,,,,,,,,,,,,,,,,,,,,,,,,,,,,
"753436","JC460604","2019-10-05T02:20:00","3","PARKED",,"715723",,"HONDA","CIVIC","IL","2006","UNKNOWN","PASSENGER","NOT IN USE","W","PARKED",,,"0",,,,,,,,"true","true","true","true","true",,,,,,"REAR-LEFT",,,,,,,,,,,,,,,,,,,,,,,,,,,,,,,,,
"753412","JC460608","2019-10-05T01:45:00","1","DRIVER",,"715701",,"HONDA","Odyssey (minivan)","IL","2002","UNKNOWN","VAN/MINI-VAN","UNKNOWN/NA","W","STRAIGHT AHEAD","true",,"1",,"city of chicago","10300 s doty",,"true","true","true","true","true",,,,,"true","true","true",,"TOTAL (ALL AREAS)",,,,,,,,,,,,,,,,,,,,,,,,,,,,,,,,,
"753413","JC460608","2019-10-05T01:45:00","2","DRIVER",,"715708",,"VOLKSWAGEN","PASSAT","IL","2017","NONE","PASSENGER","PERSONAL","E","STRAIGHT AHEAD","true",,"1",,"a excellance","unknown",,,,,,,"true","true","true","true","true","true","true",,"TOTAL (ALL AREAS)",,,,,,,,,,,,,,,,,,,,,,,,,,,,,,,,,
"753414","JC460608","2019-10-05T01:45:00","3","PARKED",,"715715",,"TOYOTA MOTOR COMPANY, LTD.","COROLLA","IL","2000","UNKNOWN","PASSENGER","NOT IN USE","W","PARKED","true",,"0",,"city of chicago","10300 s doty",,,,,,"true",,"true","true","true","true","true","true",,"SIDE-LEFT",,,,,,,,,,,,,,,,,,,,,,,,,,,,,,,,,
"753415","JC460608","2019-10-05T01:45:00","4","PARKED",,"715718",,"JEEP","UNKNOWN","IL","2007","UNKNOWN","PASSENGER","NOT IN USE","W","PARKED","true",,"0",,"city of chicago","10300 s doty",,,,,,,"true",,,,,,,,"REAR-LEFT",,,,,,,,,,,,,,,,,,,,,,,,,,,,,,,,,
"753404","JC460596","2019-10-05T01:45:00","1","DRIVER",,"715691",,"UNKNOWN","UNKNOWN",,,"UNKNOWN","SPORT UTILITY VEHICLE (SUV)","UNKNOWN/NA","N","STRAIGHT AHEAD",,,"1",,,,,,,,,,,,,,,,,"true","UNKNOWN",,,,,,,,,,,,,,,,,,,,,,,,,,,,,,,,,
"753405","JC460596","2019-10-05T01:45:00","2","DRIVER",,"715692",,"CHEVROLET","MALIBU (CHEVELLE)","IL","2016","NONE","PASSENGER","PERSONAL","S","STRAIGHT AHEAD",,,"1",,,,,,,,"true","true",,,,,,,,,"REAR-RIGHT",,,,,,,,,,,,,,,,,,,,,,,,,,,,,,,,,
"753423","JC460588","2019-10-05T01:37:00","1","DRIVER",,"715706",,"CHEVROLET","IMPALA","IL","2007","UNKNOWN","PASSENGER","PERSONAL","W","STRAIGHT AHEAD","true",,"1",,,,,"true","true",,,,,,,,,"true","true",,"FRONT",,,,,,,,,,,,,,,,,,,,,,,,,,,,,,,,,
"753424","JC460588","2019-10-05T01:37:00","2","PARKED",,"715710",,"TOYOTA MOTOR COMPANY, LTD.","T-100","IL","1997","UNKNOWN","PICKUP","PERSONAL","W","PARKED",,,"0",,,,,,,,,,"true","true","true",,,,"true",,"SIDE-LEFT",,,,,,,,,,,,,,,,,,,,,,,,,,,,,,,,,
"753425","JC460588","2019-10-05T01:37:00","3","PARKED",,"715714",,"DODGE","JOURNEY","IL","2017","UNKNOWN","PASSENGER","PERSONAL","W","PARKED",,,"0",,,,,"true",,,,"true","true","true",,,,"true","true",,"REAR-LEFT",,,,,,,,,,,,,,,,,,,,,,,,,,,,,,,,,
"753426","JC460588","2019-10-05T01:37:00","4","PARKED",,"715716",,"DODGE","GRAND CARAVAN","IL","2017","UNKNOWN","VAN/MINI-VAN","PERSONAL","W","PARKED",,,"0",,,,,,,,,"true","true","true",,,,,,,"REAR-LEFT",,,,,,,,,,,,,,,,,,,,,,,,,,,,,,,,,
"753420","JC460599","2019-10-05T01:19:00","1","DRIVER",,"715711",,"JEEP","UNKNOWN","IL","2019","UNKNOWN","PASSENGER","PERSONAL","S","TURNING LEFT",,,"1",,,,,"true","true",,,,,,,,,,,,"FRONT",,,,,,,,,,,,,,,,,,,,,,,,,,,,,,,,,
"753421","JC460599","2019-10-05T01:19:00","2","DRIVER",,"715717",,"FORD","Focus","IL","2014","UNKNOWN","PASSENGER","PERSONAL","W","STRAIGHT AHEAD",,,"1",,,,,,,,,,,,,"true","true","true",,,"TOTAL (ALL AREAS)",,,,,,,,,,,,,,,,,,,,,,,,,,,,,,,,,
"754344","JC462091","2019-10-05T01:00:00","1","DRIVER",,"716558",,"UNKNOWN","UNKNOWN",,,"UNKNOWN","UNKNOWN/NA","UNKNOWN/NA","UNKNOWN","UNKNOWN/NA",,,"1",,,,,,,,,,,,,,,,,,"UNKNOWN",,,,,,,,,,,,,,,,,,,,,,,,,,,,,,,,,
"754345","JC462091","2019-10-05T01:00:00","2","PARKED",,"716562",,"ACURA","ACURA","IL",,"UNKNOWN","PASSENGER","PERSONAL","N","PARKED",,,"0",,,,,,,"true",,,,"true","true","true",,,"true",,"FRONT-LEFT",,,,,,,,,,,,,,,,,,,,,,,,,,,,,,,,,
"754346","JC462091","2019-10-05T01:00:00","3","PARKED",,"716567",,"FORD","EDGE","IL","2010","UNKNOWN","PASSENGER","PERSONAL","N","PARKED",,,"0",,,,,,,,,"true","true","true","true",,,,,,"REAR-LEFT",,,,,,,,,,,,,,,,,,,,,,,,,,,,,,,,,
"754374","JC460555","2019-10-05T00:30:00","1","DRIVER",,"716577",,"BUICK","VERANO","IL","2014","NONE","PASSENGER","PERSONAL","N","PASSING/OVERTAKING",,,"1",,,,,,,,,,,,,,,"false",,,"TOTAL (ALL AREAS)",,,,,,,,,,,,,,,,,,,,,,,,,,,,,,,,,
"754375","JC460555","2019-10-05T00:30:00","2","DRIVER",,"716578",,"INFINITI","UNKNOWN","IL","2013","NONE","PASSENGER","PERSONAL","N","STRAIGHT AHEAD",,,"1",,,,,"true","true",,,"false",,,,,,,,,"FRONT",,,,,,,,,,,,,,,,,,,,,,,,,,,,,,,,,
"753406","JC460546","2019-10-05T00:27:00","1","DRIVER",,"715693",,"TOYOTA MOTOR COMPANY, LTD.","RAV4 (sport utility)","IL","2015","NONE","PASSENGER","PERSONAL","W","TURNING RIGHT",,,"1",,,,"true",,,,,,,,,,,,,,"FRONT",,,,,,,,,,,,,,,,,,,,,,,,,,,,,,,,,
"753407","JC460546","2019-10-05T00:27:00","2","PEDESTRIAN",,,,,,,,,,,,,,,,,,,,,,,,,,,,,,,,,,,,,,,,,,,,,,,,,,,,,,,,,,,,,,,,,,
"753380","JC460542","2019-10-05T00:25:00","1","DRIVER",,"715670",,"HONDA","CIVIC",,"2010","NONE","PASSENGER","PERSONAL","E","STRAIGHT AHEAD",,,"1",,,,"true",,,,,,,,,,,,,,"NONE",,,,,,,,,,,,,,,,,,,,,,,,,,,,,,,,,
"753381","JC460542","2019-10-05T00:25:00","2","DRIVER",,"715674",,"HONDA","CIVIC",,"2004","NONE","PASSENGER","PERSONAL","NE","STRAIGHT AHEAD",,,"1",,,,,,,,,,,,,,,"true",,,"TOTAL (ALL AREAS)",,,,,,,,,,,,,,,,,,,,,,,,,,,,,,,,,
"753390","JC460525","2019-10-05T00:05:00","1","DRIVER",,"715682",,"LEXUS","IS250","IL","2013","UNKNOWN","PASSENGER","PERSONAL","N","STRAIGHT AHEAD",,,"1",,,,,,,,,,,,,,,,"true",,"OTHER",,,,,,,,,,,,,,,,,,,,,,,,,,,,,,,,,
"753391","JC460525","2019-10-05T00:05:00","2","DRIVER",,"715684",,"TOYOTA MOTOR COMPANY, LTD.","CAMRY","IL","2013","NONE","PASSENGER","UNKNOWN/NA","N","SLOW/STOP IN TRAFFIC",,,"1",,,,,,,,,,"true",,,,,,,,"REAR-LEFT",,,,,,,,,,,,,,,,,,,,,,,,,,,,,,,,,
"753649","JC461023","2019-10-05T00:01:00","1","DRIVER",,"715901",,"UNKNOWN","UNKNOWN",,,"UNKNOWN","UNKNOWN/NA","UNKNOWN/NA","UNKNOWN","UNKNOWN/NA",,,"1",,,,,,,,,,,,,,,,,"true","UNKNOWN",,,,,,,,,,,,,,,,,,,,,,,,,,,,,,,,,
"753650","JC461023","2019-10-05T00:01:00","2","PARKED",,"715902",,"HONDA","Pilot","IL","2019","NONE","PASSENGER","PERSONAL","E","PARKED",,,"0",,,,,,,,,,,"true","true","true","true","false",,,"FRONT-LEFT",,,,,,,,,,,,,,,,,,,,,,,,,,,,,,,,,
"753544","JC460829","2019-10-05T00:00:00","1","DRIVER",,"715803",,"UNKNOWN","UNKNOWN",,,"UNKNOWN","UNKNOWN/NA","UNKNOWN/NA","S","STRAIGHT AHEAD",,,"1",,,,,"true",,,,,,,,,,,,,"FRONT",,,,,,,,,,,,,,,,,,,,,,,,,,,,,,,,,
"753545","JC460829","2019-10-05T00:00:00","2","PARKED",,"715808",,"MITSUBISHI","Outlander","IL","2016","NONE","PASSENGER","PERSONAL","S","PARKED",,,"0",,,,,,,,,,"true","true",,,,,,,"SIDE-LEFT",,,,,,,,,,,,,,,,,,,,,,,,,,,,,,,,,
"753394","JC460536","2019-10-04T23:57:00","1","DRIVER",,"715683","true","FREIGHTLINER CORP.","FREIGHTLINER CORP.","IL","2016","NONE","TRACTOR W/ SEMI-TRAILER","COMMERCIAL - MULTI-UNIT","N","TURNING RIGHT",,,"1",,,,,,,"true","true","true",,,,,,,,,"SIDE-RIGHT","8340","0191496",,,,,"CARDINAL LOGISTICS MANAGEMENT CORPORATION","IL","ST CHARLES","true","CORROSIVE",,"N","N",,"N",,"N","N",,,,,"53",,,"2","TRACTOR/SEMI-TRAILER","VAN/ENCLOSED BOX","OTHER","false","false","CORROSIVE"
"753376","JC460521","2019-10-04T23:49:00","1","DRIVER","1","715666",,"BUICK","UNKNOWN","IL","2002","UNKNOWN","UNKNOWN/NA","UNKNOWN/NA","W","STRAIGHT AHEAD",,,"2",,,,,"true",,,,,,,,,,,"true",,"FRONT",,,,,,,,,,,,,,,,,,,,,,,,,,,,,,,,,
"753377","JC460521","2019-10-04T23:49:00","2","DRIVER","1","715669",,"GENERAL MOTORS CORP.","YUKON","IL","2009","NONE","PASSENGER","PERSONAL","W","STRAIGHT AHEAD",,,"2",,,,,,,,,,,"true",,,,,,,"SIDE-LEFT",,,,,,,,,,,,,,,,,,,,,,,,,,,,,,,,,
"753382","JC460520","2019-10-04T23:48:00","1","DRIVER","1","715676",,"HYUNDAI","ELANTRA","IL","2015","NONE","PASSENGER","PERSONAL","N","STRAIGHT AHEAD",,,"2",,,,,,,,,,,,,,,,"true",,"OTHER",,,,,,,,,,,,,,,,,,,,,,,,,,,,,,,,,
"753383","JC460520","2019-10-04T23:48:00","2","DRIVER","1","715681",,"CHEVROLET","IMPALA","IL","2017","NONE","PASSENGER","PERSONAL","N","SLOW/STOP IN TRAFFIC",,,"2",,,,,,,,,,"true",,,,,,,,"REAR-LEFT",,,,,,,,,,,,,,,,,,,,,,,,,,,,,,,,,
"753398","JC460506","2019-10-04T23:45:00","1","DRIVER","3","715688",,"CHEVROLET","BLAZER","IL","2004","UNKNOWN","SPORT UTILITY VEHICLE (SUV)","PERSONAL","S","TURNING ON RED","true",,"4",,"CITY TOW","10300 S DOTY",,,,,,,,,,,,,,,"FRONT",,,,,,,,,,,,,,,,,,,,,,,,,,,,,,,,,
"753374","JC460503","2019-10-04T23:35:00","1","DRIVER",,"715662",,"MAZDA","UNKNOWN","IL","2016","UNKNOWN","PASSENGER","UNKNOWN/NA","N","STRAIGHT AHEAD",,,"1",,,,,"true",,,,,,,,,,,"true",,"FRONT",,,,,,,,,,,,,,,,,,,,,,,,,,,,,,,,,
"753375","JC460503","2019-10-04T23:35:00","2","DRIVER",,"715664",,"LEXUS","UNKNOWN","IL","2007","UNKNOWN","PASSENGER","PERSONAL","W","STRAIGHT AHEAD",,,"1",,,,,,,,,,,,,,,"true","false",,"TOTAL (ALL AREAS)",,,,,,,,,,,,,,,,,,,,,,,,,,,,,,,,,
"753919","JC461454","2019-10-04T23:30:00","1","DRIVER","1","716168",,"NISSAN","Pathfinder","IL","2019","UNKNOWN","SPORT UTILITY VEHICLE (SUV)","PERSONAL","W","PASSING/OVERTAKING",,,"2",,,,,,,,,"true",,,,,,,,,"REAR",,,,,,,,,,,,,,,,,,,,,,,,,,,,,,,,,
"753920","JC461454","2019-10-04T23:30:00","2","DRIVER",,"716174",,"CHEVROLET","MALIBU (CHEVELLE)","IL","2001","UNKNOWN","PASSENGER","PERSONAL","W","STRAIGHT AHEAD",,,"1",,,,,,,,,,,,,,,"true",,,"TOTAL (ALL AREAS)",,,,,,,,,,,,,,,,,,,,,,,,,,,,,,,,,