"crash_unit_id","rd_no","crash_date","unit_no","unit_type","num_passengers","vehicle_id","cmrc_veh_i","make","model","lic_plate_state","vehicle_year","vehicle_defect","vehicle_type","vehicle_use","travel_direction","maneuver","towed_i","fire_i","occupant_cnt","exceed_speed_limit_i","towed_by","towed_to","area_00_i","area_01_i","area_02_i","area_03_i","area_04_i","area_05_i","area_06_i","area_07_i","area_08_i","area_09_i","area_10_i","area_11_i","area_12_i","area_99_i","first_contact_point","cmv_id","usdot_no","ccmc_no","ilcc_no","commercial_src","gvwr","carrier_name","carrier_state","carrier_city","hazmat_placards_i","hazmat_name","un_no","hazmat_present_i","hazmat_report_i","hazmat_report_no","mcs_report_i","mcs_report_no","hazmat_vio_cause_crash_i","mcs_vio_cause_crash_i","idot_permit_no","wide_load_i","trailer1_width","trailer2_width","trailer1_length","trailer2_length","total_vehicle_length","axle_cnt","vehicle_config","cargo_body_type","load_type","hazmat_out_of_service_i","mcs_out_of_service_i","hazmat_class"
"753782","JC461220","2019-10-04T23:30:00","1","DRIVER",,"716041",,"UNKNOWN","UNKNOWN",,,"UNKNOWN","UNKNOWN/NA","UNKNOWN/NA","UNKNOWN","UNKNOWN/NA",,,"1",,,,,,,,,,,,,,,,,"true","UNKNOWN",,,,,,,,,,,,,,,,,,,,,,,,,,,,,,,,,
"753783","JC461220","2019-10-04T23:30:00","2","PARKED",,"716039",,"CHEVROLET","CORVETTE","IL","2000","NONE","PASSENGER","PERSONAL","N","PARKED",,,"0",,,,,"true",,,,,,,,,,,,,"FRONT",,,,,,,,,,,,,,,,,,,,,,,,,,,,,,,,,
"753408","JC460477","2019-10-04T23:30:00","1","DRIVER",,"715695",,"NISSAN","SENTRA (DATSUN AND NISSAN HAVE MERGED)","IL","2019","UNKNOWN","PASSENGER","PERSONAL","SE","TURNING LEFT",,,"1",,,,,,,,,,,"false","true","true",,"false",,,"FRONT-LEFT",,,,,,,,,,,,,,,,,,,,,,,,,,,,,,,,,
"753409","JC460477","2019-10-04T23:30:00","2","DRIVER",,"715698",,"JEEP","CHEROKEE","IL","2015","UNKNOWN","PASSENGER","PERSONAL","W","STRAIGHT AHEAD",,,"1",,,,,"true","true",,"false","false",,,,,,,"true",,"FRONT-RIGHT",,,,,,,,,,,,,,,,,,,,,,,,,,,,,,,,,
"753378","JC460493","2019-10-04T23:15:00","1","DRIVER",,"715671",,"TOYOTA MOTOR COMPANY, LTD.","UNKNOWN","IL","2012","UNKNOWN","PASSENGER","PERSONAL","E","STRAIGHT AHEAD","true",,"1",,"unknown","unknown",,"true",,,,"true","true","true",,,"true","true","true",,"REAR",,,,,,,,,,,,,,,,,,,,,,,,,,,,,,,,,
"753379","JC460493","2019-10-04T23:15:00","2","DRIVER","1","715680",,"CHEVROLET","UNKNOWN","IL","2017","UNKNOWN","PASSENGER","PERSONAL","N","STRAIGHT AHEAD","true",,"2",,"unknown","unknown",,"true",,,,,,,,,,"true","true",,"OTHER",,,,,,,,,,,,,,,,,,,,,,,,,,,,,,,,,
"753360","JC460492","2019-10-04T23:10:00","1","DRIVER",,"715654",,"HYUNDAI","SONATA","IL","2013","UNKNOWN","PASSENGER","PERSONAL","W","STRAIGHT AHEAD",,,"1",,,,,,,,,,,,,,,,,,"OTHER",,,,,,,,,,,,,,,,,,,,,,,,,,,,,,,,,
"753361","JC460492","2019-10-04T23:10:00","2","DRIVER",,"715659",,"HONDA","CRV","IL","2019","UNKNOWN","PASSENGER","PERSONAL","W","STRAIGHT AHEAD",,,"1",,,,,,,,,,,,,,,,,,"REAR-LEFT",,,,,,,,,,,,,,,,,,,,,,,,,,,,,,,,,
"753439","JC460522","2019-10-04T23:06:00","1","DRIVER",,"715725",,"JEEP","Wrangler (for vehicle years 1989 to present)",,"2005","UNKNOWN","UNKNOWN/NA","UNKNOWN/NA","UNKNOWN","BACKING",,,"1",,,,,,,,,,,,,,,,,"true","UNKNOWN",,,,,,,,,,,,,,,,,,,,,,,,,,,,,,,,,
"753440","JC460522","2019-10-04T23:06:00","2","DRIVER",,"715727",,"MITSUBISHI","LANCER",,"2014","NONE","PASSENGER","PERSONAL","UNKNOWN","STRAIGHT AHEAD",,,"1",,,,,,,,,,,,,,,"true",,,"TOTAL (ALL AREAS)",,,,,,,,,,,,,,,,,,,,,,,,,,,,,,,,,
"753387","JC460491","2019-10-04T23:05:00","1","DRIVER",,"715675",,"FORD","ESCAPE (SUV)","IL",,"UNKNOWN","UNKNOWN/NA","UNKNOWN/NA","E","STRAIGHT AHEAD","true",,"1",,"CITY OF CHICAGO","CHICAGO LOT",,"true","true","true",,,,,,,,"true","true",,"FRONT",,,,,,,,,,,,,,,,,,,,,,,,,,,,,,,,,
"753393","JC460491","2019-10-04T23:05:00","2","PEDESTRIAN",,,,,,,,,,,,,,,,,,,,,,,,,,,,,,,,,,,,,,,,,,,,,,,,,,,,,,,,,,,,,,,,,,
"753358","JC460458","2019-10-04T22:50:00","1","DRIVER",,"715649",,"JEEP","PATRIOT","IL","2017","UNKNOWN","PASSENGER","PERSONAL","E","STRAIGHT AHEAD",,,"1",,,,,"true",,,,,,,,,,"true","true",,"OTHER",,,,,,,,,,,,,,,,,,,,,,,,,,,,,,,,,
"753359","JC460458","2019-10-04T22:50:00","2","DRIVER",,"715655",,"NISSAN","VERSA","IL","2007","UNKNOWN","PASSENGER","PERSONAL","E","SLOW/STOP IN TRAFFIC",,,"1",,,,,,,,,"true","true","true",,,,,,,"REAR-LEFT",,,,,,,,,,,,,,,,,,,,,,,,,,,,,,,,,
"753357","JC460455","2019-10-04T22:47:00","1","DRIVER",,"715652",,"DODGE","CARAVAN","IL","2000","BRAKES","VAN/MINI-VAN","PERSONAL","S","U-TURN","true",,"1",,,,,"true",,,,,,,,,"true","true","true",,"OTHER",,,,,,,,,,,,,,,,,,,,,,,,,,,,,,,,,
"753388","JC460488","2019-10-04T22:38:00","1","DRIVER","1","715678",,"DODGE","JOURNEY","IL","2012","NONE","PASSENGER","RIDESHARE SERVICE","S","OTHER",,,"2",,,,,,,,"true",,,,,,,,,,"REAR-RIGHT",,,,,,,,,,,,,,,,,,,,,,,,,,,,,,,,,
"753389","JC460488","2019-10-04T22:38:00","2","DRIVER","1","715685",,"PONTIAC","Aztek","IL","2004","NONE","PASSENGER","PERSONAL","S","AVOIDING VEHICLES/OBJECTS",,,"2",,,,,,,,,,,,"true",,,"true",,,"TOTAL (ALL AREAS)",,,,,,,,,,,,,,,,,,,,,,,,,,,,,,,,,
"755138","JC463702","2019-10-04T22:30:00","1","DRIVER",,"717291",,"UNKNOWN","UNKNOWN",,,"UNKNOWN","UNKNOWN/NA","UNKNOWN/NA","UNKNOWN","UNKNOWN/NA",,,"1",,,,,,,,,,,,,,,,,"true","UNKNOWN",,,,,,,,,,,,,,,,,,,,,,,,,,,,,,,,,
"755139","JC463702","2019-10-04T22:30:00","2","PARKED",,"717298",,"CHEVROLET","EQUINOX","IL","2014","NONE","PASSENGER","PERSONAL","E","PARKED",,,"0",,,,,,,,,,,,"true","true",,,,,"FRONT-LEFT",,,,,,,,,,,,,,,,,,,,,,,,,,,,,,,,,
"753345","JC460436","2019-10-04T22:30:00","1","DRIVER","1","715639",,"FORD","FUSION",,"2012","NONE","PASSENGER","PERSONAL","E","LEAVING TRAFFIC LANE TO PARK",,,"2",,,,,,,"true","true","true",,,,,,,,,"REAR",,,,,,,,,,,,,,,,,,,,,,,,,,,,,,,,,
"753346","JC460436","2019-10-04T22:30:00","2","PARKED",,"715643",,"GENERAL MOTORS CORP.","GENERAL MOTORS CORP.","IL","2007","UNKNOWN","PASSENGER","NOT IN USE","E","PARKED",,,"0",,,,,,,,,,,,,,,"true","true",,"TOTAL (ALL AREAS)",,,,,,,,,,,,,,,,,,,,,,,,,,,,,,,,,
"753347","JC460453","2019-10-04T22:15:00","1","DRIVER",,"715646",,"HYUNDAI","UNKNOWN","IL","2015","UNKNOWN","UNKNOWN/NA","UNKNOWN/NA","SE","UNKNOWN/NA",,,"1",,,,,,,,,,,,,,,,,"true","UNKNOWN",,,,,,,,,,,,,,,,,,,,,,,,,,,,,,,,,
"753348","JC460453","2019-10-04T22:15:00","2","DRIVER","1","715640",,"HONDA","Insight","IL","2010","NONE","PASSENGER","PERSONAL","SE","STRAIGHT AHEAD",,,"2",,,,,,,,,,,,"true","true",,,,,"ROOF",,,,,,,,,,,,,,,,,,,,,,,,,,,,,,,,,
"753399","JC460441","2019-10-04T22:15:00","1","DRIVER",,"715689",,"TOYOTA MOTOR COMPANY, LTD.","CAMRY","IL","2016","UNKNOWN","PASSENGER","PERSONAL","W","STRAIGHT AHEAD",,,"1",,,,,"true",,,,,,,,,,"true","true",,"OTHER",,,,,,,,,,,,,,,,,,,,,,,,,,,,,,,,,
"753400","JC460441","2019-10-04T22:15:00","2","DRIVER","1","715690",,"KIA MOTORS CORP","FORTE","XX","2016","UNKNOWN","UNKNOWN/NA","RIDESHARE SERVICE","W","SLOW/STOP IN TRAFFIC",,,"2",,,,,"true",,,,"true","true","true",,,,"true","true",,"REAR-LEFT",,,,,,,,,,,,,,,,,,,,,,,,,,,,,,,,,
"753401","JC460441","2019-10-04T22:15:00","3","DRIVER","1","715694",,"NISSAN","VERSA","IL","2018","NONE","PASSENGER","PERSONAL","W","SLOW/STOP IN TRAFFIC",,,"2",,,,,,,,,"true","true","true",,,,,,,"REAR-LEFT",,,,,,,,,,,,,,,,,,,,,,,,,,,,,,,,,
"753368","JC460421","2019-10-04T22:15:00","1","DRIVER",,"715651",,"CHEVROLET","MONTE CARLO","IL","2006","UNKNOWN","PASSENGER","PERSONAL","N","UNKNOWN/NA",,,"1",,,,,,,,,,,,,,,,,"true","UNKNOWN",,,,,,,,,,,,,,,,,,,,,,,,,,,,,,,,,
"753367","JC460421","2019-10-04T22:15:00","2","DRIVER",,"715656",,"JEEP","Grand Cherokee (for vehicle years 1989 to present)","IL","2014","NONE","PASSENGER","PERSONAL","N","STRAIGHT AHEAD",,,"1",,,,,,,,,"true",,,,,,,,,"REAR-RIGHT",,,,,,,,,,,,,,,,,,,,,,,,,,,,,,,,,
"753342","JC460437","2019-10-04T22:00:00","1","DRIVER",,"715636",,"HONDA","Insight","IL","2010","UNKNOWN","UNKNOWN/NA","UNKNOWN/NA","S","TURNING LEFT",,,"1",,,,,,,,,,,,,,,,,"true","TOTAL (ALL AREAS)",,,,,,,,,,,,,,,,,,,,,,,,,,,,,,,,,
"753343","JC460437","2019-10-04T22:00:00","2","DRIVER",,"715638",,"HYUNDAI","UNKNOWN","IL","2015","UNKNOWN","PASSENGER","UNKNOWN/NA","S","STRAIGHT AHEAD",,,"1",,,,,"true","true",,,,,,,,,,,,"FRONT",,,,,,,,,,,,,,,,,,,,,,,,,,,,,,,,,
"753349","JC460443","2019-10-04T21:40:00","1","DRIVER",,"715641",,"NISSAN","SENTRA (DATSUN AND NISSAN HAVE MERGED)","IL","2006","NONE","PASSENGER","PERSONAL","S","TURNING LEFT",,,"1",,,,,"true","true",,,,,,,,,,"true",,"FRONT",,,,,,,,,,,,,,,,,,,,,,,,,,,,,,,,,
"753350","JC460443","2019-10-04T21:40:00","2","DRIVER",,"715642",,"FORD","ESCAPE (SUV)","IL","2012","NONE","PASSENGER","PERSONAL","E","TURNING LEFT",,,"1",,,,,,,,,,,,,,"true","true",,,"TOTAL (ALL AREAS)",,,,,,,,,,,,,,,,,,,,,,,,,,,,,,,,,
"753934","JC461487","2019-10-04T21:32:00","1","DRIVER",,"716180",,"HYUNDAI","ELANTRA","IL","2017","NONE","PASSENGER","PERSONAL","N","STRAIGHT AHEAD",,,"1",,,,,,,,,,,,,,,,,"true","UNKNOWN",,,,,,,,,,,,,,,,,,,,,,,,,,,,,,,,,
"753935","JC461487","2019-10-04T21:32:00","2","PARKED","1","716184",,"HYUNDAI","Tiburon","IL","2005","NONE","PASSENGER","PERSONAL","N","PARKED",,,"1",,,,,,,,,,,,,,,,,,"REAR-LEFT",,,,,,,,,,,,,,,,,,,,,,,,,,,,,,,,,
"754521","JC462382","2019-10-04T21:30:00","1","DRIVER",,"716724",,"HONDA","CIVIC","IL",,"UNKNOWN","PASSENGER","PERSONAL","W","STRAIGHT AHEAD",,,"1",,,,,,,,,,,,,,,,"true",,"OTHER",,,,,,,,,,,,,,,,,,,,,,,,,,,,,,,,,
"754522","JC462382","2019-10-04T21:30:00","2","DRIVER",,"716734",,"TOYOTA MOTOR COMPANY, LTD.","Prius","IL",,"NONE","PASSENGER","PERSONAL","W","STRAIGHT AHEAD",,,"1",,,,,,,,,,"true",,,,,,,,"REAR-LEFT",,,,,,,,,,,,,,,,,,,,,,,,,,,,,,,,,
"753523","JC460808","2019-10-04T21:30:00","1","DRIVER",,"715788",,"TOYOTA MOTOR COMPANY, LTD.","COROLLA","IL","2011","UNKNOWN","PASSENGER","PERSONAL","S","U-TURN",,,"1",,,,,,,,,,,,,,,,"true",,"OTHER",,,,,,,,,,,,,,,,,,,,,,,,,,,,,,,,,
"753524","JC460808","2019-10-04T21:30:00","2","DRIVER",,"715792",,"HYUNDAI","ELANTRA","IL","2011","NONE","VAN/MINI-VAN","PERSONAL","N","STRAIGHT AHEAD",,,"1",,,,,,,,,,,,,,,"true",,,"TOTAL (ALL AREAS)",,,,,,,,,,,,,,,,,,,,,,,,,,,,,,,,,
"753340","JC460379","2019-10-04T21:10:00","1","DRIVER",,"715634",,"KAWASAKI MOTORS CORP.","KAWASAKI","IL","2010","UNKNOWN","MOTORCYCLE (OVER 150CC)","PERSONAL","E","STRAIGHT AHEAD",,,"1",,,,,,,,,,,"true","true","true","true","true","true",,"UNDER CARRIAGE",,,,,,,,,,,,,,,,,,,,,,,,,,,,,,,,,
"753341","JC460379","2019-10-04T21:10:00","2","DRIVER","1","715635",,"CHEVROLET","Avalanche","IL","2011","UNKNOWN","PASSENGER","PERSONAL","W","TURNING LEFT",,,"2",,,,,,,,,,,,,"true","true",,,,"ROOF",,,,,,,,,,,,,,,,,,,,,,,,,,,,,,,,,
"753326","JC460393","2019-10-04T21:09:00","1","DRIVER",,"715629",,"FORD","FUSION","IL","2016","NONE","PASSENGER","PERSONAL","W","PASSING/OVERTAKING",,,"1",,,,,,"true","true","true",,,,,,,,,,"SIDE-RIGHT",,,,,,,,,,,,,,,,,,,,,,,,,,,,,,,,,
"753327","JC460393","2019-10-04T21:09:00","2","DRIVER","1","715624",,"DODGE","CHARGER","IL","2016","NONE","PASSENGER","PERSONAL","S","TURNING LEFT",,,"2",,,,,,,,,,,,,,,,"true",,"OTHER",,,,,,,,,,,,,,,,,,,,,,,,,,,,,,,,,
"753330","JC460395","2019-10-04T21:05:00","1","DRIVER",,"715650",,"FORD","FUSION","IL",,"NONE","PASSENGER","PERSONAL","E","CHANGING LANES",,,"1",,,,,,,"true","true","true",,,,,,,,,"REAR-LEFT",,,,,,,,,,,,,,,,,,,,,,,,,,,,,,,,,
"753331","JC460395","2019-10-04T21:05:00","2","DRIVER",,"715658",,"TOYOTA MOTOR COMPANY, LTD.","CAMRY","IL","2011","NONE","PASSENGER","PERSONAL","E","STRAIGHT AHEAD",,,"1",,,,,,,,,,,,,,"true","true",,,"OTHER",,,,,,,,,,,,,,,,,,,,,,,,,,,,,,,,,
"753509","JC460766","2019-10-04T21:00:00","1","DRIVER",,"715776",,"HYUNDAI","Santa Fe","IL","2009","NONE","TRUCK - SINGLE UNIT","UNKNOWN/NA","S","MERGING",,,"1",,,,,,,,,,,,,,,,,,"ROOF",,,,,,,,,,,,,,,,,,,,,,,,,,,,,,,,,
"753510","JC460766","2019-10-04T21:00:00","2","DRIVER","2","715778",,"NISSAN","NISSAN ALTIMA","IL","2018","NONE","PASSENGER","PERSONAL","S","STRAIGHT AHEAD",,,"3",,,,,,"true","true","true",,,,,,,,,,"SIDE-RIGHT",,,,,,,,,,,,,,,,,,,,,,,,,,,,,,,,,
"753334","JC460408","2019-10-04T20:59:00","1","DRIVER",,"715631",,"CHEVROLET","EQUINOX","IL","2012","UNKNOWN","PASSENGER","PERSONAL","N","UNKNOWN/NA","true",,"1",,,,,"true",,,,,,,,,,"true","true",,"OTHER",,,,,,,,,,,,,,,,,,,,,,,,,,,,,,,,,
"753335","JC460408","2019-10-04T20:59:00","2","PARKED",,"715633",,"FORD","FORD-TRUCK,VAN,SUV, ETC","IL","1996","NONE","TRUCK - SINGLE UNIT","COMMERCIAL - SINGLE UNIT","N","PARKED",,,"0",,,,,,,,,,"true","true",,,,,,,"SIDE-LEFT",,,,,,,,,,,,,,,,,,,,,,,,,,,,,,,,,
"753321","JC460361","2019-10-04T20:55:00","1","DRIVER","1","715615",,"DODGE","UNKNOWN","IL","2010","NONE","PASSENGER","PERSONAL","W","PASSING/OVERTAKING",,,"2",,,,,"true","true",,,,,,,,,,,,"FRONT",,,,,,,,,,,,,,,,,,,,,,,,,,,,,,,,,
"753322","JC460361","2019-10-04T20:55:00","2","DRIVER",,"715625",,"FORD","Explorer","IL","2018","NONE","PASSENGER","POLICE","W","SLOW/STOP IN TRAFFIC",,,"2",,,,,,,,,,,,,,"true","true",,,"TOTAL (ALL AREAS)",,,,,,,,,,,,,,,,,,,,,,,,,,,,,,,,,
"753332","JC460359","2019-10-04T20:43:00","1","DRIVER",,"715628",,"HYUNDAI","TUCSON","IL","2018","UNKNOWN","PASSENGER","RIDESHARE SERVICE","N","STRAIGHT AHEAD",,,"2",,,,"true",,,,,,,,,,,,,,"OTHER",,,,,,,,,,,,,,,,,,,,,,,,,,,,,,,,,
"753333","JC460359","2019-10-04T20:43:00","2","PEDESTRIAN",,,,,,,,,,,,,,,,,,,,,,,,,,,,,,,,,,,,,,,,,,,,,,,,,,,,,,,,,,,,,,,,,,
"753328","JC460386","2019-10-04T20:35:00","1","DRIVER",,"715622","true","UNKNOWN","UNKNOWN","IL","2011","UNKNOWN","BUS UP TO 15 PASS.","UNKNOWN/NA","SW","TURNING RIGHT",,,"1",,,,,,,,,,,,,,,,,"true","UNKNOWN",,,,,,,,,,,,,,,,,,,,,,,,,,,,,,,,,
"753329","JC460386","2019-10-04T20:35:00","2","DRIVER",,"715626",,"FORD","ESCORT","IL","2018","NONE","PASSENGER","PERSONAL","S","STRAIGHT AHEAD",,,"1",,,,,"true","true",,,,,,,,,,,,"FRONT",,,,,,,,,,,,,,,,,,,,,,,,,,,,,,,,,
"753666","JC461081","2019-10-04T20:30:00","1","DRIVER",,"715926",,"TOYOTA MOTOR COMPANY, LTD.","CAMRY","IL","2000","NONE","PASSENGER","PERSONAL","S","STRAIGHT AHEAD",,,"1",,,,,"true",,,,,,,,,,,"true",,"OTHER",,,,,,,,,,,,,,,,,,,,,,,,,,,,,,,,,
"753667","JC461081","2019-10-04T20:30:00","2","PARKED",,"715931",,"HONDA","Odyssey (minivan)","IL","2005","NONE","PASSENGER","PERSONAL","S","PARKED",,,"0",,,,,,,,,,"true","true","true","true","true","true",,,"SIDE-LEFT",,,,,,,,,,,,,,,,,,,,,,,,,,,,,,,,,
"753336","JC460413","2019-10-04T20:30:00","1","DRIVER",,"715632",,"UNKNOWN","UNKNOWN","XX",,"UNKNOWN","PASSENGER","PERSONAL","W","STRAIGHT AHEAD",,,"1",,,,,"true",,,,,,,,,,"true","true",,"OTHER",,,,,,,,,,,,,,,,,,,,,,,,,,,,,,,,,
"753337","JC460413","2019-10-04T20:30:00","2","DRIVER",,"715630",,"NISSAN","NISSAN MAXIMA","IL","2011","NONE","PASSENGER","PERSONAL","S","STRAIGHT AHEAD","true",,"1",,"A&A  Towing&recovery",,,,,,,,,"false","false","true","true","true",,,"ROOF",,,,,,,,,,,,,,,,,,,,,,,,,,,,,,,,,
"753985","JC461546","2019-10-04T20:20:00","1","DRIVER",,"716222",,"HONDA","CIVIC","IL","2001","UNKNOWN","PASSENGER","PERSONAL","E","STRAIGHT AHEAD",,,"1",,,,,"true",,,,,,,,,,"true","true",,"OTHER",,,,,,,,,,,,,,,,,,,,,,,,,,,,,,,,,
"753986","JC461546","2019-10-04T20:20:00","2","DRIVER",,"716231",,"NISSAN","SENTRA (DATSUN AND NISSAN HAVE MERGED)","IL","2004","NONE","PASSENGER","PERSONAL","S","STRAIGHT AHEAD","true",,"1",,,,,"true","true","true",,,,,,,,,"false",,"FRONT",,,,,,,,,,,,,,,,,,,,,,,,,,,,,,,,,
"753987","JC461546","2019-10-04T20:20:00","3","DRIVER",,"716233",,"BUICK","ENCLAVE","IL","2008","NONE","SPORT UTILITY VEHICLE (SUV)","PERSONAL","N","STRAIGHT AHEAD",,,"1",,,,,,,,,,,,,,"false","true","true",,"TOTAL (ALL AREAS)",,,,,,,,,,,,,,,,,,,,,,,,,,,,,,,,,
"753728","JC461141","2019-10-04T20:20:00","1","DRIVER","2","715989",,"CHEVROLET","MALIBU (CHEVELLE)","IL","2006","UNKNOWN","PASSENGER","PERSONAL","N","UNKNOWN/NA",,,"3",,,,,,,,,,,,,,,,,"true","ROOF",,,,,,,,,,,,,,,,,,,,,,,,,,,,,,,,,
"753729","JC461141","2019-10-04T20:20:00","2","DRIVER","4","715978",,"HONDA","Odyssey (minivan)","IL","2014","NONE","VAN/MINI-VAN","PERSONAL","N","STRAIGHT AHEAD",,,"5",,,,,"true","true","true","true","true",,,,,,,,,"SIDE-RIGHT",,,,,,,,,,,,,,,,,,,,,,,,,,,,,,,,,
"753362","JC460494","2019-10-04T20:20:00","1","DRIVER",,"715653",,"CHEVROLET","UNKNOWN","IL","2008","UNKNOWN","VAN/MINI-VAN","UNKNOWN/NA","UNKNOWN","BACKING",,,"1",,,,,,,,,,,,,,,,,"true","REAR-LEFT",,,,,,,,,,,,,,,,,,,,,,,,,,,,,,,,,
"753363","JC460494","2019-10-04T20:20:00","2","PARKED",,"715657",,"LEXUS","IS350","IL","2014","UNKNOWN","PASSENGER","PERSONAL","UNKNOWN","PARKED",,,"0",,,,,,,,,"true",,,,,,,,,"REAR",,,,,,,,,,,,,,,,,,,,,,,,,,,,,,,,,
"753305","JC460306","2019-10-04T20:02:00","1","DRIVER",,"715600",,"UNKNOWN","UNKNOWN",,,"UNKNOWN","UNKNOWN/NA","UNKNOWN/NA","N","TURNING RIGHT",,,"1",,,,,,,,,,,,,,,,,"true","UNKNOWN",,,,,,,,,,,,,,,,,,,,,,,,,,,,,,,,,
"753306","JC460306","2019-10-04T20:02:00","2","PARKED",,"715605",,"CHEVROLET","MALIBU (CHEVELLE)","IL","2009","NONE","PASSENGER","PERSONAL","N","PARKED",,,"0",,,,,,,,,,,,,,,"true",,,"TOTAL (ALL AREAS)",,,,,,,,,,,,,,,,,,,,,,,,,,,,,,,,,
"753599","JC460965","2019-10-04T20:00:00","1","DRIVER",,"715860",,"DODGE","GRAND CARAVAN","IL","2000","UNKNOWN","VAN/MINI-VAN","UNKNOWN/NA","W","BACKING",,,"1",,,,,,,,,,"true",,,,,,,,"REAR-LEFT",,,,,,,,,,,,,,,,,,,,,,,,,,,,,,,,,
"753600","JC460965","2019-10-04T20:00:00","2","PARKED",,"715866",,"CHEVROLET","IMPALA","IL",,"UNKNOWN","PASSENGER","NOT IN USE","S","PARKED",,,"0",,,,,,,,,,,,,"true","true",,,,"ROOF",,,,,,,,,,,,,,,,,,,,,,,,,,,,,,,,,
"753299","JC460322","2019-10-04T20:00:00","1","DRIVER",,"715598",,"GENERAL MOTORS CORP.","UNKNOWN","IL","2004","UNKNOWN","PASSENGER","PERSONAL","E","PASSING/OVERTAKING",,,"1",,,,,"true",,,,,,,,,,,,,"FRONT",,,,,,,,,,,,,,,,,,,,,,,,,,,,,,,,,
"753300","JC460322","2019-10-04T20:00:00","2","PARKED",,"715601",,"HYUNDAI","Santa Fe","IL","2004","NONE","PASSENGER","PERSONAL","E","PARKED",,,"0",,,,,,,,,,,"true",,,,,,,"SIDE-LEFT",,,,,,,,,,,,,,,,,,,,,,,,,,,,,,,,,
"753297","JC460315","2019-10-04T19:59:00","1","DRIVER",,"715597",,"HYUNDAI","SONATA","IL","2016","UNKNOWN","PASSENGER","PERSONAL","N","STRAIGHT AHEAD",,,"1",,,,,"true","true","true",,,,,,,,,,,"OTHER",,,,,,,,,,,,,,,,,,,,,,,,,,,,,,,,,
"753298","JC460315","2019-10-04T19:59:00","2","DRIVER",,"715603",,"CHRYSLER","Sebring","IL","2010","UNKNOWN","PASSENGER","PERSONAL","W","STRAIGHT AHEAD","true",,"1",,"personal insurance",,,,,,,,,,,"true","true","true",,,"OTHER",,,,,,,,,,,,,,,,,,,,,,,,,,,,,,,,,
"753309","JC460323","2019-10-04T19:45:00","1","DRIVER","1","715606",,"CHEVROLET","IMPALA","IL","2011","NONE","PASSENGER","PERSONAL","W","CHANGING LANES",,,"2",,,,,"true",,,,,,,,,,,,,"FRONT",,,,,,,,,,,,,,,,,,,,,,,,,,,,,,,,,
"753308","JC460323","2019-10-04T19:45:00","2","DRIVER",,"715609","false","DODGE","GRAND CARAVAN","IL","2018","NONE","VAN/MINI-VAN","OTHER","W","STRAIGHT AHEAD","true",,"1",,"SELF TOW",,,,,,,,,,,,,"true",,,"TOTAL (ALL AREAS)",,,,,,,,,,,,,,,,,,,,,,,,,,,,,,,,,
"753312","JC460295","2019-10-04T19:45:00","1","DRIVER",,"715613",,"LAND ROVER","RANGE ROVER OF NORTH AMER","IL","2014","UNKNOWN","SPORT UTILITY VEHICLE (SUV)","PERSONAL","N","PASSING/OVERTAKING","true",,"1",,"personal tow",,,"true","true",,,,,,,,,,,,"FRONT",,,,,,,,,,,,,,,,,,,,,,,,,,,,,,,,,
"753313","JC460295","2019-10-04T19:45:00","2","DRIVER","1","715618",,"DODGE","CHARGER","IL","2006","UNKNOWN","PASSENGER","PERSONAL","N","SLOW/STOP IN TRAFFIC",,,"2",,,,,,,,,,,"true","true",,,,,,"FRONT-LEFT",,,,,,,,,,,,,,,,,,,,,,,,,,,,,,,,,
"753291","JC460287","2019-10-04T19:33:00","1","DRIVER",,"715589",,"TOYOTA MOTOR COMPANY, LTD.","COROLLA","IL","2015","NONE","PASSENGER","PERSONAL","E","SLOW/STOP IN TRAFFIC",,,"1",,,,,,,,,,,,,,,,,,"OTHER",,,,,,,,,,,,,,,,,,,,,,,,,,,,,,,,,
"753296","JC460287","2019-10-04T19:33:00","2","PEDESTRIAN",,,,,,,,,,,,,,,,,,,,,,,,,,,,,,,,,,,,,,,,,,,,,,,,,,,,,,,,,,,,,,,,,,
"754842","JC463139","2019-10-04T19:30:00","1","DRIVER",,"717024",,"AUDI","UNKNOWN","IL","2016","NONE","PASSENGER","PERSONAL","NW","TURNING LEFT",,,"1",,,,,,,,"true",,,,,,,,,,"REAR",,,,,,,,,,,,,,,,,,,,,,,,,,,,,,,,,
"754835","JC463139","2019-10-04T19:30:00","2","DRIVER",,"717036",,"TOYOTA MOTOR COMPANY, LTD.","COROLLA","IL","2017","NONE","PASSENGER","PERSONAL","NW","STRAIGHT AHEAD",,,"1",,,,,,,,,,,,,,,"true",,,"TOTAL (ALL AREAS)",,,,,,,,,,,,,,,,,,,,,,,,,,,,,,,,,
"753289","JC460291","2019-10-04T19:22:00","1","DRIVER",,"715586",,"CHEVROLET","UNKNOWN","IL",,"UNKNOWN","PASSENGER","UNKNOWN/NA","S","STARTING IN TRAFFIC",,,"1",,,,,,,,,,,,,,,,,,"UNKNOWN",,,,,,,,,,,,,,,,,,,,,,,,,,,,,,,,,