"crash_unit_id","rd_no","crash_date","unit_no","unit_type","num_passengers","vehicle_id","cmrc_veh_i","make","model","lic_plate_state","vehicle_year","vehicle_defect","vehicle_type","vehicle_use","travel_direction","maneuver","towed_i","fire_i","occupant_cnt","exceed_speed_limit_i","towed_by","towed_to","area_00_i","area_01_i","area_02_i","area_03_i","area_04_i","area_05_i","area_06_i","area_07_i","area_08_i","area_09_i","area_10_i","area_11_i","area_12_i","area_99_i","first_contact_point","cmv_id","usdot_no","ccmc_no","ilcc_no","commercial_src","gvwr","carrier_name","carrier_state","carrier_city","hazmat_placards_i","hazmat_name","un_no","hazmat_present_i","hazmat_report_i","hazmat_report_no","mcs_report_i","mcs_report_no","hazmat_vio_cause_crash_i","mcs_vio_cause_crash_i","idot_permit_no","wide_load_i","trailer1_width","trailer2_width","trailer1_length","trailer2_length","total_vehicle_length","axle_cnt","vehicle_config","cargo_body_type","load_type","hazmat_out_of_service_i","mcs_out_of_service_i","hazmat_class"
"753206","JC460134","2019-10-04T17:12:00","1","DRIVER",,"715507",,"HYUNDAI","UNKNOWN","IL","2016","UNKNOWN","PASSENGER","PERSONAL","S","MERGING",,,"1",,,,"true",,,,,,,,,,,,,,"REAR-LEFT",,,,,,,,,,,,,,,,,,,,,,,,,,,,,,,,,
"753207","JC460134","2019-10-04T17:12:00","2","PEDESTRIAN",,,,,,,,,,,,,,,,,,,,,,,,,,,,,,,,,,,,,,,,,,,,,,,,,,,,,,,,,,,,,,,,,,
"753175","JC460116","2019-10-04T17:09:00","1","BICYCLE",,,,,,,,,,,,,,,,,,,,,,,,,,,,,,,,,,,,,,,,,,,,,,,,,,,,,,,,,,,,,,,,,,
"753176","JC460116","2019-10-04T17:09:00","2","DRIVER","2","715486",,"MERCEDES-BENZ","UNKNOWN","IL","2005","NONE","PASSENGER","PERSONAL","E","SLOW/STOP IN TRAFFIC",,,"3",,,,,,,,,,,,,,,,"true",,"OTHER",,,,,,,,,,,,,,,,,,,,,,,,,,,,,,,,,
"753173","JC460140","2019-10-04T17:08:00","1","DRIVER",,"715479",,"LEXUS","ES350","IL","2015","UNKNOWN","PASSENGER","PERSONAL","S","STRAIGHT AHEAD",,,"1",,,,,"true",,,,,,,,,,,"true",,"FRONT-RIGHT",,,,,,,,,,,,,,,,,,,,,,,,,,,,,,,,,
"753174","JC460140","2019-10-04T17:08:00","2","DRIVER",,"715483",,"HYUNDAI","ELANTRA","IL","2012","NONE","PASSENGER","PERSONAL","S","STRAIGHT AHEAD",,,"1",,,,,,,,,,,,,"true",,,,,"ROOF",,,,,,,,,,,,,,,,,,,,,,,,,,,,,,,,,
"753230","JC460162","2019-10-04T17:05:00","1","DRIVER","1","715529",,"CHEVROLET","SPORTVAN","IL","1993","UNKNOWN","VAN/MINI-VAN","PERSONAL","S","TURNING LEFT",,,"2",,,,,,,,,"true",,,,,,,,,"REAR",,,,,,,,,,,,,,,,,,,,,,,,,,,,,,,,,
"753231","JC460162","2019-10-04T17:05:00","2","BICYCLE",,,,,,,,,,,,,,,,,,,,,,,,,,,,,,,,,,,,,,,,,,,,,,,,,,,,,,,,,,,,,,,,,,
"753267","JC460289","2019-10-04T17:00:00","1","DRIVER",,"715566",,"BUICK","BUICK","IL","2016","NONE","PASSENGER","PERSONAL","N","BACKING",,,"1",,,,,,,,,,"true","true",,,,,,,"REAR-LEFT",,,,,,,,,,,,,,,,,,,,,,,,,,,,,,,,,
"753268","JC460289","2019-10-04T17:00:00","2","DRIVER",,"715571",,"NISSAN","Pathfinder","IL","2014","NONE","PASSENGER","PERSONAL","N","STRAIGHT AHEAD",,,"1",,,,,,,,,,"false",,,,,"true","true",,"OTHER",,,,,,,,,,,,,,,,,,,,,,,,,,,,,,,,,
"753191","JC460165","2019-10-04T17:00:00","1","DRIVER",,"715505",,"NEW FLYER","NEW FLYER","IL","2006","NONE","BUS OVER 15 PASS.","CTA","N","STRAIGHT AHEAD",,,"1",,,,,,,,"true","true",,,,,,,,,"REAR-RIGHT",,,,,,,,,,,,,,,,,,,,,,,,,,,,,,,,,
"753192","JC460165","2019-10-04T17:00:00","2","PARKED",,"715488",,"SUBARU","UNKNOWN","IL","2015","NONE","SPORT UTILITY VEHICLE (SUV)","PERSONAL","N","PARKED",,,"0",,,,,,,,,,,,,,,"true",,,"TOTAL (ALL AREAS)",,,,,,,,,,,,,,,,,,,,,,,,,,,,,,,,,
"753183","JC460146","2019-10-04T17:00:00","1","DRIVER","1","715489",,"NISSAN","ROGUE","IL","2004","UNKNOWN","PASSENGER","PERSONAL","W","STRAIGHT AHEAD","true",,"2",,"municipal towing and recovery",,,"true",,,,,,,,,,"true","true",,"OTHER",,,,,,,,,,,,,,,,,,,,,,,,,,,,,,,,,
"753184","JC460146","2019-10-04T17:00:00","2","DRIVER",,"715501",,"HYUNDAI","SONATA","IL","2010","UNKNOWN","PASSENGER","PERSONAL","N","STRAIGHT AHEAD",,,"1",,,,,"true","true","true","true",,,,,,,,,,"SIDE-RIGHT",,,,,,,,,,,,,,,,,,,,,,,,,,,,,,,,,
"753228","JC460145","2019-10-04T17:00:00","1","DRIVER",,"715524",,"TOYOTA MOTOR COMPANY, LTD.","COROLLA","IL","2007","NONE","PASSENGER","PERSONAL","S","STRAIGHT AHEAD",,,"1",,,,,,,,,,,"true",,,,,,,"SIDE-LEFT",,,,,,,,,,,,,,,,,,,,,,,,,,,,,,,,,
"753229","JC460145","2019-10-04T17:00:00","2","DRIVER","1","715534",,"FORD","F450","IL","2015","NONE","TRUCK - SINGLE UNIT","OTHER","S","STRAIGHT AHEAD",,,"2",,,,,"true",,,,,,,,,,,,,"FRONT",,,,,,,,,,,,,,,,,,,,,,,,,,,,,,,,,
"753223","JC460141","2019-10-04T17:00:00","1","DRIVER",,"715519",,"CHRYSLER","TOWN & COUNTRY","IL","2012","NONE","VAN/MINI-VAN","PERSONAL","W","STRAIGHT AHEAD","true",,"1",,"owner","owner",,"true",,,,,,,,,,"true","true",,"OTHER",,,,,,,,,,,,,,,,,,,,,,,,,,,,,,,,,
"753224","JC460141","2019-10-04T17:00:00","2","DRIVER","1","715523",,"HONDA","CRV","IL","2010","NONE","SPORT UTILITY VEHICLE (SUV)","PERSONAL","W","STRAIGHT AHEAD","true",,"2",,"owner","owner",,,,,,"true","true","true",,,,,,,"REAR-LEFT",,,,,,,,,,,,,,,,,,,,,,,,,,,,,,,,,
"753225","JC460141","2019-10-04T17:00:00","3","DRIVER",,"715532",,"SATURN","Ion","IL","2004","NONE","PASSENGER","PERSONAL","W","STRAIGHT AHEAD",,,"1",,,,"true","false",,,,,,,,,,,,,,,,,,,,,,,,,,,,,,,,,,,,,,,,,,,,,,
"753253","JC459160","2019-10-04T16:51:00","1","DRIVER",,"715556",,"HONDA","ACCORD","IL","2000","UNKNOWN","PASSENGER","PERSONAL","W","STRAIGHT AHEAD",,,"1",,,,,,,,,,,,,,"false","true","true",,"TOTAL (ALL AREAS)",,,,,,,,,,,,,,,,,,,,,,,,,,,,,,,,,
"753254","JC459160","2019-10-04T16:51:00","2","DRIVER","1","715561",,"KIA MOTORS CORP","SORENTO","IL","2019","UNKNOWN","PASSENGER","PERSONAL","W","STRAIGHT AHEAD",,,"2",,,,,,,,"true","true",,,,,,,,,"REAR",,,,,,,,,,,,,,,,,,,,,,,,,,,,,,,,,
"753143","JC460091","2019-10-04T16:50:00","1","DRIVER",,"715447",,"NISSAN","SENTRA (DATSUN AND NISSAN HAVE MERGED)","IL","2016","NONE","PASSENGER","PERSONAL","W","CHANGING LANES",,,"1",,,,,,,,"true","true",,,,,,,,,"REAR-RIGHT",,,,,,,,,,,,,,,,,,,,,,,,,,,,,,,,,
"753144","JC460091","2019-10-04T16:50:00","2","DRIVER",,"715454",,"TOYOTA MOTOR COMPANY, LTD.","TOYOTA","IL","2009","NONE","PASSENGER","PERSONAL","W","STRAIGHT AHEAD",,,"1",,,,,"false",,,,,,,,,,"true","true",,"TOTAL (ALL AREAS)",,,,,,,,,,,,,,,,,,,,,,,,,,,,,,,,,
"753656","JC461056","2019-10-04T16:45:00","1","DRIVER",,"715920",,"SATURN","Vue",,"2004","NONE","SPORT UTILITY VEHICLE (SUV)","PERSONAL","E","SLOW/STOP IN TRAFFIC",,,"1",,,,,,,,,,,,,,,,"true",,"OTHER",,,,,,,,,,,,,,,,,,,,,,,,,,,,,,,,,
"753657","JC461056","2019-10-04T16:45:00","2","DRIVER",,"715916",,"TOYOTA MOTOR COMPANY, LTD.","RAV4 (sport utility)","IL","2004","NONE","SPORT UTILITY VEHICLE (SUV)","PERSONAL","E","SLOW/STOP IN TRAFFIC",,,"1",,,,,,,,,,"true",,,,,,,,"REAR-LEFT",,,,,,,,,,,,,,,,,,,,,,,,,,,,,,,,,
"753162","JC460158","2019-10-04T16:45:00","1","DRIVER",,"715469",,"CHEVROLET","CRUZE","IL","2013","UNKNOWN","PASSENGER","PERSONAL","E","STRAIGHT AHEAD",,,"1",,,,,,,,,,,,,,,,"true",,"OTHER",,,,,,,,,,,,,,,,,,,,,,,,,,,,,,,,,
"753163","JC460158","2019-10-04T16:45:00","2","DRIVER",,"715475",,"NISSAN","JUKE","IL","2013","NONE","PASSENGER","PERSONAL","W","STRAIGHT AHEAD",,,"1",,,,,,,,,,,,,,,,"true",,"OTHER",,,,,,,,,,,,,,,,,,,,,,,,,,,,,,,,,
"753169","JC460136","2019-10-04T16:45:00","1","PARKED","1","715478",,"NISSAN","Quest","IL","2000","NONE","VAN/MINI-VAN","PERSONAL","S","PARKED",,,"1",,,,,,,,,,,,,,"true",,,,"ROOF",,,,,,,,,,,,,,,,,,,,,,,,,,,,,,,,,
"753170","JC460136","2019-10-04T16:45:00","2","DRIVER",,"715480",,"HONDA","CRV","IL","2019","NONE","OTHER VEHICLE WITH TRAILER","PERSONAL","S","STRAIGHT AHEAD",,,"1",,,,,"true","true",,,,,,,,,,,,"FRONT",,,,,,,,,,,,,,,,,,,,,,,,,,,,,,,,,
"753154","JC460069","2019-10-04T16:43:00","1","DRIVER",,"715464",,"MITSUBISHI","Outlander","IL","2018","UNKNOWN","SPORT UTILITY VEHICLE (SUV)","PERSONAL","S","MERGING","true",,"1",,"private tow","unknown",,,,,,,,,,,"true","true","true",,"TOTAL (ALL AREAS)",,,,,,,,,,,,,,,,,,,,,,,,,,,,,,,,,
"753155","JC460069","2019-10-04T16:43:00","2","DRIVER",,"715474",,"SATURN","SL","IL","1996","UNKNOWN","PASSENGER","PERSONAL","NE","STRAIGHT AHEAD","true",,"1",,"private tow","unknown",,,,,,"false","true","true","true",,,,,,"FRONT-LEFT",,,,,,,,,,,,,,,,,,,,,,,,,,,,,,,,,
"753888","JC461429","2019-10-04T16:30:00","1","DRIVER",,"716138",,"UNKNOWN","UNKNOWN",,,"NONE","PASSENGER","PERSONAL","S","STRAIGHT AHEAD",,,"1",,,,,,,,,,,,,,,"true","true",,"TOTAL (ALL AREAS)",,,,,,,,,,,,,,,,,,,,,,,,,,,,,,,,,
"753889","JC461429","2019-10-04T16:30:00","2","DRIVER","1","716143",,"FORD","EXPLORER","IL","2003","NONE","PASSENGER","PERSONAL","S","STRAIGHT AHEAD",,,"2",,,,,"true","true",,,,,,,,,,"true",,"FRONT-RIGHT",,,,,,,,,,,,,,,,,,,,,,,,,,,,,,,,,
"753226","JC460186","2019-10-04T16:30:00","1","DRIVER",,"715515",,"UNKNOWN","UNKNOWN","IL",,"UNKNOWN","UNKNOWN/NA","UNKNOWN/NA","UNKNOWN","UNKNOWN/NA",,,"1",,,,,,,,,,,,,,,,,"true","UNKNOWN",,,,,,,,,,,,,,,,,,,,,,,,,,,,,,,,,
"753227","JC460186","2019-10-04T16:30:00","2","PARKED",,"715522",,"CHEVROLET","210 SERIES","IL","2014","NONE","PASSENGER","PERSONAL","N","PARKED","true",,"0",,"private tow",,,,,,,,,,,"true","true",,,,"ROOF",,,,,,,,,,,,,,,,,,,,,,,,,,,,,,,,,
"753181","JC460160","2019-10-04T16:30:00","1","DRIVER",,"715527",,"CHRYSLER","UNKNOWN","IL","2005","NONE","PASSENGER","PERSONAL","S","STRAIGHT AHEAD",,,"1",,,,,,,,,,,,,,,,,"true","OTHER",,,,,,,,,,,,,,,,,,,,,,,,,,,,,,,,,
"753182","JC460160","2019-10-04T16:30:00","2","DRIVER",,"715494",,"LINCOLN-CONTINENTAL","TOWNCAR","IL","2007","NONE","PASSENGER","PERSONAL","E","STRAIGHT AHEAD",,,"1",,,,,,,,,,,,,,,"true",,,"TOTAL (ALL AREAS)",,,,,,,,,,,,,,,,,,,,,,,,,,,,,,,,,
"753211","JC460156","2019-10-04T16:30:00","1","DRIVER",,"715514",,"ACURA (DIV. OF AMERICAN HONDA MOTOR CO.)","UNKNOWN",,,"UNKNOWN","UNKNOWN/NA","UNKNOWN/NA","E","STRAIGHT AHEAD",,,"1",,,,,,,,,,,,,,,,,,"UNKNOWN",,,,,,,,,,,,,,,,,,,,,,,,,,,,,,,,,
"753210","JC460156","2019-10-04T16:30:00","2","DRIVER",,"715511",,"ACURA (DIV. OF AMERICAN HONDA MOTOR CO.)","TL","IL","2016","NONE","PASSENGER","PERSONAL","S","STRAIGHT AHEAD","true",,"1",,"PRIVATE TOW",,,"true","true","true","true","true",,,,,,,,,"SIDE-RIGHT",,,,,,,,,,,,,,,,,,,,,,,,,,,,,,,,,
"753200","JC460114","2019-10-04T16:30:00","1","DRIVER","1","715497",,"NISSAN","ROGUE","IL","2018","UNKNOWN","PASSENGER","UNKNOWN/NA","N","STRAIGHT AHEAD",,,"2",,,,,,,,,,,,,,,,,"true","OTHER",,,,,,,,,,,,,,,,,,,,,,,,,,,,,,,,,
"753201","JC460114","2019-10-04T16:30:00","2","DRIVER","1","715508",,"AUDI","Q5","IL","2013","NONE","PASSENGER","PERSONAL","N","STRAIGHT AHEAD",,,"2",,,,,,,,,,"true",,,,,,,,"REAR-LEFT",,,,,,,,,,,,,,,,,,,,,,,,,,,,,,,,,
"753193","JC460051","2019-10-04T16:20:00","1","DRIVER",,"715499",,"FORD","F350","IL","2010","NONE","PICKUP","COMMERCIAL - SINGLE UNIT","S","STARTING IN TRAFFIC",,,"1",,,,"true",,,,,,,,,,,,,,"REAR-LEFT",,,,,,,,,,,,,,,,,,,,,,,,,,,,,,,,,
"753194","JC460051","2019-10-04T16:20:00","2","DRIVER",,"715510",,"BUICK","REGAL","IL","2012","NONE","PASSENGER","PERSONAL","S","SLOW/STOP IN TRAFFIC",,,"1",,,,,,,,,,,,,,,,"true",,"OTHER",,,,,,,,,,,,,,,,,,,,,,,,,,,,,,,,,
"753158","JC460106","2019-10-04T16:19:00","1","DRIVER",,"715467",,"LINCOLN-CONTINENTAL","MKZ","IL","2012","UNKNOWN","PASSENGER","PERSONAL","N","BACKING",,,"1",,,,,,,,,"true",,,,,,,,,"REAR",,,,,,,,,,,,,,,,,,,,,,,,,,,,,,,,,
"753159","JC460106","2019-10-04T16:19:00","2","DRIVER",,"715500",,"TOYOTA MOTOR COMPANY, LTD.","CAMRY","IL","2018","UNKNOWN","PASSENGER","PERSONAL","W","STRAIGHT AHEAD",,,"1",,,,,,,,,,,"true","true","true","true","false",,,"ROOF",,,,,,,,,,,,,,,,,,,,,,,,,,,,,,,,,
"753152","JC460083","2019-10-04T16:15:00","1","DRIVER",,"715459",,"UNKNOWN","UNKNOWN","XX","2000","UNKNOWN","UNKNOWN/NA","UNKNOWN/NA","UNKNOWN","UNKNOWN/NA",,,"1",,,,,,,,,,,,,,,,,"true","UNKNOWN",,,,,,,,,,,,,,,,,,,,,,,,,,,,,,,,,
"753153","JC460083","2019-10-04T16:15:00","2","PARKED",,"715461",,"VOLKSWAGEN","VOLKSWAGEN","IL","2018","UNKNOWN","PASSENGER","PERSONAL","S","PARKED",,,"0",,,,,,"true",,,,,,,,,,,,"FRONT",,,,,,,,,,,,,,,,,,,,,,,,,,,,,,,,,
"753127","JC460038","2019-10-04T16:12:00","1","DRIVER",,"715432",,"CHEVROLET","MALIBU (CHEVELLE)","IL","2012","NONE","PASSENGER","PERSONAL","S","PASSING/OVERTAKING",,,"1",,,,,,,,,,,"true",,,,,,,"FRONT-LEFT",,,,,,,,,,,,,,,,,,,,,,,,,,,,,,,,,
"753128","JC460038","2019-10-04T16:12:00","2","DRIVER",,"715439",,"HONDA","Odyssey (minivan)","IL","2006","NONE","VAN/MINI-VAN","PERSONAL","S","STRAIGHT AHEAD",,,"1",,,,,"true",,,,,,,,,,"true","true",,"FRONT",,,,,,,,,,,,,,,,,,,,,,,,,,,,,,,,,
"753166","JC560127","2019-10-04T16:10:00","1","DRIVER",,"715472",,"DODGE","DART",,,"NONE","PASSENGER","PERSONAL","N","STRAIGHT AHEAD",,,"1",,,,,,,,,,,,,,,,"true",,"OTHER",,,,,,,,,,,,,,,,,,,,,,,,,,,,,,,,,
"753167","JC560127","2019-10-04T16:10:00","2","DRIVER",,"715476",,"TOYOTA MOTOR COMPANY, LTD.","RAV4 (sport utility)","IN",,"NONE","SPORT UTILITY VEHICLE (SUV)","PERSONAL","N","SLOW/STOP IN TRAFFIC",,,"1",,,,,,,,,,"true",,,,,,,,"REAR-LEFT",,,,,,,,,,,,,,,,,,,,,,,,,,,,,,,,,
"753160","JC460081","2019-10-04T16:05:00","1","DRIVER",,"715466",,"NISSAN","Titan","IL","2005","UNKNOWN","PICKUP","PERSONAL","E","PASSING/OVERTAKING",,,"1",,,,,,,,,,,,,,,"true",,,"TOTAL (ALL AREAS)",,,,,,,,,,,,,,,,,,,,,,,,,,,,,,,,,
"753161","JC460081","2019-10-04T16:05:00","2","DRIVER",,"715473",,"VOLKSWAGEN","GTI","IL","2007","UNKNOWN","PASSENGER","PERSONAL","E","STRAIGHT AHEAD",,,"1",,,,,,,,"true","true",,,,,,,,,"REAR",,,,,,,,,,,,,,,,,,,,,,,,,,,,,,,,,
"753116","JC459980","2019-10-04T16:03:00","1","DRIVER","1","715424",,"CHEVROLET","CRUZE","IL","2018","NONE","PASSENGER","PERSONAL","N","TURNING RIGHT",,,"2",,,,,,,,,"true","true",,,,,,,,"REAR",,,,,,,,,,,,,,,,,,,,,,,,,,,,,,,,,
"753117","JC459980","2019-10-04T16:03:00","2","DRIVER","2","715433","true","UNKNOWN","UNKNOWN","IL","2015","NONE","BUS OVER 15 PASS.","CTA","N","STRAIGHT AHEAD",,,"3",,,,,"true",,,,,,,,,,,"true",,"TOTAL (ALL AREAS)","8336",,,,,,"CHICAGO TRANIST AUTHORITY","IL","CHICAGO",,,,"N","N",,"N",,"N",,,,,,,,,,"BUS","BUS","OTHER","false","false",
"753149","JC459980","2019-10-04T16:03:00","3","PARKED",,"715449",,"PONTIAC","GRAND PRIX","IL","2002","NONE","PASSENGER","NOT IN USE","N","PARKED IN TRAFFIC LANE",,,"0",,,,,,,,,,"true","true",,,,,,,"SIDE-LEFT",,,,,,,,,,,,,,,,,,,,,,,,,,,,,,,,,
"754386","JC462182","2019-10-04T16:00:00","1","DRIVER",,"716597",,"TOYOTA MOTOR COMPANY, LTD.","Prius","IL","2008","UNKNOWN","PASSENGER","PERSONAL","S","STRAIGHT AHEAD",,,"1",,,,,,,,,,,,,,,,"true",,"OTHER",,,,,,,,,,,,,,,,,,,,,,,,,,,,,,,,,
"754387","JC462182","2019-10-04T16:00:00","2","DRIVER",,"716594",,"NISSAN","ROGUE","IL","2019","NONE","SPORT UTILITY VEHICLE (SUV)","PERSONAL","S","SLOW/STOP IN TRAFFIC",,,"1",,,,,,,,,,"true",,,,,,,,"REAR-LEFT",,,,,,,,,,,,,,,,,,,,,,,,,,,,,,,,,
"754295","JC462024","2019-10-04T16:00:00","1","DRIVER",,"716522",,"CHEVROLET","UNKNOWN","IL","2006","NONE","PICKUP","PERSONAL","W","STRAIGHT AHEAD",,,"1",,,,,,,,,,,,,,,,,"true","UNKNOWN",,,,,,,,,,,,,,,,,,,,,,,,,,,,,,,,,
"754296","JC462024","2019-10-04T16:00:00","2","DRIVER",,"716525",,"TOYOTA MOTOR COMPANY, LTD.","UNKNOWN","IL","1999","NONE","PASSENGER","PERSONAL","W","STRAIGHT AHEAD",,,"1",,,,,,,,,,"true",,,,,,,,"REAR",,,,,,,,,,,,,,,,,,,,,,,,,,,,,,,,,
"753323","JC460362","2019-10-04T16:00:00","1","DRIVER",,"715616",,"FORD","UNKNOWN","IL","2019","NONE","UNKNOWN/NA","PERSONAL","N","STRAIGHT AHEAD",,,"1",,,,"true",,"true",,,,,,,,,,,,"FRONT-RIGHT",,,,,,,,,,,,,,,,,,,,,,,,,,,,,,,,,
"753324","JC460362","2019-10-04T16:00:00","2","PARKED",,"715627",,"FORD","EXPLORER","IL",,"UNKNOWN","PASSENGER","PERSONAL","N","PARKED",,,"0",,,,,,,,,,,,,,"true",,,,"UNDER CARRIAGE",,,,,,,,,,,,,,,,,,,,,,,,,,,,,,,,,
"753147","JC460089","2019-10-04T16:00:00","1","DRIVER",,"715450",,"HYUNDAI","UNKNOWN","IL",,"NONE","PASSENGER","PERSONAL","S","STRAIGHT AHEAD",,,"1",,,,,,,,,,,,,,,,"true",,"OTHER",,,,,,,,,,,,,,,,,,,,,,,,,,,,,,,,,
"753148","JC460089","2019-10-04T16:00:00","2","DRIVER",,"715457",,"CHEVROLET","IMPALA","IL",,"NONE","PASSENGER","PERSONAL","S","SLOW/STOP IN TRAFFIC",,,"1",,,,,,,,,,"true",,,,,,,,"REAR-LEFT",,,,,,,,,,,,,,,,,,,,,,,,,,,,,,,,,
"753150","JC460067","2019-10-04T16:00:00","1","DRIVER",,"715470",,"UNKNOWN","UNKNOWN",,,"NONE","PASSENGER","PERSONAL","S","AVOIDING VEHICLES/OBJECTS",,,"1",,,,,"true","true",,,,,,,,,,,,"FRONT",,,,,,,,,,,,,,,,,,,,,,,,,,,,,,,,,
"753151","JC460067","2019-10-04T16:00:00","2","DRIVERLESS",,"715456",,"CHEVROLET","UNKNOWN","IL","2018","NONE","PASSENGER","NOT IN USE","S","PARKED",,,"0",,,,,,,,,,,"true","true",,,,,,"FRONT-LEFT",,,,,,,,,,,,,,,,,,,,,,,,,,,,,,,,,
"753687","JC460045","2019-10-04T16:00:00","1","DRIVER",,"715940",,"CHEVROLET","SUBURBAN","IL","2018","UNKNOWN","OTHER","OTHER","E","TURNING RIGHT",,,"1",,,,,,,,,,"true","false",,,,,,,"REAR-LEFT",,,,,,,,,,,,,,,,,,,,,,,,,,,,,,,,,
"753688","JC460045","2019-10-04T16:00:00","2","DRIVER",,"715941",,"MERCEDES-BENZ","E320","IL","1999","NONE","PASSENGER","PERSONAL","E","STRAIGHT AHEAD",,,"1",,,,,,"true",,,,,,,,,,,,"FRONT-RIGHT",,,,,,,,,,,,,,,,,,,,,,,,,,,,,,,,,
"753111","JC460031","2019-10-04T16:00:00","1","DRIVER",,"715422",,"CHEVROLET","SUBURBAN","IL","2015","NONE","SPORT UTILITY VEHICLE (SUV)","AMBULANCE","E","CHANGING LANES",,,"1",,,,,,,,,,,"true",,,,,,,"SIDE-LEFT",,,,,,,,,,,,,,,,,,,,,,,,,,,,,,,,,
"753112","JC460031","2019-10-04T16:00:00","2","DRIVER",,"715427",,"(UNLISTED MANUFACTURER)","(UNLISTED MANUFACTURER)","IL","2016","NONE","VAN/MINI-VAN","TAXI/FOR HIRE","E","STRAIGHT AHEAD",,,"1",,,,,"true",,,,,,"false",,,,,,,"FRONT",,,,,,,,,,,,,,,,,,,,,,,,,,,,,,,,,
"753129","JC460026","2019-10-04T15:57:00","1","PARKED",,"715430",,"NISSAN","UNKNOWN","IL","2007","NONE","PASSENGER","NOT IN USE","S","PARKED",,,"0",,,,,,,,,,,,"true","true","true",,,,"ROOF",,,,,,,,,,,,,,,,,,,,,,,,,,,,,,,,,
"753130","JC460026","2019-10-04T15:57:00","2","DRIVER",,"715435",,"CHEVROLET","UNKNOWN","IL","2012","NONE","PASSENGER","PERSONAL","S","STRAIGHT AHEAD",,,"1",,,,,"true",,,,,,,,,,,"true",,"FRONT",,,,,,,,,,,,,,,,,,,,,,,,,,,,,,,,,
"753126","JC460015","2019-10-04T15:48:00","1","DRIVER",,"715428",,"JEEP","UNKNOWN","IL","2017","OTHER","SPORT UTILITY VEHICLE (SUV)","PERSONAL","S","SLOW/STOP IN TRAFFIC",,,"1",,,,,,,,,,,,,,,,"true",,"OTHER",,,,,,,,,,,,,,,,,,,,,,,,,,,,,,,,,
"753125","JC460015","2019-10-04T15:48:00","2","DRIVER",,"715438",,"CHEVROLET","MALIBU (CHEVELLE)","MN","2016","UNKNOWN","PASSENGER","PERSONAL","S","SLOW/STOP IN TRAFFIC",,,"1",,,,,,,,,,"true",,,,,,,,"REAR-LEFT",,,,,,,,,,,,,,,,,,,,,,,,,,,,,,,,,
"753164","JC460112","2019-10-04T15:40:00","1","DRIVER","1","715471",,"UNKNOWN","UNKNOWN","XX",,"UNKNOWN","PASSENGER","UNKNOWN/NA","W","UNKNOWN/NA",,,"2",,,,,,,,,,,,,,,,"true",,"OTHER",,,,,,,,,,,,,,,,,,,,,,,,,,,,,,,,,
"753165","JC460112","2019-10-04T15:40:00","2","DRIVER",,"715477",,"HYUNDAI","UNKNOWN","IL",,"NONE","PASSENGER","PERSONAL","S","UNKNOWN/NA",,,"1",,,,,,,,,,"true",,,,,,,,"REAR-LEFT",,,,,,,,,,,,,,,,,,,,,,,,,,,,,,,,,
"753216","JC460060","2019-10-04T15:40:00","1","DRIVER",,"715548",,"NISSAN","SENTRA (DATSUN AND NISSAN HAVE MERGED)","IL","2015","NONE","PASSENGER","DRIVER EDUCATION","UNKNOWN","UNKNOWN/NA",,,"1",,,,,,,,,,,,,"true","true","true",,,"ROOF",,,,,,,,,,,,,,,,,,,,,,,,,,,,,,,,,
"753215","JC460060","2019-10-04T15:40:00","2","DRIVER",,"715537",,"CHEVROLET","IMPALA","IL","2017","UNKNOWN","PASSENGER","PERSONAL","UNKNOWN","STRAIGHT AHEAD",,,"1",,,,,"true",,,,,,,,,,,,,"FRONT",,,,,,,,,,,,,,,,,,,,,,,,,,,,,,,,,
"753171","JC460097","2019-10-04T15:39:00","1","DRIVER",,"715547",,"CHEVROLET","EQUINOX","IL","2020","NONE","PASSENGER","PERSONAL","W","MERGING",,,"1",,,,,,,,,,,,,,,"true",,,"TOTAL (ALL AREAS)",,,,,,,,,,,,,,,,,,,,,,,,,,,,,,,,,
"753172","JC460097","2019-10-04T15:39:00","2","DRIVER",,"715554",,"NISSAN","NISSAN ALTIMA","IL","2011","NONE","PASSENGER","TAXI/FOR HIRE","W","STRAIGHT AHEAD",,,"1",,,,,"true","true","true","true","true",,,,,,,,,"FRONT",,,,,,,,,,,,,,,,,,,,,,,,,,,,,,,,,
"753121","JC460003","2019-10-04T15:37:00","1","DRIVER","1","715429",,"SUBARU","FORESTER","IL","2000","UNKNOWN","PASSENGER","PERSONAL","E","STRAIGHT AHEAD","true",,"2",,"PRIVATE TOW",,,,,,,,,,,,,,"true",,"OTHER",,,,,,,,,,,,,,,,,,,,,,,,,,,,,,,,,
"753109","JC459993","2019-10-04T15:30:00","1","DRIVER",,"715416",,"FORD","ESCAPE (SUV)","IL","2009","NONE","PASSENGER","PERSONAL","E","STRAIGHT AHEAD",,,"1",,,,,"true",,,,,,,,,,,,,"FRONT",,,,,,,,,,,,,,,,,,,,,,,,,,,,,,,,,
"753110","JC459993","2019-10-04T15:30:00","2","PEDESTRIAN",,,,,,,,,,,,,,,,,,,,,,,,,,,,,,,,,,,,,,,,,,,,,,,,,,,,,,,,,,,,,,,,,,