"crash_unit_id","rd_no","crash_date","unit_no","unit_type","num_passengers","vehicle_id","cmrc_veh_i","make","model","lic_plate_state","vehicle_year","vehicle_defect","vehicle_type","vehicle_use","travel_direction","maneuver","towed_i","fire_i","occupant_cnt","exceed_speed_limit_i","towed_by","towed_to","area_00_i","area_01_i","area_02_i","area_03_i","area_04_i","area_05_i","area_06_i","area_07_i","area_08_i","area_09_i","area_10_i","area_11_i","area_12_i","area_99_i","first_contact_point","cmv_id","usdot_no","ccmc_no","ilcc_no","commercial_src","gvwr","carrier_name","carrier_state","carrier_city","hazmat_placards_i","hazmat_name","un_no","hazmat_present_i","hazmat_report_i","hazmat_report_no","mcs_report_i","mcs_report_no","hazmat_vio_cause_crash_i","mcs_vio_cause_crash_i","idot_permit_no","wide_load_i","trailer1_width","trailer2_width","trailer1_length","trailer2_length","total_vehicle_length","axle_cnt","vehicle_config","cargo_body_type","load_type","hazmat_out_of_service_i","mcs_out_of_service_i","hazmat_class"
"753139","JC459999","2019-10-04T15:25:00","1","DRIVER",,"715452","true","PREVOST CAR, BUS, SAINTE CLAIRE, QUEBEC","PREVOST CAR, (""PREVOST BUS;"" SAINTE CLAIRE, QUEBEC","IL","2015","NONE","BUS OVER 15 PASS.","CTA","N","PASSING/OVERTAKING","true",,"1",,"CITY OF CHICAGO","UNKNOWN",,,,,,"true",,,,,,,,,"REAR","8337",,,,,,"CITY OF CHICAGO","IL","CHICAGO",,,,"N","N",,"N",,"N","N",,,,,,,,,"BUS","BUS","OTHER","false",,
"753140","JC459999","2019-10-04T15:25:00","2","PARKED","1","715460",,"CHEVROLET","MALIBU (CHEVELLE)","IL","2016","UNKNOWN","PASSENGER","PERSONAL","N","PARKED",,,"1",,,,,,,,,,,,,,,"true",,,"TOTAL (ALL AREAS)",,,,,,,,,,,,,,,,,,,,,,,,,,,,,,,,,
"753187","JC460164","2019-10-04T15:15:00","1","DRIVER","1","715493",,"HONDA","UNKNOWN","IL",,"UNKNOWN","VAN/MINI-VAN","UNKNOWN/NA","E","OTHER",,,"2",,,,,,,,,,,,,,,,,"true","TOTAL (ALL AREAS)",,,,,,,,,,,,,,,,,,,,,,,,,,,,,,,,,
"753188","JC460164","2019-10-04T15:15:00","2","DRIVER",,"715487",,"TOYOTA MOTOR COMPANY, LTD.","COROLLA","IL","2012","NONE","PASSENGER","PERSONAL","E","STRAIGHT AHEAD",,,"1",,,,,"true","true","true",,,,,,,,,,,"FRONT",,,,,,,,,,,,,,,,,,,,,,,,,,,,,,,,,
"753131","JC460054","2019-10-04T15:15:00","1","DRIVER",,"715451",,"TOYOTA MOTOR COMPANY, LTD.","YARIS","MI",,"NONE","PASSENGER","UNKNOWN/NA","N","MERGING",,,"1",,,,,,,,,,,,,,,"false","true",,"OTHER",,,,,,,,,,,,,,,,,,,,,,,,,,,,,,,,,
"753132","JC460054","2019-10-04T15:15:00","2","DRIVER",,"715441",,"TOYOTA MOTOR COMPANY, LTD.","UNKNOWN","IL","2010","NONE","PASSENGER","RIDESHARE SERVICE","N","MERGING",,,"1",,,,,,,,,"true","true",,,,,,,,"REAR-LEFT",,,,,,,,,,,,,,,,,,,,,,,,,,,,,,,,,
"753085","JC459981","2019-10-04T15:15:00","1","DRIVER","4","715395",,"CHEVROLET","Express (full-size van)","IL","1999","BRAKES","VAN/MINI-VAN","PERSONAL","N","STRAIGHT AHEAD","true",,"5",,"owner",,,"true",,,,,,,,,,"true","true",,"OTHER",,,,,,,,,,,,,,,,,,,,,,,,,,,,,,,,,
"753086","JC459981","2019-10-04T15:15:00","2","DRIVER",,"715409",,"CHEVROLET","TAHOE","IL","2018","NONE","SPORT UTILITY VEHICLE (SUV)","PERSONAL","N","SLOW/STOP IN TRAFFIC",,,"1",,,,,,,,,"true","true","true","true",,,,,,"SIDE-LEFT",,,,,,,,,,,,,,,,,,,,,,,,,,,,,,,,,
"753107","JC459960","2019-10-04T15:14:00","1","DRIVER",,"715418",,"CHEVROLET","MONTE CARLO","IL","1999","NONE","PASSENGER","PERSONAL","S","STRAIGHT AHEAD","true",,"1",,"HM TOWING","WAGGONER'S AUTOMOTIVE",,"true",,,,,,,,,,"true","true",,"OTHER",,,,,,,,,,,,,,,,,,,,,,,,,,,,,,,,,
"753108","JC459960","2019-10-04T15:14:00","2","DRIVER","1","715420",,"CHEVROLET","C K 3500","IL","2004","NONE","TRUCK - SINGLE UNIT","CONSTRUCTION/MAINTENANCE","S","STRAIGHT AHEAD",,,"2",,,,,,,,,"true","true","true",,,,,,,"REAR-LEFT",,,,,,,,,,,,,,,,,,,,,,,,,,,,,,,,,
"753212","JC460025","2019-10-04T15:11:00","1","DRIVER",,"715516",,"LAND ROVER","LAND ROVER","IL","2017","NONE","SPORT UTILITY VEHICLE (SUV)","PERSONAL","S","STRAIGHT AHEAD","false",,"1",,,,,"true",,,,,,,,,,,,,"FRONT",,,,,,,,,,,,,,,,,,,,,,,,,,,,,,,,,
"753213","JC460025","2019-10-04T15:11:00","2","DRIVER",,"715530",,"TOYOTA MOTOR COMPANY, LTD.","COROLLA","IL","2005","NONE","PASSENGER","PERSONAL","S","SLOW/STOP IN TRAFFIC",,,"1",,,,,,,,,,,"true",,,,,,,"FRONT-LEFT",,,,,,,,,,,,,,,,,,,,,,,,,,,,,,,,,
"753214","JC460025","2019-10-04T15:11:00","3","DRIVER",,"715538",,"AUDI","Q5","IL","2017","NONE","SPORT UTILITY VEHICLE (SUV)","PERSONAL","S","SLOW/STOP IN TRAFFIC",,,"1",,,,,,,,,,"true",,,,,,"false",,"REAR-LEFT",,,,,,,,,,,,,,,,,,,,,,,,,,,,,,,,,
"753371","JC460411","2019-10-04T15:10:00","1","DRIVER",,"715672",,"DODGE","UNKNOWN","IL","2018","UNKNOWN","VAN/MINI-VAN","UNKNOWN/NA","UNKNOWN","UNKNOWN/NA",,,"1",,,,,"true",,,,,,,,,,,"true",,"OTHER",,,,,,,,,,,,,,,,,,,,,,,,,,,,,,,,,
"753372","JC460411","2019-10-04T15:10:00","2","DRIVERLESS",,"715677",,"DODGE","Avenger","IL","2009","UNKNOWN","PASSENGER","PERSONAL","UNKNOWN","PARKED",,,"0",,,,,,,,,,"true","true",,,,,,,"REAR-LEFT",,,,,,,,,,,,,,,,,,,,,,,,,,,,,,,,,
"753105","JC459969","2019-10-04T15:10:00","1","DRIVER",,"715411",,"CADILLAC","Escalade","IL","2003","UNKNOWN","PASSENGER","PERSONAL","N","PASSING/OVERTAKING",,,"1",,,,,,"true","true","true",,,,,,,,,,"SIDE-RIGHT",,,,,,,,,,,,,,,,,,,,,,,,,,,,,,,,,
"753106","JC459969","2019-10-04T15:10:00","2","DRIVER",,"715419",,"NEW FLYER","NEW FLYER","IL","2007","UNKNOWN","BUS OVER 15 PASS.","CTA","N","STRAIGHT AHEAD",,,"1",,,,,,,,,,,"true",,,,,,,"SIDE-LEFT",,,,,,,,,,,,,,,,,,,,,,,,,,,,,,,,,
"753091","JC459986","2019-10-04T15:07:00","1","DRIVER",,"715396",,"TOYOTA MOTOR COMPANY, LTD.","CAMRY","IL","2008","UNKNOWN","PASSENGER","PERSONAL","E","STRAIGHT AHEAD",,,"1",,,,,,,,,,,,,,,,"true",,"OTHER",,,,,,,,,,,,,,,,,,,,,,,,,,,,,,,,,
"753092","JC459986","2019-10-04T15:07:00","2","DRIVER","1","715401",,"CHEVROLET","IMPALA","IL","2009","UNKNOWN","PASSENGER","PERSONAL","S","STRAIGHT AHEAD",,,"2",,,,,,,,,"true",,,,,,,,,"REAR",,,,,,,,,,,,,,,,,,,,,,,,,,,,,,,,,
"753118","JC459945","2019-10-04T15:03:00","1","DRIVER",,"715423",,"NISSAN","SENTRA (DATSUN AND NISSAN HAVE MERGED)","IL","2018","NONE","PASSENGER","PERSONAL","S","STRAIGHT AHEAD","true",,"1",,"PRIVATE",,,"true",,,,,,,,,,,,,"FRONT",,,,,,,,,,,,,,,,,,,,,,,,,,,,,,,,,
"753536","JC460820","2019-10-04T15:00:00","1","DRIVER",,"715807",,"CHEVROLET","Trail Blazer","IL","2003","NONE","SPORT UTILITY VEHICLE (SUV)","PERSONAL","N","PASSING/OVERTAKING",,,"1",,,,,,,"true","true","true",,,,,,,,,"SIDE-RIGHT",,,,,,,,,,,,,,,,,,,,,,,,,,,,,,,,,
"753537","JC460820","2019-10-04T15:00:00","2","DRIVER",,"715811",,"CHEVROLET","MONTE CARLO","MN","2003","NONE","PASSENGER","PERSONAL","N","STRAIGHT AHEAD",,,"1",,,,,,,,,,,,,"true","true","true",,,"ROOF",,,,,,,,,,,,,,,,,,,,,,,,,,,,,,,,,
"753137","JC459952","2019-10-04T15:00:00","1","DRIVER",,"715448","true","WORK HORSE MFG.","WORK HORSE MFG.","IL","2009","NONE","TRUCK - SINGLE UNIT","COMMERCIAL - SINGLE UNIT","S","LEAVING TRAFFIC LANE TO PARK",,,"1",,,,,,,,,"true",,,,,,,,,"REAR","8338","UNKNOWN","UNK","UNK",,"2","UNIFIRST CORPORATION -- FIRM OWNED","IL","MELROSE PARK",,,"UNK","U","U",,"U",,"U","U","UNKNOWN",,,,,,,,"UNKNOWN HEAVY TRUCK","OTHER","OTHER","false","false","MISCELLANEOUS"
"753138","JC459952","2019-10-04T15:00:00","2","PARKED",,"715453",,"HONDA","HONDA","IL","1997","NONE","PASSENGER","NOT IN USE","S","PARKED",,,"0",,,,,"true",,,,,,,,,,"true","true",,"TOTAL (ALL AREAS)",,,,,,,,,,,,,,,,,,,,,,,,,,,,,,,,,
"753221","JC460203","2019-10-04T14:55:00","1","DRIVER","1","715525",,"JEEP","UNKNOWN","IL","2015","UNKNOWN","PASSENGER","UNKNOWN/NA","E","CHANGING LANES",,,"2",,,,,,,,,,,,,,,,,"true","TOTAL (ALL AREAS)",,,,,,,,,,,,,,,,,,,,,,,,,,,,,,,,,
"753222","JC460203","2019-10-04T14:55:00","2","DRIVER",,"715517",,"CHEVROLET","Express (full-size van)","IL","1997","NONE","VAN/MINI-VAN","PERSONAL","E","STRAIGHT AHEAD",,,"1",,,,,,,"true","true","true",,,,,,,,,"REAR-RIGHT",,,,,,,,,,,,,,,,,,,,,,,,,,,,,,,,,
"754852","JC463188","2019-10-04T14:49:00","1","DRIVER",,"717046",,"TOYOTA MOTOR COMPANY, LTD.","TOYOTA","IL","1999","NONE","PASSENGER","PERSONAL","S","STRAIGHT AHEAD",,,"1",,,,,,,,,,,,,,,,"true",,"OTHER",,,,,,,,,,,,,,,,,,,,,,,,,,,,,,,,,
"754853","JC463188","2019-10-04T14:49:00","2","DRIVER",,"717041",,"TOYOTA MOTOR COMPANY, LTD.","Highlander(beginning vehicle year 2001)","IL","2014","NONE","PASSENGER","PERSONAL","S","STRAIGHT AHEAD",,,"1",,,,,,,,,,"true",,,,,,,,"REAR-LEFT",,,,,,,,,,,,,,,,,,,,,,,,,,,,,,,,,
"753093","JC460010","2019-10-04T14:45:00","1","DRIVER",,"715404",,"NISSAN","NISSAN ALTIMA","IL",,"UNKNOWN","PASSENGER","PERSONAL","S","CHANGING LANES",,,"1",,,,,,,,,,,,,,,"true",,,"TOTAL (ALL AREAS)",,,,,,,,,,,,,,,,,,,,,,,,,,,,,,,,,
"753094","JC460010","2019-10-04T14:45:00","2","DRIVER",,"715407",,"CHEVROLET","MALIBU (CHEVELLE)",,,"NONE","PASSENGER","PERSONAL","S","STRAIGHT AHEAD",,,"1",,,,,,,"true","true",,,,,,,,,,"SIDE-RIGHT",,,,,,,,,,,,,,,,,,,,,,,,,,,,,,,,,
"753074","JC460034","2019-10-04T14:42:00","1","DRIVER",,"715388",,"CHEVROLET","BLAZER","IL","2009","UNKNOWN","PASSENGER","PERSONAL","S","STRAIGHT AHEAD",,,"1",,,,,,,,,,,,,"true","true","true","true",,"TOTAL (ALL AREAS)",,,,,,,,,,,,,,,,,,,,,,,,,,,,,,,,,
"753075","JC460034","2019-10-04T14:42:00","2","DRIVER","1","715397",,"CHEVROLET","CHEVROLET-TRUCK,VAN,SUV,ETC","IL","2009","UNKNOWN","PASSENGER","PERSONAL","S","OTHER",,,"2",,,,,,,,"true","true","true","true","true",,,,,,"REAR",,,,,,,,,,,,,,,,,,,,,,,,,,,,,,,,,
"753097","JC460011","2019-10-04T14:40:00","1","DRIVER",,"715406","true","FORD","UNKNOWN","IL","2012","NONE","TRUCK - SINGLE UNIT","COMMERCIAL - SINGLE UNIT","S","CHANGING LANES",,,"1",,,,,,,,,,,,,,,"true",,,"UNDER CARRIAGE","8335",,,,,,"BATTERIES PLUS, LLC","IL","OAK PARK",,,,"N","U",,"U",,,"U",,,,,,,,,,,,"false","false",
"753098","JC460011","2019-10-04T14:40:00","2","DRIVER",,"715417",,"TOYOTA MOTOR COMPANY, LTD.","UNKNOWN","IL","2005","UNKNOWN","UNKNOWN/NA","UNKNOWN/NA","S","CHANGING LANES",,,"1",,,,,,,"true",,,,,,,,,,,"SIDE-RIGHT",,,,,,,,,,,,,,,,,,,,,,,,,,,,,,,,,
"753103","JC459988","2019-10-04T14:30:00","1","DRIVER",,"715415",,"HYUNDAI","ELANTRA","IL","2018","UNKNOWN","PASSENGER","PERSONAL","N","STRAIGHT AHEAD",,,"1",,,,,,,"true",,,,,,,,,,,"SIDE-RIGHT",,,,,,,,,,,,,,,,,,,,,,,,,,,,,,,,,
"753104","JC459988","2019-10-04T14:30:00","2","DRIVER",,"715425",,"DODGE","UNKNOWN","IL","2016","UNKNOWN","VAN/MINI-VAN","OTHER","N","TURNING RIGHT",,,"1",,,,,,,,,,,,,,"true",,,,"ROOF",,,,,,,,,,,,,,,,,,,,,,,,,,,,,,,,,
"753083","JC459979","2019-10-04T14:30:00","1","DRIVER",,"715390",,"UNKNOWN","UNKNOWN","IL",,"UNKNOWN","SPORT UTILITY VEHICLE (SUV)","UNKNOWN/NA","W","STRAIGHT AHEAD",,,"1",,,,,,,,,,,,,,,,,"true","UNKNOWN",,,,,,,,,,,,,,,,,,,,,,,,,,,,,,,,,
"753084","JC459979","2019-10-04T14:30:00","2","DRIVER",,"715393",,"TOYOTA MOTOR COMPANY, LTD.","CAMRY","IL","1999","NONE","PASSENGER","PERSONAL","W","TURNING LEFT",,,"1",,,,,,,,,"true",,,,,,,,,"REAR",,,,,,,,,,,,,,,,,,,,,,,,,,,,,,,,,
"753081","JC459978","2019-10-04T14:30:00","1","DRIVER",,"715389",,"UNKNOWN","UNKNOWN","IL",,"UNKNOWN","UNKNOWN/NA","UNKNOWN/NA","E","BACKING",,,"1",,,,,,,,,"true",,,,,,,,,"REAR-LEFT",,,,,,,,,,,,,,,,,,,,,,,,,,,,,,,,,
"753082","JC459978","2019-10-04T14:30:00","2","PEDESTRIAN",,,,,,,,,,,,,,,,,,,,,,,,,,,,,,,,,,,,,,,,,,,,,,,,,,,,,,,,,,,,,,,,,,
"753066","JC459941","2019-10-04T14:30:00","1","DRIVER",,"715381",,"FLEETCRAFT CORP.","UNKNOWN","IL","2019","NONE","PASSENGER","PERSONAL","E","STRAIGHT AHEAD",,,"1",,,,,,,,,,,,,,"true","true","true",,"TOTAL (ALL AREAS)",,,,,,,,,,,,,,,,,,,,,,,,,,,,,,,,,
"753067","JC459941","2019-10-04T14:30:00","2","DRIVER",,"715383",,"HYUNDAI","ELANTRA","MD","2018","NONE","PASSENGER","PERSONAL","E","STRAIGHT AHEAD",,,"1",,,,,,,,,"true","true","true",,,,,,,"REAR-LEFT",,,,,,,,,,,,,,,,,,,,,,,,,,,,,,,,,
"753060","JC459934","2019-10-04T14:30:00","1","DRIVER",,"715379",,"HONDA","ACCORD","IL","2016","UNKNOWN","PASSENGER","UNKNOWN/NA","N","STRAIGHT AHEAD",,,"1",,,,,"true",,,,,,,,,,,,,"FRONT",,,,,,,,,,,,,,,,,,,,,,,,,,,,,,,,,
"753061","JC459934","2019-10-04T14:30:00","2","DRIVER",,"715373",,"HYUNDAI","ELANTRA","IL","2010","UNKNOWN","PASSENGER","PERSONAL","N","SLOW/STOP IN TRAFFIC",,,"1",,,,,,,,,"true","false",,,,,,,,"REAR",,,,,,,,,,,,,,,,,,,,,,,,,,,,,,,,,
"753049","JC459895","2019-10-04T14:30:00","1","DRIVER","2","715371",,"FIESTA (IMPORTED BY FORD)","FIESTA (IMPORTED BY FORD)","IL","2015","UNKNOWN","PASSENGER","PERSONAL","W","STRAIGHT AHEAD",,,"3",,,,,,,,,,,,,,,,"true",,"OTHER",,,,,,,,,,,,,,,,,,,,,,,,,,,,,,,,,
"753050","JC459895","2019-10-04T14:30:00","2","DRIVER","1","715377",,"CHEVROLET","UNKNOWN","IL","2019","NONE","PASSENGER","PERSONAL","S","STRAIGHT AHEAD",,,"2",,,,"false",,,,,,,,"true",,,,,,"FRONT-LEFT",,,,,,,,,,,,,,,,,,,,,,,,,,,,,,,,,
"753141","JC460079","2019-10-04T14:20:00","1","DRIVER",,"715446",,"FORD","EDGE","IL","2007","UNKNOWN","PASSENGER","UNKNOWN/NA","NE","BACKING",,,"1",,,,,,,,,"true",,,,,,,,,"REAR-RIGHT",,,,,,,,,,,,,,,,,,,,,,,,,,,,,,,,,
"753142","JC460079","2019-10-04T14:20:00","2","DRIVER",,"715455",,"HYUNDAI","ELANTRA","IL","2013","UNKNOWN","PASSENGER","PERSONAL","S","STRAIGHT AHEAD",,,"1",,,,,,"false","false",,,,,,"true","true",,,,"UNDER CARRIAGE",,,,,,,,,,,,,,,,,,,,,,,,,,,,,,,,,
"753037","JC459909","2019-10-04T14:15:00","1","DRIVER",,"715354",,"HYUNDAI","UNKNOWN","IL","2012","UNKNOWN","PASSENGER","PERSONAL","N","STRAIGHT AHEAD",,,"1",,,,,"true",,,,,,,,,,,"true",,"OTHER",,,,,,,,,,,,,,,,,,,,,,,,,,,,,,,,,
"753038","JC459909","2019-10-04T14:15:00","2","DRIVER",,"715358",,"HYUNDAI","VERACRUZ","IL","2011","UNKNOWN","PASSENGER","PERSONAL","N","STRAIGHT AHEAD",,,"1",,,,,,,,,"true","true","true",,,,,,,"REAR-LEFT",,,,,,,,,,,,,,,,,,,,,,,,,,,,,,,,,
"753054","JC459928","2019-10-04T14:05:00","1","DRIVER",,"715364",,"JEEP","UNKNOWN",,,"UNKNOWN","UNKNOWN/NA","UNKNOWN/NA","N","ENTERING TRAFFIC LANE FROM PARKING",,,"1",,,,,,,,,,,,,,,,,"true","UNKNOWN",,,,,,,,,,,,,,,,,,,,,,,,,,,,,,,,,
"753055","JC459928","2019-10-04T14:05:00","2","PARKED",,"715368",,"HYUNDAI","ELANTRA","IL","2019","UNKNOWN","PASSENGER","NOT IN USE","N","PARKED",,,"0",,,,,,,,,,,,,,,,"true",,"OTHER",,,,,,,,,,,,,,,,,,,,,,,,,,,,,,,,,
"755748","JC464971","2019-10-04T14:00:00","1","DRIVER",,"717868",,"CHEVROLET","MALIBU (CHEVELLE)","IL","2012","NONE","PASSENGER","UNKNOWN/NA","UNKNOWN","TURNING LEFT",,,"1",,,,,"true",,,,,,,,,,,,,"FRONT",,,,,,,,,,,,,,,,,,,,,,,,,,,,,,,,,
"755749","JC464971","2019-10-04T14:00:00","2","PARKED",,"717881",,"NISSAN","Frontier","IL","2016","NONE","PICKUP","PERSONAL","UNKNOWN","PARKED",,,"0",,,,,,,,,,,"true",,,,,,,"SIDE-LEFT",,,,,,,,,,,,,,,,,,,,,,,,,,,,,,,,,
"753114","JC460035","2019-10-04T14:00:00","1","DRIVER",,"715426",,"FORD","TAURUS","IL",,"UNKNOWN","PASSENGER","OTHER","N","CHANGING LANES",,,"1",,,,,,,,,,,,,,,,,,"REAR",,,,,,,,,,,,,,,,,,,,,,,,,,,,,,,,,
"753115","JC460035","2019-10-04T14:00:00","2","DRIVER",,"715421",,"NISSAN","VERSA",,,"UNKNOWN","PASSENGER","PERSONAL","N","STRAIGHT AHEAD",,,"1",,,,,,,,,,,"true",,,,"false",,,"FRONT-LEFT",,,,,,,,,,,,,,,,,,,,,,,,,,,,,,,,,
"753052","JC459915","2019-10-04T14:00:00","1","DRIVER",,"715362",,"UNKNOWN","UNKNOWN",,,"UNKNOWN","PASSENGER","UNKNOWN/NA","N","CHANGING LANES",,,"1",,,,,,,,,,,"true",,,,,,,"SIDE-LEFT",,,,,,,,,,,,,,,,,,,,,,,,,,,,,,,,,
"753053","JC459915","2019-10-04T14:00:00","2","DRIVER",,"715367",,"FORD","TAURUS","IL","2005","NONE","PASSENGER","OTHER","N","STRAIGHT AHEAD",,,"1",,,,,"true",,,,,,,,,,,,,"FRONT",,,,,,,,,,,,,,,,,,,,,,,,,,,,,,,,,
"753030","JC459880","2019-10-04T13:49:00","1","DRIVER",,"715353",,"BMW","530I","IL","2004","NONE","PASSENGER","PERSONAL","NW","STRAIGHT AHEAD",,,"1",,,,,"true",,,,,,,,,,"true","true",,"OTHER",,,,,,,,,,,,,,,,,,,,,,,,,,,,,,,,,
"753031","JC459880","2019-10-04T13:49:00","2","DRIVER","1","715349",,"LEXUS","UNKNOWN","MI","2015","NONE","SPORT UTILITY VEHICLE (SUV)","PERSONAL","NW","SLOW/STOP IN TRAFFIC",,,"2",,,,,,,,,,"true",,,,,,,,"REAR-LEFT",,,,,,,,,,,,,,,,,,,,,,,,,,,,,,,,,
"753032","JC459880","2019-10-04T13:49:00","3","DRIVER",,"715345",,"TOYOTA MOTOR COMPANY, LTD.","TOYOTA","IL","2007","UNKNOWN","PASSENGER","UNKNOWN/NA","NW","CHANGING LANES",,,"1",,,,"true",,,,,,,,,,,,,,"NONE",,,,,,,,,,,,,,,,,,,,,,,,,,,,,,,,,
"753047","JC459918","2019-10-04T13:42:00","1","DRIVER",,"715360",,"VOLKSWAGEN","BEETLE (SUPER BEETLE OR BUG)","IL","2012","NONE","PASSENGER","PERSONAL","E","STRAIGHT AHEAD",,,"1",,,,,"true",,,,,,,,,,"true","true",,"OTHER",,,,,,,,,,,,,,,,,,,,,,,,,,,,,,,,,
"753048","JC459918","2019-10-04T13:42:00","2","DRIVER",,"715366",,"FORD","TAURUS","IL","1995","NONE","PASSENGER","PERSONAL","N","STRAIGHT AHEAD","true",,"1",,"owner",,,,,,,,,"true","true","true",,,,,"SIDE-LEFT",,,,,,,,,,,,,,,,,,,,,,,,,,,,,,,,,
"753673","JC459867","2019-10-04T13:40:00","1","DRIVER",,"715929",,"JEEP","Wrangler (for vehicle years 1989 to present)","IL","2008","NONE","SPORT UTILITY VEHICLE (SUV)","PERSONAL","W","CHANGING LANES",,,"1",,,,,"true",,,,,,,,,,,,,"TOTAL (ALL AREAS)",,,,,,,,,,,,,,,,,,,,,,,,,,,,,,,,,
"753674","JC459867","2019-10-04T13:40:00","2","DRIVER",,"715930",,"NISSAN","NISSAN ALTIMA","IL","2016","NONE","PASSENGER","PERSONAL","W","STRAIGHT AHEAD",,,"1",,,,,,,,,,,"true","true","true","true","true",,,"ROOF",,,,,,,,,,,,,,,,,,,,,,,,,,,,,,,,,
"753021","JC459858","2019-10-04T13:35:00","1","DRIVER",,"715328",,"CHRYSLER","300","IL","2014","NONE","PASSENGER","PERSONAL","E","STRAIGHT AHEAD",,,"1",,,,,,,,,,,,,,,,"true",,"OTHER",,,,,,,,,,,,,,,,,,,,,,,,,,,,,,,,,
"753022","JC459858","2019-10-04T13:35:00","2","DRIVER","2","715334",,"JEEP","UNKNOWN","IL","2007","NONE","OTHER","UNKNOWN/NA","S","STRAIGHT AHEAD",,,"3",,,,"true",,,,,,,,,,,,,,"SIDE-LEFT",,,,,,,,,,,,,,,,,,,,,,,,,,,,,,,,,
"753023","JC459836","2019-10-04T13:33:00","1","DRIVER",,"715327",,"FORD","PROBE","IL","1989","NONE","PASSENGER","PERSONAL","N","STRAIGHT AHEAD",,,"1",,,,,,,,,,,,,,,,"true",,"OTHER",,,,,,,,,,,,,,,,,,,,,,,,,,,,,,,,,
"753024","JC459836","2019-10-04T13:33:00","2","DRIVER",,"715339",,"PONTIAC","Vibe (sport wagon)","IL","2006","NONE","PASSENGER","PERSONAL","N","SLOW/STOP IN TRAFFIC",,,"1",,,,,,,,,,"true",,,,,,"true",,"REAR-LEFT",,,,,,,,,,,,,,,,,,,,,,,,,,,,,,,,,
"753025","JC459836","2019-10-04T13:33:00","3","DRIVER",,"715343",,"NISSAN","VERSA","IL","2015","NONE","PASSENGER","PERSONAL","N","SLOW/STOP IN TRAFFIC",,,"1",,,,,,,,,"true","true","true",,,,,,,"REAR-LEFT",,,,,,,,,,,,,,,,,,,,,,,,,,,,,,,,,
"753179","JC460159","2019-10-04T13:30:00","1","DRIVER",,"715543",,"MERCEDES-BENZ","ML320 (sport utility)","IL","2007","UNKNOWN","SPORT UTILITY VEHICLE (SUV)","UNKNOWN/NA","E","PASSING/OVERTAKING",,,"1",,,,,,,"true",,,,,,,,,,,"SIDE-RIGHT",,,,,,,,,,,,,,,,,,,,,,,,,,,,,,,,,
"753180","JC460159","2019-10-04T13:30:00","2","DRIVER",,"715484",,"TOYOTA MOTOR COMPANY, LTD.","RAV4 (sport utility)","IL","2017","UNKNOWN","SPORT UTILITY VEHICLE (SUV)","PERSONAL","E","STRAIGHT AHEAD",,,"1",,,,,,,"false",,,,,,"true",,,,,"ROOF",,,,,,,,,,,,,,,,,,,,,,,,,,,,,,,,,
"753033","JC459857","2019-10-04T13:30:00","1","DRIVER",,"715347","true","FREIGHTLINER CORP.","FREIGHTLINER CORP.","IL","2006","UNKNOWN","TRACTOR W/ SEMI-TRAILER","COMMERCIAL - MULTI-UNIT","W","TURNING LEFT",,,"1",,,,,"true",,,,,,,,,,,,,"FRONT",,,,,,,,,,,,,,,,,,,,,,,,,,,,,,,,,
"753034","JC459857","2019-10-04T13:30:00","2","DRIVER",,"715352","true","FORD","FORD-TRUCK,VAN,SUV, ETC","IL","2017","UNKNOWN","VAN/MINI-VAN","COMMERCIAL - SINGLE UNIT","W","TURNING LEFT",,,"1",,,,,,,,,,,"true","true",,,,,,"FRONT-LEFT",,,,,,,,,,,,,,,,,,,,,,,,,,,,,,,,,
"753011","JC459843","2019-10-04T13:30:00","1","DRIVER",,"715320",,"FORD","UNKNOWN","IL","2008","NONE","VAN/MINI-VAN","OTHER","N","BACKING",,,"1",,,,,,,,,"true","true","true",,,,,,,"REAR-LEFT",,,,,,,,,,,,,,,,,,,,,,,,,,,,,,,,,
"753012","JC459843","2019-10-04T13:30:00","2","DRIVER",,"715324",,"HYUNDAI","SONATA","IL","2018","NONE","PASSENGER","DRIVER EDUCATION","N","OTHER",,,"1",,,,,"true",,,,,,,,,,"true","true",,"OTHER",,,,,,,,,,,,,,,,,,,,,,,,,,,,,,,,,
"753043","JC459842","2019-10-04T13:11:00","1","DRIVER","1","715357",,"VOLKSWAGEN","VOLKSWAGEN","WI","2010","NONE","PASSENGER","OTHER","S","TURNING LEFT","true","true","2",,"POLICE","AUTO POUND",,,,,,,,,,,,,,,"OTHER",,,,,,,,,,,,,,,,,,,,,,,,,,,,,,,,,
"753044","JC459842","2019-10-04T13:11:00","2","DRIVER",,"715365",,"HONDA","CRV","IL","2017","NONE","PASSENGER","PERSONAL","S","TURNING RIGHT","true",,"1",,"OWNER INSURANCE","GARAGE",,,,,,,,"true","true",,,,,,"SIDE-LEFT",,,,,,,,,,,,,,,,,,,,,,,,,,,,,,,,,
"753045","JC459842","2019-10-04T13:11:00","3","PARKED",,"715370",,"LAND ROVER","LAND ROVER","IL","2016","NONE","SPORT UTILITY VEHICLE (SUV)","PERSONAL","S","PARKED","true","true","0",,"OWNER INSURANCE","GARAGE",,,,,,,"true","true",,,,,,,"REAR-LEFT",,,,,,,,,,,,,,,,,,,,,,,,,,,,,,,,,