"crash_unit_id","rd_no","crash_date","unit_no","unit_type","num_passengers","vehicle_id","cmrc_veh_i","make","model","lic_plate_state","vehicle_year","vehicle_defect","vehicle_type","vehicle_use","travel_direction","maneuver","towed_i","fire_i","occupant_cnt","exceed_speed_limit_i","towed_by","towed_to","area_00_i","area_01_i","area_02_i","area_03_i","area_04_i","area_05_i","area_06_i","area_07_i","area_08_i","area_09_i","area_10_i","area_11_i","area_12_i","area_99_i","first_contact_point","cmv_id","usdot_no","ccmc_no","ilcc_no","commercial_src","gvwr","carrier_name","carrier_state","carrier_city","hazmat_placards_i","hazmat_name","un_no","hazmat_present_i","hazmat_report_i","hazmat_report_no","mcs_report_i","mcs_report_no","hazmat_vio_cause_crash_i","mcs_vio_cause_crash_i","idot_permit_no","wide_load_i","trailer1_width","trailer2_width","trailer1_length","trailer2_length","total_vehicle_length","axle_cnt","vehicle_config","cargo_body_type","load_type","hazmat_out_of_service_i","mcs_out_of_service_i","hazmat_class"
"753046","JC459842","2019-10-04T13:11:00","4","PARKED",,"715375",,"VOLKSWAGEN","JETTA","IL","2014","NONE","PASSENGER","PERSONAL","S","PARKED","true",,"0",,"OWNER INSURANCE","GARAGE",,,,,,"true","true","true",,,,,,,"REAR-LEFT",,,,,,,,,,,,,,,,,,,,,,,,,,,,,,,,,
"753195","JC460178","2019-10-04T13:00:00","1","DRIVER",,"715495",,"BOBCAT SKID STEER LOADER, (MFD. BY MELROE DIV.)","BOBCAT SKID STEER LOADER, (MFD. BY MELROE DIV.)",,,"NONE","OTHER","CONSTRUCTION/MAINTENANCE","W","STRAIGHT AHEAD",,,"1",,,,,,,,,,,,,,,,"true",,"OTHER",,,,,,,,,,,,,,,,,,,,,,,,,,,,,,,,,
"753196","JC460178","2019-10-04T13:00:00","2","DRIVER",,"715503",,"VOLKSWAGEN","JETTA","IL","2014","NONE","PASSENGER","PERSONAL","N","STRAIGHT AHEAD",,,"1",,,,,,,"true",,,,,,,,,,,"SIDE-RIGHT",,,,,,,,,,,,,,,,,,,,,,,,,,,,,,,,,
"753035","JC459884","2019-10-04T13:00:00","1","DRIVER",,"715355",,"CHEVROLET","MALIBU (CHEVELLE)","IL","2003","UNKNOWN","PICKUP","PERSONAL","UNKNOWN","STRAIGHT AHEAD",,,"1",,,,,,,,,,,,,,,,,,"NONE",,,,,,,,,,,,,,,,,,,,,,,,,,,,,,,,,
"753036","JC459884","2019-10-04T13:00:00","2","DRIVER",,"715363",,"DODGE","STRATUS","IL","2004","NONE","PASSENGER","PERSONAL","UNKNOWN","STRAIGHT AHEAD",,,"1",,,,,,,,,,,,,,,,,,"REAR-LEFT",,,,,,,,,,,,,,,,,,,,,,,,,,,,,,,,,
"753013","JC459794","2019-10-04T13:00:00","1","DRIVER",,"715329",,"CHEVROLET","UNKNOWN","IL","2015","UNKNOWN","PASSENGER","PERSONAL","W","STRAIGHT AHEAD","true",,"1",,"self",,,,,,,,,,,,,,"true",,"OTHER",,,,,,,,,,,,,,,,,,,,,,,,,,,,,,,,,
"753014","JC459794","2019-10-04T13:00:00","2","DRIVER",,"715337",,"FORD","UNKNOWN","IL","2016","NONE","PASSENGER","PERSONAL","W","STRAIGHT AHEAD",,,"1",,,,,,,,,,"true",,,,,,,,"REAR-LEFT",,,,,,,,,,,,,,,,,,,,,,,,,,,,,,,,,
"753028","JC459856","2019-10-04T12:55:00","1","DRIVER",,"715340",,"TOYOTA MOTOR COMPANY, LTD.","Prius","IL","2013","UNKNOWN","PASSENGER","TAXI/FOR HIRE","E","BACKING",,,"1",,,,,"true",,,,,,,,,,,"true",,"FRONT",,,,,,,,,,,,,,,,,,,,,,,,,,,,,,,,,
"753029","JC459856","2019-10-04T12:55:00","2","PARKED",,"715341",,"VOLKSWAGEN","JETTA","IL","2006","OTHER","PASSENGER","NOT IN USE","W","PARKED",,,"0",,,,,,,,,,,,,"true",,,,,"ROOF",,,,,,,,,,,,,,,,,,,,,,,,,,,,,,,,,
"752989","JC459768","2019-10-04T12:50:00","1","DRIVER","1","715303",,"TOYOTA MOTOR COMPANY, LTD.","Prius","IL","2015","UNKNOWN","UNKNOWN/NA","TAXI/FOR HIRE","W","STRAIGHT AHEAD",,,"2",,,,,,,,,,,,,,,"true",,,"TOTAL (ALL AREAS)",,,,,,,,,,,,,,,,,,,,,,,,,,,,,,,,,
"752990","JC459768","2019-10-04T12:50:00","2","DRIVER",,"715306",,"HYUNDAI","EXCEL","IL","2012","NONE","PASSENGER","PERSONAL","E","TURNING LEFT",,,"1",,,,,,,,,,,,,,,"true",,,"TOTAL (ALL AREAS)",,,,,,,,,,,,,,,,,,,,,,,,,,,,,,,,,
"753068","JC459851","2019-10-04T12:45:00","1","DRIVER",,"715387",,"AUDI","A8","IL","2007","NONE","PICKUP","PERSONAL","UNKNOWN","STRAIGHT AHEAD",,,"1",,,,,,,,,,,,,,,,,,"TOTAL (ALL AREAS)",,,,,,,,,,,,,,,,,,,,,,,,,,,,,,,,,
"753069","JC459851","2019-10-04T12:45:00","2","DRIVER",,"715402",,"FORD","F450","IL","2012","NONE","OTHER","TOW TRUCK","W","TURNING LEFT",,,"1",,,,,,"true","true","true",,,,,,,,,,"SIDE-RIGHT",,,,,,,,,,,,,,,,,,,,,,,,,,,,,,,,,
"753017","JC459791","2019-10-04T12:45:00","1","DRIVER",,"715331",,"HYUNDAI","ELANTRA","IL","2018","NONE","PASSENGER","PERSONAL","N","CHANGING LANES",,,"1",,,,,,,,,,,,,,"true","true","true",,"TOTAL (ALL AREAS)",,,,,,,,,,,,,,,,,,,,,,,,,,,,,,,,,
"753018","JC459791","2019-10-04T12:45:00","2","DRIVER","1","715335",,"NISSAN","SENTRA (DATSUN AND NISSAN HAVE MERGED)","IL","2016","NONE","PASSENGER","PERSONAL","N","STRAIGHT AHEAD",,,"2",,,,,,,,,"true",,,,,,,,,"REAR",,,,,,,,,,,,,,,,,,,,,,,,,,,,,,,,,
"757802","JC468681","2019-10-04T12:40:00","1","DRIVER","2","719844",,"FORD","EXPLORER","IL","2018","UNKNOWN","PASSENGER","POLICE","E","STRAIGHT AHEAD",,,"3",,,,,,,"true",,,,,,,,,,,"SIDE-RIGHT",,,,,,,,,,,,,,,,,,,,,,,,,,,,,,,,,
"757803","JC468681","2019-10-04T12:40:00","2","DRIVER","2","719875",,"CHEVROLET","IMPALA","IL","2001","NONE","PASSENGER","PERSONAL","E","PASSING/OVERTAKING",,,"3",,,,,,,,,,,,,,"true",,,,"UNDER CARRIAGE",,,,,,,,,,,,,,,,,,,,,,,,,,,,,,,,,
"753051","JC459799","2019-10-04T12:40:00","1","DRIVER",,"715361",,"JEEP","Grand Cherokee (for vehicle years 1989 to present)","MI","2019","NONE","PASSENGER","RIDESHARE SERVICE","UNKNOWN","STRAIGHT AHEAD","true",,"1",,"HERTZ RENTAL","UNKNOWN",,"true","true",,"true","true","true",,,,,,"true",,"FRONT",,,,,,,,,,,,,,,,,,,,,,,,,,,,,,,,,
"752995","JC459782","2019-10-04T12:35:00","1","DRIVER",,"715304","true","PETERBILT MOTORS CO., DIVISION PACCAR, INC.","PETERBILT MOTORS CO., DIVISION PACCAR, INC.","IL","2008","NONE","TRUCK - SINGLE UNIT","COMMERCIAL - SINGLE UNIT","S","STRAIGHT AHEAD",,,"1",,,,,,,,,,"true",,,,,,,,"REAR-LEFT",,,,,,,,,,,,,,,,,,,,,,,,,,,,,,,,,
"752996","JC459782","2019-10-04T12:35:00","2","DRIVER",,"715309",,"TOYOTA MOTOR COMPANY, LTD.","Prius","IL","2013","NONE","PASSENGER","TAXI/FOR HIRE","N","STRAIGHT AHEAD",,,"1",,,,,,,,,,,,,,,,"true",,"OTHER",,,,,,,,,,,,,,,,,,,,,,,,,,,,,,,,,
"753448","JC459775","2019-10-04T12:35:00","1","DRIVER",,"715838",,"DODGE","CALIBER","IL","2011","UNKNOWN","UNKNOWN/NA","UNKNOWN/NA","W","CHANGING LANES",,,"1",,,,,"true",,,,,,,,,,,,,"FRONT",,,,,,,,,,,,,,,,,,,,,,,,,,,,,,,,,
"753449","JC459775","2019-10-04T12:35:00","2","DRIVER",,"715739",,"JEEP","UNKNOWN","IL","2014","NONE","SPORT UTILITY VEHICLE (SUV)","PERSONAL","W","STRAIGHT AHEAD",,,"1",,,,,,,,,,,,"true","true","true",,,,"ROOF",,,,,,,,,,,,,,,,,,,,,,,,,,,,,,,,,
"755191","JC463800","2019-10-04T12:30:00","1","DRIVER",,"717339",,"UNKNOWN","UNKNOWN",,,"UNKNOWN","TRUCK - SINGLE UNIT","COMMERCIAL - MULTI-UNIT","W","PASSING/OVERTAKING",,,"1",,,,,"false","false",,,,,,,,,,"false","true","UNKNOWN",,,,,,,,,,,,,,,,,,,,,,,,,,,,,,,,,
"755192","JC463800","2019-10-04T12:30:00","2","PARKED",,"717344",,"HONDA","UNKNOWN","IL","2011","UNKNOWN","PASSENGER","PERSONAL","W","PARKED",,,"0",,,,,"true",,,,,,,,,"true","true","true",,"TOTAL (ALL AREAS)",,,,,,,,,,,,,,,,,,,,,,,,,,,,,,,,,
"753015","JC459860","2019-10-04T12:30:00","1","DRIVER",,"715330",,"TOYOTA MOTOR COMPANY, LTD.","CAMRY","IL","2019","UNKNOWN","PASSENGER","PERSONAL","N","STRAIGHT AHEAD",,,"1",,,,,,"true","true","true",,,,,,,,,,"SIDE-RIGHT",,,,,,,,,,,,,,,,,,,,,,,,,,,,,,,,,
"753016","JC459860","2019-10-04T12:30:00","2","DRIVER",,"715333",,"HYUNDAI","TUCSON","IL","2013","NONE","SPORT UTILITY VEHICLE (SUV)","PERSONAL","W","STRAIGHT AHEAD",,,"1",,,,,,,,,,,,,,,,"true",,"OTHER",,,,,,,,,,,,,,,,,,,,,,,,,,,,,,,,,
"753000","JC459759","2019-10-04T12:30:00","1","DRIVER",,"715305",,"CHEVROLET","MALIBU (CHEVELLE)","IL","2011","UNKNOWN","PASSENGER","PERSONAL","S","STRAIGHT AHEAD",,,"1",,,,,"true",,,,,,,,,,,"true",,"FRONT",,,,,,,,,,,,,,,,,,,,,,,,,,,,,,,,,
"752977","JC459752","2019-10-04T12:30:00","1","DRIVER",,"715285",,"MERCEDES-BENZ","ML320 (sport utility)","IL","2001","NONE","SPORT UTILITY VEHICLE (SUV)","PERSONAL","N","STRAIGHT AHEAD",,,"1",,,,"true",,,,,,,,,,,,,,"OTHER",,,,,,,,,,,,,,,,,,,,,,,,,,,,,,,,,
"752978","JC459752","2019-10-04T12:30:00","2","DRIVER",,"715289",,"VOLKSWAGEN","JETTA","IL","2013","NONE","PASSENGER","PERSONAL","N","SLOW/STOP IN TRAFFIC",,,"1",,,,,,,,,"true","true","true",,,,,,,"REAR-LEFT",,,,,,,,,,,,,,,,,,,,,,,,,,,,,,,,,
"753568","JC460886","2019-10-04T12:27:00","1","DRIVER",,"715825",,"CHEVROLET","UNKNOWN","IL","2006","UNKNOWN","UNKNOWN/NA","UNKNOWN/NA","E","UNKNOWN/NA",,,"1",,,,,,,,,,,,,,,,,"true","UNKNOWN",,,,,,,,,,,,,,,,,,,,,,,,,,,,,,,,,
"753569","JC460886","2019-10-04T12:27:00","2","PARKED",,"715831",,"MAZDA","UNKNOWN","IL","2012","NONE","PASSENGER","PERSONAL","E","PARKED",,,"0",,,,,,,,,,,,,,,"true",,,"TOTAL (ALL AREAS)",,,,,,,,,,,,,,,,,,,,,,,,,,,,,,,,,
"753001","JC459769","2019-10-04T12:24:00","1","PARKED",,"715316",,"FERRARI","Testarossa, Ferrari","MI","2019","UNKNOWN","PASSENGER","PERSONAL","E","PARKED",,,"0",,,,,,,,,,,,,"true",,,,,"ROOF",,,,,,,,,,,,,,,,,,,,,,,,,,,,,,,,,
"753002","JC459769","2019-10-04T12:24:00","2","DRIVER",,"715323","true","MACK TRUCKS, INC.","MACK TRUCKS, INC.","IL","2001","UNKNOWN","OTHER","CONSTRUCTION/MAINTENANCE","E","STRAIGHT AHEAD",,,"1",,,,"true",,,,,,,,,,,,,,"SIDE-RIGHT","8333",,,,"SIDE OF TRUCK",,"CHARLES TRUCKING SERVICES","IL",,,,,"N","N",,"N",,"N","N",,,,,,,,,"SINGLE UNIT TRUCK, 2 AXLES, 6 TIRES","DUMP","UNKNOWN","false","false",
"753627","JC461010","2019-10-04T12:15:00","1","DRIVER",,"715892",,"NISSAN","NISSAN ALTIMA","IL","2014","NONE","PASSENGER","UNKNOWN/NA","E","STRAIGHT AHEAD",,,"1",,,,,,,,,,,,,,,,"true",,"OTHER",,,,,,,,,,,,,,,,,,,,,,,,,,,,,,,,,
"753628","JC461010","2019-10-04T12:15:00","2","DRIVER",,"715890",,"HONDA","CIVIC","IL","2017","NONE","PASSENGER","PERSONAL","E","SLOW/STOP IN TRAFFIC",,,"1",,,,,,,,,,"true",,,,,,,,"REAR-LEFT",,,,,,,,,,,,,,,,,,,,,,,,,,,,,,,,,
"753007","JC459822","2019-10-04T12:15:00","1","DRIVER","1","715311",,"MERCEDES-BENZ","MERCEDES-BENZ","IL","2018","UNKNOWN","SPORT UTILITY VEHICLE (SUV)","UNKNOWN/NA","N","BACKING",,,"2",,,,,,,,,,,"true",,,,,,,"SIDE-LEFT",,,,,,,,,,,,,,,,,,,,,,,,,,,,,,,,,
"753008","JC459822","2019-10-04T12:15:00","2","PARKED","2","715315",,"JEEP","UNKNOWN","IL","2010","UNKNOWN","PASSENGER","PERSONAL","S","PARKED",,,"2",,,,,,,,,,,"true",,,,,,,"SIDE-LEFT",,,,,,,,,,,,,,,,,,,,,,,,,,,,,,,,,
"753578","JC459751","2019-10-04T12:15:00","1","DRIVER",,"715840",,"JEEP","LAREDO","IL","2014","NONE","SPORT UTILITY VEHICLE (SUV)","PERSONAL","N","ENTER FROM DRIVE/ALLEY","true",,"1",,,,,,,,,,,,,,"true",,,,"FRONT-RIGHT",,,,,,,,,,,,,,,,,,,,,,,,,,,,,,,,,
"753579","JC459751","2019-10-04T12:15:00","2","DRIVER",,"715848",,"CHEVROLET","CRUZE","IL","2016","NONE","PASSENGER","RIDESHARE SERVICE","E","STRAIGHT AHEAD",,,"1",,,,,,,,,,,,,,,,"true",,"OTHER",,,,,,,,,,,,,,,,,,,,,,,,,,,,,,,,,
"752991","JC459758","2019-10-04T12:09:00","1","DRIVER",,"715307",,"INFINITI","FX35","IL","2012","NONE","SPORT UTILITY VEHICLE (SUV)","PERSONAL","NW","BACKING",,,"1",,,,"true",,,,,,,,,,,,,,"ROOF",,,,,,,,,,,,,,,,,,,,,,,,,,,,,,,,,
"752992","JC459758","2019-10-04T12:09:00","2","BICYCLE",,,,,,,,,,,,,,,,,,,,,,,,,,,,,,,,,,,,,,,,,,,,,,,,,,,,,,,,,,,,,,,,,,
"753595","JC460928","2019-10-04T12:00:00","1","DRIVER",,"715859",,"FORD","ESCAPE (SUV)","IL","2008","UNKNOWN","TRUCK - SINGLE UNIT","UNKNOWN/NA","N","STRAIGHT AHEAD",,,"2",,,,,,,,"true","true",,,,,,,,,"SIDE-RIGHT",,,,,,,,,,,,,,,,,,,,,,,,,,,,,,,,,
"753596","JC460928","2019-10-04T12:00:00","2","DRIVER",,"715855",,"TOYOTA MOTOR COMPANY, LTD.","COROLLA","IL","2020","NONE","PASSENGER","PERSONAL","N","STRAIGHT AHEAD",,,"1",,,,,,,,,,,,"true","true","true","true",,,"ROOF",,,,,,,,,,,,,,,,,,,,,,,,,,,,,,,,,
"752979","JC459750","2019-10-04T12:00:00","1","DRIVER",,"715295",,"MACK TRUCKS, INC.","MACK TRUCKS, INC.","IL","2017","NONE","TRUCK - SINGLE UNIT","COMMERCIAL - SINGLE UNIT","N","STRAIGHT AHEAD",,,"1",,,,,,,,,"true",,,,,,,,,"REAR",,,,,,,,,,,,,,,,,,,,,,,,,,,,,,,,,
"752980","JC459750","2019-10-04T12:00:00","2","PARKED",,"715300",,"NISSAN","Pathfinder","IL","2001","NONE","SPORT UTILITY VEHICLE (SUV)","PERSONAL","N","PARKED",,,"0",,,,,,,,,,,,,,"true","true","false",,"TOTAL (ALL AREAS)",,,,,,,,,,,,,,,,,,,,,,,,,,,,,,,,,
"752973","JC459747","2019-10-04T12:00:00","1","DRIVER",,"715282",,"CHEVROLET","Colorado","IL","2019","NONE","PICKUP","PERSONAL","N","STRAIGHT AHEAD",,,"1",,,,,,,,,,,,,,,"true",,,"UNDER CARRIAGE",,,,,,,,,,,,,,,,,,,,,,,,,,,,,,,,,
"752974","JC459747","2019-10-04T12:00:00","2","DRIVER",,"715287",,"FORD","UNKNOWN","IL","2018","NONE","VAN/MINI-VAN","PERSONAL","N","STRAIGHT AHEAD",,,"1",,,,,,,,,"true",,"false",,,,,,,"REAR",,,,,,,,,,,,,,,,,,,,,,,,,,,,,,,,,
"753232","JC460216","2019-10-04T11:55:00","1","DRIVER",,"715528",,"DODGE","RAM 1500 PU","MI","2014","UNKNOWN","PICKUP","PERSONAL","S","U-TURN",,,"1",,,,,,"true","true",,,,,,,,,,,"SIDE-RIGHT",,,,,,,,,,,,,,,,,,,,,,,,,,,,,,,,,
"753233","JC460216","2019-10-04T11:55:00","2","DRIVER",,"715533",,"KIA MOTORS CORP","Sportage (sport utility)","IL","2015","NONE","SPORT UTILITY VEHICLE (SUV)","PERSONAL","N","STRAIGHT AHEAD",,,"1",,,,,"true",,,,,,,,,,,,,"FRONT",,,,,,,,,,,,,,,,,,,,,,,,,,,,,,,,,
"752937","JC459695","2019-10-04T11:55:00","1","DRIVER",,"715256",,"CHEVROLET","UNKNOWN","IL",,"UNKNOWN","TRUCK - SINGLE UNIT","PERSONAL","SE","UNKNOWN/NA",,,"1",,,,,,,,,,,,,,,"true",,,"TOTAL (ALL AREAS)",,,,,,,,,,,,,,,,,,,,,,,,,,,,,,,,,
"752938","JC459695","2019-10-04T11:55:00","2","DRIVER",,"715267",,"FORD","FUSION","IL",,"UNKNOWN","PASSENGER","PERSONAL","SE","UNKNOWN/NA",,,"1",,,,,"true","true","true","true","true",,,,,,,,,"FRONT",,,,,,,,,,,,,,,,,,,,,,,,,,,,,,,,,
"752981","JC459716","2019-10-04T11:53:00","1","DRIVER","1","715290",,"PONTIAC","GRAND AM","IL","2002","NONE","PASSENGER","PERSONAL","W","STRAIGHT AHEAD","true",,"2",,"PRIVATE TOW","PRIVATE TOW",,"true","true",,,,,,,,,,"true",,"FRONT",,,,,,,,,,,,,,,,,,,,,,,,,,,,,,,,,
"752982","JC459716","2019-10-04T11:53:00","2","PARKED",,"715298",,"HYUNDAI","UNKNOWN","IL","2013","NONE","PASSENGER","UNKNOWN/NA","W","PARKED",,,"0",,,,,,,,,,,,,,"true","true",,,"TOTAL (ALL AREAS)",,,,,,,,,,,,,,,,,,,,,,,,,,,,,,,,,
"757235","JC467716","2019-10-04T11:50:00","1","DRIVER",,"719284",,"HONDA","UNKNOWN","IL","2015","UNKNOWN","PASSENGER","PERSONAL","W","STRAIGHT AHEAD",,,"1",,,,,,,,,,,,,,,,"true",,"OTHER",,,,,,,,,,,,,,,,,,,,,,,,,,,,,,,,,
"757236","JC467716","2019-10-04T11:50:00","2","DRIVER",,"719300",,"INFINITI","QX56","IL","2017","UNKNOWN","PASSENGER","PERSONAL","W","STRAIGHT AHEAD",,,"1",,,,,,,,,,"true",,,,,,,,"REAR-LEFT",,,,,,,,,,,,,,,,,,,,,,,,,,,,,,,,,
"752943","JC459686","2019-10-04T11:47:00","1","DRIVER",,"715251",,"HYUNDAI","ELANTRA","IL","2013","NONE","PASSENGER","PERSONAL","N","STRAIGHT AHEAD",,,"1",,,,,,,,,,,,,,,,"true",,"OTHER",,,,,,,,,,,,,,,,,,,,,,,,,,,,,,,,,
"752944","JC459686","2019-10-04T11:47:00","2","DRIVER","1","715262",,"CHRYSLER","TOWN & COUNTRY","IL","2006","NONE","VAN/MINI-VAN","PERSONAL","W","STRAIGHT AHEAD",,,"2",,,,,,,,,,,"true",,,,,,,"SIDE-LEFT",,,,,,,,,,,,,,,,,,,,,,,,,,,,,,,,,
"752961","JC459727","2019-10-04T11:45:00","1","DRIVER",,"715268",,"CHEVROLET","Express (full-size van)","IL","2001","NONE","VAN/MINI-VAN","PERSONAL","N","STRAIGHT AHEAD",,,"1",,,,,,"true",,,,,,,,,,,,"FRONT-RIGHT",,,,,,,,,,,,,,,,,,,,,,,,,,,,,,,,,
"752962","JC459727","2019-10-04T11:45:00","2","DRIVERLESS",,"715273",,"UNKNOWN","UNKNOWN","IL",,"UNKNOWN","TRUCK - SINGLE UNIT","UNKNOWN/NA","N","PARKED IN TRAFFIC LANE",,,"0",,,,,,,,,,,,,,,,,"true","ROOF",,,,,,,,,,,,,,,,,,,,,,,,,,,,,,,,,
"753005","JC459710","2019-10-04T11:45:00","1","DRIVER",,"715317",,"KIA MOTORS CORP","SOUL","IL","2013","NONE","PASSENGER","PERSONAL","S","OTHER","true",,"1",,"e/r towing city of chicago",,,"true",,,,,,,,,"true","true","true",,"TOTAL (ALL AREAS)",,,,,,,,,,,,,,,,,,,,,,,,,,,,,,,,,
"753006","JC459710","2019-10-04T11:45:00","2","DRIVER",,"715321",,"DODGE","CARAVAN","IL","2006","NONE","VAN/MINI-VAN","PERSONAL","N","STRAIGHT AHEAD","true",,"1",,"PRIVATE",,,,,,,,,,,"true","true","true","true",,"UNDER CARRIAGE",,,,,,,,,,,,,,,,,,,,,,,,,,,,,,,,,
"752959","JC459699","2019-10-04T11:45:00","1","DRIVER",,"715292",,"GENERAL MOTORS CORP.","ACADIA","IL","2012","NONE","PASSENGER","PERSONAL","E","STRAIGHT AHEAD",,,"1",,,,,,,,,,,,,,,"true","true",,"OTHER",,,,,,,,,,,,,,,,,,,,,,,,,,,,,,,,,
"752960","JC459699","2019-10-04T11:45:00","2","DRIVER",,"715288",,"CADILLAC","DTS","IL","2007","NONE","PASSENGER","PERSONAL","N","STRAIGHT AHEAD",,,"1",,,,,,,,,,,,,"true","true",,,,"ROOF",,,,,,,,,,,,,,,,,,,,,,,,,,,,,,,,,
"752941","JC459682","2019-10-04T11:45:00","1","DRIVER",,"715250",,"FORD","UNKNOWN","AZ","2011","NONE","TRUCK - SINGLE UNIT","OTHER","NW","TURNING RIGHT",,,"1",,,,,,,,"true","true",,,,,,,,,"REAR-RIGHT",,,,,,,,,,,,,,,,,,,,,,,,,,,,,,,,,
"752942","JC459682","2019-10-04T11:45:00","2","PARKED",,"715255",,"KENWORTH MOTOR TRUCK CO.","KENWORTH MOTOR TRUCK CO.","IL","2014","NONE","TRACTOR W/ SEMI-TRAILER","COMMERCIAL - SINGLE UNIT","N","PARKED",,,"0",,,,,,,,,,,"true",,,,,,,"FRONT-LEFT",,,,,,,,,,,,,,,,,,,,,,,,,,,,,,,,,
"754001","JC461559","2019-10-04T11:35:00","1","DRIVER",,"716239",,"VOLKSWAGEN","Touareg","IL","2013","UNKNOWN","PASSENGER","UNKNOWN/NA","E","PASSING/OVERTAKING",,,"1",,,,,"true",,,,,,,,,,,,,,,,,,,,,,,,,,,,,,,,,,,,,,,,,,,,,,
"754002","JC461559","2019-10-04T11:35:00","2","DRIVER",,"716250",,"UNKNOWN","UNKNOWN","IL",,"NONE","BUS OVER 15 PASS.","COMMERCIAL - MULTI-UNIT","E","STRAIGHT AHEAD",,,"1",,,,,,,,,,,"true",,,,,,,,,,,,,,,,,,,,,,,,,,,,,,,,,,,,,,,,
"752983","JC459676","2019-10-04T11:30:00","1","DRIVER",,"715291",,"KIA MOTORS CORP","UNKNOWN",,,"UNKNOWN","PASSENGER","UNKNOWN/NA","W","STRAIGHT AHEAD",,,"1",,,,,,,,,,,,,,,,,"true","OTHER",,,,,,,,,,,,,,,,,,,,,,,,,,,,,,,,,
"752984","JC459676","2019-10-04T11:30:00","2","DRIVER",,"715296",,"NEW FLYER","NEW FLYER","IL","2006","NONE","BUS OVER 15 PASS.","CTA","W","STRAIGHT AHEAD",,,"1",,,,,,,,,,"true",,,,,,,,"SIDE-LEFT",,,,,,,,,,,,,,,,,,,,,,,,,,,,,,,,,
"752967","JC459683","2019-10-04T11:27:00","1","DRIVER",,"715283","true","FREIGHTLINER CORP.","FREIGHTLINER CORP.","MO","2019","UNKNOWN","SINGLE UNIT TRUCK WITH TRAILER","COMMERCIAL - SINGLE UNIT","W","TURNING RIGHT",,,"1",,,,"true",,,,,,,"false",,,,,,,"SIDE-LEFT","8332","0003706",,,"PAPERS","2","NEW PRIME INC","MO","SPRINGFIELD",,,,"N","N",,"N",,"N","N","0003706",,,,,,,,"TRACTOR/SEMI-TRAILER","OTHER","UNKNOWN","false","false",
"752968","JC459683","2019-10-04T11:27:00","2","DRIVER",,"715293",,"JEEP","Wrangler (for vehicle years 1989 to present)","IL","2014","UNKNOWN","PASSENGER","PERSONAL","N","SLOW/STOP IN TRAFFIC",,,"1",,,,,,,,,"true","true","true",,,,,,,"SIDE-LEFT",,,,,,,,,,,,,,,,,,,,,,,,,,,,,,,,,
"753593","JC460947","2019-10-04T11:26:00","1","DRIVER",,"715858",,"HONDA","Pilot","IL","2003","NONE","PASSENGER","PERSONAL","W","STRAIGHT AHEAD",,,"4",,,,,,,,,,,,,,,,"true",,"OTHER",,,,,,,,,,,,,,,,,,,,,,,,,,,,,,,,,
"753594","JC460947","2019-10-04T11:26:00","2","DRIVER",,"715853",,"TOYOTA MOTOR COMPANY, LTD.","Avalon","IL","2008","NONE","PASSENGER","PERSONAL","W","SLOW/STOP IN TRAFFIC",,,"1",,,,,,,,,,"true",,,,,,,,"REAR-LEFT",,,,,,,,,,,,,,,,,,,,,,,,,,,,,,,,,
"752987","JC459776","2019-10-04T11:26:00","1","DRIVER",,"715299",,"FORD","FORD-TRUCK,VAN,SUV, ETC","IL","2018","UNKNOWN","VAN/MINI-VAN","OTHER","E","BACKING",,,"1",,,,,,,,,,"true",,,,,,"false",,"REAR-LEFT",,,,,,,,,,,,,,,,,,,,,,,,,,,,,,,,,
"752988","JC459776","2019-10-04T11:26:00","2","DRIVER",,"715322",,"CHEVROLET","TRAVERSE","IL","2016","UNKNOWN","SPORT UTILITY VEHICLE (SUV)","PERSONAL","W","SLOW/STOP IN TRAFFIC",,,"1",,,,,,,,,,,,,,,,"true",,"OTHER",,,,,,,,,,,,,,,,,,,,,,,,,,,,,,,,,
"752932","JC459698","2019-10-04T11:24:00","1","DRIVER",,"715248",,"LEXUS","IS250","IL","2006","NONE","PASSENGER","PERSONAL","E","STRAIGHT AHEAD",,,"1",,,,,,,,,,,,,,,"true",,,"OTHER",,,,,,,,,,,,,,,,,,,,,,,,,,,,,,,,,
"752933","JC459698","2019-10-04T11:24:00","2","DRIVER",,"715261",,"HONDA","CRV","IL",,"NONE","VAN/MINI-VAN","PERSONAL","E","SLOW/STOP IN TRAFFIC",,,"1",,,,,,,,,,"true",,,,,,,,"REAR-LEFT",,,,,,,,,,,,,,,,,,,,,,,,,,,,,,,,,
"752948","JC459693","2019-10-04T11:20:00","1","DRIVER",,"715258",,"TOYOTA MOTOR COMPANY, LTD.","CAMRY","IL","2013","NONE","PASSENGER","TAXI/FOR HIRE","W","ENTERING TRAFFIC LANE FROM PARKING",,,"1",,,,,,,,,,,,,"true","true","false",,,"UNDER CARRIAGE",,,,,,,,,,,,,,,,,,,,,,,,,,,,,,,,,
"752949","JC459693","2019-10-04T11:20:00","2","DRIVER",,"715269",,"TOYOTA MOTOR COMPANY, LTD.","Prius","PA","2018","NONE","PASSENGER","RIDESHARE SERVICE","W","STRAIGHT AHEAD",,,"1",,,,,"true","false",,,,,,,,,,,,"FRONT",,,,,,,,,,,,,,,,,,,,,,,,,,,,,,,,,