"crash_unit_id","rd_no","crash_date","unit_no","unit_type","num_passengers","vehicle_id","cmrc_veh_i","make","model","lic_plate_state","vehicle_year","vehicle_defect","vehicle_type","vehicle_use","travel_direction","maneuver","towed_i","fire_i","occupant_cnt","exceed_speed_limit_i","towed_by","towed_to","area_00_i","area_01_i","area_02_i","area_03_i","area_04_i","area_05_i","area_06_i","area_07_i","area_08_i","area_09_i","area_10_i","area_11_i","area_12_i","area_99_i","first_contact_point","cmv_id","usdot_no","ccmc_no","ilcc_no","commercial_src","gvwr","carrier_name","carrier_state","carrier_city","hazmat_placards_i","hazmat_name","un_no","hazmat_present_i","hazmat_report_i","hazmat_report_no","mcs_report_i","mcs_report_no","hazmat_vio_cause_crash_i","mcs_vio_cause_crash_i","idot_permit_no","wide_load_i","trailer1_width","trailer2_width","trailer1_length","trailer2_length","total_vehicle_length","axle_cnt","vehicle_config","cargo_body_type","load_type","hazmat_out_of_service_i","mcs_out_of_service_i","hazmat_class"
"752917","JC459669","2019-10-04T11:20:00","1","DRIVER",,"715233",,"CHEVROLET","MALIBU (CHEVELLE)","IL","2015","NONE","PASSENGER","PERSONAL","E","CHANGING LANES",,,"1",,,,,"true",,,,,,,,,,,,,"FRONT",,,,,,,,,,,,,,,,,,,,,,,,,,,,,,,,,
"752918","JC459669","2019-10-04T11:20:00","2","DRIVER",,"715237",,"DODGE","RAM 1500 PU","IL","2015","NONE","PICKUP","PERSONAL","E","STRAIGHT AHEAD",,,"1",,,,,,,,,,,"true",,,,,,,"SIDE-LEFT",,,,,,,,,,,,,,,,,,,,,,,,,,,,,,,,,
"752934","JC459660","2019-10-04T11:17:00","1","DRIVER",,"715247",,"MERCURY","MARINER","IL","2009","UNKNOWN","PASSENGER","PERSONAL","W","STRAIGHT AHEAD",,,"1",,,,,,,,,,,"true","true",,,,,,"FRONT-LEFT",,,,,,,,,,,,,,,,,,,,,,,,,,,,,,,,,
"752935","JC459660","2019-10-04T11:17:00","2","DRIVER",,"715253",,"AUTOCAR","AUTOCAR","IL","2003","UNKNOWN","OTHER","CONSTRUCTION/MAINTENANCE","W","SLOW/STOP IN TRAFFIC",,,"1",,,,"true",,,,,,,,,,,,,,"FRONT",,,,,,,,,,,,,,,,,,,,,,,,,,,,,,,,,
"752947","JC459673","2019-10-04T11:10:00","1","DRIVER",,"715259","true","FREIGHTLINER CORP.","FREIGHTLINER CORP.","IN","2018","NONE","TRUCK - SINGLE UNIT","COMMERCIAL - SINGLE UNIT","S","PASSING/OVERTAKING",,,"1",,,,"true",,,,,"true",,"true",,,,,,,"SIDE-LEFT","8330","327574",,,"PAPERS","2","PENSKE TRUCK RENTAL","PA","READING",,,,"N","N",,"N",,"N","N",,,,,,,,,"SINGLE UNIT TRUCK, 2 AXLES, 6 TIRES","VAN/ENCLOSED BOX","UNKNOWN","false","false",
"752952","JC459673","2019-10-04T11:10:00","2","DRIVERLESS",,"715280","true","FREIGHTLINER CORP.","FREIGHTLINER CORP.","IN","2014","NONE","TRUCK - SINGLE UNIT","COMMERCIAL - SINGLE UNIT","S","PARKED",,,"0",,,,,"true",,,,,,,,,,,,,"FRONT","8331","63391",,,"PAPERS","2","R & L TRANSFER INC","IN","ALEXANDRIA",,,,"N","N",,"N",,"N","N",,,,,,,,,"SINGLE UNIT TRUCK, 2 AXLES, 6 TIRES","VAN/ENCLOSED BOX","UNKNOWN","false","false",
"756161","JC465850","2019-10-04T11:00:00","1","DRIVER",,"718267",,"UNKNOWN","UNKNOWN",,,"NONE","PASSENGER","PERSONAL","N","LEAVING TRAFFIC LANE TO PARK",,,"1",,,,,,,,,,,,,,,,,,"UNKNOWN",,,,,,,,,,,,,,,,,,,,,,,,,,,,,,,,,
"756162","JC465850","2019-10-04T11:00:00","2","PARKED",,"718270",,"FORD","EDGE","IL","2008","NONE","PASSENGER","PERSONAL","N","PARKED",,,"0",,,,,,,,,,,,,,,"true","true",,"TOTAL (ALL AREAS)",,,,,,,,,,,,,,,,,,,,,,,,,,,,,,,,,
"752985","JC459783","2019-10-04T10:58:00","1","DRIVER",,"715297",,"FORD","ESCAPE (SUV)","IL","2005","NONE","SPORT UTILITY VEHICLE (SUV)","PERSONAL","S","ENTERING TRAFFIC LANE FROM PARKING",,,"1",,,,"true",,,,,,,,,,,,,,"REAR-LEFT",,,,,,,,,,,,,,,,,,,,,,,,,,,,,,,,,
"752986","JC459783","2019-10-04T10:58:00","2","PARKED",,"715302",,"TRIUMPH","UNKNOWN","IL","2007","NONE","MOTORCYCLE (OVER 150CC)","NOT IN USE","N","PARKED",,,"0",,,,,,,,,,,,,,,,,"true","UNKNOWN",,,,,,,,,,,,,,,,,,,,,,,,,,,,,,,,,
"752904","JC459624","2019-10-04T10:57:00","1","DRIVER",,"715235",,"CHEVROLET","CRUZE","IL","2019","NONE","PASSENGER","PERSONAL","E","STRAIGHT AHEAD",,,"1",,,,,"true",,,,,,,,,,,,,"FRONT",,,,,,,,,,,,,,,,,,,,,,,,,,,,,,,,,
"752905","JC459624","2019-10-04T10:57:00","2","DRIVER",,"715239",,"NISSAN","VERSA","IL","2019","NONE","PASSENGER","PERSONAL","N","STRAIGHT AHEAD",,,"1",,,,,,,,,,,,,,"true",,,,"FRONT",,,,,,,,,,,,,,,,,,,,,,,,,,,,,,,,,
"752955","JC459725","2019-10-04T10:50:00","1","DRIVER",,"715264",,"BMW","X5","IL","2016","NONE","PASSENGER","PERSONAL","S","STRAIGHT AHEAD",,,"1",,,,,,,,,,,"true",,"true","true",,,,"ROOF",,,,,,,,,,,,,,,,,,,,,,,,,,,,,,,,,
"752956","JC459725","2019-10-04T10:50:00","2","DRIVER",,"715275",,"TOYOTA MOTOR COMPANY, LTD.","CAMRY","IL","2015","UNKNOWN","PASSENGER","TAXI/FOR HIRE","S","STRAIGHT AHEAD",,,"1",,,,,"true",,,,,,,,,,,,,"FRONT",,,,,,,,,,,,,,,,,,,,,,,,,,,,,,,,,
"752898","JC459623","2019-10-04T10:50:00","1","DRIVER","2","715318",,"NISSAN","SENTRA (DATSUN AND NISSAN HAVE MERGED)","IL","2017","NONE","PASSENGER","PERSONAL","W","TURNING LEFT",,,"3",,,,,"false","false","true",,,,,,,,,"false",,"SIDE-RIGHT",,,,,,,,,,,,,,,,,,,,,,,,,,,,,,,,,
"752899","JC459623","2019-10-04T10:50:00","2","DRIVER",,"715326",,"CHEVROLET","MALIBU (CHEVELLE)","IN","2010","NONE","PASSENGER","PERSONAL","S","STRAIGHT AHEAD",,,"1",,,,,"false",,,,,,,,,,,"true",,"OTHER",,,,,,,,,,,,,,,,,,,,,,,,,,,,,,,,,
"752902","JC459608","2019-10-04T10:42:00","1","DRIVER",,"715219",,"GENERAL MOTORS CORP.","UNKNOWN",,,"BRAKES","OTHER","OTHER","E","STRAIGHT AHEAD","true",,"1",,"private","unknown",,,,,,,,,,,,"true","true",,"OTHER",,,,,,,,,,,,,,,,,,,,,,,,,,,,,,,,,
"752903","JC459608","2019-10-04T10:42:00","2","DRIVER",,"715230",,"FORD","ECONOLINE E150","IL","2011","UNKNOWN","VAN/MINI-VAN","COMMERCIAL - MULTI-UNIT","E","SLOW/STOP IN TRAFFIC",,,"1",,,,,,,,,,"true",,,,,,,,"REAR-LEFT",,,,,,,,,,,,,,,,,,,,,,,,,,,,,,,,,
"752963","JC459630","2019-10-04T10:38:00","1","DRIVER",,"715271",,"CHEVROLET","TAHOE","IL","2008","NONE","PASSENGER","PERSONAL","NE","TURNING LEFT","true",,"1",,"CITY OF CHICAGO","10300 S DOTY",,,,,"true","true",,,,,,,,,"REAR",,,,,,,,,,,,,,,,,,,,,,,,,,,,,,,,,
"752964","JC459630","2019-10-04T10:38:00","2","DRIVER",,"715279",,"NISSAN","MAURANO","IL","2006","NONE","PASSENGER","PERSONAL","W","STRAIGHT AHEAD","true",,"1",,"A.R.T TOWING","1339 W 51ST ST",,"true","true",,,,,,,,"true","true","true",,"OTHER",,,,,,,,,,,,,,,,,,,,,,,,,,,,,,,,,
"752928","JC459615","2019-10-04T10:35:00","1","DRIVER",,"715274","true","GENERAL MOTORS CORP.","UNKNOWN",,,"NONE","TRUCK - SINGLE UNIT","COMMERCIAL - SINGLE UNIT","S","PASSING/OVERTAKING",,,"1",,,,,"true",,,,,,,,,,,,,"FRONT",,,,,,,,,,,,,,,,,,,,,,,,,,,,,,,,,
"752929","JC459615","2019-10-04T10:35:00","2","PARKED",,"715265","true","FORD","F450","IL",,"NONE","TRACTOR W/ SEMI-TRAILER","CONSTRUCTION/MAINTENANCE","S","PARKED IN TRAFFIC LANE",,,"0",,,,,,,,,,,,,,,,,,,,,,,,,,,,,,,,,,,,,,,,,,,,,,,,,,,
"752889","JC459602","2019-10-04T10:33:00","1","DRIVER",,"715212","true","FORD","UNKNOWN","AZ","2009","UNKNOWN","TRUCK - SINGLE UNIT","PERSONAL","S","STRAIGHT AHEAD",,,"1",,,,,"true","true",,,,,,,,,,,,"FRONT",,,,,,,,,,,,,,,,,,,,,,,,,,,,,,,,,
"752890","JC459602","2019-10-04T10:33:00","2","PARKED",,"715222","true","ISUZU","UNKNOWN","IL","2016","UNKNOWN","TRUCK - SINGLE UNIT","COMMERCIAL - SINGLE UNIT","S","PARKED IN TRAFFIC LANE",,,"0",,,,,,,,,,,"true",,,,"true",,,"TOTAL (ALL AREAS)",,,,,,,,,,,,,,,,,,,,,,,,,,,,,,,,,
"752913","JC459654","2019-10-04T10:32:00","1","DRIVER",,"715228",,"HONDA","Odyssey (minivan)","IL","2007","NONE","VAN/MINI-VAN","COMMERCIAL - SINGLE UNIT","W","STRAIGHT AHEAD",,,"1",,,,"true",,,,,,,,,,,,,,"OTHER",,,,,,,,,,,,,,,,,,,,,,,,,,,,,,,,,
"752914","JC459654","2019-10-04T10:32:00","2","DRIVER",,"715232",,"NISSAN","SENTRA (DATSUN AND NISSAN HAVE MERGED)","MA","2019","NONE","PASSENGER","PERSONAL","W","SLOW/STOP IN TRAFFIC",,,"1",,,,,,,,,,,"true",,,,,,,"REAR-LEFT",,,,,,,,,,,,,,,,,,,,,,,,,,,,,,,,,
"752971","JC459742","2019-10-04T10:30:00","1","DRIVER",,"715278",,"BMW","X5","IL","2016","NONE","SPORT UTILITY VEHICLE (SUV)","OTHER","UNKNOWN","TURNING LEFT",,,"1",,,,,,,,,,,,,"true","true",,,,"ROOF",,,,,,,,,,,,,,,,,,,,,,,,,,,,,,,,,
"752972","JC459742","2019-10-04T10:30:00","2","DRIVER","1","715286",,"TOYOTA MOTOR COMPANY, LTD.","CAMRY","IL","2015","NONE","PASSENGER","TAXI/FOR HIRE","S","STRAIGHT AHEAD",,,"2",,,,,,,,,,,,,,,,"true",,"OTHER",,,,,,,,,,,,,,,,,,,,,,,,,,,,,,,,,
"752911","JC459635","2019-10-04T10:20:00","1","DRIVER",,"715226",,"CHRYSLER","TOWN & COUNTRY","IL","1999","NONE","VAN/MINI-VAN","PERSONAL","S","BACKING",,,"1",,,,,,,,,,"true","true",,,,,,,"SIDE-LEFT",,,,,,,,,,,,,,,,,,,,,,,,,,,,,,,,,
"752912","JC459635","2019-10-04T10:20:00","2","PARKED",,"715231",,"JEEP","Grand Cherokee (for vehicle years 1989 to present)","IL","2014","NONE","PASSENGER","NOT IN USE","W","PARKED",,,"0",,,,,,,,,,"true","true",,,,,,,"SIDE-LEFT",,,,,,,,,,,,,,,,,,,,,,,,,,,,,,,,,
"752891","JC459595","2019-10-04T10:18:00","1","DRIVER","1","715210",,"CHRYSLER","Sebring","IL","2010","NONE","PASSENGER","PERSONAL","S","STRAIGHT AHEAD",,,"2",,,,,,,,,,,,,,"true","true",,,"TOTAL (ALL AREAS)",,,,,,,,,,,,,,,,,,,,,,,,,,,,,,,,,
"752892","JC459595","2019-10-04T10:18:00","2","DRIVER",,"715215",,"TOYOTA MOTOR COMPANY, LTD.","CAMRY","IL","2009","NONE","PASSENGER","PERSONAL","E","STRAIGHT AHEAD","true",,"1",,,,,"true",,,,,,,,,,"true","true",,"OTHER",,,,,,,,,,,,,,,,,,,,,,,,,,,,,,,,,
"756309","JC466165","2019-10-04T10:15:00","1","DRIVER",,"718400",,"UNKNOWN","UNKNOWN","IL",,"UNKNOWN","TRACTOR W/ SEMI-TRAILER","UNKNOWN/NA","SE","BACKING",,,"1",,,,,,,,,"true",,,,,,,,,"REAR-RIGHT",,,,,,,,,,,,,,,,,,,,,,,,,,,,,,,,,
"756310","JC466165","2019-10-04T10:15:00","2","PARKED",,"718407",,"TOYOTA MOTOR COMPANY, LTD.","RAV4 (sport utility)","IL","2009","UNKNOWN","PASSENGER","NOT IN USE","W","PARKED",,,"0",,,,,,,,,"false","true",,,,,,,,"REAR-LEFT",,,,,,,,,,,,,,,,,,,,,,,,,,,,,,,,,
"752957","JC459625","2019-10-04T10:11:00","1","DRIVER",,"715263",,"HONDA","HONDA","IL","2009","NONE","PASSENGER","PERSONAL","W","OTHER","true",,"1",,"city of chicago","doty road",,,,,,,,,,,,"true",,,"TOTAL (ALL AREAS)",,,,,,,,,,,,,,,,,,,,,,,,,,,,,,,,,
"752958","JC459625","2019-10-04T10:11:00","2","DRIVER",,"715276",,"NISSAN","UNKNOWN","IL","2018","NONE","TRUCK - SINGLE UNIT","COMMERCIAL - SINGLE UNIT","E","STRAIGHT AHEAD","true",,"1",,"private",,,,,,,,,"true","true",,,,,,"FRONT-LEFT",,,,,,,,,,,,,,,,,,,,,,,,,,,,,,,,,
"753242","JC460237","2019-10-04T10:10:00","1","DRIVER",,"715546",,"HYUNDAI","TUCSON","IL","2007","UNKNOWN","SPORT UTILITY VEHICLE (SUV)","PERSONAL","N","TURNING LEFT",,,"1",,,,,,,"true","true",,,,,,,,,,"SIDE-RIGHT",,,,,,,,,,,,,,,,,,,,,,,,,,,,,,,,,
"753243","JC460237","2019-10-04T10:10:00","2","DRIVER",,"715560",,"UNKNOWN","UNKNOWN",,,"UNKNOWN","UNKNOWN/NA","UNKNOWN/NA","W","STRAIGHT AHEAD",,,"1",,,,,,,,,,,,,,,,,,"OTHER",,,,,,,,,,,,,,,,,,,,,,,,,,,,,,,,,
"752879","JC459597","2019-10-04T10:00:00","1","DRIVER",,"715203",,"ROLLS INTERNATIONAL TRAILER(MOBILE HOME)","ROLLS INTERNATIONAL TRAILER(MOBILE HOME)","IL","2011","UNKNOWN","TRUCK - SINGLE UNIT","COMMERCIAL - MULTI-UNIT","W","STRAIGHT AHEAD",,,"1",,,,,,,,,,,,,,,,,,"UNKNOWN",,,,,,,,,,,,,,,,,,,,,,,,,,,,,,,,,
"752880","JC459597","2019-10-04T10:00:00","2","DRIVER","1","715209",,"ACURA","ACURA","IL","2006","UNKNOWN","PASSENGER","PERSONAL","W","TURNING LEFT",,,"2",,,,,,"true",,,,,,,,,,,,"SIDE-RIGHT",,,,,,,,,,,,,,,,,,,,,,,,,,,,,,,,,
"752883","JC459589","2019-10-04T10:00:00","1","DRIVER",,"715205",,"FORD","FUSION","IL","2013","NONE","PASSENGER","PERSONAL","E","BACKING",,,"1",,,,,,,,,,"true","true",,,,,,,"SIDE-LEFT",,,,,,,,,,,,,,,,,,,,,,,,,,,,,,,,,
"752884","JC459589","2019-10-04T10:00:00","2","DRIVER",,"715207",,"CHEVROLET","HHR","IL","2006","NONE","PASSENGER","PERSONAL","N","STRAIGHT AHEAD",,,"1",,,,,,,,,,,,"true","true",,,,,"FRONT-LEFT",,,,,,,,,,,,,,,,,,,,,,,,,,,,,,,,,
"752965","JC459561","2019-10-04T09:50:00","1","BICYCLE",,,,,,,,,,,,,,,,,,,,,,,,,,,,,,,,,,,,,,,,,,,,,,,,,,,,,,,,,,,,,,,,,,
"752966","JC459561","2019-10-04T09:50:00","2","DRIVER",,"715294",,"TOYOTA MOTOR COMPANY, LTD.","FJ CRUISER","IL","2008","NONE","PASSENGER","PERSONAL","S","STRAIGHT AHEAD",,,"1",,,,,,,"true","true",,,,,,,,,,"FRONT-RIGHT",,,,,,,,,,,,,,,,,,,,,,,,,,,,,,,,,
"752870","JC459580","2019-10-04T09:45:00","1","DRIVER",,"715189",,"JEEP","LAREDO",,,"UNKNOWN","PASSENGER","PERSONAL","N","STRAIGHT AHEAD",,,"1",,,,,,,,,,,,,,,,"true",,"OTHER",,,,,,,,,,,,,,,,,,,,,,,,,,,,,,,,,
"752871","JC459580","2019-10-04T09:45:00","2","DRIVER",,"715192",,"CHEVROLET","S10","MS","1994","NONE","PICKUP","PERSONAL","N","SLOW/STOP IN TRAFFIC",,,"1",,,,,,,,,,"true",,,,,,,,"REAR-LEFT",,,,,,,,,,,,,,,,,,,,,,,,,,,,,,,,,
"752863","JC459567","2019-10-04T09:45:00","1","DRIVER",,"716820",,"FORD","ESCAPE (SUV)","IL","2011","NONE","PASSENGER","PERSONAL","N","OTHER",,,"1",,,,,,,,,,,,,,,,"false",,"OTHER",,,,,,,,,,,,,,,,,,,,,,,,,,,,,,,,,
"752862","JC459567","2019-10-04T09:45:00","2","DRIVER",,"715184",,"CHEVROLET","TRAVERSE","IL","2015","NONE","OTHER","TAXI/FOR HIRE","N","SLOW/STOP IN TRAFFIC",,,"1",,,,,,,,,,"true",,,,,,,,"REAR-LEFT",,,,,,,,,,,,,,,,,,,,,,,,,,,,,,,,,
"755393","JC464277","2019-10-04T09:30:00","1","DRIVER",,"717544",,"FORD","FUSION","IL","2017","NONE","PASSENGER","PERSONAL","N","ENTERING TRAFFIC LANE FROM PARKING",,,"1",,,,,"true",,,,,,,,,,"false",,,"FRONT",,,,,,,,,,,,,,,,,,,,,,,,,,,,,,,,,
"755394","JC464277","2019-10-04T09:30:00","2","PARKED",,"717550",,"NISSAN","NISSAN ALTIMA","IL","2017","NONE","PASSENGER","PERSONAL","N","PARKED",,,"0",,,,,,,,,,,"true",,,,,,,"SIDE-LEFT",,,,,,,,,,,,,,,,,,,,,,,,,,,,,,,,,
"752906","JC459648","2019-10-04T09:30:00","1","DRIVER",,"715218",,"UNKNOWN","UNKNOWN","IL",,"UNKNOWN","UNKNOWN/NA","UNKNOWN/NA","UNKNOWN","UNKNOWN/NA",,,"1",,,,,,,,,,,,,,,,,,"UNKNOWN",,,,,,,,,,,,,,,,,,,,,,,,,,,,,,,,,
"752907","JC459648","2019-10-04T09:30:00","2","PARKED",,"715223",,"NISSAN","SENTRA (DATSUN AND NISSAN HAVE MERGED)","IL","2017","NONE","PASSENGER","OTHER","S","PARKED",,,"0",,,,,,,,,,,,"true","true","true",,,,"ROOF",,,,,,,,,,,,,,,,,,,,,,,,,,,,,,,,,
"752953","JC459606","2019-10-04T09:30:00","1","DRIVER",,"715260",,"BUICK","UNKNOWN","IL","2015","NONE","PASSENGER","PERSONAL","N","OTHER",,,"1",,,,,,,,,,,,,,,"true",,,"TOTAL (ALL AREAS)",,,,,,,,,,,,,,,,,,,,,,,,,,,,,,,,,
"752954","JC459606","2019-10-04T09:30:00","2","DRIVER",,"715270",,"CHEVROLET","Express (full-size van)","IL","2013","NONE","VAN/MINI-VAN","PERSONAL","N","STRAIGHT AHEAD",,,"1",,,,,,,"true",,,,,,"false",,,,,"SIDE-RIGHT",,,,,,,,,,,,,,,,,,,,,,,,,,,,,,,,,
"752876","JC459569","2019-10-04T09:30:00","1","DRIVER",,"715199","true","FORD","F550","IL","2011","UNKNOWN","OTHER VEHICLE WITH TRAILER","COMMERCIAL - MULTI-UNIT","W","TURNING RIGHT",,,"1",,,,,,,,,,,"true",,,,,,,"SIDE-LEFT",,,,,,,,,,,,,,,,,,,,,,,,,,,,,,,,,
"752877","JC459569","2019-10-04T09:30:00","2","PARKED",,"715206",,"NISSAN","UNKNOWN","IL","2013","UNKNOWN","SPORT UTILITY VEHICLE (SUV)","NOT IN USE","UNKNOWN","PARKED",,,"0",,,,,,,,,,,"true",,,,,,,"SIDE-LEFT",,,,,,,,,,,,,,,,,,,,,,,,,,,,,,,,,
"752837","JC459497","2019-10-04T09:10:00","1","DRIVER",,"715159","true","GENERAL MOTORS CORP.","GENERAL MOTORS CORP.","IL","2008","NONE","TRUCK - SINGLE UNIT","COMMERCIAL - SINGLE UNIT","W","BACKING",,,"1",,,,,,,,,,"true",,,,,,,,"REAR-LEFT","8324","200529","157197",,"LOG BOOK","3","MORAN TRANSPORTATION CORP.","IL","ELK GROVE VILLAGE",,,,"N","N",,"N",,"N","N",,,,,,,"25","1","TRUCK/TRAILER","VAN/ENCLOSED BOX","OTHER","false","false",
"752834","JC459497","2019-10-04T09:10:00","2","NON-MOTOR VEHICLE",,,,,,,,,,,,,,,,,,,,,,,,,,,,,,,,,,,,,,,,,,,,,,,,,,,,,,,,,,,,,,,,,,
"753202","JC460188","2019-10-04T09:00:00","1","DRIVER",,"715498",,"UNKNOWN","UNKNOWN",,,"UNKNOWN","PASSENGER","PERSONAL","UNKNOWN","UNKNOWN/NA",,,"1",,,,,,,,,,,,,,,,,"true","UNKNOWN",,,,,,,,,,,,,,,,,,,,,,,,,,,,,,,,,
"753203","JC460188","2019-10-04T09:00:00","2","PARKED",,"715502",,"HYUNDAI","SONATA","IL","2011","UNKNOWN","PASSENGER","PERSONAL","UNKNOWN","PARKED",,,"0",,,,,,,,,,,"true","true","true","true","true",,,"ROOF",,,,,,,,,,,,,,,,,,,,,,,,,,,,,,,,,
"752858","JC459555","2019-10-04T09:00:00","1","BICYCLE",,,,,,,,,,,,,,,,,,,,,,,,,,,,,,,,,,,,,,,,,,,,,,,,,,,,,,,,,,,,,,,,,,
"752859","JC459555","2019-10-04T09:00:00","2","DRIVER",,"715178",,"BUICK","BUICK","IL","2018","UNKNOWN","PASSENGER","PERSONAL","S","STRAIGHT AHEAD",,,"1",,,,,,,,,,"true",,,,,,,,"REAR-LEFT",,,,,,,,,,,,,,,,,,,,,,,,,,,,,,,,,
"752868","JC459517","2019-10-04T08:55:00","1","DRIVER",,"715191",,"FREIGHTLINER CORP.","FREIGHTLINER CORP.","IL","2017","UNKNOWN","TRUCK - SINGLE UNIT","OTHER","SW","TURNING RIGHT",,,"1",,,,,,,,"true","true",,,,,,,,,"REAR-RIGHT",,,,,,,,,,,,,,,,,,,,,,,,,,,,,,,,,
"752869","JC459517","2019-10-04T08:55:00","2","DRIVER",,"715200","false","FORD","F450","IL","2008","UNKNOWN","OTHER","TOW TRUCK","S","STRAIGHT AHEAD",,,"1",,,,,,,,,,,,,,"true","true",,,"TOTAL (ALL AREAS)",,,,,,,,,,,,,,,,,,,,,,,,,,,,,,,,,
"752827","JC459498","2019-10-04T08:50:00","1","DRIVER","2","715164",,"CHEVROLET","MALIBU (CHEVELLE)",,"2014","NONE","PASSENGER","PERSONAL","N","PASSING/OVERTAKING",,,"3",,,,,,,,,,,"true",,,,,,,"FRONT-LEFT",,,,,,,,,,,,,,,,,,,,,,,,,,,,,,,,,
"752828","JC459498","2019-10-04T08:50:00","2","DRIVER",,"715176","true","KENWORTH MOTOR TRUCK CO.","KENWORTH MOTOR TRUCK CO.","IL","2018","NONE","TRUCK - SINGLE UNIT","OTHER","N","STRAIGHT AHEAD",,,"1",,,,"true",,,,,,,,,,,,,,"NONE","8328","1762064",,,"SIDE OF TRUCK","3","PRAIRE LLC","IL","BRIDGEVIEW",,,,"N","N",,"N",,"N","N","1762064",,,,,,"30","3","TRUCK/TRACTOR","CONCRETE MIXER","OTHER","false","false",
"752846","JC459493","2019-10-04T08:50:00","1","DRIVER",,"715165",,"TOYOTA MOTOR COMPANY, LTD.","CAMRY","IL","2009","UNKNOWN","PASSENGER","PERSONAL","S","UNKNOWN/NA",,,"1",,,,,,,,,,,,,,,,,,"REAR-LEFT",,,,,,,,,,,,,,,,,,,,,,,,,,,,,,,,,
"752847","JC459493","2019-10-04T08:50:00","2","DRIVER",,"715172",,"NISSAN","Pathfinder","IL","2015","UNKNOWN","SPORT UTILITY VEHICLE (SUV)","PERSONAL","S","UNKNOWN/NA",,,"1",,,,,,,,,,,,,,,,,,"OTHER",,,,,,,,,,,,,,,,,,,,,,,,,,,,,,,,,
"757900","JC468888","2019-10-04T08:45:00","1","DRIVER",,"719920",,"HONDA","CIVIC","IL","2005","UNKNOWN","PASSENGER","PERSONAL","NE","BACKING",,,"1",,,,,,,,,,"true",,,,,,,,"REAR-LEFT",,,,,,,,,,,,,,,,,,,,,,,,,,,,,,,,,
"757901","JC468888","2019-10-04T08:45:00","2","DRIVER",,"719923",,"MERCEDES-BENZ","ML350","IL","2012","UNKNOWN","PASSENGER","PERSONAL","N","STRAIGHT AHEAD",,,"1",,,,,,,,,,,"true",,,,,,,"SIDE-LEFT",,,,,,,,,,,,,,,,,,,,,,,,,,,,,,,,,
"752878","JC459485","2019-10-04T08:40:00","1","DRIVER",,"715196",,"MAZDA","CX-7","IL","2019","NONE","SPORT UTILITY VEHICLE (SUV)","PERSONAL","S","STRAIGHT AHEAD",,,"1",,,,"false",,,,,,,,,,,"true",,,"TOTAL (ALL AREAS)",,,,,,,,,,,,,,,,,,,,,,,,,,,,,,,,,
"752875","JC459485","2019-10-04T08:40:00","2","DRIVER",,"715201",,"SCOOTALONG","SCOOTALONG","IL","2016","NONE","MOPED OR MOTORIZED BICYCLE","PERSONAL","E","TURNING LEFT",,,"1",,,,,,,,,,,,,,,"true","false",,"TOTAL (ALL AREAS)",,,,,,,,,,,,,,,,,,,,,,,,,,,,,,,,,
"752839","JC459473","2019-10-04T08:40:00","1","DRIVER",,"715162",,"NISSAN","SENTRA (DATSUN AND NISSAN HAVE MERGED)","IL","2016","NONE","PASSENGER","PERSONAL","E","STRAIGHT AHEAD","true",,"1",,"PRIVATE TOW","UNKNOWN",,"true",,,,,,,,,,"true","true",,"OTHER",,,,,,,,,,,,,,,,,,,,,,,,,,,,,,,,,
"752840","JC459473","2019-10-04T08:40:00","2","DRIVER",,"715167",,"CHEVROLET","Trail Blazer","IL","2004","NONE","SPORT UTILITY VEHICLE (SUV)","PERSONAL","N","STRAIGHT AHEAD","true",,"1",,"PRIVATE TOW","UNK",,"true",,,,,,,,,,"true","true",,"TOTAL (ALL AREAS)",,,,,,,,,,,,,,,,,,,,,,,,,,,,,,,,,
"752841","JC459473","2019-10-04T08:40:00","3","PARKED",,"715170",,"LINCOLN-CONTINENTAL","MKT","IL","2016","NONE","SPORT UTILITY VEHICLE (SUV)","NOT IN USE","N","PARKED",,,"0",,,,,,,,,,"true","true",,,,,,,"SIDE-LEFT",,,,,,,,,,,,,,,,,,,,,,,,,,,,,,,,,
"752854","JC459472","2019-10-04T08:30:00","1","DRIVER",,"715179",,"CHEVROLET","CRUZE","IL","2012","NONE","PASSENGER","PERSONAL","N","STRAIGHT AHEAD",,,"1",,,,,,,,,,,,,,,"true",,,"TOTAL (ALL AREAS)",,,,,,,,,,,,,,,,,,,,,,,,,,,,,,,,,
"752855","JC459472","2019-10-04T08:30:00","2","DRIVER","1","715186",,"NISSAN","JUKE","IL","2016","NONE","PASSENGER","PERSONAL","N","SLOW/STOP IN TRAFFIC","true",,"2",,"STATE OF ILLINOIS TOW TRUCK","1800 SOUTH MOE DRIVE",,,,,,"true",,,,,,,,,"REAR-LEFT",,,,,,,,,,,,,,,,,,,,,,,,,,,,,,,,,
"752825","JC459464","2019-10-04T08:27:00","1","DRIVER",,"715152",,"GENERAL MOTORS CORP.","TERRAIN","MI","2010","UNKNOWN","PASSENGER","PERSONAL","E","PASSING/OVERTAKING",,,"1",,,,,,,,,,,,,,"true","false",,,,,,,,,,,,,,,,,,,,,,,,,,,,,,,,,,,,