"crash_unit_id","rd_no","crash_date","unit_no","unit_type","num_passengers","vehicle_id","cmrc_veh_i","make","model","lic_plate_state","vehicle_year","vehicle_defect","vehicle_type","vehicle_use","travel_direction","maneuver","towed_i","fire_i","occupant_cnt","exceed_speed_limit_i","towed_by","towed_to","area_00_i","area_01_i","area_02_i","area_03_i","area_04_i","area_05_i","area_06_i","area_07_i","area_08_i","area_09_i","area_10_i","area_11_i","area_12_i","area_99_i","first_contact_point","cmv_id","usdot_no","ccmc_no","ilcc_no","commercial_src","gvwr","carrier_name","carrier_state","carrier_city","hazmat_placards_i","hazmat_name","un_no","hazmat_present_i","hazmat_report_i","hazmat_report_no","mcs_report_i","mcs_report_no","hazmat_vio_cause_crash_i","mcs_vio_cause_crash_i","idot_permit_no","wide_load_i","trailer1_width","trailer2_width","trailer1_length","trailer2_length","total_vehicle_length","axle_cnt","vehicle_config","cargo_body_type","load_type","hazmat_out_of_service_i","mcs_out_of_service_i","hazmat_class"
"752826","JC459464","2019-10-04T08:27:00","2","DRIVER",,"715160",,"KENWORTH MOTOR TRUCK CO.","KENWORTH MOTOR TRUCK CO.","IL","2000","UNKNOWN","TRACTOR W/O SEMI-TRAILER","COMMERCIAL - SINGLE UNIT","E","TURNING RIGHT",,,"1",,,,,,"true",,,,,,,,,,,,,,,,,,,,,,,,,,,,,,,,,,,,,,,,,,,,,
"752804","JC459496","2019-10-04T08:10:00","1","DRIVER",,"715130",,"DODGE","CHARGER","IL","2006","UNKNOWN","PASSENGER","PERSONAL","N","STRAIGHT AHEAD",,,"1",,,,,"true","false","false",,,,,,,,"true",,,"OTHER",,,,,,,,,,,,,,,,,,,,,,,,,,,,,,,,,
"752805","JC459496","2019-10-04T08:10:00","2","DRIVER",,"715137",,"CHEVROLET","UNKNOWN","IL","2017","NONE","PASSENGER","PERSONAL","E","STRAIGHT AHEAD",,,"1",,,,,"true","true","true","true",,,,,,,"false",,,"FRONT-RIGHT",,,,,,,,,,,,,,,,,,,,,,,,,,,,,,,,,
"752895","JC459478","2019-10-04T08:09:00","1","DRIVER",,"715214",,"VOLKSWAGEN","JETTA","IL","2006","NONE","PASSENGER","PERSONAL","S","STRAIGHT AHEAD",,,"1",,,,,,,,,,,,,,,,"true",,"OTHER",,,,,,,,,,,,,,,,,,,,,,,,,,,,,,,,,
"752896","JC459478","2019-10-04T08:09:00","2","DRIVER",,"715221",,"HONDA","CIVIC","IL","2010","NONE","PASSENGER","PERSONAL","S","STARTING IN TRAFFIC","true",,"1",,"UNKNOWN TOW CO","NOT AVAILABLE",,,,,,,"true",,,,,,"true",,"REAR-LEFT",,,,,,,,,,,,,,,,,,,,,,,,,,,,,,,,,
"752897","JC459478","2019-10-04T08:09:00","3","DRIVER",,"715227",,"CHEVROLET","Express (full-size van)","IL","2006","NONE","VAN/MINI-VAN","PERSONAL","S","SLOW/STOP IN TRAFFIC",,,"1",,,,,,,,,,"true",,,,,,,,"REAR-LEFT",,,,,,,,,,,,,,,,,,,,,,,,,,,,,,,,,
"752792","JC459421","2019-10-04T08:01:00","1","DRIVER",,"715118",,"FORD","Explorer","IL","2019","NONE","PASSENGER","PERSONAL","S","STRAIGHT AHEAD",,,"1",,,,,,,"true","true","true",,,,,,,,,,,,,,,,,,,,,,,,,,,,,,,,,,,,,,,,,,
"752793","JC459421","2019-10-04T08:01:00","2","PARKED",,"715122",,"FREIGHTLINER CORP.","UNKNOWN","IL","2008","NONE","BUS OVER 15 PASS.","NOT IN USE","S","PARKED",,,"0",,,,"true",,,,,,,,,,,,,,"TOTAL (ALL AREAS)",,,,,,,,,,,,,,,,,,,,,,,,,,,,,,,,,
"753279","JC460302","2019-10-04T08:00:00","1","DRIVER",,"715577",,"CHEVROLET","IMPALA","IN",,"UNKNOWN","PASSENGER","PERSONAL","S","STRAIGHT AHEAD",,,"1",,,,,,,,,,,,,,,,"true",,"OTHER",,,,,,,,,,,,,,,,,,,,,,,,,,,,,,,,,
"753280","JC460302","2019-10-04T08:00:00","2","DRIVER",,"715580",,"CHEVROLET","TRAVERSE","IL",,"NONE","SPORT UTILITY VEHICLE (SUV)","PERSONAL","S","SLOW/STOP IN TRAFFIC",,,"1",,,,,,,,,,,,,,,,"true",,"REAR-LEFT",,,,,,,,,,,,,,,,,,,,,,,,,,,,,,,,,
"752927","JC459638","2019-10-04T08:00:00","1","DRIVER",,"715242",,"HONDA","Pilot",,,"UNKNOWN","PASSENGER","UNKNOWN/NA","S","ENTER FROM DRIVE/ALLEY",,,"1",,,,,,,,,,,,,,,"true",,,"OTHER",,,,,,,,,,,,,,,,,,,,,,,,,,,,,,,,,
"752936","JC459638","2019-10-04T08:00:00","2","BICYCLE",,,,,,,,,,,,,,,,,,,,,,,,,,,,,,,,,,,,,,,,,,,,,,,,,,,,,,,,,,,,,,,,,,
"752885","JC459619","2019-10-04T08:00:00","1","DRIVER",,"715225",,"UNKNOWN","UNKNOWN",,,"UNKNOWN","TRACTOR W/O SEMI-TRAILER","OTHER","UNKNOWN","UNKNOWN/NA",,,"1",,,,,,,,,"true",,"false",,,,,,,"SIDE-RIGHT",,,,,,,,,,,,,,,,,,,,,,,,,,,,,,,,,
"752886","JC459619","2019-10-04T08:00:00","2","PARKED",,"715204",,"HONDA","CIVIC","IN","2002","NONE","PASSENGER","PERSONAL","E","PARKED",,,"0",,,,,,,,,,,,"true","true","true","true",,,"ROOF",,,,,,,,,,,,,,,,,,,,,,,,,,,,,,,,,
"752830","JC459508","2019-10-04T08:00:00","1","DRIVER",,"715150",,"NISSAN","NISSAN ALTIMA","IL","2008","NONE","PASSENGER","PERSONAL","W","STRAIGHT AHEAD",,,"1",,,,,,,,,,,,,,,,"true",,"FRONT",,,,,,,,,,,,,,,,,,,,,,,,,,,,,,,,,
"752831","JC459508","2019-10-04T08:00:00","2","DRIVER",,"715157",,"HONDA","ACCORD","IL","2004","NONE","PASSENGER","PERSONAL","N","TURNING LEFT",,,"1",,,,,,,,,"true",,,,,,,,,"REAR",,,,,,,,,,,,,,,,,,,,,,,,,,,,,,,,,
"752810","JC459456","2019-10-04T08:00:00","1","DRIVER",,"715135","false","PETERBILT MOTORS CO., DIVISION PACCAR, INC.","PETERBILT MOTORS CO., DIVISION PACCAR, INC.","IL","2020","NONE","TRACTOR W/ SEMI-TRAILER","COMMERCIAL - MULTI-UNIT","S","TURNING RIGHT",,,"1",,,,,,,,,,,,,,,,,,,,,,,,,,,,,,,,,,,,,,,,,,,,,,,,,,,
"752806","JC459449","2019-10-04T08:00:00","1","DRIVER",,"715139","true","INTERNATIONAL COACH MFG.","INTERNATIONAL COACH MFG.","IL","2003","NONE","TRUCK - SINGLE UNIT","COMMERCIAL - SINGLE UNIT","N","STRAIGHT AHEAD",,,"1",,,,,,,,"true",,,,,,,,,,"REAR","8327","335561",,,,,"BREAKTHRU BEVERAGE","IL","CICERO",,,,,,,,,,"N",,,,,,,,,"SINGLE UNIT TRUCK, 2 AXLES, 6 TIRES",,,,,
"752807","JC459449","2019-10-04T08:00:00","2","PARKED",,"715151",,"CHEVROLET","MALIBU (CHEVELLE)","IL","2011","NONE","PASSENGER","PERSONAL","N","PARKED IN TRAFFIC LANE","true",,"0",,,,,,,,,,,,,"true","true",,,,"ROOF",,,,,,,,,,,,,,,,,,,,,,,,,,,,,,,,,
"752823","JC459435","2019-10-04T07:50:00","1","DRIVER",,"715148",,"BUICK","UNKNOWN","IL","1997","BRAKES","PASSENGER","PERSONAL","E","STRAIGHT AHEAD","false",,"1",,,,,,,,,,,,,,,,"true",,"OTHER",,,,,,,,,,,,,,,,,,,,,,,,,,,,,,,,,
"752824","JC459435","2019-10-04T07:50:00","2","DRIVER",,"715156",,"FORD","RANGER","IL","2002","UNKNOWN","PASSENGER","PERSONAL","E","STRAIGHT AHEAD",,,"1",,,,"true",,,,,,"false",,,,,,,,"REAR-LEFT",,,,,,,,,,,,,,,,,,,,,,,,,,,,,,,,,
"752798","JC459416","2019-10-04T07:47:00","1","DRIVER",,"715126",,"VOLKSWAGEN","PASSAT","IL","2016","NONE","PASSENGER","PERSONAL","E","STRAIGHT AHEAD",,,"1",,,,,,,,,,,,,,,,,,"REAR-LEFT",,,,,,,,,,,,,,,,,,,,,,,,,,,,,,,,,
"752799","JC459416","2019-10-04T07:47:00","2","DRIVER",,"715132",,"FORD","EXPLORER","IL","2017","NONE","SPORT UTILITY VEHICLE (SUV)","POLICE","E","STRAIGHT AHEAD",,,"1",,,,,,,,,,,,,,,,,,"OTHER",,,,,,,,,,,,,,,,,,,,,,,,,,,,,,,,,
"752848","JC459518","2019-10-04T07:45:00","1","DRIVER",,"715171",,"JEEP","UNKNOWN","IL","1997","NONE","SPORT UTILITY VEHICLE (SUV)","UNKNOWN/NA","N","UNKNOWN/NA",,,"1",,,,,,,,,,,,,,,"true",,,"TOTAL (ALL AREAS)",,,,,,,,,,,,,,,,,,,,,,,,,,,,,,,,,
"752849","JC459518","2019-10-04T07:45:00","2","DRIVER",,"715183",,"MAZDA","UNKNOWN","WA","2017","NONE","PASSENGER","OTHER","N","STRAIGHT AHEAD",,,"1",,,,,"true","true",,,,,,,,,,,,"FRONT",,,,,,,,,,,,,,,,,,,,,,,,,,,,,,,,,
"752808","JC459413","2019-10-04T07:45:00","1","DRIVER",,"715131","true","PETERBILT MOTORS CO., DIVISION PACCAR, INC.","PETERBILT MOTORS CO., DIVISION PACCAR, INC.","IL","1987","NONE","TRACTOR W/ SEMI-TRAILER","CONSTRUCTION/MAINTENANCE","E","LEAVING TRAFFIC LANE TO PARK",,,"1",,,,,,,,,,,,,,,,,,"TOTAL (ALL AREAS)","8323",,,,"DRIVER",,"MEDINA TRANSPORT INC","IL","CHICAGO",,,,"N","N",,"N",,"N","N",,,,,,,,,"TRUCK/TRAILER","VAN/ENCLOSED BOX","CONSTRUCTION EQUIPMENT","false","false",
"752809","JC459413","2019-10-04T07:45:00","2","DRIVER",,"715138",,"INFINITI","G35","IL","2007","NONE","PASSENGER","PERSONAL","E","SLOW/STOP IN TRAFFIC",,,"1",,,,,,,,"false","true",,,,,,,,,"REAR",,,,,,,,,,,,,,,,,,,,,,,,,,,,,,,,,
"752800","JC459424","2019-10-04T07:37:00","1","DRIVER","4","715129",,"NISSAN","Quest","IL","2012","NONE","PASSENGER","PERSONAL","E","STRAIGHT AHEAD",,,"5",,,,,"true",,,,,,,,,,"true","true",,"TOTAL (ALL AREAS)",,,,,,,,,,,,,,,,,,,,,,,,,,,,,,,,,
"752801","JC459424","2019-10-04T07:37:00","2","DRIVER",,"715140",,"NISSAN","ROGUE","IL","2012","NONE","PASSENGER","PERSONAL","S","STRAIGHT AHEAD","true",,"1",,"PRIVATE COMPANY",,,"true","true",,,,,,,,,"true","true",,"FRONT",,,,,,,,,,,,,,,,,,,,,,,,,,,,,,,,,
"752802","JC459453","2019-10-04T07:35:00","1","DRIVER","2","715127",,"DODGE","CARAVAN","IL","2001","UNKNOWN","VAN/MINI-VAN","PERSONAL","W","TURNING LEFT",,,"3",,,,,"true",,,,,,,,,,,,,"FRONT",,,,,,,,,,,,,,,,,,,,,,,,,,,,,,,,,
"752803","JC459453","2019-10-04T07:35:00","2","DRIVER","1","715133",,"FORD","Focus","IL","2013","UNKNOWN","PASSENGER","PERSONAL","N","STRAIGHT AHEAD",,,"2",,,,,,,,,,"true",,,,,,,,"REAR-LEFT",,,,,,,,,,,,,,,,,,,,,,,,,,,,,,,,,
"753314","JC460360","2019-10-04T07:30:00","1","DRIVER",,"715611",,"CHEVROLET","UNKNOWN","IL","2019","UNKNOWN","UNKNOWN/NA","UNKNOWN/NA","N","MERGING",,,"1",,,,,"true","true",,,,,,,,,,,,"FRONT",,,,,,,,,,,,,,,,,,,,,,,,,,,,,,,,,
"753315","JC460360","2019-10-04T07:30:00","2","DRIVER",,"715614",,"TOYOTA MOTOR COMPANY, LTD.","CAMRY","IL","2016","UNKNOWN","PASSENGER","TAXI/FOR HIRE","N","UNKNOWN/NA",,,"1",,,,,,,,,,,"true","true","true",,,,,"SIDE-LEFT",,,,,,,,,,,,,,,,,,,,,,,,,,,,,,,,,
"753101","JC460007","2019-10-04T07:30:00","1","DRIVER",,"715412",,"DODGE","CHARGER","IL","2006","NONE","PASSENGER","PERSONAL","N","STRAIGHT AHEAD",,,"1",,,,,,,,,,,,,,,,"true",,"OTHER",,,,,,,,,,,,,,,,,,,,,,,,,,,,,,,,,
"753102","JC460007","2019-10-04T07:30:00","2","DRIVER",,"715410",,"CHEVROLET","UNKNOWN","IL","2017","NONE","PASSENGER","PERSONAL","E","STRAIGHT AHEAD",,,"1",,,,,,,"true","true",,,,,,,,,,"REAR-RIGHT",,,,,,,,,,,,,,,,,,,,,,,,,,,,,,,,,
"752819","JC459432","2019-10-04T07:30:00","1","DRIVER",,"715147",,"FREIGHTLINER CORP.","FREIGHTLINER CORP.","IL","2019","NONE","TRACTOR W/ SEMI-TRAILER","COMMERCIAL - MULTI-UNIT","SW","BACKING",,,"1",,,,,,,"true",,,,,,,,,,,"SIDE-RIGHT",,,,,,,,,,,,,,,,,,,,,,,,,,,,,,,,,
"752820","JC459432","2019-10-04T07:30:00","2","PARKED",,"715153","true","BLUEBIRD INTERNATIONAL","BLUEBIRD INTERNATIONAL","IL","2007","NONE","TRACTOR W/ SEMI-TRAILER","COMMERCIAL - MULTI-UNIT","W","PARKED",,,"0",,,,,,,,,,,,,,,"true",,,"TOTAL (ALL AREAS)",,,,,,,,,,,,,,,,,,,,,,,,,,,,,,,,,
"752790","JC459418","2019-10-04T07:30:00","1","DRIVER",,"715116",,"FORD","UNKNOWN","IL","1997","UNKNOWN","PASSENGER","UNKNOWN/NA","S","OTHER",,,"1",,,,,,,,,,"true",,,,,,,,"REAR-LEFT",,,,,,,,,,,,,,,,,,,,,,,,,,,,,,,,,
"752791","JC459418","2019-10-04T07:30:00","2","DRIVER",,"715125",,"SUBARU","UNKNOWN","IL","2004","NONE","OTHER","PERSONAL","S","OTHER",,,"1",,,,,,,,,,,,,,,,"true",,"OTHER",,,,,,,,,,,,,,,,,,,,,,,,,,,,,,,,,
"752788","JC459417","2019-10-04T07:30:00","1","DRIVER",,"715115",,"HONDA","ACCORD","IL",,"UNKNOWN","UNKNOWN/NA","UNKNOWN/NA","E","TURNING RIGHT",,,"1",,,,,,,,,,,,,,,,,"true","UNKNOWN",,,,,,,,,,,,,,,,,,,,,,,,,,,,,,,,,
"752789","JC459417","2019-10-04T07:30:00","2","DRIVER",,"715121",,"FORD","TAURUS","IL","2000","NONE","PASSENGER","PERSONAL","E","STRAIGHT AHEAD",,,"1",,,,,"true",,,,,,,,,,,"false",,"FRONT",,,,,,,,,,,,,,,,,,,,,,,,,,,,,,,,,
"752856","JC459412","2019-10-04T07:27:00","1","DRIVER","4","715180",,"HYUNDAI","SONATA","IL","2017","UNKNOWN","PASSENGER","PERSONAL","N","STRAIGHT AHEAD","false",,"5",,,,,,,,,,"true","true","true","false","false","false",,,"SIDE-LEFT",,,,,,,,,,,,,,,,,,,,,,,,,,,,,,,,,
"752857","JC459412","2019-10-04T07:27:00","2","DRIVER","1","715193",,"NISSAN","NISSAN MAXIMA","IL","2017","UNKNOWN","PASSENGER","PERSONAL","E","STRAIGHT AHEAD","true",,"2",,,,,"true","true",,,,"true","true","true","false","false","false","false",,"FRONT",,,,,,,,,,,,,,,,,,,,,,,,,,,,,,,,,
"752844","JC459489","2019-10-04T07:15:00","1","DRIVER",,"715161",,"UNKNOWN","UNKNOWN","IL",,"UNKNOWN","UNKNOWN/NA","UNKNOWN/NA","W","MERGING",,,"1",,,,,,,,,,,,,,,,,"true","ROOF",,,,,,,,,,,,,,,,,,,,,,,,,,,,,,,,,
"752845","JC459489","2019-10-04T07:15:00","2","DRIVER",,"715173",,"HYUNDAI","ELANTRA","IL","2015","UNKNOWN","PASSENGER","PERSONAL","W","STRAIGHT AHEAD","false",,"1",,,,,"true",,,,,,,,,,"true","true","true","OTHER",,,,,,,,,,,,,,,,,,,,,,,,,,,,,,,,,
"752787","JC459419","2019-10-04T07:05:00","1","DRIVER",,"715114","true","FLEET CAP'N TRAILERS","FLEET CAP'N TRAILERS","IN",,"NONE","SINGLE UNIT TRUCK WITH TRAILER","COMMERCIAL - SINGLE UNIT","E","STRAIGHT AHEAD","true",,"1",,"PRIVATE",,,,,,,,,,,,,,,,,,,,,,,,,,,,,,,,,,,,,,,,,,,,,,,,,
"754819","JC463087","2019-10-04T07:00:00","1","DRIVER",,"717016",,"TOYOTA MOTOR COMPANY, LTD.","RAV4 (sport utility)","IL","2001","NONE","PASSENGER","PERSONAL","UNKNOWN","BACKING",,,"1",,,,,,,,,,"true",,,,,,,,"REAR",,,,,,,,,,,,,,,,,,,,,,,,,,,,,,,,,
"752785","JC459406","2019-10-04T07:00:00","1","DRIVER",,"715124",,"NISSAN","UNKNOWN","IL","2014","UNKNOWN","PASSENGER","PERSONAL","N","STRAIGHT AHEAD","true",,"1",,"PRIVATE TOW","UNKNOWN",,,,,,,,,,,,,"true",,"OTHER",,,,,,,,,,,,,,,,,,,,,,,,,,,,,,,,,
"752786","JC459406","2019-10-04T07:00:00","2","DRIVER",,"715128",,"FORD","F150","IL","2009","UNKNOWN","PICKUP","PERSONAL","N","STRAIGHT AHEAD",,,"1",,,,,,,,,,"true",,,,,,,,"SIDE-LEFT",,,,,,,,,,,,,,,,,,,,,,,,,,,,,,,,,
"752838","JC459395","2019-10-04T06:45:00","1","DRIVER",,"715166",,"HONDA","ACCORD","IL","2014","NONE","PASSENGER","PERSONAL","S","STRAIGHT AHEAD","true",,"1",,"private",,,"true","true","true","true",,,,,,,,"true",,,,,,,,,,,,,,,,,,,,,,,,,,,,,,,,,,,
"752781","JC459394","2019-10-04T06:30:00","1","DRIVER",,"715107",,"JEEP","Grand Cherokee (for vehicle years 1989 to present)","IL","2013","NONE","PASSENGER","PERSONAL","N","STRAIGHT AHEAD",,,"1",,,,,"true",,,,,,,,,,,"true",,"FRONT",,,,,,,,,,,,,,,,,,,,,,,,,,,,,,,,,
"752782","JC459394","2019-10-04T06:30:00","2","DRIVER",,"715110",,"CHEVROLET","MALIBU (CHEVELLE)","IL","2015","NONE","PASSENGER","PERSONAL","W","STRAIGHT AHEAD",,,"1",,,,,,,,,,,,,,,"true","true",,"FRONT",,,,,,,,,,,,,,,,,,,,,,,,,,,,,,,,,
"752770","JC459386","2019-10-04T06:30:00","1","DRIVER",,"715099",,"UNKNOWN","UNKNOWN","XX",,"UNKNOWN","UNKNOWN/NA","UNKNOWN/NA","UNKNOWN","UNKNOWN/NA",,,"1",,,,,,,,,,,,,,,,,,"UNKNOWN",,,,,,,,,,,,,,,,,,,,,,,,,,,,,,,,,
"752771","JC459386","2019-10-04T06:30:00","2","PARKED",,"715100",,"FORD","Econoline E-450","AZ","2009","UNKNOWN","VAN/MINI-VAN","NOT IN USE","E","PARKED",,,"0",,,,,,,,,,,,,,"true",,,,"ROOF",,,,,,,,,,,,,,,,,,,,,,,,,,,,,,,,,
"752772","JC459386","2019-10-04T06:30:00","3","PARKED",,"715101",,"JEEP","CHEROKEE","IL","2019","NONE","PASSENGER","NOT IN USE","E","PARKED",,,"0",,,,,,,,,,,,"true","true","true",,,,"ROOF",,,,,,,,,,,,,,,,,,,,,,,,,,,,,,,,,
"752777","JC459403","2019-10-04T06:25:00","1","DRIVER","1","715105",,"FORD","F350","IL","1999","UNKNOWN","PICKUP","OTHER","NW","TURNING LEFT",,,"2",,,,,,,,,,,,,,,,,"true","OTHER",,,,,,,,,,,,,,,,,,,,,,,,,,,,,,,,,
"752778","JC459403","2019-10-04T06:25:00","2","DRIVER",,"715111",,"HONDA","CIVIC","IL","2018","NONE","PASSENGER","UNKNOWN/NA","NW","TURNING LEFT",,,"1",,,,,,,,,,"true","true",,,,,,,"REAR-LEFT",,,,,,,,,,,,,,,,,,,,,,,,,,,,,,,,,
"752794","JC459423","2019-10-04T05:50:00","1","DRIVER",,"715119",,"CADILLAC","Escalade","IN","2007","NONE","PASSENGER","PERSONAL","N","STRAIGHT AHEAD",,,"1",,,,,,,,,,,,,,,"true",,,"TOTAL (ALL AREAS)",,,,,,,,,,,,,,,,,,,,,,,,,,,,,,,,,
"752795","JC459423","2019-10-04T05:50:00","2","DRIVER","1","715123",,"HYUNDAI","ELANTRA","IL","2015","NONE","PASSENGER","PERSONAL","N","STRAIGHT AHEAD",,,"2",,,,,,,,,"true","true",,,,,,,,"REAR-LEFT",,,,,,,,,,,,,,,,,,,,,,,,,,,,,,,,,
"752815","JC459479","2019-10-04T05:48:00","1","DRIVER",,"715142",,"TOYOTA MOTOR COMPANY, LTD.","CAMRY","IL","2014","NONE","PASSENGER","PERSONAL","W","STRAIGHT AHEAD",,,"1",,,,,"true",,,,,,,,,,"true","true",,"OTHER",,,,,,,,,,,,,,,,,,,,,,,,,,,,,,,,,
"752816","JC459479","2019-10-04T05:48:00","2","DRIVER",,"715144",,"FORD","EDGE","IL","2018","NONE","PASSENGER","PERSONAL","W","STRAIGHT AHEAD",,,"1",,,,,,,,,"true","true","true",,,,,,,"REAR-LEFT",,,,,,,,,,,,,,,,,,,,,,,,,,,,,,,,,
"752763","JC459374","2019-10-04T05:15:00","1","DRIVER",,"715096",,"HYUNDAI","UNKNOWN","IL","2014","NONE","PASSENGER","PERSONAL","W","STRAIGHT AHEAD","true",,"1",,,,,"true",,,,,,,,,,"true","true",,"OTHER",,,,,,,,,,,,,,,,,,,,,,,,,,,,,,,,,
"752764","JC459374","2019-10-04T05:15:00","2","DRIVER",,"715092",,"NISSAN","UNKNOWN","IL","2017","NONE","PASSENGER","PERSONAL","W","SLOW/STOP IN TRAFFIC",,,"1",,,,,,,,,"true","true","true",,,,,,,"REAR-LEFT",,,,,,,,,,,,,,,,,,,,,,,,,,,,,,,,,
"752769","JC459376","2019-10-04T05:05:00","1","DRIVER",,"715095",,"HONDA","Pilot","IL","2006","UNKNOWN","UNKNOWN/NA","UNKNOWN/NA","UNKNOWN","UNKNOWN/NA",,,"1",,,,,,,,,,,,,,,,"true",,"OTHER",,,,,,,,,,,,,,,,,,,,,,,,,,,,,,,,,
"752761","JC459358","2019-10-04T04:09:00","1","DRIVER",,"715086",,"BMW","528I","IL","1999","UNKNOWN","PASSENGER","PERSONAL","N","STRAIGHT AHEAD","true",,"1",,"Rosehill Towing and Recovery","Tiger's Auto Body Shop",,"true",,,,,,,,,,,,,"FRONT",,,,,,,,,,,,,,,,,,,,,,,,,,,,,,,,,
"752762","JC459358","2019-10-04T04:09:00","2","DRIVER","1","715088",,"FORD","Focus","IL","2010","UNKNOWN","PASSENGER","RIDESHARE SERVICE","W","STRAIGHT AHEAD","true",,"2",,"City Towing","City Towing",,,,,,,,,,,,"true",,,"TOTAL (ALL AREAS)",,,,,,,,,,,,,,,,,,,,,,,,,,,,,,,,,
"752969","JC459740","2019-10-04T03:30:00","1","DRIVER",,"715281",,"CADILLAC","UNKNOWN","IL","2015","UNKNOWN","PASSENGER","PERSONAL","N","STRAIGHT AHEAD",,,"1",,,,,,"true","true","true",,,,,,,,,,"SIDE-RIGHT",,,,,,,,,,,,,,,,,,,,,,,,,,,,,,,,,
"752970","JC459740","2019-10-04T03:30:00","2","DRIVER",,"715284","false","FREIGHTLINER CORP.","FREIGHTLINER CORP.","WI","2015","UNKNOWN","TRACTOR W/ SEMI-TRAILER","OTHER","N","STRAIGHT AHEAD",,,"1",,,,,,,,,,,,,,,,,,"SIDE-LEFT",,,,,,,,,,,,,,,,,,,,,,,,,,,,,,,,,
"752754","JC459350","2019-10-04T02:40:00","1","DRIVER",,"715084",,"TOYOTA MOTOR COMPANY, LTD.","COROLLA","IL","2006","UNKNOWN","PASSENGER","PERSONAL","N","STRAIGHT AHEAD","true",,"1",,"XL Towing",,,"true",,,,,,,,,,"true","true",,"OTHER",,,,,,,,,,,,,,,,,,,,,,,,,,,,,,,,,
"752755","JC459350","2019-10-04T02:40:00","2","PARKED",,"715079",,"JEEP","LAREDO","IL","2012","UNKNOWN","PASSENGER","UNKNOWN/NA","UNKNOWN","PARKED","false",,"0",,,,,,,,,"true","true","true",,,,,,,"REAR-LEFT",,,,,,,,,,,,,,,,,,,,,,,,,,,,,,,,,
"752760","JC459352","2019-10-04T02:30:00","1","DRIVER",,"715087",,"NISSAN","Murano","IL","2009","NONE","PASSENGER","PERSONAL","N","UNKNOWN/NA","true",,"1",,,,,"true",,,,,,,,,,,"true",,"OTHER",,,,,,,,,,,,,,,,,,,,,,,,,,,,,,,,,
"752759","JC459352","2019-10-04T02:30:00","2","DRIVERLESS",,"715085",,"NISSAN","NISSAN MAXIMA","IL","2008","NONE","PASSENGER","NOT IN USE","N","PARKED",,,"0",,,,,,,,,,"true","true","true",,,,,,"SIDE-LEFT",,,,,,,,,,,,,,,,,,,,,,,,,,,,,,,,,
"752756","JC459338","2019-10-04T02:25:00","1","DRIVER",,"715081",,"FORD","Explorer","IL","2013","NONE","PASSENGER","PERSONAL","W","SKIDDING/CONTROL LOSS","true",,"1",,"CITY OF CHICAGO (IMPOUND-DUI)","701 N SACRAMENTO",,"true",,,,,,,,,,"true","true",,"FRONT-RIGHT",,,,,,,,,,,,,,,,,,,,,,,,,,,,,,,,,
"752757","JC459338","2019-10-04T02:25:00","2","PARKED",,"715082",,"MITSUBISHI","MIRAGE","IL","2014","NONE","PASSENGER","NOT IN USE","W","PARKED",,,"0",,,,,,,,,,,"true","true","true","true","true",,,"SIDE-LEFT",,,,,,,,,,,,,,,,,,,,,,,,,,,,,,,,,
"752758","JC459338","2019-10-04T02:25:00","3","PARKED",,"715083",,"CHEVROLET","C K 1500","IL","1995","NONE","PICKUP","NOT IN USE","W","PARKED","true",,"0",,"PRIVATE TOW BY OWNER",,,,,,,,,"true","true",,,,,,"SIDE-LEFT",,,,,,,,,,,,,,,,,,,,,,,,,,,,,,,,,
"752749","JC459342","2019-10-04T02:20:00","1","DRIVER",,"715077",,"UNKNOWN","UNKNOWN","IL",,"UNKNOWN","UNKNOWN/NA","UNKNOWN/NA","S","UNKNOWN/NA",,,"1",,,,,,,,,,,,,,,,,"true","OTHER",,,,,,,,,,,,,,,,,,,,,,,,,,,,,,,,,
"752750","JC459342","2019-10-04T02:20:00","2","PARKED",,"715074",,"CHEVROLET","IMPALA","IL","2008","NONE","PASSENGER","PERSONAL","S","PARKED",,,"0",,,,,"true",,,,"true","true","true","true",,,"true","true",,"REAR-LEFT",,,,,,,,,,,,,,,,,,,,,,,,,,,,,,,,,
"752751","JC459342","2019-10-04T02:20:00","3","PARKED",,"715076",,"CHEVROLET","EQUINOX","IL","2017","NONE","PASSENGER","PERSONAL","S","PARKED",,,"0",,,,,,,,,,"true",,,,,,,,"REAR-LEFT",,,,,,,,,,,,,,,,,,,,,,,,,,,,,,,,,
"752746","JC459331","2019-10-04T02:05:00","1","DRIVER",,"715072",,"FORD","UNKNOWN","IL","2018","NONE","TRUCK - SINGLE UNIT","PERSONAL","E","TURNING LEFT","true",,"1",,"streets & sanitations","400 e lower wacker",,"true",,,,,,,,,,"true","true",,"OTHER",,,,,,,,,,,,,,,,,,,,,,,,,,,,,,,,,
"752752","JC459333","2019-10-04T02:00:00","1","DRIVER","1","715078",,"MITSUBISHI","MITSUBISHI","IL","2012","NONE","PASSENGER","PERSONAL","W","CHANGING LANES","true",,"2",,"UNKNOWN","UNKNOWN",,"true","true",,,,,,,,,,,,"FRONT",,,,,,,,,,,,,,,,,,,,,,,,,,,,,,,,,