"crash_unit_id","rd_no","crash_date","unit_no","unit_type","num_passengers","vehicle_id","cmrc_veh_i","make","model","lic_plate_state","vehicle_year","vehicle_defect","vehicle_type","vehicle_use","travel_direction","maneuver","towed_i","fire_i","occupant_cnt","exceed_speed_limit_i","towed_by","towed_to","area_00_i","area_01_i","area_02_i","area_03_i","area_04_i","area_05_i","area_06_i","area_07_i","area_08_i","area_09_i","area_10_i","area_11_i","area_12_i","area_99_i","first_contact_point","cmv_id","usdot_no","ccmc_no","ilcc_no","commercial_src","gvwr","carrier_name","carrier_state","carrier_city","hazmat_placards_i","hazmat_name","un_no","hazmat_present_i","hazmat_report_i","hazmat_report_no","mcs_report_i","mcs_report_no","hazmat_vio_cause_crash_i","mcs_vio_cause_crash_i","idot_permit_no","wide_load_i","trailer1_width","trailer2_width","trailer1_length","trailer2_length","total_vehicle_length","axle_cnt","vehicle_config","cargo_body_type","load_type","hazmat_out_of_service_i","mcs_out_of_service_i","hazmat_class"
"752753","JC459333","2019-10-04T02:00:00","2","DRIVER",,"715080",,"BMW","UNKNOWN","IL","2015","NONE","PASSENGER","PERSONAL","W","STRAIGHT AHEAD",,,"1",,,,,,,,,,,"true","true",,,,,,"SIDE-LEFT",,,,,,,,,,,,,,,,,,,,,,,,,,,,,,,,,
"752747","JC459329","2019-10-04T01:52:00","1","DRIVER",,"715073",,"CHEVROLET","SILVERADO","IL","2019","UNKNOWN","PICKUP","UNKNOWN/NA","N","TURNING RIGHT",,,"1",,,,,,,,,"true",,,,,,,,,"REAR-RIGHT",,,,,,,,,,,,,,,,,,,,,,,,,,,,,,,,,
"752748","JC459329","2019-10-04T01:52:00","2","DRIVER",,"715075",,"MERCEDES-BENZ","UNKNOWN","IL","2015","UNKNOWN","PASSENGER","UNKNOWN/NA","N","STRAIGHT AHEAD",,,"1",,,,,,,,,,,,,,,,"true",,"OTHER",,,,,,,,,,,,,,,,,,,,,,,,,,,,,,,,,
"752930","JC459684","2019-10-04T01:45:00","1","DRIVER",,"715246",,"BUICK","UNKNOWN",,"2018","UNKNOWN","PASSENGER","UNKNOWN/NA","N","STRAIGHT AHEAD",,,"1",,,,,,,,,,,,,,,,"true",,"OTHER",,,,,,,,,,,,,,,,,,,,,,,,,,,,,,,,,
"752931","JC459684","2019-10-04T01:45:00","2","DRIVER",,"715244",,"TOYOTA MOTOR COMPANY, LTD.","CAMRY","IL","2009","UNKNOWN","PASSENGER","UNKNOWN/NA","W","STRAIGHT AHEAD",,,"1",,,,,,"false","false","false",,,,"true","true","true",,,,"ROOF",,,,,,,,,,,,,,,,,,,,,,,,,,,,,,,,,
"752736","JC459296","2019-10-04T00:34:00","1","DRIVER","1","715063",,"HYUNDAI","SONATA","IL","2006","UNKNOWN","PASSENGER","PERSONAL","N","OTHER",,,"2",,,,,"true",,,,,,,,,,,,,"FRONT",,,,,,,,,,,,,,,,,,,,,,,,,,,,,,,,,
"752737","JC459296","2019-10-04T00:34:00","2","PARKED",,"715064",,"GENERAL MOTORS CORP.","UNKNOWN","IL","2006","UNKNOWN","PASSENGER","PERSONAL","N","PARKED",,,"0",,,,,,,,,,,,,,,"true",,,"TOTAL (ALL AREAS)",,,,,,,,,,,,,,,,,,,,,,,,,,,,,,,,,
"752728","JC459298","2019-10-04T00:30:00","1","DRIVER",,"715054",,"INFINITI","UNKNOWN","IL","2015","NONE","PASSENGER","PERSONAL","E","BACKING",,,"1",,,,,,,,,,"true",,,,,,,,"REAR-LEFT",,,,,,,,,,,,,,,,,,,,,,,,,,,,,,,,,
"752729","JC459298","2019-10-04T00:30:00","2","DRIVER",,"715061",,"MITSUBISHI","Outlander","IL","2011","NONE","PASSENGER","PERSONAL","W","STRAIGHT AHEAD",,,"1",,,,,,,,,,,,,,,,"true",,"OTHER",,,,,,,,,,,,,,,,,,,,,,,,,,,,,,,,,
"752864","JC459564","2019-10-04T00:01:00","1","DRIVER",,"715185",,"UNKNOWN","UNKNOWN","XX",,"UNKNOWN","UNKNOWN/NA","UNKNOWN/NA","UNKNOWN","UNKNOWN/NA",,,"1",,,,,,,,,,,,,,,,,"true","UNKNOWN",,,,,,,,,,,,,,,,,,,,,,,,,,,,,,,,,
"752865","JC459564","2019-10-04T00:01:00","2","PARKED",,"715194",,"CHEVROLET","MALIBU (CHEVELLE)","IL","2018","NONE","PASSENGER","OTHER","E","PARKED",,,"0",,,,,,,,,,,,,,,"true",,,"TOTAL (ALL AREAS)",,,,,,,,,,,,,,,,,,,,,,,,,,,,,,,,,
"752783","JC459390","2019-10-04T00:01:00","1","DRIVER",,"715108",,"UNKNOWN","UNKNOWN",,,"UNKNOWN","UNKNOWN/NA","OTHER","N","UNKNOWN/NA",,,"1",,,,,,,,,,,,,,,,,"true","UNKNOWN",,,,,,,,,,,,,,,,,,,,,,,,,,,,,,,,,
"752784","JC459390","2019-10-04T00:01:00","2","PARKED",,"715109",,"NISSAN","VERSA","IL","2020","NONE","PASSENGER","NOT IN USE","N","PARKED",,,"0",,,,,,,,,"true",,,,,,,,,"REAR-RIGHT",,,,,,,,,,,,,,,,,,,,,,,,,,,,,,,,,
"752821","JC459491","2019-10-04T00:00:00","1","DRIVER",,"715145",,"UNKNOWN","UNKNOWN",,,"NONE","UNKNOWN/NA","UNKNOWN/NA","S","UNKNOWN/NA",,,"1",,,,,,,,,,,,,,,,,"true","SIDE-RIGHT",,,,,,,,,,,,,,,,,,,,,,,,,,,,,,,,,
"752822","JC459491","2019-10-04T00:00:00","2","PARKED",,"715146",,"LEXUS","IS250","IL","2006","NONE","PASSENGER","PERSONAL","S","PARKED",,,"0",,,,,,,,,,,,"true","true","true","true",,,"ROOF",,,,,,,,,,,,,,,,,,,,,,,,,,,,,,,,,
"752796","JC459420","2019-10-04T00:00:00","1","DRIVER",,"715117",,"UNKNOWN","UNKNOWN",,,"UNKNOWN","UNKNOWN/NA","UNKNOWN/NA","N","STRAIGHT AHEAD",,,"1",,,,,"true","true",,,,,,,,,,,"true","FRONT-RIGHT",,,,,,,,,,,,,,,,,,,,,,,,,,,,,,,,,
"752797","JC459420","2019-10-04T00:00:00","2","PARKED",,"715120",,"KIA MOTORS CORP","SORENTO",,"2008","NONE","PASSENGER","PERSONAL","N","PARKED",,,"0",,,,,,,,,,,,,"true","true","true",,,"ROOF",,,,,,,,,,,,,,,,,,,,,,,,,,,,,,,,,
"752734","JC459300","2019-10-04T00:00:00","1","DRIVER",,"715060",,"UNKNOWN","UNKNOWN","IL",,"UNKNOWN","UNKNOWN/NA","UNKNOWN/NA","E","OTHER",,,"1",,,,,,,,,,,,,,,,,"true","UNKNOWN",,,,,,,,,,,,,,,,,,,,,,,,,,,,,,,,,
"752735","JC459300","2019-10-04T00:00:00","2","PARKED",,"715062",,"NISSAN","NISSAN MAXIMA","IL","2004","NONE","PASSENGER","PERSONAL","N","PARKED",,,"0",,,,,,,,,,,,,,"true","true",,,"TOTAL (ALL AREAS)",,,,,,,,,,,,,,,,,,,,,,,,,,,,,,,,,
"752726","JC459276","2019-10-04T00:00:00","1","DRIVER",,"715052",,"DODGE","CHARGER","IL","2017","NONE","PASSENGER","PERSONAL","N","STRAIGHT AHEAD",,,"1",,,,,"true",,,,,,,,,,,,,"FRONT",,,,,,,,,,,,,,,,,,,,,,,,,,,,,,,,,
"752727","JC459276","2019-10-04T00:00:00","2","PARKED",,"715056",,"FORD","FUSION","IL","2015","NONE","PASSENGER","NOT IN USE","N","PARKED",,,"0",,,,,,,,,,,"true",,,,,,,"SIDE-LEFT",,,,,,,,,,,,,,,,,,,,,,,,,,,,,,,,,
"752732","JC459280","2019-10-03T23:56:00","1","DRIVER",,"715055",,"NISSAN","UNKNOWN",,,"UNKNOWN","PASSENGER","UNKNOWN/NA","N","UNKNOWN/NA",,,"1",,,,,"true",,,,,,,,,,"true","true",,"OTHER",,,,,,,,,,,,,,,,,,,,,,,,,,,,,,,,,
"752733","JC459280","2019-10-03T23:56:00","2","DRIVER",,"715059",,"CHEVROLET","IMPALA","IL","2016","NONE","PASSENGER","PERSONAL","N","STRAIGHT AHEAD",,,"1",,,,,,,,,"true","true","true",,,,,,,"REAR",,,,,,,,,,,,,,,,,,,,,,,,,,,,,,,,,
"752724","JC459281","2019-10-03T23:55:00","1","DRIVER",,"715050",,"NISSAN","NISSAN ALTIMA","IL","2014","UNKNOWN","PASSENGER","PERSONAL","S","BACKING",,,"1",,,,,,,,,"true",,,,,,,,,"REAR",,,,,,,,,,,,,,,,,,,,,,,,,,,,,,,,,
"752725","JC459281","2019-10-03T23:55:00","2","PARKED",,"715058",,"FORD","EXPLORER","IL","2018","UNKNOWN","PASSENGER","NOT IN USE","UNKNOWN","PARKED",,,"0",,,,,"true",,,,,,,,,,,,,"FRONT",,,,,,,,,,,,,,,,,,,,,,,,,,,,,,,,,
"752742","JC459275","2019-10-03T23:50:00","1","DRIVER",,"715069",,"FORD","Focus","IL","2013","NONE","PASSENGER","PERSONAL","N","PASSING/OVERTAKING","true",,"1",,,,,"true","true",,,,,,,,,,,,"FRONT",,,,,,,,,,,,,,,,,,,,,,,,,,,,,,,,,
"752743","JC459275","2019-10-03T23:50:00","2","DRIVER","2","715071",,"JEEP","PATRIOT","IL","2016","NONE","PASSENGER","TAXI/FOR HIRE","N","STRAIGHT AHEAD",,,"3",,,,,,,,,,,"true",,,,,,,"SIDE-LEFT",,,,,,,,,,,,,,,,,,,,,,,,,,,,,,,,,
"752744","JC459286","2019-10-03T23:46:00","1","DRIVER","2","715070",,"HONDA","CIVIC","IL","2003","NONE","PASSENGER","PERSONAL","W","STRAIGHT AHEAD","true",,"3",,"City of Chicago","701 N Sacramento",,,,,,,,,,,"true","true","true",,"TOTAL (ALL AREAS)",,,,,,,,,,,,,,,,,,,,,,,,,,,,,,,,,
"752720","JC459267","2019-10-03T23:40:00","1","DRIVER",,"715048",,"KIA MOTORS CORP","SORENTO","IL","2012","NONE","PASSENGER","PERSONAL","S","STRAIGHT AHEAD","true",,"1",,"unk- personal","unk- personal",,,,,,,,,,,,,"true",,"OTHER",,,,,,,,,,,,,,,,,,,,,,,,,,,,,,,,,
"752721","JC459267","2019-10-03T23:40:00","2","DRIVER",,"715049",,"NISSAN","NISSAN ALTIMA","IL","2015","NONE","PASSENGER","PERSONAL","W","STRAIGHT AHEAD","true",,"1",,"unk-Personal","unk-Personal",,,"true","true","true",,,,,,,,,,"SIDE-RIGHT",,,,,,,,,,,,,,,,,,,,,,,,,,,,,,,,,
"752722","JC459267","2019-10-03T23:40:00","3","DRIVER","5","715051",,"HONDA","Pilot","IL","2003","NONE","PASSENGER","PERSONAL","E","STRAIGHT AHEAD",,,"6",,,,,,,,,,,"true",,,,,,,"SIDE-LEFT",,,,,,,,,,,,,,,,,,,,,,,,,,,,,,,,,
"752925","JC459574","2019-10-03T23:30:00","1","DRIVER",,"715238",,"UNKNOWN","UNKNOWN",,,"UNKNOWN","SINGLE UNIT TRUCK WITH TRAILER","UNKNOWN/NA","UNKNOWN","UNKNOWN/NA",,,"1",,,,,,,,,,,,,,,,,"true","UNKNOWN",,,,,,,,,,,,,,,,,,,,,,,,,,,,,,,,,
"752926","JC459574","2019-10-03T23:30:00","2","PARKED",,"715240",,"NISSAN","Quest","IL","2014","NONE","PASSENGER","NOT IN USE","N","PARKED",,,"0",,,,,"true","true",,,,,,,,,,,,"FRONT",,,,,,,,,,,,,,,,,,,,,,,,,,,,,,,,,
"752718","JC459263","2019-10-03T23:23:00","1","DRIVER",,"715045",,"FORD","ESCAPE (SUV)","IL","2016","NONE","SPORT UTILITY VEHICLE (SUV)","PERSONAL","N","TURNING LEFT",,,"1",,,,,,,,,,,,,,,,,,"NONE",,,,,,,,,,,,,,,,,,,,,,,,,,,,,,,,,
"752719","JC459263","2019-10-03T23:23:00","2","PARKED",,"715046",,"HONDA","ACCORD","IL","2010","NONE","PASSENGER","RIDESHARE SERVICE","S","PARKED IN TRAFFIC LANE",,,"0",,,,,,,,"true","true",,,,,,,,,"REAR",,,,,,,,,,,,,,,,,,,,,,,,,,,,,,,,,
"752909","JC459628","2019-10-03T23:00:00","1","DRIVER",,"715229",,"UNKNOWN","UNKNOWN","IL",,"UNKNOWN","PASSENGER","UNKNOWN/NA","N","UNKNOWN/NA",,,"1",,,,,,,,,,,,,,,,,"true","UNKNOWN",,,,,,,,,,,,,,,,,,,,,,,,,,,,,,,,,
"752921","JC459628","2019-10-03T23:00:00","2","NON-MOTOR VEHICLE",,,,,,,,,,,,,,,,,,,,,,,,,,,,,,,,,,,,,,,,,,,,,,,,,,,,,,,,,,,,,,,,,,
"752707","JC459227","2019-10-03T22:15:00","1","DRIVER",,"715033",,"TOYOTA MOTOR COMPANY, LTD.","COROLLA",,,"UNKNOWN","PASSENGER","PERSONAL","UNKNOWN","STRAIGHT AHEAD",,,"1",,,,"true",,,,,,,,,,,,,,"NONE",,,,,,,,,,,,,,,,,,,,,,,,,,,,,,,,,
"752708","JC459227","2019-10-03T22:15:00","2","DRIVER",,"715036",,"FORD","UNKNOWN",,"2018","UNKNOWN","PASSENGER","PERSONAL","UNKNOWN","UNKNOWN/NA",,,"1",,,,,,,,,,"true",,,,,,,,"REAR-LEFT",,,,,,,,,,,,,,,,,,,,,,,,,,,,,,,,,
"752702","JC459238","2019-10-03T22:11:00","1","DRIVER",,"715028",,"BMW","UNKNOWN","IL","2010","UNKNOWN","PASSENGER","UNKNOWN/NA","W","CHANGING LANES",,,"1",,,,,,,,,,,,,"true",,,,,"ROOF",,,,,,,,,,,,,,,,,,,,,,,,,,,,,,,,,
"752703","JC459238","2019-10-03T22:11:00","2","DRIVER",,"715031",,"KIA MOTORS CORP","Sportage (sport utility)","IL","2018","UNKNOWN","SPORT UTILITY VEHICLE (SUV)","PERSONAL","W","STRAIGHT AHEAD",,,"1",,,,,"true","true",,,,,,,,,,,,"SIDE-RIGHT",,,,,,,,,,,,,,,,,,,,,,,,,,,,,,,,,
"752709","JC459214","2019-10-03T22:08:00","1","DRIVER",,"715037",,"TOYOTA MOTOR COMPANY, LTD.","CAMRY","IL","2016","NONE","PASSENGER","PERSONAL","S","STRAIGHT AHEAD","true",,"1",,"a&e","6804 s south chicago ave",,"true","true","true","true","true","true","true","true","true","true","true","true",,,,,,,,,,,,,,,,,,,,,,,,,,,,,,,,,,,
"752710","JC459214","2019-10-03T22:08:00","2","PARKED",,"715038",,"HONDA","ACCORD","IL",,"NONE","PASSENGER","PERSONAL","S","PARKED",,,"0",,,,,,,,,,,"true","true",,,,,,"FRONT-LEFT",,,,,,,,,,,,,,,,,,,,,,,,,,,,,,,,,
"754544","JC462469","2019-10-03T22:00:00","1","DRIVER",,"716747",,"UNKNOWN","UNKNOWN",,,"UNKNOWN","UNKNOWN/NA","UNKNOWN/NA","UNKNOWN","BACKING",,,"1",,,,,,,,,,,"true",,,,,,,"FRONT-LEFT",,,,,,,,,,,,,,,,,,,,,,,,,,,,,,,,,
"754545","JC462469","2019-10-03T22:00:00","2","PARKED","1","716749",,"NISSAN","Murano","IL","2011","UNKNOWN","SPORT UTILITY VEHICLE (SUV)","PERSONAL","UNKNOWN","PARKED",,,"1",,,,,,,,"true","true",,,,,,,,,"ROOF",,,,,,,,,,,,,,,,,,,,,,,,,,,,,,,,,
"752704","JC459226","2019-10-03T22:00:00","1","DRIVER",,"715027",,"DODGE","UNKNOWN","IL",,"NONE","PASSENGER","UNKNOWN/NA","E","STRAIGHT AHEAD",,,"1",,,,,"true","true",,,,,,,,,,"true",,"FRONT",,,,,,,,,,,,,,,,,,,,,,,,,,,,,,,,,
"752705","JC459226","2019-10-03T22:00:00","2","PARKED",,"715030",,"CHEVROLET","EQUINOX","IL","2019","NONE","PASSENGER","PERSONAL","UNKNOWN","PARKED","true",,"0",,"PRIVATE",,,,,,,,"true","true","true",,,,,,"FRONT-LEFT",,,,,,,,,,,,,,,,,,,,,,,,,,,,,,,,,
"752706","JC459226","2019-10-03T22:00:00","3","PARKED",,"715032",,"DODGE","JOURNEY","IL","2015","NONE","VAN/MINI-VAN","PERSONAL","UNKNOWN","PARKED",,,"0",,,,,,,,,,"true",,,,,,,,"REAR-LEFT",,,,,,,,,,,,,,,,,,,,,,,,,,,,,,,,,
"752698","JC459201","2019-10-03T21:50:00","1","DRIVER",,"715026",,"DODGE","RAM 1500 PU","IL","1995","UNKNOWN","PICKUP","PERSONAL","N","STRAIGHT AHEAD","true",,"1",,"CPD",,,"true","false",,,,,,,,,"true","true",,"FRONT",,,,,,,,,,,,,,,,,,,,,,,,,,,,,,,,,
"752699","JC459201","2019-10-03T21:50:00","2","PARKED",,"715029",,"TOYOTA MOTOR COMPANY, LTD.","COROLLA","WI","2008","NONE","PASSENGER","PERSONAL","S","PARKED",,,"0",,,,,,,,,,,,,"true","true","true",,,"ROOF",,,,,,,,,,,,,,,,,,,,,,,,,,,,,,,,,
"752700","JC459201","2019-10-03T21:50:00","3","PARKED",,"715034",,"TOYOTA MOTOR COMPANY, LTD.","TOYOTA","IL","2000","NONE","VAN/MINI-VAN","PERSONAL","S","PARKED",,,"0",,,,,,,,,"true","true","true",,,,,,,"REAR-LEFT",,,,,,,,,,,,,,,,,,,,,,,,,,,,,,,,,
"752701","JC459201","2019-10-03T21:50:00","4","PARKED",,"715035",,"GENERAL MOTORS CORP.","UNKNOWN","IL","2003","UNKNOWN","UNKNOWN/NA","PERSONAL","S","PARKED",,,"0",,,,,,,,,"true","true","true",,,,,,,"REAR-LEFT",,,,,,,,,,,,,,,,,,,,,,,,,,,,,,,,,
"753003","JC459777","2019-10-03T21:40:00","1","DRIVER",,"715319",,"NISSAN","NISSAN ALTIMA","IL","2010","UNKNOWN","UNKNOWN/NA","PERSONAL","E","STARTING IN TRAFFIC",,,"1",,,,,,,,,,,,,,,"true",,,"OTHER",,,,,,,,,,,,,,,,,,,,,,,,,,,,,,,,,
"753004","JC459777","2019-10-03T21:40:00","2","DRIVER",,"715325",,"INFINITI","QX56","IN",,"NONE","PASSENGER","PERSONAL","E","TURNING RIGHT",,,"1",,,,,,"true","true","true",,,,,,,,,,"SIDE-RIGHT",,,,,,,,,,,,,,,,,,,,,,,,,,,,,,,,,
"752945","JC459705","2019-10-03T21:36:00","1","DRIVER",,"715257",,"DODGE","JOURNEY","IL","2018","UNKNOWN","SPORT UTILITY VEHICLE (SUV)","UNKNOWN/NA","W","STRAIGHT AHEAD",,,"1",,,,,,,,,,,,,,,"true",,,"TOTAL (ALL AREAS)",,,,,,,,,,,,,,,,,,,,,,,,,,,,,,,,,
"752946","JC459705","2019-10-03T21:36:00","2","DRIVER",,"715272",,"FORD","FIVE HUNDRED","IL","2005","NONE","PASSENGER","PERSONAL","N","STRAIGHT AHEAD",,,"1",,,,,"true","true",,,,,,,,,,,,"FRONT-RIGHT",,,,,,,,,,,,,,,,,,,,,,,,,,,,,,,,,
"752696","JC459192","2019-10-03T21:35:00","1","DRIVER",,"715017",,"UNKNOWN","UNKNOWN",,,"UNKNOWN","UNKNOWN/NA","UNKNOWN/NA","N","STRAIGHT AHEAD",,,"1",,,,,"true","true",,,,,,,,,,,,"FRONT",,,,,,,,,,,,,,,,,,,,,,,,,,,,,,,,,
"752697","JC459192","2019-10-03T21:35:00","2","PARKED",,"715021",,"JEEP","LAREDO",,,"NONE","PASSENGER","PERSONAL","N","PARKED",,,"0",,,,,,,,"true","true","true","true","true",,,,,,"SIDE-LEFT",,,,,,,,,,,,,,,,,,,,,,,,,,,,,,,,,
"752717","JC459204","2019-10-03T21:30:00","1","DRIVER",,"715043",,"UNKNOWN","UNKNOWN",,,"UNKNOWN","UNKNOWN/NA","UNKNOWN/NA","UNKNOWN","UNKNOWN/NA",,,"1",,,,,,,,,,,,,,,,"true",,"OTHER",,,,,,,,,,,,,,,,,,,,,,,,,,,,,,,,,
"752723","JC459204","2019-10-03T21:30:00","2","BICYCLE",,,,,,,,,,,,,,,,,,,,,,,,,,,,,,,,,,,,,,,,,,,,,,,,,,,,,,,,,,,,,,,,,,
"752689","JC459186","2019-10-03T21:25:00","1","DRIVER",,"715016",,"TOYOTA MOTOR COMPANY, LTD.","UNKNOWN","IL","2007","UNKNOWN","PASSENGER","PERSONAL","N","TURNING LEFT",,,"1",,,,,"true",,,,,,,,,,,,,"FRONT",,,,,,,,,,,,,,,,,,,,,,,,,,,,,,,,,
"752690","JC459186","2019-10-03T21:25:00","2","DRIVER","1","715022",,"NISSAN","ROGUE","IL","2015","UNKNOWN","PASSENGER","PERSONAL","W","STRAIGHT AHEAD",,,"2",,,,,,,,,,,"true","true",,,,,,"SIDE-LEFT",,,,,,,,,,,,,,,,,,,,,,,,,,,,,,,,,
"752687","JC459193","2019-10-03T21:15:00","1","DRIVER",,"715013",,"UNKNOWN","UNKNOWN",,,"UNKNOWN","VAN/MINI-VAN","UNKNOWN/NA","E","TURNING LEFT",,,"1",,,,,,,,,,,,,,,,,,"UNKNOWN",,,,,,,,,,,,,,,,,,,,,,,,,,,,,,,,,
"752688","JC459193","2019-10-03T21:15:00","2","DRIVER",,"715019",,"DODGE","JOURNEY","IL",,"UNKNOWN","VAN/MINI-VAN","PERSONAL","S","STRAIGHT AHEAD",,,"1",,,,,,,,,,,"false","true",,,,,,"SIDE-LEFT",,,,,,,,,,,,,,,,,,,,,,,,,,,,,,,,,
"753189","JC459155","2019-10-03T21:14:00","1","DRIVER","1","715481",,"HYUNDAI","ELANTRA","IL","2006","UNKNOWN","PASSENGER","PERSONAL","N","STRAIGHT AHEAD","true",,"2",,"city of chicago","701 N SACRAMENTO",,"true","true",,,"true","true","true",,,"true","true","true",,"SIDE-RIGHT",,,,,,,,,,,,,,,,,,,,,,,,,,,,,,,,,
"753190","JC459155","2019-10-03T21:14:00","2","DRIVER","1","715482",,"FORD","Explorer","IL",,"NONE","PASSENGER","POLICE","W","STRAIGHT AHEAD","true",,"2",,"CITY OF CHICAGO","701 N SACRAMENTO",,"true",,,,,,"true",,,,"true","true",,"OTHER",,,,,,,,,,,,,,,,,,,,,,,,,,,,,,,,,
"752683","JC459161","2019-10-03T21:10:00","1","DRIVER",,"715008",,"TOYOTA MOTOR COMPANY, LTD.","4RUNNER","IL","2005","NONE","SPORT UTILITY VEHICLE (SUV)","PERSONAL","E","TURNING RIGHT",,,"1",,,,,,,,,,,,,,,"true",,,"TOTAL (ALL AREAS)",,,,,,,,,,,,,,,,,,,,,,,,,,,,,,,,,
"752684","JC459161","2019-10-03T21:10:00","2","DRIVER","1","715010","false","WABCO CONSTRUCTION & MINING EQUIPMENT GROUP","WABCO CONSTRUCTION & MINING EQUIPMENT GROUP","IL","2018","NONE","TRUCK - SINGLE UNIT","OTHER","E","BACKING",,,"2",,,,,,,,,,,"true",,,,,,,"SIDE-LEFT",,,,,,,,,,,,,,,,,,,,,,,,,,,,,,,,,
"752685","JC459182","2019-10-03T21:09:00","1","DRIVER",,"715014",,"GENERAL MOTORS CORP.","YUKON","IL","2007","UNKNOWN","UNKNOWN/NA","UNKNOWN/NA","E","TURNING LEFT",,,"1",,,,,"true","true","true","true",,,,,,,,,,"FRONT",,,,,,,,,,,,,,,,,,,,,,,,,,,,,,,,,
"752686","JC459182","2019-10-03T21:09:00","2","DRIVER","1","715018",,"TOYOTA MOTOR COMPANY, LTD.","CAMRY","IL","2016","UNKNOWN","PASSENGER","PERSONAL","E","STRAIGHT AHEAD",,,"2",,,,,,,,,,,,"true","true","true","true",,,"ROOF",,,,,,,,,,,,,,,,,,,,,,,,,,,,,,,,,
"752694","JC459151","2019-10-03T21:04:00","1","DRIVER",,"715015",,"SUBARU","SUBARU","IL","2019","NONE","PASSENGER","PERSONAL","N","TURNING LEFT","true",,"1",,,,,"true",,,,,,,,,,,"true",,"FRONT",,,,,,,,,,,,,,,,,,,,,,,,,,,,,,,,,
"752695","JC459151","2019-10-03T21:04:00","2","DRIVER",,"715024",,"VOLKSWAGEN","VOLKSWAGEN",,"2007","NONE","PASSENGER","PERSONAL","S","STRAIGHT AHEAD","true",,"1",,,,,"true",,,,,,,,,,"true","true",,"OTHER",,,,,,,,,,,,,,,,,,,,,,,,,,,,,,,,,
"752893","JC459612","2019-10-03T21:00:00","1","DRIVER",,"715211",,"UNKNOWN","UNKNOWN",,,"UNKNOWN","UNKNOWN/NA","UNKNOWN/NA","UNKNOWN","UNKNOWN/NA",,,"1",,,,,,,,,,,,,,,,,"true","UNKNOWN",,,,,,,,,,,,,,,,,,,,,,,,,,,,,,,,,
"752894","JC459612","2019-10-03T21:00:00","2","PARKED",,"715213",,"FORD","Focus","IL","2018","NONE","PASSENGER","PERSONAL","S","PARKED",,,"0",,,,,,,,,,,"true","true","true","true","true",,,"ROOF",,,,,,,,,,,,,,,,,,,,,,,,,,,,,,,,,
"752713","JC459259","2019-10-03T21:00:00","1","DRIVER",,"715041",,"JEEP","UNKNOWN","IL","2005","UNKNOWN","SPORT UTILITY VEHICLE (SUV)","PERSONAL","E","OTHER",,,"1",,,,,,,,,,,,,,,,,,"TOTAL (ALL AREAS)",,,,,,,,,,,,,,,,,,,,,,,,,,,,,,,,,
"752714","JC459259","2019-10-03T21:00:00","2","PARKED","1","715042",,"NISSAN","SENTRA (DATSUN AND NISSAN HAVE MERGED)","IL","2010","UNKNOWN","PASSENGER","PERSONAL","S","PARKED",,,"1",,,,,,,,,"true",,,,,,,,,"REAR",,,,,,,,,,,,,,,,,,,,,,,,,,,,,,,,,
"752679","JC459176","2019-10-03T20:50:00","1","DRIVER",,"715007",,"VOLKSWAGEN","JETTA","IL","2017","NONE","PASSENGER","PERSONAL","N","STRAIGHT AHEAD",,,"1",,,,,,,,,,,,,,,,"true",,"OTHER",,,,,,,,,,,,,,,,,,,,,,,,,,,,,,,,,
"752680","JC459176","2019-10-03T20:50:00","2","DRIVER",,"715011",,"HYUNDAI","Accent","OH","2013","NONE","PASSENGER","PERSONAL","N","STRAIGHT AHEAD",,,"1",,,,,,,,,,"true",,,,,,,,"REAR-LEFT",,,,,,,,,,,,,,,,,,,,,,,,,,,,,,,,,
"752670","JC459136","2019-10-03T20:45:00","1","DRIVER",,"714995",,"CADILLAC","Escalade","IL",,"UNKNOWN","UNKNOWN/NA","UNKNOWN/NA","UNKNOWN","UNKNOWN/NA",,,"1",,,,,,,,,,,,,,,,,"true","UNKNOWN",,,,,,,,,,,,,,,,,,,,,,,,,,,,,,,,,
"752671","JC459136","2019-10-03T20:45:00","2","PARKED",,"714997",,"INFINITI","UNKNOWN","IL","2005","UNKNOWN","SPORT UTILITY VEHICLE (SUV)","UNKNOWN/NA","UNKNOWN","PARKED",,,"0",,,,,"true",,,,,,,,,,,,,"REAR",,,,,,,,,,,,,,,,,,,,,,,,,,,,,,,,,
"752675","JC459133","2019-10-03T20:35:00","1","DRIVER",,"715001",,"CHEVROLET","SUBURBAN","IL","2017","NONE","SPORT UTILITY VEHICLE (SUV)","TAXI/FOR HIRE","W","PASSING/OVERTAKING",,,"1",,,,,"true","true","true",,,,,,,,,,,,,,,,,,,,,,,,,,,,,,,,,,,,,,,,,,,,
"752676","JC459133","2019-10-03T20:35:00","2","DRIVER",,"715004",,"TOYOTA MOTOR COMPANY, LTD.","4RUNNER","IL","2005","NONE","SPORT UTILITY VEHICLE (SUV)","PERSONAL","W","STRAIGHT AHEAD",,,"1",,,,,,,,,,,,,"true","true","true",,,,,,,,,,,,,,,,,,,,,,,,,,,,,,,,,,,,
"752740","JC459317","2019-10-03T20:30:00","1","DRIVER",,"715067",,"HONDA","ACCORD",,"2016","NONE","PASSENGER","PERSONAL","N","STRAIGHT AHEAD",,,"1",,,,,,"true","true","true",,,,,,,"false",,,"SIDE-RIGHT",,,,,,,,,,,,,,,,,,,,,,,,,,,,,,,,,