"crash_unit_id","rd_no","crash_date","unit_no","unit_type","num_passengers","vehicle_id","cmrc_veh_i","make","model","lic_plate_state","vehicle_year","vehicle_defect","vehicle_type","vehicle_use","travel_direction","maneuver","towed_i","fire_i","occupant_cnt","exceed_speed_limit_i","towed_by","towed_to","area_00_i","area_01_i","area_02_i","area_03_i","area_04_i","area_05_i","area_06_i","area_07_i","area_08_i","area_09_i","area_10_i","area_11_i","area_12_i","area_99_i","first_contact_point","cmv_id","usdot_no","ccmc_no","ilcc_no","commercial_src","gvwr","carrier_name","carrier_state","carrier_city","hazmat_placards_i","hazmat_name","un_no","hazmat_present_i","hazmat_report_i","hazmat_report_no","mcs_report_i","mcs_report_no","hazmat_vio_cause_crash_i","mcs_vio_cause_crash_i","idot_permit_no","wide_load_i","trailer1_width","trailer2_width","trailer1_length","trailer2_length","total_vehicle_length","axle_cnt","vehicle_config","cargo_body_type","load_type","hazmat_out_of_service_i","mcs_out_of_service_i","hazmat_class"
"752633","JC459091","2019-10-03T16:30:00","2","PARKED",,"714960",,"FORD","FORD-TRUCK,VAN,SUV, ETC","IL",,"UNKNOWN","VAN/MINI-VAN","NOT IN USE","W","PARKED",,,"0",,,,,,,,,,,,,,,,,,"TOTAL (ALL AREAS)",,,,,,,,,,,,,,,,,,,,,,,,,,,,,,,,,
"752502","JC458837","2019-10-03T16:30:00","1","DRIVER",,"714834",,"HYUNDAI","Santa Fe","IL","2017","UNKNOWN","SPORT UTILITY VEHICLE (SUV)","PERSONAL","W","STRAIGHT AHEAD",,,"1",,,,,"true",,,,,,,,,,,,,"FRONT",,,,,,,,,,,,,,,,,,,,,,,,,,,,,,,,,
"752503","JC458837","2019-10-03T16:30:00","2","DRIVER","2","714847",,"FORD","RANGER","WI",,"UNKNOWN","UNKNOWN/NA","PERSONAL","S","STRAIGHT AHEAD",,,"3",,,,,,,,,,,,"true","true","true","true",,,"FRONT-LEFT",,,,,,,,,,,,,,,,,,,,,,,,,,,,,,,,,
"752504","JC458837","2019-10-03T16:30:00","3","PARKED",,"714862",,"CHEVROLET","CAVALIER","IN",,"UNKNOWN","PASSENGER","UNKNOWN/NA","W","PARKED",,,"0",,,,,,,,,"true","true",,,,,,"true",,"REAR",,,,,,,,,,,,,,,,,,,,,,,,,,,,,,,,,
"752505","JC458837","2019-10-03T16:30:00","4","PARKED",,"714877",,"TOYOTA MOTOR COMPANY, LTD.","RAV4 (sport utility)","IL","2003","UNKNOWN","SPORT UTILITY VEHICLE (SUV)","UNKNOWN/NA","W","PARKED",,,"0",,,,,,,,,,"true",,,,,,,,"REAR-LEFT",,,,,,,,,,,,,,,,,,,,,,,,,,,,,,,,,
"752544","JC458818","2019-10-03T16:30:00","1","DRIVER",,"714871",,"JAGUAR","JAGUAR","IL",,"UNKNOWN","PASSENGER","UNKNOWN/NA","N","PASSING/OVERTAKING",,,"1",,,,,"true",,,,,,,,,,,,,"FRONT",,,,,,,,,,,,,,,,,,,,,,,,,,,,,,,,,
"752545","JC458818","2019-10-03T16:30:00","2","PARKED","1","714886",,"VOLKSWAGEN","ROUTAN","IL","2014","NONE","PASSENGER","PERSONAL","N","PARKED",,,"1",,,,,,,,,,,"true",,,,,,,"SIDE-LEFT",,,,,,,,,,,,,,,,,,,,,,,,,,,,,,,,,
"752433","JC458800","2019-10-03T16:30:00","1","DRIVER",,"714759",,"UNKNOWN","UNKNOWN",,,"UNKNOWN","UNKNOWN/NA","UNKNOWN/NA","UNKNOWN","UNKNOWN/NA",,,"1",,,,,,,,,,,,,,,,,"true","UNKNOWN",,,,,,,,,,,,,,,,,,,,,,,,,,,,,,,,,
"752434","JC458800","2019-10-03T16:30:00","2","PARKED",,"714762",,"KIA MOTORS CORP","FORTE","IL","2016","UNKNOWN","UNKNOWN/NA","PERSONAL","UNKNOWN","PARKED",,,"0",,,,,,,,,,,"true",,,,,,,"SIDE-LEFT",,,,,,,,,,,,,,,,,,,,,,,,,,,,,,,,,
"752529","JC458933","2019-10-03T16:15:00","1","DRIVER",,"714857",,"TOYOTA MOTOR COMPANY, LTD.","COROLLA",,,"UNKNOWN","PASSENGER","PERSONAL","N","STRAIGHT AHEAD",,,"1",,,,,,,,,,,,,,,,,,"OTHER",,,,,,,,,,,,,,,,,,,,,,,,,,,,,,,,,
"752530","JC458933","2019-10-03T16:15:00","2","DRIVER",,"714865",,"CHEVROLET","IMPALA","IL",,"UNKNOWN","PASSENGER","PERSONAL","W","STRAIGHT AHEAD",,,"1",,,,,,,,,,,"true","true",,,,,,"FRONT-LEFT",,,,,,,,,,,,,,,,,,,,,,,,,,,,,,,,,
"752443","JC458829","2019-10-03T16:15:00","1","DRIVER",,"714772",,"GENERAL MOTORS CORP.","SIERRA",,,"NONE","PASSENGER","PERSONAL","W","BACKING",,,"1",,,,,,,,,,"true",,,,,,,,"REAR-LEFT",,,,,,,,,,,,,,,,,,,,,,,,,,,,,,,,,
"752464","JC458829","2019-10-03T16:15:00","2","DRIVER",,"714783",,"FORD","EXPLORER",,,"NONE","PASSENGER","PERSONAL","E","SLOW/STOP IN TRAFFIC",,,"1",,,,,,,,,,,,,,,,"true",,"OTHER",,,,,,,,,,,,,,,,,,,,,,,,,,,,,,,,,
"752469","JC458784","2019-10-03T16:15:00","1","DRIVER",,"714788",,"HYUNDAI","ELANTRA","IL","2019","NONE","PASSENGER","PERSONAL","W","TURNING RIGHT","true",,"1",,,,,"true","true",,,,,"true","true","true","true","true",,,"TOTAL (ALL AREAS)",,,,,,,,,,,,,,,,,,,,,,,,,,,,,,,,,
"752551","JC458830","2019-10-03T16:10:00","1","DRIVER",,"714978",,"FORD","ECONOLINE E350","IL","2003","UNKNOWN","VAN/MINI-VAN","PERSONAL","W","OTHER","true",,"1",,"CPD Impound","Lot #7",,,,,,,,,,,,"true",,,"ROOF",,,,,,,,,,,,,,,,,,,,,,,,,,,,,,,,,
"752550","JC458830","2019-10-03T16:10:00","2","DRIVER",,"714972",,"CHEVROLET","Trail Blazer","IL","2003","UNKNOWN","SPORT UTILITY VEHICLE (SUV)","PERSONAL","E","SLOW/STOP IN TRAFFIC",,,"1",,,,,,,,,,,"true",,,,,,,"SIDE-LEFT",,,,,,,,,,,,,,,,,,,,,,,,,,,,,,,,,
"753344","JC460403","2019-10-03T16:00:00","1","DRIVER",,"715645",,"HONDA","ACCORD","IL","2014","UNKNOWN","PASSENGER","PERSONAL","N","STRAIGHT AHEAD",,,"1",,,,,"false",,,,,,,,,,,"true",,"OTHER",,,,,,,,,,,,,,,,,,,,,,,,,,,,,,,,,
"753339","JC460403","2019-10-03T16:00:00","2","DRIVER",,"715637",,"LEXUS","RX300","IL","2017","NONE","PASSENGER","PERSONAL","N","STRAIGHT AHEAD",,,"1",,,,,,,,,,"true",,,,,,,,"REAR-LEFT",,,,,,,,,,,,,,,,,,,,,,,,,,,,,,,,,
"753058","JC459925","2019-10-03T16:00:00","1","DRIVER",,"715372",,"GENERAL MOTORS CORP.","GENERAL MOTORS CORP.","IL","1998","UNKNOWN","SPORT UTILITY VEHICLE (SUV)","UNKNOWN/NA","N","STRAIGHT AHEAD",,,"1",,,,,,,,,,,,,,,"true",,,"TOTAL (ALL AREAS)",,,,,,,,,,,,,,,,,,,,,,,,,,,,,,,,,
"753059","JC459925","2019-10-03T16:00:00","2","DRIVER",,"715376",,"FORD","ESCAPE (SUV)","IL","2016","NONE","SPORT UTILITY VEHICLE (SUV)","PERSONAL","S","STRAIGHT AHEAD",,,"1",,,,,,,,,,,"true",,,,,,,"SIDE-LEFT",,,,,,,,,,,,,,,,,,,,,,,,,,,,,,,,,
"752866","JC459659","2019-10-03T16:00:00","1","DRIVER","1","715190",,"FORD","UNKNOWN","PA","2018","UNKNOWN","OTHER","RIDESHARE SERVICE","W","MERGING",,,"2",,,,,,,,,,,,,,,"true",,,"TOTAL (ALL AREAS)",,,,,,,,,,,,,,,,,,,,,,,,,,,,,,,,,
"752867","JC459659","2019-10-03T16:00:00","2","DRIVER",,"715195",,"NISSAN","NISSAN ALTIMA","IL","2011","NONE","PASSENGER","PERSONAL","W","STRAIGHT AHEAD",,,"1",,,,,,,"true",,,,,,,,,,,"SIDE-RIGHT",,,,,,,,,,,,,,,,,,,,,,,,,,,,,,,,,
"752482","JC458872","2019-10-03T16:00:00","1","DRIVER",,"714803",,"UNKNOWN","UNKNOWN",,,"UNKNOWN","UNKNOWN/NA","UNKNOWN/NA","E","UNKNOWN/NA",,,"1",,,,,,,,,,,,,,,,,"true","SIDE-RIGHT",,,,,,,,,,,,,,,,,,,,,,,,,,,,,,,,,
"752483","JC458872","2019-10-03T16:00:00","2","PARKED","1","714807",,"TOYOTA MOTOR COMPANY, LTD.","CAMRY","IL","2013","NONE","PASSENGER","TAXI/FOR HIRE","E","PARKED",,,"1",,,,,,,"true",,,,,,,,,,,"SIDE-RIGHT",,,,,,,,,,,,,,,,,,,,,,,,,,,,,,,,,
"752462","JC458827","2019-10-03T16:00:00","1","DRIVERLESS",,"714785",,"FORD","FUSION",,,"UNKNOWN","PASSENGER","PERSONAL","N","TURNING LEFT","true",,"0",,"city of chicago",,,,,,,,,,,,,"true","true",,"TOTAL (ALL AREAS)",,,,,,,,,,,,,,,,,,,,,,,,,,,,,,,,,
"752423","JC458783","2019-10-03T16:00:00","1","DRIVER",,"714757",,"NISSAN","SENTRA (DATSUN AND NISSAN HAVE MERGED)","IL","2016","NONE","PASSENGER","PERSONAL","S","STRAIGHT AHEAD",,,"1",,,,,"true",,,,,,,,,,"true","true",,"OTHER",,,,,,,,,,,,,,,,,,,,,,,,,,,,,,,,,
"752424","JC458783","2019-10-03T16:00:00","2","DRIVER","1","714761",,"DODGE","JOURNEY","IL","2014","NONE","SPORT UTILITY VEHICLE (SUV)","PERSONAL","S","STRAIGHT AHEAD",,,"2",,,,,,,,,"true","true","true",,,,,,,"REAR-LEFT",,,,,,,,,,,,,,,,,,,,,,,,,,,,,,,,,
"752425","JC458775","2019-10-03T16:00:00","1","DRIVER","5","714771",,"JEEP","UNKNOWN","IL","2006","NONE","PASSENGER","PERSONAL","W","STRAIGHT AHEAD",,,"6",,,,,,,,,,,,,,,,"true",,"OTHER",,,,,,,,,,,,,,,,,,,,,,,,,,,,,,,,,
"752426","JC458775","2019-10-03T16:00:00","2","DRIVER","1","714805",,"CHRYSLER","200","IL","2013","NONE","PASSENGER","PERSONAL","W","STRAIGHT AHEAD",,,"2",,,,,,,,,,"true",,,,,,,,"REAR-LEFT",,,,,,,,,,,,,,,,,,,,,,,,,,,,,,,,,
"752450","JC458730","2019-10-03T16:00:00","1","DRIVER",,"714776",,"CHEVROLET","MALIBU (CHEVELLE)","IL","2011","NONE","PASSENGER","PERSONAL","N","STRAIGHT AHEAD",,,"1",,,,,,,,,"true",,,,,,,"false",,"REAR-RIGHT",,,,,,,,,,,,,,,,,,,,,,,,,,,,,,,,,
"752451","JC458730","2019-10-03T16:00:00","2","DRIVER",,"714789",,"JEEP","Liberty","IL","2004","NONE","PASSENGER","PERSONAL","W","STRAIGHT AHEAD",,,"1",,,,,,,,,,,,,,,"true",,,"TOTAL (ALL AREAS)",,,,,,,,,,,,,,,,,,,,,,,,,,,,,,,,,
"752455","JC458776","2019-10-03T15:59:00","1","DRIVER",,"714787",,"UNKNOWN","UNKNOWN","IL",,"UNKNOWN","UNKNOWN/NA","UNKNOWN/NA","E","STRAIGHT AHEAD",,,"1",,,,,,"true","true","true","true",,,,,,,,,"SIDE-RIGHT",,,,,,,,,,,,,,,,,,,,,,,,,,,,,,,,,
"752456","JC458776","2019-10-03T15:59:00","2","DRIVER",,"714813",,"TOYOTA MOTOR COMPANY, LTD.","Avalon","IL","2000","NONE","PASSENGER","PERSONAL","E","STRAIGHT AHEAD",,,"1",,,,,,,,,,,,,,"true","true",,,"TOTAL (ALL AREAS)",,,,,,,,,,,,,,,,,,,,,,,,,,,,,,,,,
"752429","JC458722","2019-10-03T15:57:00","1","BICYCLE",,,,,,,,,,,,,,,,,,,,,,,,,,,,,,,,,,,,,,,,,,,,,,,,,,,,,,,,,,,,,,,,,,
"752430","JC458722","2019-10-03T15:57:00","2","DRIVER",,"714765",,"NISSAN","NISSAN MAXIMA","IL","1998","NONE","PASSENGER","PERSONAL","S","STRAIGHT AHEAD",,,"1",,,,,"true","true",,,,,,,,,,,,"FRONT",,,,,,,,,,,,,,,,,,,,,,,,,,,,,,,,,
"752393","JC458733","2019-10-03T15:50:00","1","BICYCLE",,,,,,,,,,,,,,,,,,,,,,,,,,,,,,,,,,,,,,,,,,,,,,,,,,,,,,,,,,,,,,,,,,
"752394","JC458733","2019-10-03T15:50:00","2","DRIVER",,"714744",,"CHEVROLET","VENTURE","IL","2003","UNKNOWN","VAN/MINI-VAN","PERSONAL","S","STRAIGHT AHEAD",,,"1",,,,"true",,,,,,,,,,,,,,"OTHER",,,,,,,,,,,,,,,,,,,,,,,,,,,,,,,,,
"752435","JC458774","2019-10-03T15:48:00","1","DRIVER",,"714786",,"NISSAN","Murano","IL","2004","NONE","PASSENGER","PERSONAL","W","TURNING LEFT","true",,"1",,"Relocation Lot","City Tow",,,,,,,,,,,,,"true",,"OTHER",,,,,,,,,,,,,,,,,,,,,,,,,,,,,,,,,
"752436","JC458774","2019-10-03T15:48:00","2","DRIVER",,"714814",,"HONDA","ACCORD","IL","2015","NONE","PASSENGER","PERSONAL","S","STRAIGHT AHEAD","true","false","1",,,,,,,,,,,,"true","true","true",,,,"ROOF",,,,,,,,,,,,,,,,,,,,,,,,,,,,,,,,,
"752415","JC458718","2019-10-03T15:46:00","1","DRIVER","2","714751",,"ICL CARGO TRAILER","ICL CARGO TRAILER","IL","2013","NONE","BUS UP TO 15 PASS.","SCHOOL BUS","W","STRAIGHT AHEAD",,,"3",,,,,,,,,,,,,,,"true",,,"FRONT",,,,,,,,,,,,,,,,,,,,,,,,,,,,,,,,,
"752416","JC458718","2019-10-03T15:46:00","2","DRIVER","3","714764",,"CHEVROLET","CHEVROLET-TRUCK,VAN,SUV,ETC","IL","2014","NONE","BUS UP TO 15 PASS.","SCHOOL BUS","W","STRAIGHT AHEAD",,,"4",,,,,,,,,,,"true",,,,,,,"SIDE-LEFT",,,,,,,,,,,,,,,,,,,,,,,,,,,,,,,,,
"752539","JC458938","2019-10-03T15:45:00","1","DRIVER",,"714866",,"KIA MOTORS CORP","Optima","IL","2011","UNKNOWN","PASSENGER","UNKNOWN/NA","N","TURNING LEFT",,,"1",,,,,,,,,,,,,,,,,"true","UNKNOWN",,,,,,,,,,,,,,,,,,,,,,,,,,,,,,,,,
"752540","JC458938","2019-10-03T15:45:00","2","DRIVER",,"714873",,"KIA MOTORS CORP","Rio","IL","2015","NONE","PASSENGER","PERSONAL","E","STRAIGHT AHEAD",,,"1",,,,,,,,,,,,,,,,"true",,"OTHER",,,,,,,,,,,,,,,,,,,,,,,,,,,,,,,,,
"752445","JC458732","2019-10-03T15:40:00","1","DRIVER",,"714778",,"JEEP","UNKNOWN","IL","2015","UNKNOWN","SPORT UTILITY VEHICLE (SUV)","PERSONAL","E","STRAIGHT AHEAD","true",,"1",,"COOK COUNTY TOWING","1648 n kOLMAR",,"false","true","true","true","true",,,,,,,,,"SIDE-RIGHT",,,,,,,,,,,,,,,,,,,,,,,,,,,,,,,,,
"752446","JC458732","2019-10-03T15:40:00","2","DRIVER","2","714793",,"HONDA","Pilot","IL","2005","UNKNOWN","SPORT UTILITY VEHICLE (SUV)","PERSONAL","N","STRAIGHT AHEAD","true",,"3",,"UNKNOWN","UNKNOWN",,"true",,,,,,,,,,"true","true",,"OTHER",,,,,,,,,,,,,,,,,,,,,,,,,,,,,,,,,
"752447","JC458732","2019-10-03T15:40:00","3","PARKED",,"714810",,"INFINITI","UNKNOWN","IL","2014","UNKNOWN","SPORT UTILITY VEHICLE (SUV)","NOT IN USE","N","PARKED",,,"0",,,,,,,,,"true","true","true",,,,,,,"REAR-LEFT",,,,,,,,,,,,,,,,,,,,,,,,,,,,,,,,,
"752391","JC458700","2019-10-03T15:37:00","1","DRIVER",,"714724",,"KIA MOTORS CORP","Optima","IL","2018","UNKNOWN","PASSENGER","PERSONAL","S","STRAIGHT AHEAD",,,"1",,,,,,,,,,,,,,,,,"true","OTHER",,,,,,,,,,,,,,,,,,,,,,,,,,,,,,,,,
"752392","JC458700","2019-10-03T15:37:00","2","DRIVER",,"714737",,"NISSAN","SENTRA (DATSUN AND NISSAN HAVE MERGED)","IL","2019","UNKNOWN","PASSENGER","OTHER","S","STRAIGHT AHEAD",,,"1",,,,,,,,,,"true",,,,,,,,"REAR-LEFT",,,,,,,,,,,,,,,,,,,,,,,,,,,,,,,,,
"752387","JC458726","2019-10-03T15:35:00","1","DRIVER",,"714721",,"FORD","EXPLORER","IL","2013","UNKNOWN","SPORT UTILITY VEHICLE (SUV)","PERSONAL","E","TURNING RIGHT",,,"1",,,,,"true",,,,,,,,,,,,,"OTHER",,,,,,,,,,,,,,,,,,,,,,,,,,,,,,,,,
"752388","JC458726","2019-10-03T15:35:00","2","DRIVER",,"714734",,"FORD","F150","IL","2019","UNKNOWN","PICKUP","PERSONAL","N","STRAIGHT AHEAD",,,"1",,,,,,,,,,,,,,,"true",,,"UNDER CARRIAGE",,,,,,,,,,,,,,,,,,,,,,,,,,,,,,,,,
"754815","JC463089","2019-10-03T15:30:00","1","DRIVER",,"717009",,"UNKNOWN","UNKNOWN","IL",,"UNKNOWN","UNKNOWN/NA","UNKNOWN/NA","W","STRAIGHT AHEAD",,,"1",,,,,,,,,,,,,,,,,"true","UNKNOWN",,,,,,,,,,,,,,,,,,,,,,,,,,,,,,,,,
"754816","JC463089","2019-10-03T15:30:00","2","PARKED",,"717014",,"TOYOTA MOTOR COMPANY, LTD.","Prius","IL","2010","UNKNOWN","PASSENGER","NOT IN USE","W","PARKED",,,"0",,,,,"true","true",,,,,,,,,,,,"FRONT",,,,,,,,,,,,,,,,,,,,,,,,,,,,,,,,,
"752919","JC459631","2019-10-03T15:30:00","1","DRIVER",,"715234",,"UNKNOWN","UNKNOWN","IL",,"UNKNOWN","UNKNOWN/NA","UNKNOWN/NA","UNKNOWN","UNKNOWN/NA",,,"1",,,,,,,,,,,,,,,,,"true","UNKNOWN",,,,,,,,,,,,,,,,,,,,,,,,,,,,,,,,,
"752920","JC459631","2019-10-03T15:30:00","2","PARKED",,"715236",,"TOYOTA MOTOR COMPANY, LTD.","CAMRY","IL","2016","NONE","PASSENGER","PERSONAL","UNKNOWN","PARKED",,,"0",,,,,,,,,,"true","true","true",,,,,,"SIDE-LEFT",,,,,,,,,,,,,,,,,,,,,,,,,,,,,,,,,
"752613","JC459058","2019-10-03T15:30:00","1","DRIVER",,"714941",,"UNKNOWN","UNKNOWN","IL",,"UNKNOWN","UNKNOWN/NA","UNKNOWN/NA","UNKNOWN","UNKNOWN/NA",,,"1",,,,,,,,,,,,,,,,,,"UNKNOWN",,,,,,,,,,,,,,,,,,,,,,,,,,,,,,,,,
"752614","JC459058","2019-10-03T15:30:00","2","PARKED",,"714943",,"SUBARU","FORESTER","IL","2011","NONE","PASSENGER","PERSONAL","N","PARKED",,,"0",,,,,,,,,,,,,,,"true",,,"TOTAL (ALL AREAS)",,,,,,,,,,,,,,,,,,,,,,,,,,,,,,,,,
"752395","JC458736","2019-10-03T15:26:00","1","DRIVER","1","714728",,"NISSAN","X-Terra","IL","2006","UNKNOWN","SPORT UTILITY VEHICLE (SUV)","UNKNOWN/NA","S","BACKING",,,"2",,,,,,,,,,,,,,,,,"true","REAR-LEFT",,,,,,,,,,,,,,,,,,,,,,,,,,,,,,,,,
"752396","JC458736","2019-10-03T15:26:00","2","PARKED","2","714732",,"HONDA","ACCORD","IL","2018","UNKNOWN","PASSENGER","PERSONAL","S","PARKED",,,"2",,,,,,,,,,,,,,,,"true",,"OTHER",,,,,,,,,,,,,,,,,,,,,,,,,,,,,,,,,
"752378","JC458721","2019-10-03T15:26:00","1","DRIVER",,"714714",,"HONDA","Pilot","IL","2005","NONE","SPORT UTILITY VEHICLE (SUV)","PERSONAL","W","SLOW/STOP IN TRAFFIC",,,"1",,,,,"true",,,,,,,,,,"true","true",,"OTHER",,,,,,,,,,,,,,,,,,,,,,,,,,,,,,,,,
"752379","JC458721","2019-10-03T15:26:00","2","DRIVER",,"714719",,"HONDA","Odyssey (minivan)","IL","2005","NONE","VAN/MINI-VAN","PERSONAL","W","SLOW/STOP IN TRAFFIC",,,"1",,,,,"true",,,,"true","true","true",,,,"true","true",,"REAR-LEFT",,,,,,,,,,,,,,,,,,,,,,,,,,,,,,,,,
"752380","JC458721","2019-10-03T15:26:00","3","DRIVER",,"714725",,"TOYOTA MOTOR COMPANY, LTD.","RAV4 (sport utility)","IL","2013","NONE","SPORT UTILITY VEHICLE (SUV)","PERSONAL","W","SLOW/STOP IN TRAFFIC",,,"1",,,,,,,,,"true","true","true",,,,,,,"REAR-LEFT",,,,,,,,,,,,,,,,,,,,,,,,,,,,,,,,,
"752993","JC459778","2019-10-03T15:20:00","1","DRIVER",,"715344",,"TOYOTA MOTOR COMPANY, LTD.","CAMRY","IL",,"UNKNOWN","PASSENGER","PERSONAL","S","ENTERING TRAFFIC LANE FROM PARKING",,,"1",,,,,"true",,,,,,,,,,,,,"OTHER",,,,,,,,,,,,,,,,,,,,,,,,,,,,,,,,,
"752994","JC459778","2019-10-03T15:20:00","2","DRIVER",,"715314",,"FORD","EDGE","IL","2010","NONE","SPORT UTILITY VEHICLE (SUV)","PERSONAL","NW","TURNING RIGHT",,,"1",,,,,,,"true","true",,,,,,,,,,"REAR-RIGHT",,,,,,,,,,,,,,,,,,,,,,,,,,,,,,,,,
"752409","JC458764","2019-10-03T15:20:00","1","DRIVER",,"714745",,"FLEETCRAFT CORP.","FLEETCRAFT CORP.","IL",,"NONE","VAN/MINI-VAN","OTHER","N","STRAIGHT AHEAD",,,"1",,,,"true",,,,,,,,,,,,,,"NONE",,,,,,,,,,,,,,,,,,,,,,,,,,,,,,,,,
"752410","JC458764","2019-10-03T15:20:00","2","DRIVER",,"714748",,"HYUNDAI","SONATA","IL","2019","NONE","PASSENGER","PERSONAL","N","STRAIGHT AHEAD",,,"1",,,,,,,,,,"true",,,,,,,,"REAR-LEFT",,,,,,,,,,,,,,,,,,,,,,,,,,,,,,,,,
"752411","JC458708","2019-10-03T15:20:00","1","DRIVER",,"714749",,"NISSAN","UNKNOWN","IL","2017","UNKNOWN","PASSENGER","PERSONAL","E","STRAIGHT AHEAD",,,"1",,,,,"true",,,,,,,,,,"true","true",,"OTHER",,,,,,,,,,,,,,,,,,,,,,,,,,,,,,,,,
"752412","JC458708","2019-10-03T15:20:00","2","DRIVER",,"714753",,"FORD","UNKNOWN","IL","2018","UNKNOWN","PASSENGER","PERSONAL","E","STRAIGHT AHEAD",,,"1",,,,,,,,,"true","true","true","false",,,,,,"REAR-LEFT",,,,,,,,,,,,,,,,,,,,,,,,,,,,,,,,,
"752457","JC458782","2019-10-03T15:16:00","1","DRIVER",,"714781",,"LEXUS","UNKNOWN","IL","1998","NONE","PASSENGER","PERSONAL","W","PASSING/OVERTAKING",,,"1",,,,,,,,"true","true",,,,,,,,,"REAR",,,,,,,,,,,,,,,,,,,,,,,,,,,,,,,,,
"752475","JC458782","2019-10-03T15:16:00","2","DRIVER","2","714798",,"NISSAN","Pathfinder","IL","2016","NONE","PASSENGER","PERSONAL","W","STRAIGHT AHEAD","true",,"3",,,,,,,,,,,,,,"true","true","true",,"TOTAL (ALL AREAS)",,,,,,,,,,,,,,,,,,,,,,,,,,,,,,,,,
"752431","JC458798","2019-10-03T15:15:00","1","DRIVER",,"714768",,"FORD","F250","IL","2004","UNKNOWN","PICKUP","UNKNOWN/NA","N","STRAIGHT AHEAD",,,"1",,,,,,,,,,,,,,,,,"true","OTHER",,,,,,,,,,,,,,,,,,,,,,,,,,,,,,,,,
"752432","JC458798","2019-10-03T15:15:00","2","DRIVER","2","714760",,"CHEVROLET","MALIBU (CHEVELLE)","IL","2007","NONE","PASSENGER","PERSONAL","N","SLOW/STOP IN TRAFFIC","true",,"3",,"PRIVATE",,,,,,,"true","true","true",,,,,,,"REAR-LEFT",,,,,,,,,,,,,,,,,,,,,,,,,,,,,,,,,
"752452","JC458679","2019-10-03T15:15:00","1","DRIVER",,"714775",,"VOLKSWAGEN","UNKNOWN","IL","2009","UNKNOWN","PASSENGER","UNKNOWN/NA","E","BACKING",,,"2",,,,,,,,,,"true",,,,,,,,"REAR-LEFT",,,,,,,,,,,,,,,,,,,,,,,,,,,,,,,,,
"752404","JC458679","2019-10-03T15:15:00","2","PARKED",,"714747",,"VOLVO","VOLVO","IL","2014","NONE","PASSENGER","NOT IN USE","E","PARKED",,,"0",,,,,,,,,,,,,,,,"true",,"OTHER",,,,,,,,,,,,,,,,,,,,,,,,,,,,,,,,,
"752363","JC458672","2019-10-03T15:15:00","1","DRIVER",,"714699",,"TOYOTA MOTOR COMPANY, LTD.","UNKNOWN","IL","2011","NONE","PASSENGER","UNKNOWN/NA","W","STRAIGHT AHEAD",,,"1",,,,,,"true",,,,,,,,,,,,"FRONT",,,,,,,,,,,,,,,,,,,,,,,,,,,,,,,,,
"752364","JC458672","2019-10-03T15:15:00","2","PARKED",,"714703",,"UNKNOWN","UNKNOWN","IL","2011","NONE","BUS OVER 15 PASS.","SCHOOL BUS","W","PARKED",,,"0",,,,,,,,,,,"true",,,,,,,"FRONT-LEFT",,,,,,,,,,,,,,,,,,,,,,,,,,,,,,,,,
"752405","JC458703","2019-10-03T15:13:00","1","DRIVER",,"714743",,"UNKNOWN","UNKNOWN",,,"UNKNOWN","SPORT UTILITY VEHICLE (SUV)","UNKNOWN/NA","W","STRAIGHT AHEAD",,,"1",,,,,,,,,,,"true","true","true","true","true",,,"ROOF",,,,,,,,,,,,,,,,,,,,,,,,,,,,,,,,,
"752406","JC458703","2019-10-03T15:13:00","2","DRIVER","7","714746",,"FORD","Econoline 100","IL","2019","NONE","BUS UP TO 15 PASS.","SCHOOL BUS","SW","TURNING LEFT",,,"8",,,,,,"true","true","true","true",,,,,,,,,"SIDE-RIGHT",,,,,,,,,,,,,,,,,,,,,,,,,,,,,,,,,
"752389","JC458734","2019-10-03T15:12:00","1","DRIVER",,"714722",,"JEEP","JEEP - YEAR GREATER 1988","IL","2018","UNKNOWN","PASSENGER","PERSONAL","W","STRAIGHT AHEAD",,,"1",,,,,,,,,,,,,,,,"true",,"OTHER",,,,,,,,,,,,,,,,,,,,,,,,,,,,,,,,,
"752390","JC458734","2019-10-03T15:12:00","2","DRIVER",,"714741",,"JEEP","CHEROKEE","IL","2018","NONE","PASSENGER","PERSONAL","W","STRAIGHT AHEAD",,,"1",,,,,,,,,,"true",,,,,,,,"REAR-LEFT",,,,,,,,,,,,,,,,,,,,,,,,,,,,,,,,,
"752730","JC459303","2019-10-03T15:10:00","1","DRIVER",,"715053",,"TOYOTA MOTOR COMPANY, LTD.","CAMRY","IN","2017","UNKNOWN","PASSENGER","PERSONAL","N","STRAIGHT AHEAD",,,"1",,,,,,,,,,,,,,,,,,"OTHER",,,,,,,,,,,,,,,,,,,,,,,,,,,,,,,,,
"752731","JC459303","2019-10-03T15:10:00","2","DRIVER",,"715057",,"TOYOTA MOTOR COMPANY, LTD.","CAMRY","IL","2015","NONE","PASSENGER","PERSONAL","N","SLOW/STOP IN TRAFFIC",,,"1",,,,,,,,,,"true",,,,,,,,"REAR-LEFT",,,,,,,,,,,,,,,,,,,,,,,,,,,,,,,,,
"752439","JC458814","2019-10-03T15:10:00","1","DRIVER",,"714766",,"AUDI","A3","IL","2016","NONE","PASSENGER","PERSONAL","SW","CHANGING LANES",,,"1",,,,,,,,,,,,,"true","true",,,,"ROOF",,,,,,,,,,,,,,,,,,,,,,,,,,,,,,,,,