"crash_unit_id","rd_no","crash_date","unit_no","unit_type","num_passengers","vehicle_id","cmrc_veh_i","make","model","lic_plate_state","vehicle_year","vehicle_defect","vehicle_type","vehicle_use","travel_direction","maneuver","towed_i","fire_i","occupant_cnt","exceed_speed_limit_i","towed_by","towed_to","area_00_i","area_01_i","area_02_i","area_03_i","area_04_i","area_05_i","area_06_i","area_07_i","area_08_i","area_09_i","area_10_i","area_11_i","area_12_i","area_99_i","first_contact_point","cmv_id","usdot_no","ccmc_no","ilcc_no","commercial_src","gvwr","carrier_name","carrier_state","carrier_city","hazmat_placards_i","hazmat_name","un_no","hazmat_present_i","hazmat_report_i","hazmat_report_no","mcs_report_i","mcs_report_no","hazmat_vio_cause_crash_i","mcs_vio_cause_crash_i","idot_permit_no","wide_load_i","trailer1_width","trailer2_width","trailer1_length","trailer2_length","total_vehicle_length","axle_cnt","vehicle_config","cargo_body_type","load_type","hazmat_out_of_service_i","mcs_out_of_service_i","hazmat_class"
"752440","JC458814","2019-10-03T15:10:00","2","DRIVER",,"714773","true","STERLING","UNKNOWN","IL","2007","NONE","TRUCK - SINGLE UNIT","OTHER","W","STRAIGHT AHEAD",,,"1",,,,"true",,,,,,,,,,,,,,"FRONT","8319",,,,,"3",,,,,,,,,,,,,,,,,,,,,,"SINGLE UNIT TRUCK, 3 OR MORE AXLES","DUMP","OTHER",,,
"752560","JC458944","2019-10-03T15:00:00","1","DRIVER",,"714881","true","GREAT DANE TRAILERS INC.","UNKNOWN","LA","2014","UNKNOWN","TRACTOR W/ SEMI-TRAILER","OTHER","E","STRAIGHT AHEAD",,,"1",,,,,,,,,,,,,,,,,,,"8321",,,,,,"SAIA MOTOR FREIGHT LINE LLC","LA","HOUMA",,,,"N","N",,"N",,"N","N",,,,,,,,,"TRACTOR/SEMI-TRAILER","VAN/ENCLOSED BOX","OTHER","false","false",
"752356","JC458675","2019-10-03T14:55:00","1","DRIVER",,"714696","true","UNKNOWN","UNKNOWN","IL","2007","UNKNOWN","BUS OVER 15 PASS.","SCHOOL BUS","N","TURNING RIGHT",,,"1",,,,,,,,,,,"true",,,,,,,"SIDE-LEFT","8317","UNK","UNK","UNK",,,"FIRST STUDENT INC","IL","CHICAGO",,,,"U","U",,"U",,"U","U",,,,,,,,,"BUS","BUS","UNKNOWN","false","false",
"752357","JC458675","2019-10-03T14:55:00","2","PARKED","1","714705",,"TOYOTA MOTOR COMPANY, LTD.","Sienna (van)","IL","2004","NONE","PASSENGER","PERSONAL","N","PARKED",,,"1",,,,,"true",,,,,,,,,,,,,"FRONT",,,,,,,,,,,,,,,,,,,,,,,,,,,,,,,,,
"752336","JC458637","2019-10-03T14:54:00","1","DRIVER",,"714680",,"TOYOTA MOTOR COMPANY, LTD.","Prius",,,"NONE","PASSENGER","TAXI/FOR HIRE","S","STRAIGHT AHEAD",,,"1",,,,,,,,,"true",,,,,,,,,"REAR-RIGHT",,,,,,,,,,,,,,,,,,,,,,,,,,,,,,,,,
"752337","JC458637","2019-10-03T14:54:00","2","BICYCLE",,,,,,,,,,,,,,,,,,,,,,,,,,,,,,,,,,,,,,,,,,,,,,,,,,,,,,,,,,,,,,,,,,
"752465","JC458753","2019-10-03T14:50:00","1","DRIVER",,"714791",,"TOYOTA MOTOR COMPANY, LTD.","4RUNNER","IL","1999","UNKNOWN","SPORT UTILITY VEHICLE (SUV)","PERSONAL","S","STRAIGHT AHEAD","true",,"1",,"unk",,,"true","true",,,,,,,,,,,,"FRONT",,,,,,,,,,,,,,,,,,,,,,,,,,,,,,,,,
"752466","JC458753","2019-10-03T14:50:00","2","DRIVER",,"714800",,"JAGUAR","S-Type","IL","2000","UNKNOWN","PASSENGER","PERSONAL","E","STRAIGHT AHEAD","true",,"1",,"unk",,,,,,,,,,,,,"true",,,"TOTAL (ALL AREAS)",,,,,,,,,,,,,,,,,,,,,,,,,,,,,,,,,
"752383","JC458723","2019-10-03T14:50:00","1","DRIVER","1","714715",,"FORD","FIESTA","IL",,"UNKNOWN","PASSENGER","RIDESHARE SERVICE","N","STRAIGHT AHEAD",,,"2",,,,,,,,,,,,,,,,,,"FRONT",,,,,,,,,,,,,,,,,,,,,,,,,,,,,,,,,
"752384","JC458723","2019-10-03T14:50:00","2","DRIVER",,"714718",,"FORD","Focus",,,"UNKNOWN","PASSENGER","PERSONAL","S","TURNING LEFT",,,"1",,,,,,,,,,,,,"true","false",,,,"ROOF",,,,,,,,,,,,,,,,,,,,,,,,,,,,,,,,,
"752360","JC458641","2019-10-03T14:50:00","1","DRIVER",,"714702",,"TOYOTA MOTOR COMPANY, LTD.","CAMRY","IL","2017","UNKNOWN","PASSENGER","PERSONAL","N","STRAIGHT AHEAD","true",,"1",,,,,"true",,,,,,,"true","true","true","true","true",,"TOTAL (ALL AREAS)",,,,,,,,,,,,,,,,,,,,,,,,,,,,,,,,,
"752361","JC458641","2019-10-03T14:50:00","2","PARKED",,"714706",,"CHEVROLET","SUBURBAN","IL","2006","NONE","PASSENGER","NOT IN USE","N","PARKED",,,"0",,,,,"true","true","true","true","true","true",,,,,,,,"REAR",,,,,,,,,,,,,,,,,,,,,,,,,,,,,,,,,
"752362","JC458641","2019-10-03T14:50:00","3","PARKED",,"714731",,"FORD","Explorer","IL","1998","NONE","PASSENGER","NOT IN USE","N","PARKED",,,"0",,,,,,,,"true","true",,,,,,,,,"REAR",,,,,,,,,,,,,,,,,,,,,,,,,,,,,,,,,
"752324","JC458612","2019-10-03T14:40:00","1","DRIVER",,"714665",,"TOYOTA MOTOR COMPANY, LTD.","Tundra",,"2010","NONE","PICKUP","PERSONAL","S","STRAIGHT AHEAD",,,"1",,,,,"true",,,,,,,,,,"true","true",,"OTHER",,,,,,,,,,,,,,,,,,,,,,,,,,,,,,,,,
"752325","JC458612","2019-10-03T14:40:00","2","DRIVER",,"714678",,"NISSAN","ROGUE","IL","2017","NONE","SPORT UTILITY VEHICLE (SUV)","PERSONAL","N","TURNING LEFT","true",,"1",,"tuff towing","10301 s doty rd",,,,"true","true","true",,"true",,,,,,,"REAR-RIGHT",,,,,,,,,,,,,,,,,,,,,,,,,,,,,,,,,
"754470","JC462301","2019-10-03T14:30:00","1","DRIVER",,"716688",,"VOLVO","XC90",,,"UNKNOWN","UNKNOWN/NA","UNKNOWN/NA","W","MERGING",,,"1",,,,,"true",,,,,,,,,,"true","true",,"TOTAL (ALL AREAS)",,,,,,,,,,,,,,,,,,,,,,,,,,,,,,,,,
"754471","JC462301","2019-10-03T14:30:00","2","DRIVER",,"716696",,"MAZDA","CX-7","IL","2009","NONE","PASSENGER","PERSONAL","N","STRAIGHT AHEAD",,,"1",,,,,"true","true","true","true","true",,,,,,,,,"SIDE-RIGHT",,,,,,,,,,,,,,,,,,,,,,,,,,,,,,,,,
"752320","JC458600","2019-10-03T14:30:00","1","DRIVER",,"714661",,"UNKNOWN","UNKNOWN",,,"UNKNOWN","PASSENGER","PERSONAL","UNKNOWN","BACKING",,,"1",,,,,,,,,,,,,,,,,"true","UNKNOWN",,,,,,,,,,,,,,,,,,,,,,,,,,,,,,,,,
"752321","JC458600","2019-10-03T14:30:00","2","PARKED",,"714671",,"CHEVROLET","TAHOE","IL","2011","NONE","TRUCK - SINGLE UNIT","PERSONAL","UNKNOWN","PARKED",,,"0",,,,,,,,,,"true","true",,,,,,,"SIDE-LEFT",,,,,,,,,,,,,,,,,,,,,,,,,,,,,,,,,
"752533","JC458937","2019-10-03T14:25:00","1","DRIVER",,"714852",,"UNKNOWN","UNKNOWN",,,"UNKNOWN","UNKNOWN/NA","UNKNOWN/NA","UNKNOWN","UNKNOWN/NA",,,"1",,,,,,,,,,,,,,,,,"true","UNKNOWN",,,,,,,,,,,,,,,,,,,,,,,,,,,,,,,,,
"752534","JC458937","2019-10-03T14:25:00","2","PARKED",,"714855",,"TOYOTA MOTOR COMPANY, LTD.","TOYOTA","IL","2019","NONE","PASSENGER","PERSONAL","SW","PARKED",,,"0",,,,,,,,,"true",,,,,,,,,"REAR-RIGHT",,,,,,,,,,,,,,,,,,,,,,,,,,,,,,,,,
"752318","JC458613","2019-10-03T14:25:00","1","DRIVER",,"714667",,"NISSAN","ROGUE","IL","2012","UNKNOWN","SPORT UTILITY VEHICLE (SUV)","UNKNOWN/NA","W","CHANGING LANES",,,"1",,,,,"true","true",,,,,,,,,,,,"FRONT",,,,,,,,,,,,,,,,,,,,,,,,,,,,,,,,,
"752319","JC458613","2019-10-03T14:25:00","2","DRIVER",,"714660",,"CHEVROLET","EQUINOX","IL","2015","NONE","SPORT UTILITY VEHICLE (SUV)","PERSONAL","W","STRAIGHT AHEAD",,,"1",,,,,,,,,,,,,"true","true","true",,,"ROOF",,,,,,,,,,,,,,,,,,,,,,,,,,,,,,,,,
"752385","JC458717","2019-10-03T14:22:00","1","DRIVER",,"714716",,"FORD","EDGE","IL","2013","UNKNOWN","PASSENGER","UNKNOWN/NA","E","OTHER",,,"1",,,,,,,"true",,,,,,"false",,,,,"SIDE-RIGHT",,,,,,,,,,,,,,,,,,,,,,,,,,,,,,,,,
"752386","JC458717","2019-10-03T14:22:00","2","DRIVER",,"714729",,"HONDA","UNKNOWN","IL","2018","UNKNOWN","PASSENGER","PERSONAL","E","STRAIGHT AHEAD",,,"1",,,,,,,,,,,,,"true",,,,,"ROOF",,,,,,,,,,,,,,,,,,,,,,,,,,,,,,,,,
"752421","JC458625","2019-10-03T14:20:00","1","DRIVER",,"714756",,"CHRYSLER","Sebring","IL","2007","NONE","PASSENGER","PERSONAL","S","STRAIGHT AHEAD",,,"1",,,,,,,,,,,,,,,,"true",,"OTHER",,,,,,,,,,,,,,,,,,,,,,,,,,,,,,,,,
"752422","JC458625","2019-10-03T14:20:00","2","DRIVER","1","714769",,"JEEP","PATRIOT","IL","2014","NONE","PASSENGER","PERSONAL","E","STRAIGHT AHEAD","true",,"2",,"GEICO INS.","AURORA IL",,,,,,,,,,,"true","true",,,"TOTAL (ALL AREAS)",,,,,,,,,,,,,,,,,,,,,,,,,,,,,,,,,
"752332","JC458643","2019-10-03T14:15:00","1","DRIVER",,"714673",,"AUDI","A4","IL","2017","NONE","PASSENGER","PERSONAL","S","TURNING LEFT",,,"1",,,,,"true","true",,,,,,,,,,,,"FRONT",,,,,,,,,,,,,,,,,,,,,,,,,,,,,,,,,
"752333","JC458643","2019-10-03T14:15:00","2","DRIVER",,"714682",,"NISSAN","VERSA","IL","2012","UNKNOWN","PASSENGER","PERSONAL","E","STRAIGHT AHEAD",,,"1",,,,,"true",,,,,,,,,,,,,"FRONT",,,,,,,,,,,,,,,,,,,,,,,,,,,,,,,,,
"752312","JC458594","2019-10-03T14:15:00","1","DRIVER",,"714651",,"KIA MOTORS CORP","Sportage (sport utility)","IL","2018","NONE","SPORT UTILITY VEHICLE (SUV)","PERSONAL","S","STRAIGHT AHEAD",,,"1",,,,,,,,,,,,,,,,"true",,"OTHER",,,,,,,,,,,,,,,,,,,,,,,,,,,,,,,,,
"752313","JC458594","2019-10-03T14:15:00","2","DRIVER",,"714658",,"HONDA","Pilot","IL","2016","NONE","SPORT UTILITY VEHICLE (SUV)","PERSONAL","S","STRAIGHT AHEAD",,,"1",,,,,,,,,,"true",,,,,,,,"REAR-LEFT",,,,,,,,,,,,,,,,,,,,,,,,,,,,,,,,,
"752516","JC458885","2019-10-03T14:10:00","1","DRIVER",,"714835",,"FORD","FIESTA",,"2016","UNKNOWN","PASSENGER","PERSONAL","N","ENTERING TRAFFIC LANE FROM PARKING",,,"1",,,,,,,,,,,,,,,"true",,,"TOTAL (ALL AREAS)",,,,,,,,,,,,,,,,,,,,,,,,,,,,,,,,,
"752517","JC458885","2019-10-03T14:10:00","2","DRIVER",,"714848",,"HONDA","CRV","IL","2011","NONE","SPORT UTILITY VEHICLE (SUV)","PERSONAL","N","STRAIGHT AHEAD",,,"1",,,,,,,"true",,,,,,,,,,,"SIDE-RIGHT",,,,,,,,,,,,,,,,,,,,,,,,,,,,,,,,,
"753089","JC459977","2019-10-03T14:00:00","1","DRIVER",,"715392",,"UNKNOWN","UNKNOWN","XX","2000","UNKNOWN","UNKNOWN/NA","UNKNOWN/NA","N","STRAIGHT AHEAD",,,"1",,,,,,,,,,,,,,,,,"true","OTHER",,,,,,,,,,,,,,,,,,,,,,,,,,,,,,,,,
"753090","JC459977","2019-10-03T14:00:00","2","PARKED",,"715398",,"BMW","328i","IL","2015","UNKNOWN","PASSENGER","PERSONAL","E","PARKED",,,"0",,,,,,,,,,,,,,,,"true",,"OTHER",,,,,,,,,,,,,,,,,,,,,,,,,,,,,,,,,
"752328","JC458634","2019-10-03T14:00:00","1","PARKED","1","714669",,"TOYOTA MOTOR COMPANY, LTD.","Sienna (van)","IL","2012","NONE","VAN/MINI-VAN","PERSONAL","E","PARKED",,,"1",,,,,,,,,,,,,"true",,,,,"ROOF",,,,,,,,,,,,,,,,,,,,,,,,,,,,,,,,,
"752329","JC458634","2019-10-03T14:00:00","2","DRIVER",,"714672",,"TOYOTA MOTOR COMPANY, LTD.","Matrix (sport wagon)","IL","2004","NONE","PASSENGER","PERSONAL","E","STRAIGHT AHEAD",,,"1",,,,,"true","true","true","true",,,,,,,,,,"FRONT-RIGHT",,,,,,,,,,,,,,,,,,,,,,,,,,,,,,,,,
"752291","JC458564","2019-10-03T14:00:00","1","DRIVER",,"714632",,"FORD","FLEX",,,"NONE","PASSENGER","PERSONAL","S","STRAIGHT AHEAD",,,"1",,,,,,,,,,,,,,,,"true",,"OTHER",,,,,,,,,,,,,,,,,,,,,,,,,,,,,,,,,
"752292","JC458564","2019-10-03T14:00:00","2","DRIVER",,"714636",,"FORD","Econoline E-450",,,"NONE","VAN/MINI-VAN","OTHER","S","SLOW/STOP IN TRAFFIC",,,"1",,,,,,,,,,"true",,,,,,,,"REAR-LEFT",,,,,,,,,,,,,,,,,,,,,,,,,,,,,,,,,
"755496","JC463261","2019-10-03T13:55:00","1","DRIVER","1","717645",,"DODGE","UNKNOWN","IL","2013","UNKNOWN","PASSENGER","UNKNOWN/NA","UNKNOWN","UNKNOWN/NA",,,"2",,,,,"true",,,,,,,,,,,,"true","FRONT",,,,,,,,,,,,,,,,,,,,,,,,,,,,,,,,,
"755497","JC463261","2019-10-03T13:55:00","2","DRIVER","1","717701",,"TOYOTA MOTOR COMPANY, LTD.","CAMRY","IL","2016","NONE","PASSENGER","PERSONAL","N","STRAIGHT AHEAD",,,"2",,,,,,,,,"true","true","true",,,,,,,"UNKNOWN",,,,,,,,,,,,,,,,,,,,,,,,,,,,,,,,,
"752314","JC458567","2019-10-03T13:50:00","1","DRIVER",,"714652",,"DODGE","DODGE","IL","2005","NONE","VAN/MINI-VAN","OTHER","W","STRAIGHT AHEAD",,,"1",,,,,,,,,,,,,,,,,,"OTHER",,,,,,,,,,,,,,,,,,,,,,,,,,,,,,,,,
"752315","JC458567","2019-10-03T13:50:00","2","DRIVER","2","714664",,"NISSAN","ROGUE","IL","2016","NONE","PASSENGER","PERSONAL","W","STRAIGHT AHEAD",,,"3",,,,,,,,,,"true","true","true",,,,,,"SIDE-LEFT",,,,,,,,,,,,,,,,,,,,,,,,,,,,,,,,,
"752373","JC458620","2019-10-03T13:49:00","1","DRIVER",,"714711",,"UNKNOWN","UNKNOWN",,,"UNKNOWN","UNKNOWN/NA","UNKNOWN/NA","W","STRAIGHT AHEAD",,,"1",,,,,,,,,,,,,,,,,"true","OTHER",,,,,,,,,,,,,,,,,,,,,,,,,,,,,,,,,
"752374","JC458620","2019-10-03T13:49:00","2","DRIVER",,"714723",,"BUICK","UNKNOWN","IL","2017","NONE","PASSENGER","PERSONAL","W","SLOW/STOP IN TRAFFIC",,,"1",,,,,,,,"true",,"true",,,,,,,,"REAR-LEFT",,,,,,,,,,,,,,,,,,,,,,,,,,,,,,,,,
"752375","JC458620","2019-10-03T13:49:00","3","DRIVER",,"714742",,"NEW FLYER","NEW FLYER","IL","2008","NONE","BUS OVER 15 PASS.","CTA","W","OTHER",,,"1",,,,,,,,,,,,,,,"true",,,"UNDER CARRIAGE",,,,,,,,,,,,,,,,,,,,,,,,,,,,,,,,,
"752310","JC458591","2019-10-03T13:42:00","1","DRIVER",,"714645",,"UNKNOWN","UNKNOWN",,,"UNKNOWN","UNKNOWN/NA","UNKNOWN/NA","S","UNKNOWN/NA",,,"1",,,,,,,,,,,,,,,,"true",,"OTHER",,,,,,,,,,,,,,,,,,,,,,,,,,,,,,,,,
"752311","JC458591","2019-10-03T13:42:00","2","DRIVER",,"714647",,"FORD","FORD","PA","2012","NONE","PASSENGER","PERSONAL","S","STRAIGHT AHEAD",,,"1",,,,,,,,,,"true",,,,,,,,"REAR-LEFT",,,,,,,,,,,,,,,,,,,,,,,,,,,,,,,,,
"752338","JC458617","2019-10-03T13:40:00","1","DRIVER",,"714681",,"GENERAL MOTORS CORP.","UNKNOWN","IL","2006","UNKNOWN","PASSENGER","PERSONAL","N","STRAIGHT AHEAD",,,"1",,,,"true","true",,,,,,,,,,"true","true",,,,,,,,,,,,,,,,,,,,,,,,,,,,,,,,,,,
"752339","JC458617","2019-10-03T13:40:00","2","DRIVER",,"714685",,"TOYOTA MOTOR COMPANY, LTD.","CAMRY","IL","2013","UNKNOWN","PASSENGER","TAXI/FOR HIRE","W","STRAIGHT AHEAD",,,"1",,,,,"true",,,,,,,,,,"true","true",,"OTHER",,,,,,,,,,,,,,,,,,,,,,,,,,,,,,,,,
"752293","JC458562","2019-10-03T13:40:00","1","DRIVER",,"714635",,"NISSAN","NISSAN ALTIMA","IL","2011","NONE","PASSENGER","TAXI/FOR HIRE","N","STRAIGHT AHEAD",,,"1",,,,,"true","true",,,,,,,,,,,,"FRONT",,,,,,,,,,,,,,,,,,,,,,,,,,,,,,,,,
"752294","JC458562","2019-10-03T13:40:00","2","DRIVER",,"714987",,"FORD","UNKNOWN","IL",,"NONE","OTHER","COMMERCIAL - SINGLE UNIT","N","SLOW/STOP IN TRAFFIC",,,"1",,,,,"true","true",,,,,,,,,,,,"FRONT",,,,,,,,,,,,,,,,,,,,,,,,,,,,,,,,,
"752307","JC458557","2019-10-03T13:40:00","1","DRIVER",,"714643",,"UNKNOWN","UNKNOWN",,,"UNKNOWN","PASSENGER","UNKNOWN/NA","W","UNKNOWN/NA",,,"1",,,,,,,,,,,,,,,,"true",,"OTHER",,,,,,,,,,,,,,,,,,,,,,,,,,,,,,,,,
"752308","JC458557","2019-10-03T13:40:00","2","DRIVER",,"714649",,"JEEP","JEEP - YEAR GREATER 1988","IL","2012","UNKNOWN","SPORT UTILITY VEHICLE (SUV)","PERSONAL","W","SLOW/STOP IN TRAFFIC",,,"1",,,,,,,,,,"true",,,,,,"true",,"REAR-LEFT",,,,,,,,,,,,,,,,,,,,,,,,,,,,,,,,,
"752309","JC458557","2019-10-03T13:40:00","3","DRIVER",,"714657",,"MERCEDES-BENZ","MERCEDES-BENZ","IL","2017","UNKNOWN","VAN/MINI-VAN","OTHER","W","SLOW/STOP IN TRAFFIC",,,"1",,,,,,,,,,"true",,,,,,,,"REAR-LEFT",,,,,,,,,,,,,,,,,,,,,,,,,,,,,,,,,
"753064","JC459846","2019-10-03T13:30:00","1","DRIVER",,"715458",,"UNKNOWN","UNKNOWN",,,"UNKNOWN","PASSENGER","UNKNOWN/NA","S","STRAIGHT AHEAD",,,"1",,,,,,,,,,,,,,,,,"true","UNKNOWN",,,,,,,,,,,,,,,,,,,,,,,,,,,,,,,,,
"753065","JC459846","2019-10-03T13:30:00","2","DRIVER",,"715465",,"TOYOTA MOTOR COMPANY, LTD.","RAV4 (sport utility)","IL","2018","NONE","PASSENGER","PERSONAL","S","STRAIGHT AHEAD",,,"1",,,,,,,,,"true","true","true",,,,,,,"REAR-LEFT",,,,,,,,,,,,,,,,,,,,,,,,,,,,,,,,,
"752554","JC458894","2019-10-03T13:30:00","1","DRIVER",,"714870",,"CADILLAC","UNKNOWN",,,"UNKNOWN","PASSENGER","UNKNOWN/NA","S","PASSING/OVERTAKING",,,"1",,,,,"true","true",,,,,,,,,,,,"FRONT",,,,,,,,,,,,,,,,,,,,,,,,,,,,,,,,,
"752555","JC458894","2019-10-03T13:30:00","2","DRIVER",,"714880","true","KENWORTH MOTOR TRUCK CO.","KENWORTH MOTOR TRUCK CO.","WI","2012","NONE","TRACTOR W/O SEMI-TRAILER","COMMERCIAL - SINGLE UNIT","S","STRAIGHT AHEAD",,,"1",,,,,,,,,,,,,,,"true",,,"TOTAL (ALL AREAS)","8320",,,,"PAPERS","3","BIRCHWOOD TRANSPORT INC",,,,,,"N","N",,"N",,"N","N",,,,,,,,,"TRACTOR/SEMI-TRAILER","OTHER","OTHER","false",,
"752344","JC458582","2019-10-03T13:30:00","1","PARKED","1","714683",,"TOYOTA MOTOR COMPANY, LTD.","TOYOTA","IL","2015","NONE","PASSENGER","POLICE","E","PARKED",,,"1",,,,,,,,,,,,,,"true",,,,"ROOF",,,,,,,,,,,,,,,,,,,,,,,,,,,,,,,,,
"752345","JC458582","2019-10-03T13:30:00","2","DRIVER",,"714686",,"HONDA","CIVIC","IL","2012","NONE","PASSENGER","PERSONAL","E","STRAIGHT AHEAD",,,"1",,,,,,,"true",,,,,,,,,,,"SIDE-RIGHT",,,,,,,,,,,,,,,,,,,,,,,,,,,,,,,,,
"752347","JC458570","2019-10-03T13:30:00","1","DRIVER",,"714688",,"HYUNDAI","SONATA","IL","2017","NONE","PASSENGER","PERSONAL","N","BACKING",,,"1",,,,,,,,,,"true",,,,,,,,"REAR-LEFT",,,,,,,,,,,,,,,,,,,,,,,,,,,,,,,,,
"752348","JC458570","2019-10-03T13:30:00","2","DRIVER",,"714697",,"CHEVROLET","IMPALA","IL","2006","NONE","PASSENGER","PERSONAL","W","OTHER",,,"1",,,,,,,,,,,,"true","true",,,,,"SIDE-RIGHT",,,,,,,,,,,,,,,,,,,,,,,,,,,,,,,,,
"752297","JC458551","2019-10-03T13:30:00","1","DRIVER",,"714634",,"UNKNOWN","UNKNOWN",,,"UNKNOWN","UNKNOWN/NA","UNKNOWN/NA","N","STRAIGHT AHEAD",,,"1",,,,,"true",,,,,,,,,,,,,"FRONT",,,,,,,,,,,,,,,,,,,,,,,,,,,,,,,,,
"752298","JC458551","2019-10-03T13:30:00","2","DRIVER",,"714639",,"SCION","XB","FL","2010","NONE","PASSENGER","PERSONAL","W","ENTER FROM DRIVE/ALLEY",,,"1",,,,,,,,,,,,,,,,"true",,"OTHER",,,,,,,,,,,,,,,,,,,,,,,,,,,,,,,,,
"752277","JC458528","2019-10-03T13:30:00","1","DRIVER",,"714662",,"NISSAN","Murano","IL","2017","NONE","PASSENGER","PERSONAL","S","TURNING LEFT",,,"1",,,,,"true",,,,,,,,,,,,,"FRONT",,,,,,,,,,,,,,,,,,,,,,,,,,,,,,,,,
"752278","JC458528","2019-10-03T13:30:00","2","PEDESTRIAN",,,,,,,,,,,,,,,,,,,,,,,,,,,,,,,,,,,,,,,,,,,,,,,,,,,,,,,,,,,,,,,,,,
"752281","JC458534","2019-10-03T13:17:00","1","DRIVER",,"714627",,"TOYOTA MOTOR COMPANY, LTD.","CAMRY","IL","2011","NONE","PASSENGER","PERSONAL","W","PASSING/OVERTAKING",,,"1",,,,,,"true","true","true",,,,,,,,,,"SIDE-RIGHT",,,,,,,,,,,,,,,,,,,,,,,,,,,,,,,,,
"752282","JC458534","2019-10-03T13:17:00","2","DRIVER",,"714633",,"FREIGHTLINER CORP.","FREIGHTLINER CORP.","IL","2014","NONE","TRACTOR W/ SEMI-TRAILER","OTHER","W","SLOW/STOP IN TRAFFIC",,,"1",,,,,,,,,,,"true",,,,,,,"ROOF",,,,,,,,,,,,,,,,,,,,,,,,,,,,,,,,,
"752413","JC458760","2019-10-03T13:15:00","1","DRIVER",,"714797",,"JEEP","UNKNOWN","IL",,"UNKNOWN","SPORT UTILITY VEHICLE (SUV)","UNKNOWN/NA","N","STRAIGHT AHEAD",,,"1",,,,"true",,,,,,,,,,,,,,"OTHER",,,,,,,,,,,,,,,,,,,,,,,,,,,,,,,,,
"752414","JC458760","2019-10-03T13:15:00","2","PEDESTRIAN",,,,,,,,,,,,,,,,,,,,,,,,,,,,,,,,,,,,,,,,,,,,,,,,,,,,,,,,,,,,,,,,,,
"752265","JC458518","2019-10-03T13:15:00","1","DRIVER",,"714612",,"TOYOTA MOTOR COMPANY, LTD.","UNKNOWN","IL","2011","UNKNOWN","PASSENGER","PERSONAL","W","STRAIGHT AHEAD",,,"1",,,,,,,,,,,,,,,"true",,,"TOTAL (ALL AREAS)",,,,,,,,,,,,,,,,,,,,,,,,,,,,,,,,,
"752266","JC458518","2019-10-03T13:15:00","2","DRIVER",,"714623",,"DODGE","UNKNOWN","IL","2015","UNKNOWN","PICKUP","TOW TRUCK","W","STRAIGHT AHEAD",,,"1",,,,,"true",,,,,,,,,,,,,"FRONT",,,,,,,,,,,,,,,,,,,,,,,,,,,,,,,,,
"752295","JC458512","2019-10-03T13:11:00","1","DRIVER","1","714663",,"HYUNDAI","TUCSON","IL","2014","NONE","PASSENGER","PERSONAL","W","STRAIGHT AHEAD",,,"2",,,,,"true",,,,,,,,,,"true","true",,"OTHER",,,,,,,,,,,,,,,,,,,,,,,,,,,,,,,,,
"752296","JC458512","2019-10-03T13:11:00","2","DRIVER",,"714677",,"TOYOTA MOTOR COMPANY, LTD.","RAV4 (sport utility)","MN","2008","NONE","PASSENGER","PERSONAL","N","STRAIGHT AHEAD",,,"1",,,,,"true",,"true","true",,,,,,,,"true",,"SIDE-RIGHT",,,,,,,,,,,,,,,,,,,,,,,,,,,,,,,,,
"752271","JC458524","2019-10-03T13:10:00","1","DRIVER","1","714622",,"FORD","UNKNOWN","IL",,"NONE","PASSENGER","PERSONAL","W","STRAIGHT AHEAD",,,"2",,,,,,,,,,,,,,,,"true",,"OTHER",,,,,,,,,,,,,,,,,,,,,,,,,,,,,,,,,
"752272","JC458524","2019-10-03T13:10:00","2","DRIVER","1","714628",,"KIA MOTORS CORP","UNKNOWN","IL",,"NONE","PASSENGER","PERSONAL","W","STRAIGHT AHEAD",,,"2",,,,,,,,,,"true",,,,,,,,"REAR-LEFT",,,,,,,,,,,,,,,,,,,,,,,,,,,,,,,,,
"752326","JC458624","2019-10-03T13:00:00","1","DRIVER",,"714666",,"UNKNOWN","UNKNOWN",,,"UNKNOWN","UNKNOWN/NA","UNKNOWN/NA","UNKNOWN","UNKNOWN/NA",,,"1",,,,,,,,,,,,,,,,,"true","UNKNOWN",,,,,,,,,,,,,,,,,,,,,,,,,,,,,,,,,
"752327","JC458624","2019-10-03T13:00:00","2","PARKED",,"714668",,"TOYOTA MOTOR COMPANY, LTD.","COROLLA","IL","2010","NONE","PASSENGER","PERSONAL","UNKNOWN","PARKED",,,"0",,,,,,,,,"false","true","true",,,,,,,"SIDE-LEFT",,,,,,,,,,,,,,,,,,,,,,,,,,,,,,,,,
"752289","JC458516","2019-10-03T13:00:00","1","DRIVER",,"714637",,"INTERNATIONAL TRAILER CORP.","UNKNOWN","IL","2007","NONE","OTHER","OTHER","W","AVOIDING VEHICLES/OBJECTS",,,"1",,,,,"true","true","true","true","true",,,,,,,,,"SIDE-RIGHT",,,,,,,,,,,,,,,,,,,,,,,,,,,,,,,,,
"752290","JC458516","2019-10-03T13:00:00","2","PARKED",,"714631",,"SUBARU","OUTBACK","IL","2012","UNKNOWN","PASSENGER","NOT IN USE","W","PARKED","true",,"0",,,,,,,,,,,"true","true","true","true","true",,,"ROOF",,,,,,,,,,,,,,,,,,,,,,,,,,,,,,,,,
"752367","JC458698","2019-10-03T12:55:00","1","DRIVER",,"714704",,"DEERE, JOHN; DEERE & CO.","DEERE, JOHN; DEERE & CO.","IL",,"NONE","FARM EQUIPMENT","AGRICULTURE","N","BACKING",,,"1",,,,"true",,,,,,,,,,,,,,"REAR-LEFT",,,,,,,,,,,,,,,,,,,,,,,,,,,,,,,,,