"crash_unit_id","rd_no","crash_date","unit_no","unit_type","num_passengers","vehicle_id","cmrc_veh_i","make","model","lic_plate_state","vehicle_year","vehicle_defect","vehicle_type","vehicle_use","travel_direction","maneuver","towed_i","fire_i","occupant_cnt","exceed_speed_limit_i","towed_by","towed_to","area_00_i","area_01_i","area_02_i","area_03_i","area_04_i","area_05_i","area_06_i","area_07_i","area_08_i","area_09_i","area_10_i","area_11_i","area_12_i","area_99_i","first_contact_point","cmv_id","usdot_no","ccmc_no","ilcc_no","commercial_src","gvwr","carrier_name","carrier_state","carrier_city","hazmat_placards_i","hazmat_name","un_no","hazmat_present_i","hazmat_report_i","hazmat_report_no","mcs_report_i","mcs_report_no","hazmat_vio_cause_crash_i","mcs_vio_cause_crash_i","idot_permit_no","wide_load_i","trailer1_width","trailer2_width","trailer1_length","trailer2_length","total_vehicle_length","axle_cnt","vehicle_config","cargo_body_type","load_type","hazmat_out_of_service_i","mcs_out_of_service_i","hazmat_class"
"752368","JC458698","2019-10-03T12:55:00","2","PARKED",,"714708","true","FREIGHTLINER CORP.","FREIGHTLINER CORP.","IL","2010","NONE","TRACTOR W/ SEMI-TRAILER","COMMERCIAL - SINGLE UNIT","W","PARKED",,,"0",,,,,,,,,,,,,,"true","true","true",,"TOTAL (ALL AREAS)","8318","0742910",,,"PAPERS","3","INTERMODAL BRIDGE TRANSPORT","IL","BEDFORD PARK",,,,,,,,,,,,,,,,,"55","5","TRACTOR/SEMI-TRAILER","VAN/ENCLOSED BOX",,,,
"752267","JC458484","2019-10-03T12:54:00","1","DRIVER",,"714614",,"GENERAL MOTORS CORP.","ACADIA","IL","2008","NONE","SPORT UTILITY VEHICLE (SUV)","PERSONAL","E","UNKNOWN/NA",,,"1",,,,,,,,,,,,,,"true","true",,,"TOTAL (ALL AREAS)",,,,,,,,,,,,,,,,,,,,,,,,,,,,,,,,,
"752268","JC458484","2019-10-03T12:54:00","2","DRIVER",,"714629",,"BMW","328i","IL","2011","NONE","PASSENGER","PERSONAL","E","SLOW/STOP IN TRAFFIC",,,"1",,,,,,,,"true","true","false",,,,,,,,"REAR",,,,,,,,,,,,,,,,,,,,,,,,,,,,,,,,,
"752508","JC458897","2019-10-03T12:51:00","1","DRIVER",,"714838",,"HYUNDAI","UNKNOWN","IL","2019","UNKNOWN","PASSENGER","UNKNOWN/NA","W","LEAVING TRAFFIC LANE TO PARK",,,"1",,,,,"true",,,,,,,,,,,,,"FRONT",,,,,,,,,,,,,,,,,,,,,,,,,,,,,,,,,
"752509","JC458897","2019-10-03T12:51:00","2","PARKED",,"714829",,"HYUNDAI","TUCSON","IL","2018","NONE","SPORT UTILITY VEHICLE (SUV)","PERSONAL","W","PARKED",,,"0",,,,,,,,,,,"true",,,,,,,"SIDE-LEFT",,,,,,,,,,,,,,,,,,,,,,,,,,,,,,,,,
"752247","JC458476","2019-10-03T12:45:00","1","DRIVER",,"714587",,"CHEVROLET","SILVERADO","IL",,"NONE","PICKUP","PERSONAL","S","BACKING",,,"1",,,,,,,,,,"true",,,,,,,,"REAR-LEFT",,,,,,,,,,,,,,,,,,,,,,,,,,,,,,,,,
"752248","JC458476","2019-10-03T12:45:00","2","PARKED",,"714588",,"FORD","Explorer","IL",,"NONE","SPORT UTILITY VEHICLE (SUV)","PERSONAL","N","PARKED",,,"0",,,,,,,,,,,,,,,,"true",,"OTHER",,,,,,,,,,,,,,,,,,,,,,,,,,,,,,,,,
"752269","JC458493","2019-10-03T12:38:00","1","DRIVER","4","714610",,"NISSAN","Pathfinder","IL","2015","UNKNOWN","SPORT UTILITY VEHICLE (SUV)","PERSONAL","W","STRAIGHT AHEAD",,,"5",,,,,"true","true",,,,,,,,,,"true",,"FRONT",,,,,,,,,,,,,,,,,,,,,,,,,,,,,,,,,
"752270","JC458493","2019-10-03T12:38:00","2","DRIVER",,"714625",,"CHEVROLET","Trail Blazer","IL","2004","UNKNOWN","PASSENGER","PERSONAL","S","STRAIGHT AHEAD",,,"1",,,,,,,,,,,,,,"true","true","true",,"TOTAL (ALL AREAS)",,,,,,,,,,,,,,,,,,,,,,,,,,,,,,,,,
"752249","JC458451","2019-10-03T12:20:00","1","DRIVER",,"714590",,"HONDA","Odyssey (minivan)","IL","2013","UNKNOWN","PASSENGER","PERSONAL","S","OTHER",,,"1",,,,,,"true","true","true",,,,,,,,,,"SIDE-RIGHT",,,,,,,,,,,,,,,,,,,,,,,,,,,,,,,,,
"752250","JC458451","2019-10-03T12:20:00","2","PARKED",,"714593",,"HONDA","Odyssey (minivan)","IL","2013","UNKNOWN","PASSENGER","PERSONAL","S","PARKED",,,"0",,,,,,,,,,,,,,"true","true",,,"TOTAL (ALL AREAS)",,,,,,,,,,,,,,,,,,,,,,,,,,,,,,,,,
"752253","JC458437","2019-10-03T12:19:00","1","DRIVER",,"714596",,"FORD","EXPLORER","IL","2017","NONE","PASSENGER","POLICE","N","SLOW/STOP IN TRAFFIC",,,"1",,,,"true",,,,,,,,,,,,,,"OTHER",,,,,,,,,,,,,,,,,,,,,,,,,,,,,,,,,
"752254","JC458437","2019-10-03T12:19:00","2","DRIVER",,"714600",,"KIA MOTORS CORP","FORTE","IL","2017","NONE","PASSENGER","RIDESHARE SERVICE","N","SLOW/STOP IN TRAFFIC",,,"1",,,,"true",,,,,,,,,,,,,,"REAR-LEFT",,,,,,,,,,,,,,,,,,,,,,,,,,,,,,,,,
"752301","JC458569","2019-10-03T12:15:00","1","DRIVER",,"714642",,"CHEVROLET","IMPALA","IL","2008","UNKNOWN","PASSENGER","PERSONAL","N","STRAIGHT AHEAD",,,"1",,,,,,,,,,,,,,,,"true",,"OTHER",,,,,,,,,,,,,,,,,,,,,,,,,,,,,,,,,
"752302","JC458569","2019-10-03T12:15:00","2","DRIVER",,"714655",,"UNKNOWN","UNKNOWN","IL","2015","UNKNOWN","VAN/MINI-VAN","UNKNOWN/NA","N","STRAIGHT AHEAD",,,"1",,,,,,,,,,"true",,,,,,,,"REAR-LEFT",,,,,,,,,,,,,,,,,,,,,,,,,,,,,,,,,
"752255","JC458495","2019-10-03T12:15:00","1","DRIVER",,"714598",,"TOYOTA MOTOR COMPANY, LTD.","CAMRY","IL","2011","NONE","PASSENGER","PERSONAL","S","STRAIGHT AHEAD",,,"1",,,,,,,,,,,,,,,"true",,,"TOTAL (ALL AREAS)",,,,,,,,,,,,,,,,,,,,,,,,,,,,,,,,,
"752256","JC458495","2019-10-03T12:15:00","2","DRIVER",,"714615",,"CHEVROLET","CAMARO","IL","2008","NONE","PASSENGER","PERSONAL","N","TURNING LEFT",,,"1",,,,,,,,,,,,,,,"true","true",,"OTHER",,,,,,,,,,,,,,,,,,,,,,,,,,,,,,,,,
"752240","JC458414","2019-10-03T12:02:00","1","DRIVER",,"714586",,"CHEVROLET","CRUZE","IL","2015","NONE","PASSENGER","OTHER","W","STRAIGHT AHEAD",,,"1",,,,,"true",,,,,,,,,,"true","true",,"OTHER",,,,,,,,,,,,,,,,,,,,,,,,,,,,,,,,,
"752241","JC458414","2019-10-03T12:02:00","2","DRIVER","1","714594",,"BMW","UNKNOWN","IL","2018","NONE","PASSENGER","PERSONAL","W","SLOW/STOP IN TRAFFIC","true",,"2",,"private",,,"true",,,,"true","true","true",,,,"true","true",,"REAR-LEFT",,,,,,,,,,,,,,,,,,,,,,,,,,,,,,,,,
"752242","JC458414","2019-10-03T12:02:00","3","DRIVER",,"714597",,"HONDA","ACCORD","IL","2008","NONE","PASSENGER","PERSONAL","W","SLOW/STOP IN TRAFFIC",,,"1",,,,,,,,,"true","true","true",,,,,,,"REAR-LEFT",,,,,,,,,,,,,,,,,,,,,,,,,,,,,,,,,
"752351","JC458473","2019-10-03T12:00:00","1","DRIVER",,"714692",,"CHEVROLET","EQUINOX","IL","2005","UNKNOWN","PASSENGER","PERSONAL","S","STRAIGHT AHEAD","true",,"1",,"streets and sans","central pound",,"true","true",,,,,,,,,,"true",,"FRONT",,,,,,,,,,,,,,,,,,,,,,,,,,,,,,,,,
"752352","JC458473","2019-10-03T12:00:00","2","PARKED",,"715217",,"VOLKSWAGEN","TIGUAN","IL","2017","UNKNOWN","SPORT UTILITY VEHICLE (SUV)","PERSONAL","S","PARKED","true",,"0",,"private",,,,,,,,"true","true","true",,,,,,"SIDE-LEFT",,,,,,,,,,,,,,,,,,,,,,,,,,,,,,,,,
"752353","JC458473","2019-10-03T12:00:00","3","PARKED",,"715249",,"FORD","FORD-TRUCK,VAN,SUV, ETC","IN","2015","UNKNOWN","PICKUP","OTHER","S","PARKED",,,"0",,,,"true",,,,,,,,,,,,,,"REAR-LEFT",,,,,,,,,,,,,,,,,,,,,,,,,,,,,,,,,
"752217","JC458421","2019-10-03T12:00:00","1","DRIVER",,"714563",,"ISUZU","UNKNOWN","WI","2018","OTHER","TRUCK - SINGLE UNIT","CONSTRUCTION/MAINTENANCE","E","STRAIGHT AHEAD",,,"1",,,,,,,,"false","true",,,,,,,,,"SIDE-LEFT",,,,,,,,,,,,,,,,,,,,,,,,,,,,,,,,,
"752218","JC458421","2019-10-03T12:00:00","2","PARKED",,"714571",,"BUICK","RIVIERA","IL","2005","UNKNOWN","OTHER","PERSONAL","UNKNOWN","PARKED",,,"0",,,,,,,,,,,,"true",,,,,,"ROOF",,,,,,,,,,,,,,,,,,,,,,,,,,,,,,,,,
"752230","JC458444","2019-10-03T11:55:00","1","DRIVER",,"714572",,"UNKNOWN","UNKNOWN",,,"UNKNOWN","TRUCK - SINGLE UNIT","UNKNOWN/NA","W","STRAIGHT AHEAD",,,"1",,,,,,,,,,,,,"true","true","true",,,"ROOF",,,,,,,,,,,,,,,,,,,,,,,,,,,,,,,,,
"752231","JC458444","2019-10-03T11:55:00","2","DRIVER","1","714577",,"FORD","F250","IL","2012","NONE","OTHER","CTA","E","STRAIGHT AHEAD",,,"2",,,,,,,,,,,,,,"true",,,,"ROOF",,,,,,,,,,,,,,,,,,,,,,,,,,,,,,,,,
"752767","JC458463","2019-10-03T11:51:00","1","DRIVER",,"715093",,"UNKNOWN","UNKNOWN",,,"UNKNOWN","UNKNOWN/NA","UNKNOWN/NA","N","STRAIGHT AHEAD",,,"1",,,,,"true","true","true",,,,,,,,,,"true","SIDE-RIGHT",,,,,,,,,,,,,,,,,,,,,,,,,,,,,,,,,
"752768","JC458463","2019-10-03T11:51:00","2","PARKED",,"715094",,"CHEVROLET","UNKNOWN","IL","2007","UNKNOWN","UNKNOWN/NA","UNKNOWN/NA","S","PARKED",,,"0",,,,,,,,,,,"true",,,,,,,"FRONT-LEFT",,,,,,,,,,,,,,,,,,,,,,,,,,,,,,,,,
"752251","JC458387","2019-10-03T11:51:00","1","DRIVER",,"714592",,"NISSAN","MAURANO","IL","2005","NONE","SPORT UTILITY VEHICLE (SUV)","PERSONAL","E","STRAIGHT AHEAD",,,"1",,,,,,,,,"true",,,,,,,,,"REAR-RIGHT",,,,,,,,,,,,,,,,,,,,,,,,,,,,,,,,,
"752252","JC458387","2019-10-03T11:51:00","2","PARKED","2","714605",,"TOYOTA MOTOR COMPANY, LTD.","Sienna (van)","IL","2016","NONE","VAN/MINI-VAN","PERSONAL","E","PARKED",,,"2",,,,,,,,,,,,,,,"true",,,"TOTAL (ALL AREAS)",,,,,,,,,,,,,,,,,,,,,,,,,,,,,,,,,
"752205","JC458402","2019-10-03T11:50:00","1","DRIVER",,"714553",,"FORD","UNKNOWN","IL","2003","UNKNOWN","PICKUP","UNKNOWN/NA","N","ENTERING TRAFFIC LANE FROM PARKING",,,"1",,,,,,,,,,,,,,,,"true",,"OTHER",,,,,,,,,,,,,,,,,,,,,,,,,,,,,,,,,
"752206","JC458402","2019-10-03T11:50:00","2","PARKED","2","714555",,"NISSAN","ROGUE","IL","2015","NONE","PASSENGER","TAXI/FOR HIRE","N","PARKED",,,"2",,,,,,,,,,"true",,,,,,,,"REAR-LEFT",,,,,,,,,,,,,,,,,,,,,,,,,,,,,,,,,
"752207","JC458388","2019-10-03T11:45:00","1","DRIVER",,"714557",,"HONDA","CRV","IL","2017","NONE","PASSENGER","RIDESHARE SERVICE","E","STRAIGHT AHEAD",,,"1",,,,,"true",,,,,,,,,,,,,"OTHER",,,,,,,,,,,,,,,,,,,,,,,,,,,,,,,,,
"752208","JC458388","2019-10-03T11:45:00","2","DRIVER",,"714578",,"NISSAN","NISSAN ALTIMA","FL","2019","NONE","PASSENGER","RIDESHARE SERVICE","E","STRAIGHT AHEAD",,,"1",,,,,,,,,,,"true",,,,,,,"FRONT-LEFT",,,,,,,,,,,,,,,,,,,,,,,,,,,,,,,,,
"752397","JC458738","2019-10-03T11:40:00","1","DRIVER",,"714730",,"NISSAN","UNKNOWN","IL","2009","NONE","PASSENGER","PERSONAL","E","ENTERING TRAFFIC LANE FROM PARKING",,,"1",,,,,,,,,,,,,,"true","true","true",,"TOTAL (ALL AREAS)",,,,,,,,,,,,,,,,,,,,,,,,,,,,,,,,,
"752398","JC458738","2019-10-03T11:40:00","2","DRIVER",,"714738",,"TOYOTA MOTOR COMPANY, LTD.","Highlander(beginning vehicle year 2001)","IL",,"NONE","SPORT UTILITY VEHICLE (SUV)","PERSONAL","E","STRAIGHT AHEAD",,,"1",,,,,,"true","true","true","true",,,,,,,,,"REAR-RIGHT",,,,,,,,,,,,,,,,,,,,,,,,,,,,,,,,,
"752228","JC458431","2019-10-03T11:40:00","1","DRIVER",,"714565",,"CHEVROLET","MONTE CARLO","IL","2005","UNKNOWN","UNKNOWN/NA","UNKNOWN/NA","S","STRAIGHT AHEAD",,,"1",,,,,,,,,,,,,,,,"true",,"OTHER",,,,,,,,,,,,,,,,,,,,,,,,,,,,,,,,,
"752229","JC458431","2019-10-03T11:40:00","2","DRIVER",,"714569",,"FORD","ESCAPE (SUV)","IL","2012","UNKNOWN","PASSENGER","PERSONAL","S","SLOW/STOP IN TRAFFIC",,,"1",,,,,,,,,,"true",,,,,,,,"REAR-LEFT",,,,,,,,,,,,,,,,,,,,,,,,,,,,,,,,,
"752225","JC458379","2019-10-03T11:40:00","1","DRIVER",,"714566",,"FORD","Focus",,"2015","NONE","PASSENGER","PERSONAL","S","TURNING RIGHT","true",,"1",,"e and r","pound 2",,,,,,,,,,,,,"true",,"OTHER",,,,,,,,,,,,,,,,,,,,,,,,,,,,,,,,,
"752212","JC458386","2019-10-03T11:35:00","1","PARKED","1","714560",,"DODGE","RAM 1500 VAN","IL","2013","NONE","VAN/MINI-VAN","STATE OWNED","E","PARKED","true",,"1",,,,,,,,,,,"true",,"false",,,,,"SIDE-LEFT",,,,,,,,,,,,,,,,,,,,,,,,,,,,,,,,,
"752213","JC458386","2019-10-03T11:35:00","2","DRIVER",,"714573",,"CHEVROLET","SILVERADO","IL","2002","NONE","PICKUP","UNKNOWN/NA","E","STRAIGHT AHEAD",,,"1",,,,,,,"true","true",,,,,,,,,,"SIDE-RIGHT",,,,,,,,,,,,,,,,,,,,,,,,,,,,,,,,,
"752189","JC458357","2019-10-03T11:35:00","1","DRIVER",,"714538",,"HONDA","RIDGELINE","IL","2007","NONE","PICKUP","PERSONAL","W","SLOW/STOP IN TRAFFIC",,,"1",,,,,"true",,,,,,,,,,,,,"FRONT",,,,,,,,,,,,,,,,,,,,,,,,,,,,,,,,,
"752190","JC458357","2019-10-03T11:35:00","2","DRIVER",,"714540",,"MAZDA","6 (Six)","IL","2016","NONE","PASSENGER","PERSONAL","W","SLOW/STOP IN TRAFFIC",,,"1",,,,,,,,,,,"true",,,,,,,"SIDE-LEFT",,,,,,,,,,,,,,,,,,,,,,,,,,,,,,,,,
"752334","JC458432","2019-10-03T11:30:00","1","DRIVER","1","714676",,"HONDA","Odyssey (minivan)","IL","2001","NONE","VAN/MINI-VAN","PERSONAL","S","MERGING","false",,"2",,,,,"true","true",,,,,,,,,,,,"FRONT",,,,,,,,,,,,,,,,,,,,,,,,,,,,,,,,,
"752335","JC458432","2019-10-03T11:30:00","2","DRIVER",,"714687",,"FORD","Focus","IL","2012","NONE","PASSENGER","PERSONAL","S","STRAIGHT AHEAD",,,"1",,,,,,,,,,,,"true","true",,,,,"ROOF",,,,,,,,,,,,,,,,,,,,,,,,,,,,,,,,,
"752275","JC458532","2019-10-03T11:22:00","1","DRIVER",,"714613",,"CHEVROLET","IMPALA",,"2008","NONE","PASSENGER","PERSONAL","N","STRAIGHT AHEAD",,,"1",,,,,,,,,,,,,,,,"true",,"OTHER",,,,,,,,,,,,,,,,,,,,,,,,,,,,,,,,,
"752276","JC458532","2019-10-03T11:22:00","2","DRIVER",,"714624",,"DODGE","POWER RAM","IL","2015","NONE","VAN/MINI-VAN","PERSONAL","N","STRAIGHT AHEAD",,,"1",,,,,,,,,,"true",,,,,,,,"REAR-LEFT",,,,,,,,,,,,,,,,,,,,,,,,,,,,,,,,,
"752191","JC458349","2019-10-03T11:20:00","1","DRIVER",,"714545",,"UNKNOWN","UNKNOWN","XX",,"UNKNOWN","PICKUP","UNKNOWN/NA","UNKNOWN","BACKING",,,"1",,,,,,,,,,,,,,,,,"true","UNKNOWN",,,,,,,,,,,,,,,,,,,,,,,,,,,,,,,,,
"752192","JC458349","2019-10-03T11:20:00","2","DRIVER",,"714562",,"LEXUS","IS250","IL","2008","NONE","PASSENGER","PERSONAL","S","STRAIGHT AHEAD",,,"1",,,,,,,,,,"true",,,,,,,,"REAR-LEFT",,,,,,,,,,,,,,,,,,,,,,,,,,,,,,,,,
"752193","JC458349","2019-10-03T11:20:00","3","DRIVER",,"714576",,"FORD","MUSTANG","IL","2004","NONE","PASSENGER","PERSONAL","S","STRAIGHT AHEAD",,,"1",,,,,,,,,,,,,,,,"true",,"OTHER",,,,,,,,,,,,,,,,,,,,,,,,,,,,,,,,,
"752765","JC458346","2019-10-03T11:20:00","1","DRIVER",,"715097",,"INFINITI","UNKNOWN","IL","2003","UNKNOWN","UNKNOWN/NA","UNKNOWN/NA","N","STRAIGHT AHEAD",,,"1",,,,,"true",,,,,,,,,,"true","true",,,,,,,,,,,,,,,,,,,,,,,,,,,,,,,,,,,
"752766","JC458346","2019-10-03T11:20:00","2","DRIVER",,"715098",,"TOYOTA MOTOR COMPANY, LTD.","Avalon","IL","2005","NONE","SPORT UTILITY VEHICLE (SUV)","PERSONAL","N","STRAIGHT AHEAD",,,"1",,,,,,,,,"true","true","true",,,,,,,,,,,,,,,,,,,,,,,,,,,,,,,,,,,,,,,,
"753714","JC461132","2019-10-03T11:00:00","1","DRIVER",,"715977",,"DODGE","CARAVAN","IL","2008","UNKNOWN","PASSENGER","PERSONAL","S","BACKING",,,"1",,,,,,,,,"true",,,,,,,,,"REAR",,,,,,,,,,,,,,,,,,,,,,,,,,,,,,,,,
"753715","JC461132","2019-10-03T11:00:00","2","PARKED",,"715958",,"MERCEDES-BENZ","GLK350","IL","2012","NONE","PASSENGER","PERSONAL","N","PARKED",,,"0",,,,,,,,,"true",,,,,,,,,"REAR",,,,,,,,,,,,,,,,,,,,,,,,,,,,,,,,,
"752194","JC458377","2019-10-03T11:00:00","1","DRIVER",,"714539",,"CHEVROLET","Trail Blazer","IL",,"UNKNOWN","PASSENGER","UNKNOWN/NA","S","STRAIGHT AHEAD",,,"1",,,,,,,,,,,,,,,,,"true","UNKNOWN",,,,,,,,,,,,,,,,,,,,,,,,,,,,,,,,,
"752195","JC458377","2019-10-03T11:00:00","2","DRIVER",,"714543","true","FORD","UNKNOWN","IL","2013","NONE","VAN/MINI-VAN","CONSTRUCTION/MAINTENANCE","S","SLOW/STOP IN TRAFFIC",,,"1",,,,,,"true",,,,,,,,,,,,"SIDE-RIGHT",,,,,,,,,,,,,,,,,,,,,,,,,,,,,,,,,
"752164","JC458306","2019-10-03T11:00:00","1","DRIVER",,"714529",,"KIA MOTORS CORP","SOUL","IL","2019","NONE","PASSENGER","PERSONAL","SE","CHANGING LANES",,,"1",,,,,"true","true",,,,,,,,,,,,"FRONT-RIGHT",,,,,,,,,,,,,,,,,,,,,,,,,,,,,,,,,
"752165","JC458306","2019-10-03T11:00:00","2","DRIVER","1","714534",,"CHRYSLER","200","IL","2015","NONE","PASSENGER","PERSONAL","S","SLOW/STOP IN TRAFFIC",,,"2",,,,,,,,,,,"true","true",,,,,,"FRONT-LEFT",,,,,,,,,,,,,,,,,,,,,,,,,,,,,,,,,
"752346","JC458418","2019-10-03T10:55:00","1","DRIVER",,"714684",,"MAZDA","Mazda 3","CO","2018","NONE","PASSENGER","RIDESHARE SERVICE","W","OTHER","true",,"1",,"LANG'S TOW COMPANY","UNKNOWN",,,,,,,,,"true","true","true",,,,"ROOF",,,,,,,,,,,,,,,,,,,,,,,,,,,,,,,,,
"752341","JC458418","2019-10-03T10:55:00","2","DRIVER",,"714693",,"UNKNOWN","UNKNOWN","IL","2013","NONE","BUS OVER 15 PASS.","SCHOOL BUS","W","STRAIGHT AHEAD",,,"1",,,,"true",,,,,,,,,,,,,,"SIDE-RIGHT",,,,,,,,,,,,,,,,,,,,,,,,,,,,,,,,,
"752215","JC458328","2019-10-03T10:51:00","1","DRIVER",,"714559",,"UNKNOWN","UNKNOWN","IL",,"NONE","BUS OVER 15 PASS.","CTA","W","STRAIGHT AHEAD",,,"1",,,,,,,,,,,,,,,,,,"UNKNOWN",,,,,,,,,,,,,,,,,,,,,,,,,,,,,,,,,
"752216","JC458328","2019-10-03T10:51:00","2","DRIVER",,"714567",,"JEEP","CHEROKEE","IL","2014","NONE","PASSENGER","PERSONAL","W","STRAIGHT AHEAD",,,"1",,,,,,,,,,,,,,,,"true",,"TOTAL (ALL AREAS)",,,,,,,,,,,,,,,,,,,,,,,,,,,,,,,,,
"752259","JC458324","2019-10-03T10:47:00","1","DRIVER",,"714604",,"HONDA","Pilot","IL","2004","NONE","PASSENGER","PERSONAL","W","TURNING LEFT",,,"1",,,,,"true",,,,,,,,,,,"false",,"FRONT",,,,,,,,,,,,,,,,,,,,,,,,,,,,,,,,,
"752260","JC458324","2019-10-03T10:47:00","2","DRIVER","1","714609",,"FORD","Explorer","IL","2013","NONE","PASSENGER","POLICE","E","STRAIGHT AHEAD","true",,"2",,"CITY OF CHICAGO","UNKNOWN",,,,,,,,,,,,,"true",,"OTHER",,,,,,,,,,,,,,,,,,,,,,,,,,,,,,,,,
"752182","JC458305","2019-10-03T10:45:00","1","DRIVER",,"714526",,"UNKNOWN","UNKNOWN",,,"UNKNOWN","PASSENGER","UNKNOWN/NA","W","STRAIGHT AHEAD",,,"1",,,,,,,,,,,,,,,,,"true","ROOF",,,,,,,,,,,,,,,,,,,,,,,,,,,,,,,,,
"752183","JC458305","2019-10-03T10:45:00","2","DRIVER",,"714533","true","FREIGHTLINER CORP.","FREIGHTLINER CORP.","IL","2011","NONE","TRUCK - SINGLE UNIT","COMMERCIAL - SINGLE UNIT","W","STRAIGHT AHEAD",,,"1",,,,"true",,,,,,,,,,,,,,"SIDE-RIGHT","8315","0241196",,"65990","SIDE OF TRUCK","1","WHEELING","IL","PALATINE",,,,"N","N",,"N",,"N","N",,,">102","0-96",,,,,"TRACTOR/SEMI-TRAILER","VAN/ENCLOSED BOX","OTHER","false","false",
"752178","JC458291","2019-10-03T10:38:00","1","DRIVER",,"714530",,"CHEVROLET","MALIBU (CHEVELLE)","IL","2010","NONE","PASSENGER","PERSONAL","W","STRAIGHT AHEAD",,,"1",,,,,"true","false",,,,,,,,,"false","true",,"FRONT",,,,,,,,,,,,,,,,,,,,,,,,,,,,,,,,,
"752179","JC458291","2019-10-03T10:38:00","2","DRIVER",,"714536",,"FORD","EDGE","IL","2011","NONE","PASSENGER","PERSONAL","W","STRAIGHT AHEAD",,,"1",,,,,,,,,,"true","true",,,,,,"true","SIDE-LEFT",,,,,,,,,,,,,,,,,,,,,,,,,,,,,,,,,
"752176","JC458310","2019-10-03T10:35:00","1","DRIVER",,"714531",,"CALDWELL DIV., SMITH INTERNATIONAL, INC.","CALDWELL DIV., SMITH INTERNATIONAL, INC.","IL","2001","NONE","TRUCK - SINGLE UNIT","COMMERCIAL - SINGLE UNIT","N","ENTER FROM DRIVE/ALLEY",,,"1",,,,,,,,,,"true",,,,,,,,"REAR-LEFT",,,,,,,,,,,,,,,,,,,,,,,,,,,,,,,,,
"752177","JC458310","2019-10-03T10:35:00","2","DRIVER",,"714541",,"MERCEDES-BENZ","E300","IL","2014","NONE","PASSENGER","PERSONAL","E","STRAIGHT AHEAD",,,"1",,,,,,,"true","true",,,,,,,,,,"SIDE-RIGHT",,,,,,,,,,,,,,,,,,,,,,,,,,,,,,,,,
"752154","JC458294","2019-10-03T10:32:00","1","DRIVER",,"714511",,"TOYOTA MOTOR COMPANY, LTD.","Sienna (van)","IL","2006","NONE","VAN/MINI-VAN","PERSONAL","NW","STARTING IN TRAFFIC",,,"1",,,,,"true",,,,,,,,,,"true","true",,"OTHER",,,,,,,,,,,,,,,,,,,,,,,,,,,,,,,,,
"752155","JC458294","2019-10-03T10:32:00","2","DRIVER","2","714548",,"FORD","EXPLORER","IL","2017","NONE","PASSENGER","POLICE","NW","SLOW/STOP IN TRAFFIC",,,"3",,,,,,,,,"true","true","true",,,,,,,"REAR",,,,,,,,,,,,,,,,,,,,,,,,,,,,,,,,,
"752187","JC458333","2019-10-03T10:30:00","1","DRIVER",,"714537",,"UNKNOWN","UNKNOWN","IL",,"NONE","TRUCK - SINGLE UNIT","COMMERCIAL - SINGLE UNIT","W","STRAIGHT AHEAD",,,"1",,,,"true",,,,,,,,,,,,"false",,"FRONT",,,,,,,,,,,,,,,,,,,,,,,,,,,,,,,,,
"752188","JC458333","2019-10-03T10:30:00","2","PARKED",,"714542",,"TOYOTA MOTOR COMPANY, LTD.","Sienna (van)","IL","2015","UNKNOWN","VAN/MINI-VAN","UNKNOWN/NA","W","PARKED",,,"0",,,,,,,,,,,,,,,"true",,,"TOTAL (ALL AREAS)",,,,,,,,,,,,,,,,,,,,,,,,,,,,,,,,,
"752159","JC458283","2019-10-03T10:30:00","1","DRIVER",,"714506",,"KENWORTH MOTOR TRUCK CO.","KENWORTH MOTOR TRUCK CO.","WI","1977","NONE","TRACTOR W/ SEMI-TRAILER","COMMERCIAL - MULTI-UNIT","NW","TURNING RIGHT",,,"1",,,,"true",,,,,,,,,,,,,,"REAR-RIGHT",,,,,,,,,,,,,,,,,,,,,,,,,,,,,,,,,
"752160","JC458283","2019-10-03T10:30:00","2","DRIVER",,"714515",,"CHEVROLET","CRUZE","IL","2014","NONE","PASSENGER","PERSONAL","NW","SLOW/STOP IN TRAFFIC",,,"1",,,,,,,,,,,,,,"true","true","true",,"UNDER CARRIAGE",,,,,,,,,,,,,,,,,,,,,,,,,,,,,,,,,
"752201","JC458338","2019-10-03T10:08:00","1","DRIVER",,"714549",,"JEEP","CHEROKEE","IL","2019","UNKNOWN","PASSENGER","PERSONAL","E","TURNING LEFT","true",,"1",,"WEST LOOP AUTO","PRIVATE",,"true","true",,,,,,,,,,,,"FRONT",,,,,,,,,,,,,,,,,,,,,,,,,,,,,,,,,
"752202","JC458338","2019-10-03T10:08:00","2","DRIVER","1","714556",,"HONDA","CIVIC","IL","2012","UNKNOWN","PASSENGER","PERSONAL","N","STRAIGHT AHEAD","true",,"2",,"PRIVATE","PRIVATE",,,,,,,,,,,,,,,"OTHER",,,,,,,,,,,,,,,,,,,,,,,,,,,,,,,,,
"757991","JC469068","2019-10-03T10:00:00","1","DRIVER",,"720013",,"TOYOTA MOTOR COMPANY, LTD.","Sienna (van)","IL","2005","NONE","PASSENGER","UNKNOWN/NA","S","OTHER",,,"1",,,,,,,,,,,,,,,"true",,,"OTHER",,,,,,,,,,,,,,,,,,,,,,,,,,,,,,,,,