"crash_unit_id","rd_no","crash_date","unit_no","unit_type","num_passengers","vehicle_id","cmrc_veh_i","make","model","lic_plate_state","vehicle_year","vehicle_defect","vehicle_type","vehicle_use","travel_direction","maneuver","towed_i","fire_i","occupant_cnt","exceed_speed_limit_i","towed_by","towed_to","area_00_i","area_01_i","area_02_i","area_03_i","area_04_i","area_05_i","area_06_i","area_07_i","area_08_i","area_09_i","area_10_i","area_11_i","area_12_i","area_99_i","first_contact_point","cmv_id","usdot_no","ccmc_no","ilcc_no","commercial_src","gvwr","carrier_name","carrier_state","carrier_city","hazmat_placards_i","hazmat_name","un_no","hazmat_present_i","hazmat_report_i","hazmat_report_no","mcs_report_i","mcs_report_no","hazmat_vio_cause_crash_i","mcs_vio_cause_crash_i","idot_permit_no","wide_load_i","trailer1_width","trailer2_width","trailer1_length","trailer2_length","total_vehicle_length","axle_cnt","vehicle_config","cargo_body_type","load_type","hazmat_out_of_service_i","mcs_out_of_service_i","hazmat_class"
"752133","JC458104","2019-10-03T08:09:00","1","DRIVER",,"714486",,"DODGE","DURANGO","IL","2001","UNKNOWN","SPORT UTILITY VEHICLE (SUV)","PERSONAL","W","STARTING IN TRAFFIC",,,"1",,,,,,,,,,,,,,,,,,"TOTAL (ALL AREAS)",,,,,,,,,,,,,,,,,,,,,,,,,,,,,,,,,
"752211","JC458104","2019-10-03T08:09:00","2","BICYCLE",,,,,,,,,,,,,,,,,,,,,,,,,,,,,,,,,,,,,,,,,,,,,,,,,,,,,,,,,,,,,,,,,,
"752062","JC458150","2019-10-03T08:05:00","1","DRIVER","1","714415",,"CHEVROLET","EQUINOX","IL",,"UNKNOWN","SPORT UTILITY VEHICLE (SUV)","UNKNOWN/NA","NW","UNKNOWN/NA",,,"2",,,,,,,,,,,,,,,,,"true","OTHER",,,,,,,,,,,,,,,,,,,,,,,,,,,,,,,,,
"752063","JC458150","2019-10-03T08:05:00","2","DRIVER",,"714418",,"MAZDA","Mazda 3","IL","2017","NONE","PASSENGER","PERSONAL","NW","SLOW/STOP IN TRAFFIC",,,"1",,,,,,,,,"true","true",,,,,,,,"REAR-LEFT",,,,,,,,,,,,,,,,,,,,,,,,,,,,,,,,,
"756562","JC466532","2019-10-03T08:00:00","1","DRIVER",,"718629",,"NISSAN","NISSAN ALTIMA","IL","2013","NONE","PASSENGER","PERSONAL","W","STRAIGHT AHEAD",,,"1",,,,,,"true","true","true",,,,,,,,,,"SIDE-RIGHT",,,,,,,,,,,,,,,,,,,,,,,,,,,,,,,,,
"756563","JC466532","2019-10-03T08:00:00","2","DRIVER",,"718641",,"NISSAN","NISSAN ALTIMA","IL","2013","NONE","PASSENGER","PERSONAL","S","BACKING",,,"1",,,,,,,,,,,,,,,,,,"REAR-LEFT",,,,,,,,,,,,,,,,,,,,,,,,,,,,,,,,,
"752090","JC458201","2019-10-03T08:00:00","1","DRIVER",,"714437",,"UNKNOWN","UNKNOWN",,,"UNKNOWN","UNKNOWN/NA","UNKNOWN/NA","UNKNOWN","UNKNOWN/NA",,,"1",,,,,,,,,,,,,,,,,"true","UNKNOWN",,,,,,,,,,,,,,,,,,,,,,,,,,,,,,,,,
"752091","JC458201","2019-10-03T08:00:00","2","PARKED",,"714440",,"CHEVROLET","IMPALA","IL","2014","NONE","PASSENGER","PERSONAL","S","PARKED",,,"0",,,,,,,,,,,,,"true","true",,,,"ROOF",,,,,,,,,,,,,,,,,,,,,,,,,,,,,,,,,
"752086","JC458190","2019-10-03T08:00:00","1","DRIVER",,"714438",,"VOLKSWAGEN","JETTA","IL","2012","NONE","PASSENGER","UNKNOWN/NA","S","UNKNOWN/NA",,,"1",,,,,,,,,,"false",,,,,,"true",,"OTHER",,,,,,,,,,,,,,,,,,,,,,,,,,,,,,,,,
"752087","JC458190","2019-10-03T08:00:00","2","DRIVER",,"714446",,"NISSAN","NISSAN ALTIMA","IL","2005","NONE","PASSENGER","PERSONAL","S","STRAIGHT AHEAD",,,"1",,,,,,,,,,"true",,,,,,,,"REAR-LEFT",,,,,,,,,,,,,,,,,,,,,,,,,,,,,,,,,
"752066","JC458166","2019-10-03T08:00:00","1","DRIVER",,"714428",,"HYUNDAI","ELANTRA",,"2019","NONE","PASSENGER","PERSONAL","W","STRAIGHT AHEAD",,,"1",,,,,,,,,,,,,,,,"true",,"OTHER",,,,,,,,,,,,,,,,,,,,,,,,,,,,,,,,,
"752067","JC458166","2019-10-03T08:00:00","2","DRIVER",,"714420",,"INFINITI","UNKNOWN","IL","2019","NONE","PASSENGER","PERSONAL","W","SLOW/STOP IN TRAFFIC",,,"1",,,,,,,,,,"true",,,,,,,,"REAR-LEFT",,,,,,,,,,,,,,,,,,,,,,,,,,,,,,,,,
"752080","JC458160","2019-10-03T08:00:00","1","DRIVER",,"714444",,"TOYOTA MOTOR COMPANY, LTD.","UNKNOWN","IL","2010","UNKNOWN","PASSENGER","PERSONAL","N","UNKNOWN/NA","true",,"1",,"OWNER",,,,,,,,,,,,,,"true",,"OTHER",,,,,,,,,,,,,,,,,,,,,,,,,,,,,,,,,
"752058","JC458110","2019-10-03T07:55:00","1","DRIVER","2","714413",,"HONDA","Odyssey (minivan)","IL","1996","NONE","VAN/MINI-VAN","PERSONAL","N","STRAIGHT AHEAD",,,"3",,,,,,,,,,,,,,,,"true",,"OTHER",,,,,,,,,,,,,,,,,,,,,,,,,,,,,,,,,
"752059","JC458110","2019-10-03T07:55:00","2","DRIVER",,"714417",,"NISSAN","NISSAN MAXIMA","IL","2000","NONE","PASSENGER","PERSONAL","W","STRAIGHT AHEAD",,,"1",,,,,,,,,,,"true",,,,,,,"FRONT-LEFT",,,,,,,,,,,,,,,,,,,,,,,,,,,,,,,,,
"752512","JC458902","2019-10-03T07:50:00","1","DRIVER",,"714839",,"HYUNDAI","SONATA","IL","2017","UNKNOWN","PASSENGER","UNKNOWN/NA","N","LEAVING TRAFFIC LANE TO PARK",,,"1",,,,,,,,,,,,,,,,,"true","REAR-RIGHT",,,,,,,,,,,,,,,,,,,,,,,,,,,,,,,,,
"752513","JC458902","2019-10-03T07:50:00","2","PARKED",,"714844",,"CHEVROLET","SILVERADO","IN","2008","NONE","PICKUP","NOT IN USE","N","PARKED",,,"1",,,,,,,,,,,,,,,"true",,,"TOTAL (ALL AREAS)",,,,,,,,,,,,,,,,,,,,,,,,,,,,,,,,,
"752498","JC458888","2019-10-03T07:50:00","1","DRIVER",,"714820",,"TOYOTA MOTOR COMPANY, LTD.","Highlander(beginning vehicle year 2001)","IL",,"UNKNOWN","SPORT UTILITY VEHICLE (SUV)","PERSONAL","N","MERGING",,,"1",,,,,,,"true","true","true",,,,,,,,,"SIDE-RIGHT",,,,,,,,,,,,,,,,,,,,,,,,,,,,,,,,,
"752499","JC458888","2019-10-03T07:50:00","2","DRIVER",,"714828",,"CHEVROLET","MALIBU (CHEVELLE)",,,"NONE","PASSENGER","PERSONAL","N","STRAIGHT AHEAD",,,"1",,,,,,,,,,,,,,,"true",,,"TOTAL (ALL AREAS)",,,,,,,,,,,,,,,,,,,,,,,,,,,,,,,,,
"752068","JC458126","2019-10-03T07:50:00","1","DRIVER",,"714421",,"NISSAN","Pathfinder","IL",,"UNKNOWN","SPORT UTILITY VEHICLE (SUV)","UNKNOWN/NA","W","OTHER",,,"1",,,,,,,,,,,,,,,,"true",,"OTHER",,,,,,,,,,,,,,,,,,,,,,,,,,,,,,,,,
"752069","JC458126","2019-10-03T07:50:00","2","DRIVER",,"714434",,"NISSAN","UNKNOWN","TX",,"UNKNOWN","PASSENGER","UNKNOWN/NA","N","UNKNOWN/NA",,,"1",,,,,,,"true",,,,,,,,,,,"SIDE-RIGHT",,,,,,,,,,,,,,,,,,,,,,,,,,,,,,,,,
"752032","JC458100","2019-10-03T07:50:00","1","DRIVER",,"714400",,"JEEP","UNKNOWN","IL","2006","NONE","SPORT UTILITY VEHICLE (SUV)","PERSONAL","W","STRAIGHT AHEAD",,,"1",,,,,,,,,,,,,,,,"true",,"OTHER",,,,,,,,,,,,,,,,,,,,,,,,,,,,,,,,,
"752033","JC458100","2019-10-03T07:50:00","2","DRIVER",,"714393",,"SUBARU","OUTBACK","IL","2017","NONE","PASSENGER","PERSONAL","SW","SLOW/STOP IN TRAFFIC",,,"1",,,,,,,,,,"true",,,,,,"true",,"REAR-LEFT",,,,,,,,,,,,,,,,,,,,,,,,,,,,,,,,,
"752034","JC458100","2019-10-03T07:50:00","3","DRIVER","1","714398",,"KIA MOTORS CORP","Optima","IL","2015","NONE","PASSENGER","UNKNOWN/NA","W","SLOW/STOP IN TRAFFIC",,,"2",,,,,,,,,,"true",,,,,,,,"REAR-LEFT",,,,,,,,,,,,,,,,,,,,,,,,,,,,,,,,,
"752162","JC458314","2019-10-03T07:49:00","1","DRIVER",,"714512",,"MITSUBISHI","GALANT","IL","2007","NONE","PASSENGER","PERSONAL","W","STRAIGHT AHEAD",,,"1",,,,,,,,,,,,,,,"true",,,"TOTAL (ALL AREAS)",,,,,,,,,,,,,,,,,,,,,,,,,,,,,,,,,
"752163","JC458314","2019-10-03T07:49:00","2","DRIVER","2","714518",,"TOYOTA MOTOR COMPANY, LTD.","Prius","IL","2016","NONE","PASSENGER","PERSONAL","W","SLOW/STOP IN TRAFFIC",,,"3",,,,,,,"true",,,,,,,,,,,"SIDE-RIGHT",,,,,,,,,,,,,,,,,,,,,,,,,,,,,,,,,
"753792","JC461235","2019-10-03T07:45:00","1","DRIVER",,"716065",,"KIA MOTORS CORP","Optima","IL","2013","NONE","PASSENGER","PERSONAL","E","STRAIGHT AHEAD",,,"1",,,,,,,,,,,,,,,,"true",,"OTHER",,,,,,,,,,,,,,,,,,,,,,,,,,,,,,,,,
"753793","JC461235","2019-10-03T07:45:00","2","DRIVER",,"716085",,"NISSAN","NISSAN ALTIMA","IL","2011","NONE","PASSENGER","PERSONAL","E","SLOW/STOP IN TRAFFIC",,,"1",,,,,,,,,,"true",,,,,,,,"REAR-LEFT",,,,,,,,,,,,,,,,,,,,,,,,,,,,,,,,,
"752185","JC458341","2019-10-03T07:45:00","1","DRIVER",,"714535",,"TOYOTA MOTOR COMPANY, LTD.","CAMRY","IL","2003","NONE","PASSENGER","RIDESHARE SERVICE","E","TURNING LEFT",,,"1",,,,,,,,,,,,,,,,,"true","ROOF",,,,,,,,,,,,,,,,,,,,,,,,,,,,,,,,,
"752186","JC458341","2019-10-03T07:45:00","2","DRIVER",,"714550",,"INFINITI","UNKNOWN","IL","2010","UNKNOWN","PASSENGER","PERSONAL","E","STRAIGHT AHEAD",,,"1",,,,,,"true","true","true",,,,,,,,,,"SIDE-RIGHT",,,,,,,,,,,,,,,,,,,,,,,,,,,,,,,,,
"752046","JC458087","2019-10-03T07:45:00","1","DRIVER",,"714447",,"UNKNOWN","UNKNOWN","IL",,"UNKNOWN","UNKNOWN/NA","UNKNOWN/NA","UNKNOWN","STRAIGHT AHEAD",,,"1",,,,,,,,,,,,,,,,,"true","UNKNOWN",,,,,,,,,,,,,,,,,,,,,,,,,,,,,,,,,
"752047","JC458087","2019-10-03T07:45:00","2","PARKED",,"714465",,"FORD","Explorer","IL","2016","NONE","PASSENGER","PERSONAL","N","PARKED",,,"0",,,,,,,,,,,"true",,,,,,,"SIDE-LEFT",,,,,,,,,,,,,,,,,,,,,,,,,,,,,,,,,
"752027","JC458079","2019-10-03T07:45:00","1","DRIVER",,"714391",,"INTERNATIONAL HARVESTER","INTERNATIONAL HARVESTER","IN",,"NONE","TRUCK - SINGLE UNIT","COMMERCIAL - SINGLE UNIT","E","STRAIGHT AHEAD",,,"1",,,,,,,,,,,,,,,,,"true","OTHER",,,,,,,,,,,,,,,,,,,,,,,,,,,,,,,,,
"752028","JC458079","2019-10-03T07:45:00","2","DRIVER",,"714388",,"TOYOTA MOTOR COMPANY, LTD.","COROLLA","IL","2018","NONE","PASSENGER","PERSONAL","E","STRAIGHT AHEAD",,,"1",,,,,,,,,,"true",,,,,,,,"REAR-LEFT",,,,,,,,,,,,,,,,,,,,,,,,,,,,,,,,,
"752042","JC458085","2019-10-03T07:41:00","1","DRIVER",,"714401",,"HONDA","Pilot","IL","2015","NONE","PASSENGER","PERSONAL","N","STRAIGHT AHEAD",,,"1",,,,,"true",,,,,,,,,,"true","true",,"OTHER",,,,,,,,,,,,,,,,,,,,,,,,,,,,,,,,,
"752043","JC458085","2019-10-03T07:41:00","2","DRIVER",,"714406",,"DODGE","JOURNEY","IL","2015","NONE","PASSENGER","PERSONAL","N","AVOIDING VEHICLES/OBJECTS",,,"1",,,,,,,,,"true","true","true",,,,,,,"REAR-LEFT",,,,,,,,,,,,,,,,,,,,,,,,,,,,,,,,,
"752037","JC458086","2019-10-03T07:39:00","1","DRIVER","1","714396",,"DODGE","CARAVAN","IL","2016","NONE","VAN/MINI-VAN","PERSONAL","E","STRAIGHT AHEAD","true",,"2",,"UNKNOWN","UNKNOWN",,,,,,,"true",,,,,"true","true",,"FRONT",,,,,,,,,,,,,,,,,,,,,,,,,,,,,,,,,
"752038","JC458086","2019-10-03T07:39:00","2","DRIVER",,"714402",,"FORD","UNKNOWN","IL","2013","NONE","PASSENGER","PERSONAL","E","STRAIGHT AHEAD",,,"1",,,,,,,,,,,,,,,,"true",,"OTHER",,,,,,,,,,,,,,,,,,,,,,,,,,,,,,,,,
"752039","JC458086","2019-10-03T07:39:00","3","DRIVER",,"714405",,"CHEVROLET","Colorado","IL","2018","NONE","PASSENGER","PERSONAL","E","SLOW/STOP IN TRAFFIC",,,"1",,,,,,,,,,"true",,,,,,,,"REAR-LEFT",,,,,,,,,,,,,,,,,,,,,,,,,,,,,,,,,
"752127","JC458082","2019-10-03T07:37:00","1","DRIVER",,"714489","false","UNKNOWN","UNKNOWN",,,"NONE","TRUCK - SINGLE UNIT","STATE OWNED","W","SLOW/STOP IN TRAFFIC",,,"1",,,,,,,,,,,,,,,,"true",,"OTHER",,,,,,,,,,,,,,,,,,,,,,,,,,,,,,,,,
"752138","JC458082","2019-10-03T07:37:00","2","PEDESTRIAN",,,,,,,,,,,,,,,,,,,,,,,,,,,,,,,,,,,,,,,,,,,,,,,,,,,,,,,,,,,,,,,,,,
"755746","JC464961","2019-10-03T07:30:00","1","DRIVER",,"717860",,"FORD","Focus","IL","2005","NONE","PASSENGER","PERSONAL","E","STRAIGHT AHEAD",,,"1",,,,,,,,,,,,,,,,"true",,"OTHER",,,,,,,,,,,,,,,,,,,,,,,,,,,,,,,,,
"755747","JC464961","2019-10-03T07:30:00","2","DRIVER",,"717864",,"ACURA","ACURA","IL","2014","UNKNOWN","PASSENGER","PERSONAL","E","ENTERING TRAFFIC LANE FROM PARKING",,,"1",,,,,,,,,,"false","true",,,,,,,"FRONT-LEFT",,,,,,,,,,,,,,,,,,,,,,,,,,,,,,,,,
"755108","JC463663","2019-10-03T07:30:00","1","DRIVER",,"717278",,"UNKNOWN","UNKNOWN","IL",,"NONE","PASSENGER","PERSONAL","W","TURNING LEFT",,,"1",,,,,,,,,,,,,,,,"true",,"OTHER",,,,,,,,,,,,,,,,,,,,,,,,,,,,,,,,,
"755109","JC463663","2019-10-03T07:30:00","2","DRIVER",,"717293",,"YAMAHA","YAMAHA","IL","2006","NONE","MOTORCYCLE (OVER 150CC)","PERSONAL","E","STRAIGHT AHEAD",,,"1",,,,,,,,,,,,,"true",,,,,"ROOF",,,,,,,,,,,,,,,,,,,,,,,,,,,,,,,,,
"753133","JC460056","2019-10-03T07:30:00","1","DRIVER",,"715437",,"TOYOTA MOTOR COMPANY, LTD.","CAMRY","IL","2011","UNKNOWN","PASSENGER","UNKNOWN/NA","E","STRAIGHT AHEAD",,,"1",,,,,,,"true",,,,,,,,,,,"SIDE-RIGHT",,,,,,,,,,,,,,,,,,,,,,,,,,,,,,,,,
"753134","JC460056","2019-10-03T07:30:00","2","PARKED",,"715443",,"HONDA","CIVIC","IL","2013","NONE","PASSENGER","PERSONAL","E","PARKED",,,"0",,,,,,,,,,,,,"true",,,,,"ROOF",,,,,,,,,,,,,,,,,,,,,,,,,,,,,,,,,
"752599","JC459020","2019-10-03T07:30:00","1","DRIVER",,"714916",,"UNKNOWN","UNKNOWN",,,"UNKNOWN","PASSENGER","UNKNOWN/NA","E","STRAIGHT AHEAD",,,"1",,,,"true",,,,,,,,,,,,,,"NONE",,,,,,,,,,,,,,,,,,,,,,,,,,,,,,,,,
"752600","JC459020","2019-10-03T07:30:00","2","BICYCLE",,,,,,,,,,,,,,,,,,,,,,,,,,,,,,,,,,,,,,,,,,,,,,,,,,,,,,,,,,,,,,,,,,
"752052","JC458097","2019-10-03T07:30:00","1","DRIVER",,"714407",,"GILL MFG. CO.","GILL MFG. CO.","IN","2018","UNKNOWN","BUS OVER 15 PASS.","OTHER","S","STRAIGHT AHEAD",,,"1",,,,,,,,,,,,,,,,"true",,"OTHER",,,,,,,,,,,,,,,,,,,,,,,,,,,,,,,,,
"752053","JC458097","2019-10-03T07:30:00","2","DRIVER",,"714409",,"SCION","XD","IL","2008","UNKNOWN","PASSENGER","PERSONAL","W","STRAIGHT AHEAD","true",,"1",,"aaa",,,,,,"true","true",,,,,,,,,"REAR",,,,,,,,,,,,,,,,,,,,,,,,,,,,,,,,,
"752031","JC458084","2019-10-03T07:30:00","1","DRIVER",,"714394",,"FORD","Explorer","IL","2014","NONE","SPORT UTILITY VEHICLE (SUV)","FIRE","W","TURNING RIGHT",,,"1",,,,,,,"true","true",,,,,,,,,,"REAR-RIGHT",,,,,,,,,,,,,,,,,,,,,,,,,,,,,,,,,
"752044","JC458080","2019-10-03T07:30:00","1","DRIVER",,"714399",,"FORD","UNKNOWN","IL","2017","NONE","PICKUP","OTHER","E","BACKING",,,"1",,,,"true",,,,,,,,,,,,,,"REAR-LEFT",,,,,,,,,,,,,,,,,,,,,,,,,,,,,,,,,
"752045","JC458080","2019-10-03T07:30:00","2","DRIVER","1","714403",,"DODGE","CHARGER","IL","2013","UNKNOWN","PASSENGER","PERSONAL","E","STRAIGHT AHEAD",,,"2",,,,,"true",,,,,,,,,,"true","true",,"OTHER",,,,,,,,,,,,,,,,,,,,,,,,,,,,,,,,,
"752025","JC458076","2019-10-03T07:30:00","1","DRIVER",,"714385",,"TOYOTA MOTOR COMPANY, LTD.","Highlander(beginning vehicle year 2001)","IL","2005","UNKNOWN","UNKNOWN/NA","UNKNOWN/NA","E","CHANGING LANES",,,"1",,,,,"true",,,,,,,,,,,,,"FRONT",,,,,,,,,,,,,,,,,,,,,,,,,,,,,,,,,
"752026","JC458076","2019-10-03T07:30:00","2","DRIVER",,"714389",,"BMW","528I","IL","2013","UNKNOWN","PASSENGER","PERSONAL","E","STRAIGHT AHEAD",,,"1",,,,,,,,,,,,,"true","true",,,,"ROOF",,,,,,,,,,,,,,,,,,,,,,,,,,,,,,,,,
"752029","JC458075","2019-10-03T07:30:00","1","DRIVER",,"714390",,"VOLVO","XC90","IL","2007","UNKNOWN","SPORT UTILITY VEHICLE (SUV)","UNKNOWN/NA","E","STRAIGHT AHEAD",,,"1",,,,,"true",,,,,,,,,,,"true",,"FRONT",,,,,,,,,,,,,,,,,,,,,,,,,,,,,,,,,
"752030","JC458075","2019-10-03T07:30:00","2","DRIVER",,"714386",,"TOYOTA MOTOR COMPANY, LTD.","Prius","IL","2017","NONE","PASSENGER","PERSONAL","E","SLOW/STOP IN TRAFFIC",,,"1",,,,,,,,,,,"true",,,,,,,"SIDE-LEFT",,,,,,,,,,,,,,,,,,,,,,,,,,,,,,,,,
"752050","JC458094","2019-10-03T07:25:00","1","DRIVER",,"714419",,"CHEVROLET","CRUZE","IL","2017","NONE","PASSENGER","PERSONAL","N","STRAIGHT AHEAD",,,"1",,,,,,,,,,,,,,,"true",,,"TOTAL (ALL AREAS)",,,,,,,,,,,,,,,,,,,,,,,,,,,,,,,,,
"752051","JC458094","2019-10-03T07:25:00","2","DRIVER",,"714459",,"FORD","UNKNOWN",,"2006","NONE","PASSENGER","PERSONAL","N","STRAIGHT AHEAD",,,"1",,,,,,,,,"true","true","true",,,,,,,"REAR-LEFT",,,,,,,,,,,,,,,,,,,,,,,,,,,,,,,,,
"752437","JC458809","2019-10-03T07:05:00","1","DRIVER",,"714782",,"NISSAN","UNKNOWN","IL","2001","NONE","VAN/MINI-VAN","PERSONAL","S","STRAIGHT AHEAD",,,"1",,,,,,,,,,,,,,,,"true",,"OTHER",,,,,,,,,,,,,,,,,,,,,,,,,,,,,,,,,
"752438","JC458809","2019-10-03T07:05:00","2","DRIVER",,"714794",,"HONDA","Odyssey (minivan)","IL","2007","NONE","VAN/MINI-VAN","PERSONAL","S","STRAIGHT AHEAD",,,"1",,,,,,,,,,"true",,,,,,,,"REAR-LEFT",,,,,,,,,,,,,,,,,,,,,,,,,,,,,,,,,
"752054","JC458117","2019-10-03T07:00:00","1","DRIVER","1","714408",,"CHEVROLET","CRUZE","IL","2016","NONE","PASSENGER","UNKNOWN/NA","E","STRAIGHT AHEAD",,,"2",,,,,,,,,,,"true","true",,,,,,,,,,,,,,,,,,,,,,,,,,,,,,,,,,,,,,,
"752055","JC458117","2019-10-03T07:00:00","2","DRIVER",,"714411",,"CHEVROLET","COBALT","IL","2007","NONE","SINGLE UNIT TRUCK WITH TRAILER","PERSONAL","E","STRAIGHT AHEAD",,,"1",,,,,"true","true",,,,,,,,,,,,,,,,,,,,,,,,,,,,,,,,,,,,,,,,,,,,,
"752019","JC458051","2019-10-03T06:50:00","1","DRIVER",,"714379",,"VOLKSWAGEN","TIGUAN","IL","2010","UNKNOWN","PASSENGER","OTHER","N","STRAIGHT AHEAD",,,"1",,,,,"true",,,,,,,,,,"true","true",,"OTHER",,,,,,,,,,,,,,,,,,,,,,,,,,,,,,,,,
"752020","JC458051","2019-10-03T06:50:00","2","DRIVER",,"714380",,"CHEVROLET","SILVERADO","IL","2003","UNKNOWN","PICKUP","UNKNOWN/NA","N","SLOW/STOP IN TRAFFIC",,,"1",,,,,,,,,,"true",,,,,,,,"REAR-LEFT",,,,,,,,,,,,,,,,,,,,,,,,,,,,,,,,,
"752021","JC458046","2019-10-03T06:35:00","1","DRIVER",,"714382",,"CHEVROLET","Colorado","IL","2004","NONE","PICKUP","PERSONAL","E","STRAIGHT AHEAD","true",,"1",,"SELF",,,,,,,,,"true",,,,,,,"REAR",,,,,,,,,,,,,,,,,,,,,,,,,,,,,,,,,
"752022","JC458046","2019-10-03T06:35:00","2","DRIVER",,"714387",,"HONDA","Odyssey (minivan)","IL","2010","NONE","VAN/MINI-VAN","PERSONAL","S","STRAIGHT AHEAD","true",,"1",,"SELF",,,,,,,,,,,,,,"true",,"OTHER",,,,,,,,,,,,,,,,,,,,,,,,,,,,,,,,,
"752060","JC458145","2019-10-03T06:00:00","1","DRIVER",,"714416",,"HONDA","CRV","IL","2003","NONE","SPORT UTILITY VEHICLE (SUV)","PERSONAL","W","STRAIGHT AHEAD",,,"1",,,,,,"true","true",,,,,,,,,,,"SIDE-RIGHT",,,,,,,,,,,,,,,,,,,,,,,,,,,,,,,,,
"752061","JC458145","2019-10-03T06:00:00","2","DRIVER",,"714422",,"FORD","F550","IL","2013","NONE","BUS OVER 15 PASS.","OTHER","S","TURNING RIGHT",,,"1",,,,,,,,,,,,,,,,,,"OTHER",,,,,,,,,,,,,,,,,,,,,,,,,,,,,,,,,
"752015","JC458032","2019-10-03T05:48:00","1","DRIVER",,"714377",,"NISSAN","Quest","IL","2005","UNKNOWN","VAN/MINI-VAN","UNKNOWN/NA","W","SLOW/STOP IN TRAFFIC",,,"1",,,,,,,,,,,,,,,,"true","true","OTHER",,,,,,,,,,,,,,,,,,,,,,,,,,,,,,,,,
"752016","JC458032","2019-10-03T05:48:00","2","DRIVER",,"714381",,"CHEVROLET","CRUZE","IL","2019","NONE","PASSENGER","PERSONAL","W","SLOW/STOP IN TRAFFIC",,,"1",,,,,,,,,,"true",,,,,,,,"REAR-LEFT",,,,,,,,,,,,,,,,,,,,,,,,,,,,,,,,,
"752000","JC458027","2019-10-03T05:45:00","1","DRIVER",,"714360",,"UNKNOWN","UNKNOWN","IL",,"UNKNOWN","UNKNOWN/NA","UNKNOWN/NA","N","STRAIGHT AHEAD",,,"1",,,,,,,,,,,,,,,,,,"FRONT",,,,,,,,,,,,,,,,,,,,,,,,,,,,,,,,,
"752001","JC458027","2019-10-03T05:45:00","2","PARKED",,"714361",,"NISSAN","SENTRA (DATSUN AND NISSAN HAVE MERGED)","IL","2012","UNKNOWN","PASSENGER","PERSONAL","N","PARKED",,,"0",,,,,,,,,,,,,,,"true",,,"TOTAL (ALL AREAS)",,,,,,,,,,,,,,,,,,,,,,,,,,,,,,,,,
"752012","JC458018","2019-10-03T05:31:00","1","DRIVER",,"714371","true","HINO","HINO","IN","2018","NONE","TRUCK - SINGLE UNIT","COMMERCIAL - SINGLE UNIT","S","TURNING RIGHT",,,"1",,,,,"true","true",,,,,,,,,,,,"FRONT-RIGHT",,,,,,,,,,,,,,,,,,,,,,,,,,,,,,,,,
"752013","JC458018","2019-10-03T05:31:00","2","DRIVER","1","714376",,"HYUNDAI","SONATA","IL","2015","NONE","PASSENGER","PERSONAL","S","TURNING RIGHT","true",,"2",,"private",,,,,,,,,,"true","true","true","true",,,"ROOF",,,,,,,,,,,,,,,,,,,,,,,,,,,,,,,,,
"752010","JC458030","2019-10-03T05:28:00","1","DRIVER",,"714368",,"CHEVROLET","CAMARO","IL","2010","UNKNOWN","PASSENGER","PERSONAL","S","PASSING/OVERTAKING",,,"1",,,,,,,,,,,,,,,"true","true",,"TOTAL (ALL AREAS)",,,,,,,,,,,,,,,,,,,,,,,,,,,,,,,,,
"752011","JC458030","2019-10-03T05:28:00","2","DRIVER",,"714372",,"LINCOLN-CONTINENTAL","MKS","IL","2009","NONE","PASSENGER","PERSONAL","N","TURNING LEFT",,,"1",,,,,,,,,,,,,,,"true","true",,"TOTAL (ALL AREAS)",,,,,,,,,,,,,,,,,,,,,,,,,,,,,,,,,
"751998","JC458020","2019-10-03T05:08:00","1","DRIVER",,"714358",,"UNKNOWN","UNKNOWN",,,"UNKNOWN","UNKNOWN/NA","UNKNOWN/NA","UNKNOWN","UNKNOWN/NA",,,"1",,,,,,,,,,,,,,,,,"true","UNKNOWN",,,,,,,,,,,,,,,,,,,,,,,,,,,,,,,,,
"751999","JC458020","2019-10-03T05:08:00","2","DRIVERLESS",,"714359",,"NISSAN","NISSAN ALTIMA","IL","2010","NONE","PASSENGER","PERSONAL","E","PARKED",,,"0",,,,,,,,,"true","true","true",,,,,,,"REAR-LEFT",,,,,,,,,,,,,,,,,,,,,,,,,,,,,,,,,
"752014","JC458015","2019-10-03T05:00:00","1","DRIVER","1","714374",,"FORD","FUSION","IL","2015","NONE","PASSENGER","RIDESHARE SERVICE","S","SKIDDING/CONTROL LOSS","true",,"2",,"city of chicago","200 e chestnut",,,,,,,,,,,,"true",,,"TOTAL (ALL AREAS)",,,,,,,,,,,,,,,,,,,,,,,,,,,,,,,,,
"752002","JC458012","2019-10-03T04:57:00","1","DRIVER",,"714366",,"CHEVROLET","IMPALA","IL","2015","OTHER","PASSENGER","PERSONAL","S","STRAIGHT AHEAD","true",,"1",,"A&E","UNK",,,,,,,,"true","true",,,,,,"SIDE-LEFT",,,,,,,,,,,,,,,,,,,,,,,,,,,,,,,,,
"752003","JC458012","2019-10-03T04:57:00","2","DRIVER",,"714370",,"JEEP","UNKNOWN","IL","2007","NONE","PASSENGER","PERSONAL","N","STRAIGHT AHEAD",,,"1",,,,,,,,,,,,,,"true","true",,,"TOTAL (ALL AREAS)",,,,,,,,,,,,,,,,,,,,,,,,,,,,,,,,,
"752263","JC458525","2019-10-03T04:45:00","1","DRIVER",,"714608",,"JEEP","CHEROKEE",,"2001","UNKNOWN","UNKNOWN/NA","UNKNOWN/NA","N","STRAIGHT AHEAD",,,"1",,,,,,,,,,,,,,,,,"true","OTHER",,,,,,,,,,,,,,,,,,,,,,,,,,,,,,,,,