"crash_unit_id","rd_no","crash_date","unit_no","unit_type","num_passengers","vehicle_id","cmrc_veh_i","make","model","lic_plate_state","vehicle_year","vehicle_defect","vehicle_type","vehicle_use","travel_direction","maneuver","towed_i","fire_i","occupant_cnt","exceed_speed_limit_i","towed_by","towed_to","area_00_i","area_01_i","area_02_i","area_03_i","area_04_i","area_05_i","area_06_i","area_07_i","area_08_i","area_09_i","area_10_i","area_11_i","area_12_i","area_99_i","first_contact_point","cmv_id","usdot_no","ccmc_no","ilcc_no","commercial_src","gvwr","carrier_name","carrier_state","carrier_city","hazmat_placards_i","hazmat_name","un_no","hazmat_present_i","hazmat_report_i","hazmat_report_no","mcs_report_i","mcs_report_no","hazmat_vio_cause_crash_i","mcs_vio_cause_crash_i","idot_permit_no","wide_load_i","trailer1_width","trailer2_width","trailer1_length","trailer2_length","total_vehicle_length","axle_cnt","vehicle_config","cargo_body_type","load_type","hazmat_out_of_service_i","mcs_out_of_service_i","hazmat_class"
"751956","JC457872","2019-10-02T20:54:00","1","DRIVER",,"714314",,"FORD","EXPLORER","IL","2001","UNKNOWN","SPORT UTILITY VEHICLE (SUV)","PERSONAL","N","STRAIGHT AHEAD","false",,"1",,,,,"true",,,,"true","true","true",,,,"true","true","true","OTHER",,,,,,,,,,,,,,,,,,,,,,,,,,,,,,,,,
"751957","JC457872","2019-10-02T20:54:00","2","DRIVER",,"714317",,"LEXUS","ES350","IL","1998","UNKNOWN","PASSENGER","PERSONAL","N","SLOW/STOP IN TRAFFIC","true",,"1",,"streets and sans","parking lot",,,"true","true","true","true","true","true","true","true","true",,,"true","REAR-LEFT",,,,,,,,,,,,,,,,,,,,,,,,,,,,,,,,,
"751958","JC457872","2019-10-02T20:54:00","3","DRIVER","1","714324",,"FORD","Focus","IL","2016","UNKNOWN","PASSENGER","PERSONAL","N","SLOW/STOP IN TRAFFIC","true",,"2",,"private ( cook county )","body shop",,"true","true","true","true","true","true",,"true","true","true","true",,"true","FRONT-LEFT",,,,,,,,,,,,,,,,,,,,,,,,,,,,,,,,,
"751943","JC457831","2019-10-02T20:53:00","1","DRIVER",,"714305",,"BUICK","REGAL","IL","2006","UNKNOWN","PASSENGER","PERSONAL","N","OTHER","true",,"1",,"streets and sanitation","parking lot",,"true","true","true","true","true","true","true","true","true","true","true","true","true","REAR",,,,,,,,,,,,,,,,,,,,,,,,,,,,,,,,,
"751942","JC457831","2019-10-02T20:53:00","2","DRIVER",,"714301",,"PONTIAC","GRAND PRIX","IL","1993","UNKNOWN","PASSENGER","PERSONAL","N","STRAIGHT AHEAD","false",,"1",,,,,"true","true","true","true",,,,,,,,"true","true","FRONT",,,,,,,,,,,,,,,,,,,,,,,,,,,,,,,,,
"751913","JC457788","2019-10-02T20:34:00","1","DRIVER","1","714285",,"BUICK","UNKNOWN","IL","2006","NONE","PASSENGER","PERSONAL","N","STRAIGHT AHEAD","true",,"2",,"City of Chicago","city pound",,"true",,,,,,,,,,"true","true",,"OTHER",,,,,,,,,,,,,,,,,,,,,,,,,,,,,,,,,
"751914","JC457788","2019-10-02T20:34:00","2","DRIVER",,"714293",,"HONDA","HONDA","IL","2008","NONE","PASSENGER","PERSONAL","N","STRAIGHT AHEAD","true",,"1",,"private tow","private tow",,"true",,,,"true","true","true",,,,"true","true",,"REAR-LEFT",,,,,,,,,,,,,,,,,,,,,,,,,,,,,,,,,
"751915","JC457788","2019-10-02T20:34:00","3","DRIVER",,"714297",,"HYUNDAI","SONATA","IL","2017","NONE","PASSENGER","PERSONAL","N","STRAIGHT AHEAD","true",,"1",,"private tow","private location",,"false",,,,"true","true","true",,,,"false","true",,"REAR-LEFT",,,,,,,,,,,,,,,,,,,,,,,,,,,,,,,,,
"751916","JC457788","2019-10-02T20:34:00","4","DRIVER","1","714304",,"NISSAN","NISSAN ALTIMA","IL","2018","NONE","PASSENGER","PERSONAL","N","STRAIGHT AHEAD",,,"2",,,,,,,,,"true","true","true",,,,,,,"REAR-LEFT",,,,,,,,,,,,,,,,,,,,,,,,,,,,,,,,,
"752209","JC458385","2019-10-02T20:30:00","1","DRIVER",,"714552",,"HONDA","HONDA","IL","1996","UNKNOWN","PASSENGER","UNKNOWN/NA","S","STRAIGHT AHEAD",,,"1",,,,,,,,,,,,,,,,,"true","UNKNOWN",,,,,,,,,,,,,,,,,,,,,,,,,,,,,,,,,
"752210","JC458385","2019-10-02T20:30:00","2","PARKED",,"714558",,"CHEVROLET","MALIBU (CHEVELLE)","IL","2008","NONE","PASSENGER","NOT IN USE","S","PARKED",,,"0",,,,,,,,,,,,,"true",,,,,"UNDER CARRIAGE",,,,,,,,,,,,,,,,,,,,,,,,,,,,,,,,,
"751883","JC457810","2019-10-02T20:30:00","1","DRIVER",,"714248",,"MAZDA","6 (Six)","IL","2014","UNKNOWN","UNKNOWN/NA","UNKNOWN/NA","N","UNKNOWN/NA",,,"1",,,,,,,"true","true","true",,,,,,,,,"REAR",,,,,,,,,,,,,,,,,,,,,,,,,,,,,,,,,
"751884","JC457810","2019-10-02T20:30:00","2","DRIVER",,"714253",,"TOYOTA MOTOR COMPANY, LTD.","COROLLA","IL","2019","UNKNOWN","PASSENGER","UNKNOWN/NA","W","UNKNOWN/NA",,,"1",,,,,,,,,,,,,,,,"true",,"OTHER",,,,,,,,,,,,,,,,,,,,,,,,,,,,,,,,,
"751881","JC457801","2019-10-02T20:20:00","1","DRIVER",,"714249",,"HYUNDAI","ELANTRA","IL","2017","NONE","PASSENGER","PERSONAL","N","CHANGING LANES",,,"1",,,,,,,,,"true",,,,,,,,,"REAR",,,,,,,,,,,,,,,,,,,,,,,,,,,,,,,,,
"751882","JC457801","2019-10-02T20:20:00","2","DRIVER",,"714255",,"JEEP","Grand Cherokee (for vehicle years 1989 to present)","IL","2007","NONE","PASSENGER","PERSONAL","N","STRAIGHT AHEAD",,,"1",,,,,,,,,,,,,,,"true",,,"TOTAL (ALL AREAS)",,,,,,,,,,,,,,,,,,,,,,,,,,,,,,,,,
"751887","JC457767","2019-10-02T20:13:00","1","DRIVER","1","714254",,"CHRYSLER","Sebring","IL","2007","UNKNOWN","PASSENGER","PERSONAL","S","TURNING LEFT",,,"2",,,,,"true","true",,,,,,,,"true","true","true",,"OTHER",,,,,,,,,,,,,,,,,,,,,,,,,,,,,,,,,
"751888","JC457767","2019-10-02T20:13:00","2","DRIVER","1","714262",,"NISSAN","NISSAN ALTIMA","IL","2015","UNKNOWN","PASSENGER","PERSONAL","N","STRAIGHT AHEAD","true",,"2",,"private","private",,"true",,,,,,,,"true","true","true","true",,"OTHER",,,,,,,,,,,,,,,,,,,,,,,,,,,,,,,,,
"756570","JC466566","2019-10-02T20:00:00","1","DRIVER",,"718651",,"HYUNDAI","TUCSON","IL","2012","NONE","PASSENGER","PERSONAL","S","TURNING RIGHT",,,"1",,,,,,,"true","true",,,,,,,,,,"SIDE-RIGHT",,,,,,,,,,,,,,,,,,,,,,,,,,,,,,,,,
"756571","JC466566","2019-10-02T20:00:00","2","PARKED","1","718636",,"CHEVROLET","Express (full-size van)","IL","2016","NONE","VAN/MINI-VAN","PERSONAL","S","PARKED",,,"1",,,,,,,,,,"true","true",,,,,,,"SIDE-LEFT",,,,,,,,,,,,,,,,,,,,,,,,,,,,,,,,,
"752441","JC458828","2019-10-02T20:00:00","1","DRIVER",,"714767",,"UNKNOWN","UNKNOWN",,,"UNKNOWN","UNKNOWN/NA","UNKNOWN/NA","UNKNOWN","UNKNOWN/NA",,,"1",,,,,,,,,,,,,,,,,"true","UNKNOWN",,,,,,,,,,,,,,,,,,,,,,,,,,,,,,,,,
"752442","JC458828","2019-10-02T20:00:00","2","PARKED",,"714763",,"NISSAN","NISSAN ALTIMA","IL","2013","UNKNOWN","PASSENGER","NOT IN USE","SE","PARKED",,,"0",,,,,,,,,,,,,"true","true",,,,"ROOF",,,,,,,,,,,,,,,,,,,,,,,,,,,,,,,,,
"751874","JC457747","2019-10-02T20:00:00","1","DRIVER",,"714242",,"UNKNOWN","UNKNOWN",,,"UNKNOWN","PICKUP","UNKNOWN/NA","S","PASSING/OVERTAKING",,,"1",,,,,,,,,,,,,,,,,"true","UNKNOWN",,,,,,,,,,,,,,,,,,,,,,,,,,,,,,,,,
"751875","JC457747","2019-10-02T20:00:00","2","DRIVER",,"714250",,"LEXUS","ES300","IL","2003","NONE","PASSENGER","PERSONAL","S","STRAIGHT AHEAD",,,"1",,,,"true","true",,,,,,,,,,"true",,,"TOTAL (ALL AREAS)",,,,,,,,,,,,,,,,,,,,,,,,,,,,,,,,,
"751876","JC457747","2019-10-02T20:00:00","3","PARKED",,"714244",,"UNKNOWN","UNKNOWN",,,"UNKNOWN","UNKNOWN/NA","UNKNOWN/NA","S","PARKED",,,"0",,,,,,,,,,,,,,,,,"true","UNKNOWN",,,,,,,,,,,,,,,,,,,,,,,,,,,,,,,,,
"752369","JC458212","2019-10-02T19:50:00","1","DRIVER",,"714700",,"HONDA","ACCORD","IL","2015","UNKNOWN","PASSENGER","UNKNOWN/NA","NW","STRAIGHT AHEAD",,,"1",,,,,,,,,,,,,,,"true",,,"TOTAL (ALL AREAS)",,,,,,,,,,,,,,,,,,,,,,,,,,,,,,,,,
"752370","JC458212","2019-10-02T19:50:00","2","DRIVER","1","714701",,"TOYOTA MOTOR COMPANY, LTD.","CAMRY","IL",,"NONE","PASSENGER","PERSONAL","SE","TURNING LEFT",,,"2",,,,,,,,,,,"true",,,,,,,"FRONT-LEFT",,,,,,,,,,,,,,,,,,,,,,,,,,,,,,,,,
"751894","JC457827","2019-10-02T19:45:00","1","DRIVER",,"714261",,"CHEVROLET","IMPALA","IL","2018","UNKNOWN","PASSENGER","UNKNOWN/NA","N","AVOIDING VEHICLES/OBJECTS",,,"1",,,,,,,,"true",,,,,,,,,,"REAR-RIGHT",,,,,,,,,,,,,,,,,,,,,,,,,,,,,,,,,
"751895","JC457827","2019-10-02T19:45:00","2","DRIVER",,"714264",,"JEEP","Wrangler (for vehicle years 1989 to present)","IL","2016","NONE","PASSENGER","PERSONAL","N","STRAIGHT AHEAD",,,"1",,,,,,,,,,,,,,,"true",,,"TOTAL (ALL AREAS)",,,,,,,,,,,,,,,,,,,,,,,,,,,,,,,,,
"751891","JC457721","2019-10-02T19:45:00","1","DRIVER","1","714260",,"HONDA","UNKNOWN","IL",,"NONE","PASSENGER","PERSONAL","S","STRAIGHT AHEAD",,,"2",,,,,"true",,,,,,,,,,"true","true",,"OTHER",,,,,,,,,,,,,,,,,,,,,,,,,,,,,,,,,
"751892","JC457721","2019-10-02T19:45:00","2","DRIVER","1","714263",,"JEEP","UNKNOWN","IL","2002","NONE","PASSENGER","PERSONAL","S","SLOW/STOP IN TRAFFIC",,,"2",,,,,,,,,,"true",,,,,,"true",,,,,,,,,,,,,,,,,,,,,,,,,,,,,,,,,,,
"751893","JC457721","2019-10-02T19:45:00","3","DRIVER",,"714266",,"GENERAL MOTORS CORP.","UNKNOWN","IL","2003","NONE","PASSENGER","PERSONAL","S","SLOW/STOP IN TRAFFIC",,,"1",,,,,,,,,"true","true","true",,,,,,,"REAR-LEFT",,,,,,,,,,,,,,,,,,,,,,,,,,,,,,,,,
"751863","JC457713","2019-10-02T19:42:00","1","DRIVER",,"714226",,"CHEVROLET","Trail Blazer","IL",,"UNKNOWN","PASSENGER","PERSONAL","E","CHANGING LANES",,,"1",,,,,,,,"true","true",,,,,,,,,"REAR",,,,,,,,,,,,,,,,,,,,,,,,,,,,,,,,,
"751864","JC457713","2019-10-02T19:42:00","2","DRIVER",,"714230",,"TOYOTA MOTOR COMPANY, LTD.","UNKNOWN","IL","2016","UNKNOWN","PASSENGER","PERSONAL","E","STRAIGHT AHEAD","true",,"1",,"PRIVATE","UNKNOWN",,,,,,,,,,,,"true","true",,"TOTAL (ALL AREAS)",,,,,,,,,,,,,,,,,,,,,,,,,,,,,,,,,
"751857","JC457695","2019-10-02T19:37:00","1","DRIVER",,"714221",,"TOYOTA MOTOR COMPANY, LTD.","COROLLA","IL","1997","NONE","PASSENGER","PERSONAL","E","TURNING LEFT",,,"1",,,,,,,,,,,,,,,"true","true",,"OTHER",,,,,,,,,,,,,,,,,,,,,,,,,,,,,,,,,
"751858","JC457695","2019-10-02T19:37:00","2","DRIVER",,"714223",,"HONDA","Odyssey (minivan)","IL","2001","NONE","VAN/MINI-VAN","PERSONAL","S","STRAIGHT AHEAD",,,"1",,,,,"true",,,,,,,,,,,,,"FRONT",,,,,,,,,,,,,,,,,,,,,,,,,,,,,,,,,
"751868","JC457712","2019-10-02T19:35:00","1","DRIVER",,"714234",,"LINCOLN-CONTINENTAL","UNKNOWN","IL",,"UNKNOWN","SPORT UTILITY VEHICLE (SUV)","UNKNOWN/NA","W","STRAIGHT AHEAD",,,"1",,,,,,,,,,,,,,,,,"true","OTHER",,,,,,,,,,,,,,,,,,,,,,,,,,,,,,,,,
"751869","JC457712","2019-10-02T19:35:00","2","DRIVER",,"714243",,"BUICK","UNKNOWN","IL","2016","NONE","PASSENGER","PERSONAL","W","SLOW/STOP IN TRAFFIC",,,"1",,,,,,,,,,"true",,,,,,,,"REAR-LEFT",,,,,,,,,,,,,,,,,,,,,,,,,,,,,,,,,
"751824","JC457674","2019-10-02T19:35:00","1","DRIVER",,"714184",,"VOLKSWAGEN","PASSAT","IL","2007","NONE","PASSENGER","PERSONAL","N","UNKNOWN/NA",,,"1",,,,,,,,,,,,,,,,"true",,"OTHER",,,,,,,,,,,,,,,,,,,,,,,,,,,,,,,,,
"751825","JC457674","2019-10-02T19:35:00","2","DRIVER",,"714189",,"HYUNDAI","ELANTRA","IL","2012","NONE","PASSENGER","PERSONAL","N","UNKNOWN/NA",,,"1",,,,,,,,,,"true",,,,,,,,"REAR-LEFT",,,,,,,,,,,,,,,,,,,,,,,,,,,,,,,,,
"752526","JC458920","2019-10-02T19:30:00","1","DRIVER",,"714856",,"JEEP","JEEP - YEAR GREATER 1988","IL","2007","UNKNOWN","SPORT UTILITY VEHICLE (SUV)","UNKNOWN/NA","N","STRAIGHT AHEAD",,,"1",,,,,,,,,,,,,,,,"true",,"OTHER",,,,,,,,,,,,,,,,,,,,,,,,,,,,,,,,,
"752527","JC458920","2019-10-02T19:30:00","2","DRIVER","1","714849",,"CHEVROLET","CRUZE","IL","2013","UNKNOWN","PASSENGER","PERSONAL","N","SLOW/STOP IN TRAFFIC",,,"2",,,,,,,,,,"true",,,,,,"true",,"REAR-LEFT",,,,,,,,,,,,,,,,,,,,,,,,,,,,,,,,,
"752528","JC458920","2019-10-02T19:30:00","3","DRIVER",,"714842",,"FORD","EXPLORER",,,"UNKNOWN","SPORT UTILITY VEHICLE (SUV)","UNKNOWN/NA","N","SLOW/STOP IN TRAFFIC",,,"1",,,,,,,,,,,,,,,,,"true","REAR-LEFT",,,,,,,,,,,,,,,,,,,,,,,,,,,,,,,,,
"751877","JC457797","2019-10-02T19:30:00","1","DRIVER",,"714245",,"JEEP","Wrangler (for vehicle years 1989 to present)","IL","2012","UNKNOWN","PASSENGER","PERSONAL","E","STRAIGHT AHEAD",,,"1",,,,"true",,,,,,,,,,,,,,"OTHER",,,,,,,,,,,,,,,,,,,,,,,,,,,,,,,,,
"751878","JC457797","2019-10-02T19:30:00","2","DRIVER",,"714247",,"TOYOTA MOTOR COMPANY, LTD.","CAMRY","IL","2014","UNKNOWN","PASSENGER","PERSONAL","E","SLOW/STOP IN TRAFFIC",,,"1",,,,,,,,,"true","true","true",,,,,,,"REAR-LEFT",,,,,,,,,,,,,,,,,,,,,,,,,,,,,,,,,
"751852","JC457722","2019-10-02T19:30:00","1","DRIVER",,"714218",,"NISSAN","NISSAN ALTIMA","IL",,"NONE","PASSENGER","PERSONAL","S","STRAIGHT AHEAD",,,"1",,,,,,,,,,,,,,,,"true",,"OTHER",,,,,,,,,,,,,,,,,,,,,,,,,,,,,,,,,
"751853","JC457722","2019-10-02T19:30:00","2","DRIVER",,"714211",,"TOYOTA MOTOR COMPANY, LTD.","CAMRY","IL","2013","NONE","PASSENGER","TAXI/FOR HIRE","S","SLOW/STOP IN TRAFFIC",,,"1",,,,,,,,,,"true",,,,,,,,"REAR-LEFT",,,,,,,,,,,,,,,,,,,,,,,,,,,,,,,,,
"751870","JC457704","2019-10-02T19:30:00","1","DRIVER",,"714236",,"HYUNDAI","Santa Fe","IL","2005","UNKNOWN","PASSENGER","PERSONAL","W","TURNING LEFT",,,"1",,,,,"true",,,,,,,,,,"true","true",,"OTHER",,,,,,,,,,,,,,,,,,,,,,,,,,,,,,,,,
"751871","JC457704","2019-10-02T19:30:00","2","DRIVER",,"714240",,"UNKNOWN","UNKNOWN","IL",,"NONE","PASSENGER","FIRE","S","STRAIGHT AHEAD",,,"1",,,,,,,,,,,"true","true",,,,,,"SIDE-LEFT",,,,,,,,,,,,,,,,,,,,,,,,,,,,,,,,,
"751859","JC457733","2019-10-02T19:25:00","1","DRIVER",,"714222",,"HONDA","Odyssey (minivan)","IL","2003","UNKNOWN","VAN/MINI-VAN","UNKNOWN/NA","S","STRAIGHT AHEAD",,,"1",,,,,,,,,,,,,,,,,"true","UNKNOWN",,,,,,,,,,,,,,,,,,,,,,,,,,,,,,,,,
"751860","JC457733","2019-10-02T19:25:00","2","DRIVER",,"714228",,"CHEVROLET","Express (full-size van)","IL","2012","NONE","VAN/MINI-VAN","PERSONAL","S","STRAIGHT AHEAD",,,"1",,,,,,,,,,"true",,,,,,,,"REAR-LEFT",,,,,,,,,,,,,,,,,,,,,,,,,,,,,,,,,
"751841","JC457709","2019-10-02T19:25:00","1","DRIVER",,"714201",,"TOYOTA MOTOR COMPANY, LTD.","Prius","IL","2013","NONE","PASSENGER","TAXI/FOR HIRE","W","U-TURN",,,"1",,,,,"true",,,,,,,,,,,,,"FRONT",,,,,,,,,,,,,,,,,,,,,,,,,,,,,,,,,
"751842","JC457709","2019-10-02T19:25:00","2","DRIVER",,"714209",,"HONDA","CIVIC","IL","2009","NONE","PASSENGER","PERSONAL","E","STRAIGHT AHEAD",,,"1",,,,,,,,,,,,,,,"true","true",,"OTHER",,,,,,,,,,,,,,,,,,,,,,,,,,,,,,,,,
"751837","JC457685","2019-10-02T19:16:00","1","DRIVER",,"714196",,"TOYOTA MOTOR COMPANY, LTD.","CAMRY","IL","2006","NONE","PASSENGER","PERSONAL","E","TURNING RIGHT",,,"1",,,,,,,,,,,,,,,"true",,,"TOTAL (ALL AREAS)",,,,,,,,,,,,,,,,,,,,,,,,,,,,,,,,,
"751838","JC457685","2019-10-02T19:16:00","2","DRIVERLESS",,"714205",,"CHEVROLET","Trail Blazer","IL","2007","NONE","PASSENGER","NOT IN USE","N","PARKED",,,"0",,,,,,,,,,,,,,,"true",,,"TOTAL (ALL AREAS)",,,,,,,,,,,,,,,,,,,,,,,,,,,,,,,,,
"752427","JC458792","2019-10-02T19:15:00","1","DRIVER",,"714755",,"NISSAN","NISSAN","IL","2017","UNKNOWN","UNKNOWN/NA","UNKNOWN/NA","W","ENTERING TRAFFIC LANE FROM PARKING",,,"1",,,,,,,,,,,,,,,"true",,,"TOTAL (ALL AREAS)",,,,,,,,,,,,,,,,,,,,,,,,,,,,,,,,,
"752428","JC458792","2019-10-02T19:15:00","2","DRIVER",,"714758",,"FORD","ESCAPE (SUV)","MI","2014","NONE","PASSENGER","PERSONAL","W","STRAIGHT AHEAD",,,"1",,,,,"true","true",,,,,,,,,,,,"FRONT",,,,,,,,,,,,,,,,,,,,,,,,,,,,,,,,,
"751830","JC457679","2019-10-02T19:13:00","1","DRIVER",,"714200",,"CHEVROLET","Trail Blazer","IL","2002","NONE","SPORT UTILITY VEHICLE (SUV)","PERSONAL","SE","TURNING RIGHT",,,"1",,,,"true",,,,,,,,,,,,,,"FRONT",,,,,,,,,,,,,,,,,,,,,,,,,,,,,,,,,
"751849","JC457679","2019-10-02T19:13:00","2","PEDESTRIAN",,,,,,,,,,,,,,,,,,,,,,,,,,,,,,,,,,,,,,,,,,,,,,,,,,,,,,,,,,,,,,,,,,
"751833","JC457657","2019-10-02T18:59:00","1","DRIVER",,"714193",,"MITSUBISHI","Outlander","IL","2016","NONE","SPORT UTILITY VEHICLE (SUV)","PERSONAL","W","STRAIGHT AHEAD",,,"1",,,,"true",,,,,,,,,,,,,,"FRONT",,,,,,,,,,,,,,,,,,,,,,,,,,,,,,,,,
"751834","JC457657","2019-10-02T18:59:00","2","DRIVER",,"714207",,"NORTH AMERICAN MFG. CO.","NORTH AMERICAN MFG. CO.","IL","2002","NONE","BUS OVER 15 PASS.","CTA","W","OTHER",,,"1",,,,"true",,,,,,,,,,,,,,"SIDE-LEFT",,,,,,,,,,,,,,,,,,,,,,,,,,,,,,,,,
"751850","JC457681","2019-10-02T18:50:00","1","DRIVER",,"714225",,"CADILLAC","UNKNOWN","IL","1997","UNKNOWN","UNKNOWN/NA","UNKNOWN/NA","E","STRAIGHT AHEAD",,,"1",,,,,,,,,,,,,,,,,"true","OTHER",,,,,,,,,,,,,,,,,,,,,,,,,,,,,,,,,
"751851","JC457681","2019-10-02T18:50:00","2","DRIVER",,"714235",,"CHEVROLET","EQUINOX","IL","2016","NONE","PASSENGER","PERSONAL","E","SLOW/STOP IN TRAFFIC",,,"1",,,,,,,,,,"true",,,,,,,,"REAR-LEFT",,,,,,,,,,,,,,,,,,,,,,,,,,,,,,,,,
"752279","JC457676","2019-10-02T18:50:00","1","DRIVER","1","714626",,"JEEP","CHEROKEE","IL","2016","NONE","SPORT UTILITY VEHICLE (SUV)","PERSONAL","N","ENTERING TRAFFIC LANE FROM PARKING",,,"2",,,,,,,,,,,,,,,"true",,,"TOTAL (ALL AREAS)",,,,,,,,,,,,,,,,,,,,,,,,,,,,,,,,,
"752280","JC457676","2019-10-02T18:50:00","2","DRIVER",,"714618",,"INFINITI","FX35","IL","2006","NONE","PASSENGER","PERSONAL","N","STRAIGHT AHEAD",,,"1",,,,,,,"true",,,,,,,,,,,"SIDE-RIGHT",,,,,,,,,,,,,,,,,,,,,,,,,,,,,,,,,
"751855","JC457655","2019-10-02T18:50:00","1","DRIVER",,"714231",,"UNKNOWN","UNKNOWN","IL",,"UNKNOWN","UNKNOWN/NA","UNKNOWN/NA","S","BACKING",,,"1",,,,,,,,,,"true",,,,,,,,"REAR-LEFT",,,,,,,,,,,,,,,,,,,,,,,,,,,,,,,,,
"751856","JC457655","2019-10-02T18:50:00","2","DRIVERLESS",,"714220",,"KIA MOTORS CORP","KIA MOTORS CORP","IL","2001","NONE","PASSENGER","PERSONAL","UNKNOWN","PARKED",,,"0",,,,,"true",,,,,,,,,,"true","true",,"OTHER",,,,,,,,,,,,,,,,,,,,,,,,,,,,,,,,,
"751797","JC457632","2019-10-02T18:50:00","1","DRIVER",,"714160",,"GENERAL MOTORS CORP.","ACADIA","IL","2012","NONE","OTHER","NOT IN USE","S","STRAIGHT AHEAD",,,"1",,,,"true",,,,,,,,,,,,"false",,"OTHER",,,,,,,,,,,,,,,,,,,,,,,,,,,,,,,,,
"751798","JC457632","2019-10-02T18:50:00","2","DRIVER","1","714167",,"BUICK","Electra (Park Avenue), Park Avenue (Electra)","WI","1993","NONE","PASSENGER","PERSONAL","S","SLOW/STOP IN TRAFFIC",,,"2",,,,,,,,,,"true",,,,,,,,"REAR-LEFT",,,,,,,,,,,,,,,,,,,,,,,,,,,,,,,,,
"751826","JC457680","2019-10-02T18:45:00","1","DRIVER",,"714224",,"FORD","UNKNOWN","IL","2008","UNKNOWN","SPORT UTILITY VEHICLE (SUV)","UNKNOWN/NA","SW","TURNING LEFT",,,"1",,,,,"true",,,,,,,,,,"true","true",,"OTHER",,,,,,,,,,,,,,,,,,,,,,,,,,,,,,,,,
"751827","JC457680","2019-10-02T18:45:00","2","DRIVER",,"714190",,"LINCOLN-CONTINENTAL","TOWNCAR","IL","2009","UNKNOWN","PASSENGER","UNKNOWN/NA","E","STRAIGHT AHEAD",,,"1",,,,,"true","true",,,,,,,,"true",,"true",,"OTHER",,,,,,,,,,,,,,,,,,,,,,,,,,,,,,,,,
"751792","JC457624","2019-10-02T18:45:00","1","DRIVER",,"714152",,"NISSAN","Pathfinder","IL","2017","NONE","SPORT UTILITY VEHICLE (SUV)","PERSONAL","N","STRAIGHT AHEAD",,,"1",,,,,,,,,,,,,,,,,,"OTHER",,,,,,,,,,,,,,,,,,,,,,,,,,,,,,,,,
"751793","JC457624","2019-10-02T18:45:00","2","PEDESTRIAN",,,,,,,,,,,,,,,,,,,,,,,,,,,,,,,,,,,,,,,,,,,,,,,,,,,,,,,,,,,,,,,,,,
"751872","JC457726","2019-10-02T18:40:00","1","DRIVER",,"714237",,"NISSAN","UNKNOWN","IL","2012","UNKNOWN","VAN/MINI-VAN","PERSONAL","S","STRAIGHT AHEAD",,,"1",,,,,,,,"true","true",,,,,"true","true","true",,"OTHER",,,,,,,,,,,,,,,,,,,,,,,,,,,,,,,,,
"751873","JC457726","2019-10-02T18:40:00","2","DRIVER","2","714241",,"FORD","FIESTA","IL","2018","NONE","PASSENGER","PERSONAL","S","SLOW/STOP IN TRAFFIC",,,"3",,,,,,,,"true","true",,,,,"true","true",,,"REAR-RIGHT",,,,,,,,,,,,,,,,,,,,,,,,,,,,,,,,,
"751861","JC457707","2019-10-02T18:40:00","1","DRIVER",,"714229",,"AMTRAN CORP, GENSIS BUSES","AMTRAN CORP, GENSIS BUSES","IL","2015","UNKNOWN","BUS OVER 15 PASS.","CTA","S","STRAIGHT AHEAD",,,"1",,,,,,,,,,,,,,"true",,,,"TOTAL (ALL AREAS)",,,,,,,,,,,,,,,,,,,,,,,,,,,,,,,,,
"751862","JC457707","2019-10-02T18:40:00","2","DRIVER",,"714233",,"GENERAL MOTORS CORP.","YUKON","MA","2019","UNKNOWN","SPORT UTILITY VEHICLE (SUV)","PERSONAL","S","STRAIGHT AHEAD",,,"1",,,,,,,,"true",,,,,,,,,,"REAR",,,,,,,,,,,,,,,,,,,,,,,,,,,,,,,,,
"751839","JC457710","2019-10-02T18:35:00","1","DRIVER","1","714206",,"CHEVROLET","IMPALA","MI","2008","NONE","PASSENGER","PERSONAL","W","STRAIGHT AHEAD","true",,"2",,"luckys towing",,,"true",,,,,,,,,,"true","true",,"OTHER",,,,,,,,,,,,,,,,,,,,,,,,,,,,,,,,,
"751840","JC457710","2019-10-02T18:35:00","2","DRIVER",,"714199",,"FORD","ESCAPE (SUV)","IL","2010","NONE","SPORT UTILITY VEHICLE (SUV)","PERSONAL","W","SLOW/STOP IN TRAFFIC",,,"1",,,,,,,,,"true","true","true",,,,,,,"REAR-LEFT",,,,,,,,,,,,,,,,,,,,,,,,,,,,,,,,,
"751807","JC457625","2019-10-02T18:35:00","1","DRIVER","1","714176",,"CHEVROLET","TAHOE","IL","2010","BRAKES","SPORT UTILITY VEHICLE (SUV)","POLICE","E","STRAIGHT AHEAD",,,"2",,,,,"true",,,,,,,,,,,,,"FRONT",,,,,,,,,,,,,,,,,,,,,,,,,,,,,,,,,
"751808","JC457625","2019-10-02T18:35:00","2","PARKED",,"714186",,"CHEVROLET","Express (full-size van)","IL","2001","NONE","VAN/MINI-VAN","NOT IN USE","E","PARKED",,,"0",,,,,,,,,,,,,"true","true",,,,"ROOF",,,,,,,,,,,,,,,,,,,,,,,,,,,,,,,,,