"crash_unit_id","rd_no","crash_date","unit_no","unit_type","num_passengers","vehicle_id","cmrc_veh_i","make","model","lic_plate_state","vehicle_year","vehicle_defect","vehicle_type","vehicle_use","travel_direction","maneuver","towed_i","fire_i","occupant_cnt","exceed_speed_limit_i","towed_by","towed_to","area_00_i","area_01_i","area_02_i","area_03_i","area_04_i","area_05_i","area_06_i","area_07_i","area_08_i","area_09_i","area_10_i","area_11_i","area_12_i","area_99_i","first_contact_point","cmv_id","usdot_no","ccmc_no","ilcc_no","commercial_src","gvwr","carrier_name","carrier_state","carrier_city","hazmat_placards_i","hazmat_name","un_no","hazmat_present_i","hazmat_report_i","hazmat_report_no","mcs_report_i","mcs_report_no","hazmat_vio_cause_crash_i","mcs_vio_cause_crash_i","idot_permit_no","wide_load_i","trailer1_width","trailer2_width","trailer1_length","trailer2_length","total_vehicle_length","axle_cnt","vehicle_config","cargo_body_type","load_type","hazmat_out_of_service_i","mcs_out_of_service_i","hazmat_class"
"751885","JC457617","2019-10-02T18:34:00","1","DRIVER",,"714252",,"TOYOTA MOTOR COMPANY, LTD.","Solara","IL","2006","UNKNOWN","PASSENGER","PERSONAL","W","STRAIGHT AHEAD","true",,"1",,,,,"true",,,,,,,,,,"true","true",,"OTHER",,,,,,,,,,,,,,,,,,,,,,,,,,,,,,,,,
"751886","JC457617","2019-10-02T18:34:00","2","PARKED",,"714257",,"FORD","FORD-TRUCK,VAN,SUV, ETC","IL","2013","NONE","PICKUP","NOT IN USE","W","PARKED",,,"0",,,,,,,,,"true","true","true",,,,,,,"REAR-LEFT",,,,,,,,,,,,,,,,,,,,,,,,,,,,,,,,,
"751835","JC457706","2019-10-02T18:30:00","1","DRIVER",,"714195",,"CHEVROLET","BLAZER",,"2002","NONE","PASSENGER","PERSONAL","S","MERGING",,,"1",,,,"true",,,,,,,,,,,,,,"NONE",,,,,,,,,,,,,,,,,,,,,,,,,,,,,,,,,
"751836","JC457706","2019-10-02T18:30:00","2","DRIVER",,"714192",,"BMW","UNKNOWN",,"2018","NONE","PASSENGER","PERSONAL","S","STRAIGHT AHEAD",,,"1",,,,,,"false","false",,,,"true","true","true","true","true",,,"ROOF",,,,,,,,,,,,,,,,,,,,,,,,,,,,,,,,,
"751766","JC457594","2019-10-02T18:27:00","1","DRIVER","2","714137",,"FORD","EXPLORER","IL","2016","NONE","SPORT UTILITY VEHICLE (SUV)","POLICE","W","TURNING LEFT",,,"3",,,,,,,,,,,"true",,,,,,,"FRONT-LEFT",,,,,,,,,,,,,,,,,,,,,,,,,,,,,,,,,
"751767","JC457594","2019-10-02T18:27:00","2","PARKED",,"714158",,"CHEVROLET","TAHOE","IL","2016","NONE","TRUCK - SINGLE UNIT","PERSONAL","E","PARKED",,,"0",,,,,,,,,"true",,,,,,,,,"REAR-RIGHT",,,,,,,,,,,,,,,,,,,,,,,,,,,,,,,,,
"751790","JC457588","2019-10-02T18:20:00","1","DRIVER","1","714156",,"TESLA MOTORS","MODEL S","IL","2016","NONE","PASSENGER","PERSONAL","S","TURNING RIGHT",,,"2",,,,,,,"true","true",,,,,,,,,,"SIDE-RIGHT",,,,,,,,,,,,,,,,,,,,,,,,,,,,,,,,,
"751791","JC457588","2019-10-02T18:20:00","2","DRIVER",,"714180",,"LEXUS","ES300","IL","2013","NONE","PASSENGER","PERSONAL","S","STRAIGHT AHEAD",,,"1",,,,,,,,,,,,,,,"true",,,"TOTAL (ALL AREAS)",,,,,,,,,,,,,,,,,,,,,,,,,,,,,,,,,
"751845","JC457599","2019-10-02T18:19:00","1","DRIVER",,"714210",,"NISSAN","SENTRA (DATSUN AND NISSAN HAVE MERGED)","IL","2013","NONE","PASSENGER","PERSONAL","S","STRAIGHT AHEAD",,,"1",,,,,,,,,,,,,,,,"true",,"OTHER",,,,,,,,,,,,,,,,,,,,,,,,,,,,,,,,,
"751846","JC457599","2019-10-02T18:19:00","2","DRIVER",,"714215",,"HONDA","CRV","IL","2010","NONE","PASSENGER","NOT IN USE","S","STRAIGHT AHEAD",,,"1",,,,,,,,,,"true",,,,,,,,"REAR-LEFT",,,,,,,,,,,,,,,,,,,,,,,,,,,,,,,,,
"751773","JC457590","2019-10-02T18:15:00","1","DRIVER",,"714143",,"FORD","FORD","IL","2017","UNKNOWN","VAN/MINI-VAN","OTHER","N","STRAIGHT AHEAD",,,"1",,,,,,,,,,,,,,,,"true",,"OTHER",,,,,,,,,,,,,,,,,,,,,,,,,,,,,,,,,
"751774","JC457590","2019-10-02T18:15:00","2","DRIVER","2","714150",,"PONTIAC","GRAND PRIX","IL","2004","UNKNOWN","PASSENGER","PERSONAL","N","CHANGING LANES",,,"3",,,,,,,,,,"true",,,,,,,,"REAR-LEFT",,,,,,,,,,,,,,,,,,,,,,,,,,,,,,,,,
"751786","JC457600","2019-10-02T18:12:00","1","DRIVER","1","714153",,"NISSAN","SENTRA (DATSUN AND NISSAN HAVE MERGED)","IL","2008","UNKNOWN","PASSENGER","PERSONAL","E","STRAIGHT AHEAD",,,"2",,,,,,,,,,,,,,,,"true",,"OTHER",,,,,,,,,,,,,,,,,,,,,,,,,,,,,,,,,
"751787","JC457600","2019-10-02T18:12:00","2","DRIVER",,"714165",,"CADILLAC","CTS","IL","2010","UNKNOWN","PASSENGER","PERSONAL","S","STRAIGHT AHEAD",,,"1",,,,,,,,"true",,,,,,,,,,"REAR-RIGHT",,,,,,,,,,,,,,,,,,,,,,,,,,,,,,,,,
"752638","JC459113","2019-10-02T18:10:00","1","DRIVER","1","714963",,"TOYOTA MOTOR COMPANY, LTD.","COROLLA","IL","2011","UNKNOWN","UNKNOWN/NA","UNKNOWN/NA","W","UNKNOWN/NA",,,"2",,,,,,,,,,,,,,,,"true",,"OTHER",,,,,,,,,,,,,,,,,,,,,,,,,,,,,,,,,
"752639","JC459113","2019-10-02T18:10:00","2","DRIVER",,"714967",,"VOLVO","VOLVO","IL","2014","NONE","PASSENGER","PERSONAL","S","STRAIGHT AHEAD",,,"1",,,,,,,,,,,,"true","true","true","true",,,"ROOF",,,,,,,,,,,,,,,,,,,,,,,,,,,,,,,,,
"751779","JC457584","2019-10-02T18:05:00","1","DRIVER",,"714146",,"SPARTAN MOTORS, INC. (MFD. IN CHARLOTTE, MI)","SPARTAN MOTORS, INC. (MFD. IN CHARLOTTE, MI)","IL","2001","NONE","TRUCK - SINGLE UNIT","FIRE","S","UNKNOWN/NA",,,"1",,,,,,,,,,,,"true","true","true",,,,"ROOF",,,,,,,,,,,,,,,,,,,,,,,,,,,,,,,,,
"751822","JC457658","2019-10-02T18:01:00","1","DRIVER",,"714204",,"SATURN","Vue","IL","2008","NONE","PASSENGER","PERSONAL","S","STRAIGHT AHEAD",,,"1",,,,,,,,,,,,,,,"true","true",,"TOTAL (ALL AREAS)",,,,,,,,,,,,,,,,,,,,,,,,,,,,,,,,,
"751823","JC457658","2019-10-02T18:01:00","2","DRIVER",,"714214","true","FREIGHTLINER CORP.","FREIGHTLINER CORP.","IL","1999","NONE","TRACTOR W/ SEMI-TRAILER","COMMERCIAL - MULTI-UNIT","W","TURNING LEFT",,,"1",,,,,"true",,,,,,,,,,,"true",,"FRONT","8311","3012249","029725","219523","SIDE OF TRUCK","3","TAMIM SHOULI/ UNIX TRANSPORTATION","IL","JUSTICE",,,"1936","N","N",,"U",,"N","N",,,,,,,,,"TRACTOR/SEMI-TRAILER","VAN/ENCLOSED BOX","UNKNOWN","false","false",
"751908","JC457806","2019-10-02T18:00:00","1","DRIVER",,"714276",,"HONDA","CIVIC","IL","2001","UNKNOWN","PASSENGER","PERSONAL","N","BACKING",,,"1",,,,,,,,,,"true",,,,,,,,"REAR-LEFT",,,,,,,,,,,,,,,,,,,,,,,,,,,,,,,,,
"751909","JC457806","2019-10-02T18:00:00","2","DRIVER",,"714287",,"ACURA","ACURA","IL","2006","NONE","PASSENGER","PERSONAL","N","STRAIGHT AHEAD",,,"1",,,,,,,,,,,,,,,,"true",,"OTHER",,,,,,,,,,,,,,,,,,,,,,,,,,,,,,,,,
"751802","JC457640","2019-10-02T18:00:00","1","DRIVER",,"714168",,"ACURA","ACURA","IL","2000","NONE","PASSENGER","PERSONAL","W","STRAIGHT AHEAD",,,"1",,,,,,,,,,,,"true","true",,,,,"ROOF",,,,,,,,,,,,,,,,,,,,,,,,,,,,,,,,,
"751803","JC457640","2019-10-02T18:00:00","2","DRIVER",,"714174",,"NISSAN","NISSAN ALTIMA","IL","2017","NONE","PASSENGER","PERSONAL","W","STRAIGHT AHEAD",,,"1",,,,,,,"true","true","true",,,,,,,,,"REAR",,,,,,,,,,,,,,,,,,,,,,,,,,,,,,,,,
"751799","JC457628","2019-10-02T18:00:00","1","DRIVER",,"714161",,"NISSAN","JUKE","IL","2011","UNKNOWN","PASSENGER","PERSONAL","E","STRAIGHT AHEAD",,,"1",,,,"false",,,,,,,,,,,,,"true","OTHER",,,,,,,,,,,,,,,,,,,,,,,,,,,,,,,,,
"751800","JC457628","2019-10-02T18:00:00","2","DRIVER","1","714170",,"LINCOLN-CONTINENTAL","MKZ","IL","2012","NONE","PASSENGER","RIDESHARE SERVICE","E","SLOW/STOP IN TRAFFIC",,,"2",,,,,,,,,"true","true","true",,,,,,,"REAR-LEFT",,,,,,,,,,,,,,,,,,,,,,,,,,,,,,,,,
"751762","JC457622","2019-10-02T17:57:00","1","DRIVER",,"714136",,"NISSAN","SENTRA (DATSUN AND NISSAN HAVE MERGED)","IL","2009","NONE","PASSENGER","PERSONAL","UNKNOWN","BACKING",,,"1",,,,,,,,,,"true",,,,,,,,"REAR-LEFT",,,,,,,,,,,,,,,,,,,,,,,,,,,,,,,,,
"751763","JC457622","2019-10-02T17:57:00","2","DRIVER",,"714133",,"INFINITI","FX35","IL","2005","NONE","SPORT UTILITY VEHICLE (SUV)","PERSONAL","S","SLOW/STOP IN TRAFFIC",,,"1",,,,,,,,,,,,,,,,,,"REAR",,,,,,,,,,,,,,,,,,,,,,,,,,,,,,,,,
"751828","JC457697","2019-10-02T17:55:00","1","DRIVER",,"714191",,"TOYOCAR VAN CONTAINER TRAILER","TOYOCAR VAN CONTAINER TRAILER","IL","2012","UNKNOWN","UNKNOWN/NA","UNKNOWN/NA","E","UNKNOWN/NA",,,"1",,,,,,,,,,,,,,,,,"true","UNKNOWN",,,,,,,,,,,,,,,,,,,,,,,,,,,,,,,,,
"751829","JC457697","2019-10-02T17:55:00","2","DRIVER",,"714197",,"TOYOTA MOTOR COMPANY, LTD.","UNKNOWN","IL","2007","UNKNOWN","UNKNOWN/NA","UNKNOWN/NA","E","STRAIGHT AHEAD",,,"1",,,,,,,,,"true","true","true","true","true","true",,,,"REAR-LEFT",,,,,,,,,,,,,,,,,,,,,,,,,,,,,,,,,
"751780","JC457597","2019-10-02T17:50:00","1","DRIVER",,"714149",,"TOYOTA MOTOR COMPANY, LTD.","YARIS","IL","2007","NONE","PASSENGER","PERSONAL","E","STRAIGHT AHEAD",,,"1",,,,,,,,,,,,,,,,"true",,"OTHER",,,,,,,,,,,,,,,,,,,,,,,,,,,,,,,,,
"751781","JC457597","2019-10-02T17:50:00","2","DRIVER",,"714159",,"HYUNDAI","Santa Fe","IL","2019","NONE","SPORT UTILITY VEHICLE (SUV)","PERSONAL","E","STRAIGHT AHEAD",,,"1",,,,,,,,,,"true",,,,,,,,"REAR-LEFT",,,,,,,,,,,,,,,,,,,,,,,,,,,,,,,,,
"751854","JC457574","2019-10-02T17:50:00","1","DRIVER","1","714213","true","FREIGHTLINER CORP.","FREIGHTLINER CORP.",,"2015","NONE","SINGLE UNIT TRUCK WITH TRAILER","COMMERCIAL - SINGLE UNIT","NE","TURNING RIGHT",,,"2",,,,,,,,,,,,,,,,,,"NONE",,,,,,,,,,,,,,,,,,,,,,,,,,,,,,,,,
"751879","JC457558","2019-10-02T17:45:00","1","DRIVER","2","714246",,"FORD","CROWN VICTORIA","IL",,"UNKNOWN","PASSENGER","PERSONAL","N","STRAIGHT AHEAD","true",,"3",,"C&E","701 n sacramento",,"true",,,,,,,,,,"true","true",,"OTHER",,,,,,,,,,,,,,,,,,,,,,,,,,,,,,,,,
"751880","JC457558","2019-10-02T17:45:00","2","DRIVER",,"714256",,"HYUNDAI","TUCSON","IL",,"NONE","PASSENGER","PERSONAL","N","STRAIGHT AHEAD","true",,"1",,"unk",,,,,,,"true","true","true",,,,,,,"REAR-LEFT",,,,,,,,,,,,,,,,,,,,,,,,,,,,,,,,,
"751865","JC457744","2019-10-02T17:41:00","1","DRIVER","1","714239",,"FORD","EXPLORER","IL","2017","NONE","SPORT UTILITY VEHICLE (SUV)","POLICE","S","BACKING",,,"2",,,,,,,,,,,"true",,,,,,,"SIDE-LEFT",,,,,,,,,,,,,,,,,,,,,,,,,,,,,,,,,
"751820","JC457654","2019-10-02T17:40:00","1","DRIVER",,"714181",,"UNKNOWN","UNKNOWN","IL",,"UNKNOWN","UNKNOWN/NA","UNKNOWN/NA","S","UNKNOWN/NA",,,"1",,,,,,,,,,,,,,,,,"true","UNKNOWN",,,,,,,,,,,,,,,,,,,,,,,,,,,,,,,,,
"751821","JC457654","2019-10-02T17:40:00","2","DRIVER",,"714182",,"HYUNDAI","Accent","IL","2017","NONE","PASSENGER","PERSONAL","S","STRAIGHT AHEAD",,,"1",,,,"true",,,,,,,,,,,,,"false","NONE",,,,,,,,,,,,,,,,,,,,,,,,,,,,,,,,,
"751764","JC457566","2019-10-02T17:39:00","1","DRIVER",,"714131",,"SATURN","Ion","IL","2004","UNKNOWN","PASSENGER","PERSONAL","SW","STRAIGHT AHEAD",,,"1",,,,,"true",,,,,,,,,,,"true",,"OTHER",,,,,,,,,,,,,,,,,,,,,,,,,,,,,,,,,
"751765","JC457566","2019-10-02T17:39:00","2","DRIVER","1","714139",,"FORD","F350","IL","2005","UNKNOWN","OTHER","TOW TRUCK","SW","STRAIGHT AHEAD",,,"2",,,,"true",,,,,,,,,,,,,,"SIDE-LEFT",,,,,,,,,,,,,,,,,,,,,,,,,,,,,,,,,
"751770","JC457542","2019-10-02T17:38:00","1","BICYCLE",,,,,,,,,,,,,,,,,,,,,,,,,,,,,,,,,,,,,,,,,,,,,,,,,,,,,,,,,,,,,,,,,,
"751771","JC457542","2019-10-02T17:38:00","2","DRIVER","1","714140",,"NISSAN","ROGUE","IL","2016","UNKNOWN","PASSENGER","TAXI/FOR HIRE","W","STRAIGHT AHEAD",,,"2",,,,,,,,,,,,"true",,,,,,"ROOF",,,,,,,,,,,,,,,,,,,,,,,,,,,,,,,,,
"751768","JC457516","2019-10-02T17:36:00","1","DRIVER",,"714138",,"TOYOTA MOTOR COMPANY, LTD.","RAV4 (sport utility)","IL","2016","NONE","PASSENGER","PERSONAL","W","PASSING/OVERTAKING","true",,"1",,"private tow","unknown",,,,,,,,,,,"true","true","true","true","TOTAL (ALL AREAS)",,,,,,,,,,,,,,,,,,,,,,,,,,,,,,,,,
"751769","JC457516","2019-10-02T17:36:00","2","DRIVER",,"714145",,"KIA MOTORS CORP","Optima","IL","2019","NONE","PASSENGER","PERSONAL","N","STRAIGHT AHEAD","true",,"1",,"private tow","unknown",,,"true","true",,,,,,,,,"true","true","FRONT",,,,,,,,,,,,,,,,,,,,,,,,,,,,,,,,,
"751721","JC457503","2019-10-02T17:33:00","1","DRIVER",,"714095",,"GENERAL MOTORS CORP.","Envoy","IL",,"UNKNOWN","UNKNOWN/NA","PERSONAL","N","STRAIGHT AHEAD",,,"1",,,,,"true",,,,,,,,,,,,,"FRONT",,,,,,,,,,,,,,,,,,,,,,,,,,,,,,,,,
"751722","JC457503","2019-10-02T17:33:00","2","DRIVER","2","714089",,"HYUNDAI","SONATA","IL","2009","UNKNOWN","PASSENGER","PERSONAL","E","STRAIGHT AHEAD",,,"3",,,,,,,,"true",,,,,,,,,,"REAR-RIGHT",,,,,,,,,,,,,,,,,,,,,,,,,,,,,,,,,
"752349","JC458667","2019-10-02T17:30:00","1","DRIVER",,"714691",,"KIA MOTORS CORP","UNKNOWN","IL","2017","NONE","PASSENGER","PERSONAL","N","PASSING/OVERTAKING",,,"1",,,,,,,,,,,,,"true","true","true",,,"ROOF",,,,,,,,,,,,,,,,,,,,,,,,,,,,,,,,,
"752350","JC458667","2019-10-02T17:30:00","2","DRIVER",,"714695",,"FORD","CROWN VICTORIA","IL","2000","NONE","PASSENGER","PERSONAL","N","STRAIGHT AHEAD",,,"1",,,,,"true",,,,,,,,,,,,,"FRONT",,,,,,,,,,,,,,,,,,,,,,,,,,,,,,,,,
"751784","JC457623","2019-10-02T17:30:00","1","DRIVER",,"714162",,"UNKNOWN","UNKNOWN",,,"UNKNOWN","UNKNOWN/NA","UNKNOWN/NA","W","UNKNOWN/NA",,,"1",,,,,,,,,,,,,,,,,"true","SIDE-RIGHT",,,,,,,,,,,,,,,,,,,,,,,,,,,,,,,,,
"751785","JC457623","2019-10-02T17:30:00","2","DRIVER",,"714151",,"HONDA","CIVIC","IL","2014","NONE","PASSENGER","PERSONAL","E","TURNING LEFT",,,"1",,,,,,,,,,,,,"true","true","true",,,"ROOF",,,,,,,,,,,,,,,,,,,,,,,,,,,,,,,,,
"751775","JC457615","2019-10-02T17:30:00","1","DRIVER",,"714148",,"TOYOTA MOTOR COMPANY, LTD.","CAMRY","IL","2013","NONE","PASSENGER","PERSONAL","S","STRAIGHT AHEAD",,,"1",,,,,,"true","true","true",,,,,,,,,,"SIDE-RIGHT",,,,,,,,,,,,,,,,,,,,,,,,,,,,,,,,,
"751776","JC457615","2019-10-02T17:30:00","2","DRIVER","1","714155",,"FORD","ESCAPE (SUV)","IL","2008","NONE","PASSENGER","PERSONAL","E","STRAIGHT AHEAD",,,"2",,,,,"true",,,,,,,,,,"true","true",,"OTHER",,,,,,,,,,,,,,,,,,,,,,,,,,,,,,,,,
"751756","JC457578","2019-10-02T17:30:00","1","DRIVER",,"714115",,"NISSAN","VERSA",,"2012","NONE","PASSENGER","PERSONAL","S","CHANGING LANES",,,"1",,,,,,,,,,,,,,"true","true",,,"TOTAL (ALL AREAS)",,,,,,,,,,,,,,,,,,,,,,,,,,,,,,,,,
"751757","JC457578","2019-10-02T17:30:00","2","DRIVER",,"714122",,"FORD","F150","IL","2014","NONE","PICKUP","PERSONAL","S","STRAIGHT AHEAD",,,"1",,,,,,,"true","true","true",,,,,,,,,"SIDE-RIGHT",,,,,,,,,,,,,,,,,,,,,,,,,,,,,,,,,
"751758","JC457526","2019-10-02T17:30:00","1","DRIVER",,"714129",,"GENERAL MOTORS CORP.","VANDURA","IL",,"NONE","PASSENGER","PERSONAL","E","STRAIGHT AHEAD","true",,"1",,"private",,,"true",,,,,,,,,,"true","true",,"OTHER",,,,,,,,,,,,,,,,,,,,,,,,,,,,,,,,,
"751759","JC457526","2019-10-02T17:30:00","2","DRIVER",,"714135",,"NISSAN","Terrano II (sport utility)","IL","2011","NONE","PASSENGER","PERSONAL","E","STRAIGHT AHEAD","true",,"1",,"private",,,,,,,"true","true","true",,,,,,,"REAR-LEFT",,,,,,,,,,,,,,,,,,,,,,,,,,,,,,,,,
"751728","JC457506","2019-10-02T17:25:00","1","DRIVER",,"714094",,"FREIGHTLINER CORP.","FREIGHTLINER CORP.","IL","2019","NONE","TRUCK - SINGLE UNIT","COMMERCIAL - SINGLE UNIT","E","STRAIGHT AHEAD",,,"1",,,,,"false",,,,,,,,,,,"true",,"OTHER",,,,,,,,,,,,,,,,,,,,,,,,,,,,,,,,,
"751729","JC457506","2019-10-02T17:25:00","2","DRIVER","2","714101",,"JEEP","UNKNOWN","IL","2018","NONE","SPORT UTILITY VEHICLE (SUV)","PERSONAL","N","TURNING LEFT",,,"3",,,,,,,,,,"true","true","true",,,,,,"FRONT-LEFT",,,,,,,,,,,,,,,,,,,,,,,,,,,,,,,,,
"751831","JC457675","2019-10-02T17:23:00","1","DRIVER",,"714198","false","FORD","Econoline E-450","AZ","2011","UNKNOWN","TRUCK - SINGLE UNIT","PERSONAL","N","STRAIGHT AHEAD",,,"1",,,,,,,,,,,,,,,,,,,,,,,,,,,,,,,,,,,,,,,,,,,,,,,,,,,
"751832","JC457675","2019-10-02T17:23:00","2","PARKED",,"714217",,"FORD","UNKNOWN","IL","2019","UNKNOWN","VAN/MINI-VAN","OTHER","N","PARKED",,,"0",,,,,,,,,,,,,,,,,,,,,,,,,,,,,,,,,,,,,,,,,,,,,,,,,,,
"751811","JC457508","2019-10-02T17:23:00","1","DRIVER","1","714178",,"CHEVROLET","CRUZE","IL","2018","NONE","PASSENGER","PERSONAL","N","TURNING LEFT","true",,"2",,"PRIVATE TOW",,,"true",,,,,,,,,,"true","true",,"OTHER",,,,,,,,,,,,,,,,,,,,,,,,,,,,,,,,,
"751812","JC457508","2019-10-02T17:23:00","2","DRIVER",,"714185","false","NISSAN","NISSAN","IL","2016","NONE","VAN/MINI-VAN","COMMERCIAL - SINGLE UNIT","E","STRAIGHT AHEAD",,,"1",,,,,,,"true","true",,,,,,,,,,"SIDE-RIGHT",,,,,,,,,,,,,,,,,,,,,,,,,,,,,,,,,
"751738","JC457531","2019-10-02T17:22:00","1","DRIVER",,"714111",,"TOYOTA MOTOR COMPANY, LTD.","RAV4 (sport utility)","IL","2014","UNKNOWN","PASSENGER","PERSONAL","N","STRAIGHT AHEAD",,,"1",,,,,,"true","true","true",,,,,,,,,,"SIDE-RIGHT",,,,,,,,,,,,,,,,,,,,,,,,,,,,,,,,,
"751739","JC457531","2019-10-02T17:22:00","2","DRIVER","1","714132",,"NISSAN","NISSAN ALTIMA","IL","2015","NONE","PASSENGER","PERSONAL","W","STRAIGHT AHEAD",,,"2",,,,,,,,,,,,,,,,"true",,"OTHER",,,,,,,,,,,,,,,,,,,,,,,,,,,,,,,,,
"751754","JC457572","2019-10-02T17:20:00","1","DRIVER",,"714116",,"HYUNDAI","SONATA","VA","2016","UNKNOWN","PASSENGER","UNKNOWN/NA","SW","STRAIGHT AHEAD",,,"1",,,,,"true",,,,,,,,,,"true","true",,"OTHER",,,,,,,,,,,,,,,,,,,,,,,,,,,,,,,,,
"751755","JC457572","2019-10-02T17:20:00","2","DRIVER",,"714121",,"HONDA","ACCORD","IL","2000","UNKNOWN","PASSENGER","UNKNOWN/NA","SW","STRAIGHT AHEAD",,,"1",,,,,,,,,,"true","true",,,,,,,"REAR-LEFT",,,,,,,,,,,,,,,,,,,,,,,,,,,,,,,,,
"751717","JC457505","2019-10-02T17:16:00","1","DRIVER","3","714091",,"CHEVROLET","SUBURBAN","IL",,"UNKNOWN","OTHER","UNKNOWN/NA","E","TURNING LEFT",,,"4",,,,,,,,,,,,,,,,,"true","TOTAL (ALL AREAS)",,,,,,,,,,,,,,,,,,,,,,,,,,,,,,,,,
"751718","JC457505","2019-10-02T17:16:00","2","DRIVER",,"714118",,"TOYOTA MOTOR COMPANY, LTD.","RAV4 (sport utility)","IL","2002","NONE","SPORT UTILITY VEHICLE (SUV)","PERSONAL","W","STRAIGHT AHEAD",,,"1",,,,,,,,,,,"true",,,,,,,"FRONT-LEFT",,,,,,,,,,,,,,,,,,,,,,,,,,,,,,,,,
"751742","JC457555","2019-10-02T17:10:00","1","DRIVER","1","714103",,"UNKNOWN","UNKNOWN",,,"UNKNOWN","TRUCK - SINGLE UNIT","OTHER","S","MERGING",,,"2",,,,,,,,,,,,,,,,,"true","REAR",,,,,,,,,,,,,,,,,,,,,,,,,,,,,,,,,
"751743","JC457555","2019-10-02T17:10:00","2","BICYCLE",,,,,,,,,,,,,,,,,,,,,,,,,,,,,,,,,,,,,,,,,,,,,,,,,,,,,,,,,,,,,,,,,,
"751938","JC457845","2019-10-02T17:00:00","1","DRIVER",,"714299",,"HONDA","ACCORD","IL","2016","UNKNOWN","PASSENGER","PERSONAL","E","STRAIGHT AHEAD",,,"1",,,,,,,,,,,,,,,,"true",,"OTHER",,,,,,,,,,,,,,,,,,,,,,,,,,,,,,,,,
"751939","JC457845","2019-10-02T17:00:00","2","DRIVER",,"714303",,"FREIGHTLINER CORP.","UNKNOWN","IL","2018","NONE","OTHER","OTHER","E","STRAIGHT AHEAD",,,"1",,,,,,,,,,"true",,,,,,,,"REAR-LEFT",,,,,,,,,,,,,,,,,,,,,,,,,,,,,,,,,
"751898","JC457833","2019-10-02T17:00:00","1","DRIVER",,"714265",,"UNKNOWN","UNKNOWN",,,"UNKNOWN","UNKNOWN/NA","UNKNOWN/NA","W","UNKNOWN/NA",,,"1",,,,,,,,,,,,,,,,,"true","UNKNOWN",,,,,,,,,,,,,,,,,,,,,,,,,,,,,,,,,
"751899","JC457833","2019-10-02T17:00:00","2","PARKED",,"714267",,"NISSAN","NISSAN ALTIMA","IL",,"NONE","PASSENGER","PERSONAL","W","PARKED",,,"0",,,,,,,,"true",,,,,,,,,,"SIDE-RIGHT",,,,,,,,,,,,,,,,,,,,,,,,,,,,,,,,,
"751719","JC457525","2019-10-02T17:00:00","1","DRIVER",,"714088",,"BUICK","CENTURY","IL","2005","NONE","PASSENGER","PERSONAL","W","STRAIGHT AHEAD",,,"1",,,,,,,,,,,,,,,,"true",,"OTHER",,,,,,,,,,,,,,,,,,,,,,,,,,,,,,,,,
"751720","JC457525","2019-10-02T17:00:00","2","DRIVER",,"714092",,"FORD","UNKNOWN",,,"UNKNOWN","PICKUP","UNKNOWN/NA","W","STRAIGHT AHEAD",,,"1",,,,,,,,,,,,,,,,,"true","UNKNOWN",,,,,,,,,,,,,,,,,,,,,,,,,,,,,,,,,
"751690","JC457476","2019-10-02T17:00:00","1","DRIVER","1","714063",,"JEEP","PATRIOT","IL","2017","NONE","SPORT UTILITY VEHICLE (SUV)","PERSONAL","N","PASSING/OVERTAKING",,,"2",,,,,"true",,,,,,,,"true","true","true","true",,"OTHER",,,,,,,,,,,,,,,,,,,,,,,,,,,,,,,,,
"751691","JC457476","2019-10-02T17:00:00","2","DRIVER",,"714073",,"HYUNDAI","ELANTRA","IL","2017","NONE","PASSENGER","PERSONAL","W","TURNING LEFT",,,"1",,,,,,,,,,,"true","true","true","true","true",,,"TOTAL (ALL AREAS)",,,,,,,,,,,,,,,,,,,,,,,,,,,,,,,,,
"755881","JC457493","2019-10-02T16:45:00","1","DRIVER",,"717987",,"HONDA","FIT","IL","2019","UNKNOWN","UNKNOWN/NA","UNKNOWN/NA","N","UNKNOWN/NA",,,"1",,,,,,,,,,,,,,,,"true",,"OTHER",,,,,,,,,,,,,,,,,,,,,,,,,,,,,,,,,
"755882","JC457493","2019-10-02T16:45:00","2","DRIVER",,"717988",,"HINO","HINO","IL","2020","NONE","PASSENGER","OTHER","N","STRAIGHT AHEAD",,,"1",,,,,,,,,,"true",,,,,,,,"REAR-LEFT",,,,,,,,,,,,,,,,,,,,,,,,,,,,,,,,,
"752078","JC458178","2019-10-02T16:30:00","1","DRIVER",,"714436",,"TOYOTA MOTOR COMPANY, LTD.","COROLLA","IL","1998","NONE","PASSENGER","PERSONAL","W","STRAIGHT AHEAD",,,"1",,,,,"true",,,,,,,,,,,"true",,"OTHER",,,,,,,,,,,,,,,,,,,,,,,,,,,,,,,,,
"752079","JC458178","2019-10-02T16:30:00","2","DRIVER",,"714445",,"TOYOTA MOTOR COMPANY, LTD.","COROLLA","IL","2019","NONE","PASSENGER","PERSONAL","S","TURNING LEFT",,,"1",,,,,,,,,,,,"true","true",,,,,"ROOF",,,,,,,,,,,,,,,,,,,,,,,,,,,,,,,,,