"crash_unit_id","rd_no","crash_date","unit_no","unit_type","num_passengers","vehicle_id","cmrc_veh_i","make","model","lic_plate_state","vehicle_year","vehicle_defect","vehicle_type","vehicle_use","travel_direction","maneuver","towed_i","fire_i","occupant_cnt","exceed_speed_limit_i","towed_by","towed_to","area_00_i","area_01_i","area_02_i","area_03_i","area_04_i","area_05_i","area_06_i","area_07_i","area_08_i","area_09_i","area_10_i","area_11_i","area_12_i","area_99_i","first_contact_point","cmv_id","usdot_no","ccmc_no","ilcc_no","commercial_src","gvwr","carrier_name","carrier_state","carrier_city","hazmat_placards_i","hazmat_name","un_no","hazmat_present_i","hazmat_report_i","hazmat_report_no","mcs_report_i","mcs_report_no","hazmat_vio_cause_crash_i","mcs_vio_cause_crash_i","idot_permit_no","wide_load_i","trailer1_width","trailer2_width","trailer1_length","trailer2_length","total_vehicle_length","axle_cnt","vehicle_config","cargo_body_type","load_type","hazmat_out_of_service_i","mcs_out_of_service_i","hazmat_class"
"751705","JC457468","2019-10-02T16:30:00","1","DRIVER",,"714083",,"FORD","Explorer","IL","2010","NONE","PASSENGER","PERSONAL","S","STRAIGHT AHEAD",,,"1",,,,,"true",,,,,,,,,,,,,"FRONT",,,,,,,,,,,,,,,,,,,,,,,,,,,,,,,,,
"751706","JC457468","2019-10-02T16:30:00","2","DRIVER","1","714090",,"OLDSMOBILE","OLDSMOBILE","IL","1996","NONE","PASSENGER","PERSONAL","S","TURNING RIGHT",,,"2",,,,,,,,,,,"true",,,,,,,"FRONT-LEFT",,,,,,,,,,,,,,,,,,,,,,,,,,,,,,,,,
"751692","JC457426","2019-10-02T16:30:00","1","DRIVER",,"714066",,"JEEP","Grand Cherokee (for vehicle years 1989 to present)","IL","2005","NONE","PASSENGER","PERSONAL","E","STRAIGHT AHEAD",,,"1",,,,,,,,,,,,,,,,"true",,"OTHER",,,,,,,,,,,,,,,,,,,,,,,,,,,,,,,,,
"751693","JC457426","2019-10-02T16:30:00","2","DRIVER",,"714072",,"JEEP","Grand Cherokee (for vehicle years 1989 to present)","IL","2002","NONE","PASSENGER","PERSONAL","S","STRAIGHT AHEAD",,,"1",,,,,,,"true",,,,,,,,,,,"SIDE-RIGHT",,,,,,,,,,,,,,,,,,,,,,,,,,,,,,,,,
"751694","JC457426","2019-10-02T16:30:00","3","PARKED",,"714079",,"GENERAL MOTORS CORP.","SIERRA","IL","2007","NONE","PICKUP","PERSONAL","N","PARKED",,,"0",,,,,,,,,,,,,"true",,,,,"ROOF",,,,,,,,,,,,,,,,,,,,,,,,,,,,,,,,,
"751750","JC457462","2019-10-02T16:27:00","1","DRIVER",,"714113",,"ACURA","ACURA","IL","2005","UNKNOWN","SPORT UTILITY VEHICLE (SUV)","PERSONAL","S","STRAIGHT AHEAD",,,"1",,,,,"true",,,,,,,,,,,,,"FRONT",,,,,,,,,,,,,,,,,,,,,,,,,,,,,,,,,
"751751","JC457462","2019-10-02T16:27:00","2","DRIVER",,"714127",,"UNKNOWN","UNKNOWN","IL",,"UNKNOWN","UNKNOWN/NA","UNKNOWN/NA","S","STRAIGHT AHEAD",,,"1",,,,,,,,,,,"true",,,,,,,"SIDE-LEFT",,,,,,,,,,,,,,,,,,,,,,,,,,,,,,,,,
"751699","JC457455","2019-10-02T16:25:00","1","DRIVER",,"714112",,"TOYOTA MOTOR COMPANY, LTD.","UNKNOWN","IL","2014","UNKNOWN","PASSENGER","PERSONAL","E","STRAIGHT AHEAD",,,"1",,,,,,,,,,,,,,,,"true",,"OTHER",,,,,,,,,,,,,,,,,,,,,,,,,,,,,,,,,
"751700","JC457455","2019-10-02T16:25:00","2","DRIVER",,"714147",,"CHEVROLET","UNKNOWN","IL","2014","UNKNOWN","PASSENGER","PERSONAL","E","STRAIGHT AHEAD",,,"1",,,,,,,,,,"true",,,,,,,,"REAR-LEFT",,,,,,,,,,,,,,,,,,,,,,,,,,,,,,,,,
"751794","JC457629","2019-10-02T16:20:00","1","DRIVER",,"714154",,"TOYOTA MOTOR COMPANY, LTD.","Prius","IL","2005","NONE","PASSENGER","PERSONAL","NE","TURNING RIGHT",,,"1",,,,,,,,,,,"true","true","true","true","true",,,"ROOF",,,,,,,,,,,,,,,,,,,,,,,,,,,,,,,,,
"751795","JC457629","2019-10-02T16:20:00","2","DRIVER",,"714163",,"CHEVROLET","COBALT","IL","2010","NONE","PASSENGER","PERSONAL","E","STRAIGHT AHEAD",,,"1",,,,,"true",,,,,,,,,,,,,"FRONT",,,,,,,,,,,,,,,,,,,,,,,,,,,,,,,,,
"751734","JC457459","2019-10-02T16:20:00","1","DRIVER",,"714105",,"DODGE","RAM 3500 PU","IL","2004","UNKNOWN","PICKUP","PERSONAL","N","STRAIGHT AHEAD",,,"1",,,,,,,,"true",,,,,,,,,,"REAR",,,,,,,,,,,,,,,,,,,,,,,,,,,,,,,,,
"751735","JC457459","2019-10-02T16:20:00","2","DRIVER","1","714119",,"SUBARU","OUTBACK","IL","2018","UNKNOWN","PASSENGER","PERSONAL","N","TURNING RIGHT",,,"2",,,,,,,,,,,,,,,,,,"OTHER",,,,,,,,,,,,,,,,,,,,,,,,,,,,,,,,,
"751715","JC457430","2019-10-02T16:20:00","1","BICYCLE",,,,,,,,,,,,,,,,,,,,,,,,,,,,,,,,,,,,,,,,,,,,,,,,,,,,,,,,,,,,,,,,,,
"751716","JC457430","2019-10-02T16:20:00","2","DRIVER",,"714082",,"NISSAN","SENTRA (DATSUN AND NISSAN HAVE MERGED)","IL","2014","UNKNOWN","PASSENGER","PERSONAL","SE","TURNING RIGHT",,,"1",,,,,,,"true","true",,,,,,,,,,"REAR-RIGHT",,,,,,,,,,,,,,,,,,,,,,,,,,,,,,,,,
"751657","JC457410","2019-10-02T16:17:00","1","DRIVER",,"714044",,"HONDA","ACCORD","IL","2004","NONE","PASSENGER","PERSONAL","W","STRAIGHT AHEAD",,,"1",,,,,,,,,,,,,,,,"true",,"OTHER",,,,,,,,,,,,,,,,,,,,,,,,,,,,,,,,,
"751658","JC457410","2019-10-02T16:17:00","2","DRIVER",,"714036",,"CHEVROLET","Avalanche","IL","2010","NONE","PICKUP","PERSONAL","W","SLOW/STOP IN TRAFFIC",,,"1",,,,,,,,,,,,,,,,,,"REAR-LEFT",,,,,,,,,,,,,,,,,,,,,,,,,,,,,,,,,
"752199","JC458374","2019-10-02T16:15:00","1","DRIVER",,"714547",,"CHEVROLET","EQUINOX","IL","2016","UNKNOWN","SPORT UTILITY VEHICLE (SUV)","PERSONAL","S","STRAIGHT AHEAD",,,"1",,,,,,,,,,,,,,,,"true",,"OTHER",,,,,,,,,,,,,,,,,,,,,,,,,,,,,,,,,
"752200","JC458374","2019-10-02T16:15:00","2","DRIVER",,"714554",,"TOYOTA MOTOR COMPANY, LTD.","RAV4 (sport utility)","IL","2019","NONE","SPORT UTILITY VEHICLE (SUV)","PERSONAL","S","STRAIGHT AHEAD",,,"1",,,,,,,,,"true",,,,,,,,,"REAR",,,,,,,,,,,,,,,,,,,,,,,,,,,,,,,,,
"751748","JC457472","2019-10-02T16:15:00","1","DRIVER",,"714194",,"UNKNOWN","UNKNOWN",,,"UNKNOWN","UNKNOWN/NA","UNKNOWN/NA","S","BACKING",,,"1",,,,,,,,,,,,,,,,,,"REAR-LEFT",,,,,,,,,,,,,,,,,,,,,,,,,,,,,,,,,
"751749","JC457472","2019-10-02T16:15:00","2","PARKED",,"714130",,"MITSUBISHI","UNKNOWN","MO","2018","UNKNOWN","SPORT UTILITY VEHICLE (SUV)","PERSONAL","S","PARKED",,,"0",,,,,,,,,,,,,,,,"true",,"OTHER",,,,,,,,,,,,,,,,,,,,,,,,,,,,,,,,,
"751703","JC457470","2019-10-02T16:15:00","1","DRIVER",,"714084",,"UNKNOWN","UNKNOWN","PA",,"NONE","TRACTOR W/ SEMI-TRAILER","UNKNOWN/NA","S","BACKING",,,"1",,,,,,,,,,,,,,,,,"true","REAR-LEFT",,,,,,,,,,,,,,,,,,,,,,,,,,,,,,,,,
"751704","JC457470","2019-10-02T16:15:00","2","PARKED",,"714075",,"TOYOTA MOTOR COMPANY, LTD.","CAMRY","IL","2015","NONE","PASSENGER","PERSONAL","S","PARKED",,,"0",,,,,,,,"true",,,,,,,,,,"REAR-RIGHT",,,,,,,,,,,,,,,,,,,,,,,,,,,,,,,,,
"752546","JC457398","2019-10-02T16:15:00","1","DRIVER","1","714860",,"CHEVROLET","UNKNOWN","IL",,"UNKNOWN","PASSENGER","UNKNOWN/NA","N","STRAIGHT AHEAD",,,"2",,,,,,,,,,,,,"true",,,,,"ROOF",,,,,,,,,,,,,,,,,,,,,,,,,,,,,,,,,
"752547","JC457398","2019-10-02T16:15:00","2","DRIVER",,"714861",,"JEEP","Wrangler (for vehicle years 1989 to present)","IL","2015","NONE","PASSENGER","UNKNOWN/NA","N","TURNING LEFT",,,"1",,,,,"true",,,,,,,,,,,,,"FRONT",,,,,,,,,,,,,,,,,,,,,,,,,,,,,,,,,
"751709","JC457397","2019-10-02T16:15:00","1","DRIVER","3","714087",,"BUICK","LACROSSE","IL","2000","NONE","PASSENGER","PERSONAL","W","PASSING/OVERTAKING","true",,"4",,"PRIVATE",,,,,,,,,,,,"true","true",,,"UNDER CARRIAGE",,,,,,,,,,,,,,,,,,,,,,,,,,,,,,,,,
"751710","JC457397","2019-10-02T16:15:00","2","DRIVER","1","714096",,"BUICK","REGAL","IL","2011","NONE","PASSENGER","PERSONAL","W","STRAIGHT AHEAD",,,"2",,,,,"true","true","true",,,,,,,,,"true",,"FRONT-RIGHT",,,,,,,,,,,,,,,,,,,,,,,,,,,,,,,,,
"751671","JC457394","2019-10-02T16:15:00","1","DRIVER",,"714049",,"MAZDA","Mazda 3","IL","2008","NONE","PASSENGER","PERSONAL","W","STRAIGHT AHEAD",,,"1",,,,,"true","true",,,,,,,,,,,,"TOTAL (ALL AREAS)",,,,,,,,,,,,,,,,,,,,,,,,,,,,,,,,,
"751672","JC457394","2019-10-02T16:15:00","2","PARKED",,"714051",,"UNKNOWN","UNKNOWN","IL","2007","NONE","PASSENGER","PERSONAL","W","PARKED",,,"0",,,,,,,,,,,"true",,,,,,,"SIDE-LEFT",,,,,,,,,,,,,,,,,,,,,,,,,,,,,,,,,
"756474","JC466378","2019-10-02T16:10:00","1","DRIVER","1","718558",,"FORD","CROWN VICTORIA","IL","2000","UNKNOWN","PASSENGER","PERSONAL","SE","PASSING/OVERTAKING",,,"2",,,,,"true","true",,,,,,,,,,,,"FRONT",,,,,,,,,,,,,,,,,,,,,,,,,,,,,,,,,
"756475","JC466378","2019-10-02T16:10:00","2","DRIVER","1","718590",,"KIA MOTORS CORP","SOUL","IL","2017","UNKNOWN","PASSENGER","RIDESHARE SERVICE","E","SLOW/STOP IN TRAFFIC",,,"2",,,,,,,,,,,,"true","true","true",,,,"ROOF",,,,,,,,,,,,,,,,,,,,,,,,,,,,,,,,,
"751744","JC457403","2019-10-02T16:10:00","1","DRIVER",,"714108",,"CHEVROLET","IMPALA","IL","2005","UNKNOWN","PASSENGER","PERSONAL","N","STRAIGHT AHEAD",,,"1",,,,,"true",,,,,,,,,,"true","true",,"OTHER",,,,,,,,,,,,,,,,,,,,,,,,,,,,,,,,,
"751745","JC457403","2019-10-02T16:10:00","2","DRIVER","1","714117",,"DODGE","JOURNEY","IL","2018","UNKNOWN","PASSENGER","PERSONAL","W","STRAIGHT AHEAD","true",,"2",,,,,"true",,,,,,"true","true","true",,,"true",,"FRONT-LEFT",,,,,,,,,,,,,,,,,,,,,,,,,,,,,,,,,
"751746","JC457403","2019-10-02T16:10:00","3","DRIVER","2","714128",,"CHEVROLET","MALIBU (CHEVELLE)","PA","2018","UNKNOWN","PASSENGER","OTHER","W","STRAIGHT AHEAD",,,"3",,,,,,,,,,,"true","true",,,,,,"FRONT-LEFT",,,,,,,,,,,,,,,,,,,,,,,,,,,,,,,,,
"751747","JC457403","2019-10-02T16:10:00","4","DRIVER",,"714134",,"UNKNOWN","UNKNOWN","IL",,"UNKNOWN","UNKNOWN/NA","UNKNOWN/NA","E","STRAIGHT AHEAD",,,"1",,,,,,,,,,,,,,,,,,"UNKNOWN",,,,,,,,,,,,,,,,,,,,,,,,,,,,,,,,,
"751648","JC457379","2019-10-02T16:10:00","1","DRIVER",,"714030",,"UNKNOWN","UNKNOWN",,,"UNKNOWN","UNKNOWN/NA","UNKNOWN/NA","S","UNKNOWN/NA",,,"1",,,,,,,,,,,,,,,,,"true","UNKNOWN",,,,,,,,,,,,,,,,,,,,,,,,,,,,,,,,,
"751649","JC457379","2019-10-02T16:10:00","2","DRIVER",,"714053",,"TOYOTA MOTOR COMPANY, LTD.","UNKNOWN",,"2018","NONE","SPORT UTILITY VEHICLE (SUV)","PERSONAL","S","STRAIGHT AHEAD",,,"1",,,,,,,,,,"true",,,,,,,,"REAR-LEFT",,,,,,,,,,,,,,,,,,,,,,,,,,,,,,,,,
"751680","JC457458","2019-10-02T16:05:00","1","DRIVER",,"714071",,"PONTIAC","GRAND PRIX","IL","2008","UNKNOWN","PASSENGER","UNKNOWN/NA","W","UNKNOWN/NA",,,"1",,,,,,,,,,,,,,,,,"true","UNKNOWN",,,,,,,,,,,,,,,,,,,,,,,,,,,,,,,,,
"751681","JC457458","2019-10-02T16:05:00","2","DRIVER",,"714056",,"HONDA","CRV",,"2019","NONE","SPORT UTILITY VEHICLE (SUV)","PERSONAL","W","SLOW/STOP IN TRAFFIC",,,"1",,,,,,,,,,,"true",,,,,,,"SIDE-LEFT",,,,,,,,,,,,,,,,,,,,,,,,,,,,,,,,,
"751661","JC457401","2019-10-02T16:04:00","1","DRIVER","1","714052",,"HYUNDAI","TUCSON","IL","2008","UNKNOWN","SPORT UTILITY VEHICLE (SUV)","UNKNOWN/NA","S","UNKNOWN/NA",,,"2",,,,,,,,,,,,,,,,"true",,"OTHER",,,,,,,,,,,,,,,,,,,,,,,,,,,,,,,,,
"751662","JC457401","2019-10-02T16:04:00","2","DRIVER",,"714033",,"HONDA","CIVIC","IL","2012","NONE","PASSENGER","PERSONAL","S","SLOW/STOP IN TRAFFIC",,,"1",,,,,,,,,,"true",,,,,,,,"REAR-LEFT",,,,,,,,,,,,,,,,,,,,,,,,,,,,,,,,,
"752607","JC459041","2019-10-02T16:00:00","1","DRIVER",,"714927",,"VOLKSWAGEN","UNKNOWN","IL","2002","UNKNOWN","PASSENGER","PERSONAL","S","STRAIGHT AHEAD",,,"1",,,,,,,"true","true",,,,,,,,,,"SIDE-RIGHT",,,,,,,,,,,,,,,,,,,,,,,,,,,,,,,,,
"752608","JC459041","2019-10-02T16:00:00","2","DRIVER",,"714931",,"TOYOTA MOTOR COMPANY, LTD.","Avalon","IL","2009","NONE","PASSENGER","PERSONAL","E","STRAIGHT AHEAD",,,"1",,,,,,,,,,,,,,,,"true",,"OTHER",,,,,,,,,,,,,,,,,,,,,,,,,,,,,,,,,
"751782","JC457520","2019-10-02T16:00:00","1","DRIVER",,"714164",,"HONDA","CIVIC","IL","1999","UNKNOWN","UNKNOWN/NA","UNKNOWN/NA","N","UNKNOWN/NA",,,"1",,,,,"true",,,,,,,,,,,,,"FRONT",,,,,,,,,,,,,,,,,,,,,,,,,,,,,,,,,
"751783","JC457520","2019-10-02T16:00:00","2","BICYCLE",,,,,,,,,,,,,,,,,,,,,,,,,,,,,,,,,,,,,,,,,,,,,,,,,,,,,,,,,,,,,,,,,,
"751666","JC457408","2019-10-02T16:00:00","1","DRIVER",,"714046",,"FORD","UNKNOWN","IL",,"UNKNOWN","UNKNOWN/NA","UNKNOWN/NA","S","STRAIGHT AHEAD",,,"1",,,,,,,,,,,,,,,,"true","true","OTHER",,,,,,,,,,,,,,,,,,,,,,,,,,,,,,,,,
"751667","JC457408","2019-10-02T16:00:00","2","DRIVER",,"714947",,"CADILLAC","UNKNOWN","IL","2014","NONE","PASSENGER","PERSONAL","S","STRAIGHT AHEAD",,,"1",,,,,,,,,,"true",,,,,,,"true","REAR-LEFT",,,,,,,,,,,,,,,,,,,,,,,,,,,,,,,,,
"751682","JC457460","2019-10-02T15:55:00","1","DRIVER",,"714054",,"HYUNDAI","UNKNOWN","IL",,"UNKNOWN","PASSENGER","PERSONAL","SW","MERGING",,,"1",,,,,"true","true",,,,,,,,,,,,"FRONT-RIGHT",,,,,,,,,,,,,,,,,,,,,,,,,,,,,,,,,
"751683","JC457460","2019-10-02T15:55:00","2","DRIVER",,"714059",,"CHEVROLET","TRAVERSE","IL","2019","NONE","PASSENGER","PERSONAL","SW","STRAIGHT AHEAD",,,"1",,,,,,,,,,,,,"true","true","false",,,"ROOF",,,,,,,,,,,,,,,,,,,,,,,,,,,,,,,,,
"752261","JC457575","2019-10-02T15:45:00","1","DRIVER",,"714601",,"FORD","FUSION","IL","2018","NONE","PASSENGER","PERSONAL","S","STRAIGHT AHEAD",,,"1",,,,,,,,,,,,,,,,"true",,"OTHER",,,,,,,,,,,,,,,,,,,,,,,,,,,,,,,,,
"752262","JC457575","2019-10-02T15:45:00","2","DRIVER",,"714599",,"UNKNOWN","UNKNOWN",,,"UNKNOWN","PASSENGER","PERSONAL","S","STRAIGHT AHEAD",,,"1",,,,,,,,,,"true",,,,,,,,"REAR-LEFT",,,,,,,,,,,,,,,,,,,,,,,,,,,,,,,,,
"751643","JC457344","2019-10-02T15:45:00","1","DRIVER",,"714014",,"FORD","TAURUS","IL","2005","NONE","PASSENGER","PERSONAL","N","SLOW/STOP IN TRAFFIC",,,"1",,,,,,"true","true",,,,,,,,,,,"SIDE-RIGHT",,,,,,,,,,,,,,,,,,,,,,,,,,,,,,,,,
"751644","JC457344","2019-10-02T15:45:00","2","DRIVER",,"714032",,"A & B TRAILER MFG. CO., INC., CROWN POINT, IN","A & B TRAILER MFG. CO., INC., CROWN POINT, IN","IL",,"NONE","TRACTOR W/ SEMI-TRAILER","COMMERCIAL - SINGLE UNIT","N","SLOW/STOP IN TRAFFIC",,,"1",,,,"true",,,,,,,"false",,,,,,,"FRONT-LEFT",,,,,,,,,,,,,,,,,,,,,,,,,,,,,,,,,
"751641","JC457338","2019-10-02T15:45:00","1","DRIVER",,"714019",,"CHRYSLER","Sebring","IL","2015","NONE","PASSENGER","PERSONAL","S","TURNING LEFT",,,"1",,,,,"true","true","true",,,,,,,,,,,"SIDE-RIGHT",,,,,,,,,,,,,,,,,,,,,,,,,,,,,,,,,
"751642","JC457338","2019-10-02T15:45:00","2","DRIVER",,"714038",,"FORD","UNKNOWN",,"2002","BRAKES","PASSENGER","PERSONAL","N","STRAIGHT AHEAD",,,"1",,,,,"true",,,,,,,,,"false","true","true",,"TOTAL (ALL AREAS)",,,,,,,,,,,,,,,,,,,,,,,,,,,,,,,,,
"751630","JC457374","2019-10-02T15:40:00","1","DRIVER",,"714005","false","FORD","ECONOLINE E350","IL","2011","NONE","BUS UP TO 15 PASS.","OTHER","SW","ENTERING TRAFFIC LANE FROM PARKING",,,"1",,,,,,,"true","true",,,,,,,,,,"REAR-RIGHT",,,,,,,,,,,,,,,,,,,,,,,,,,,,,,,,,
"751631","JC457374","2019-10-02T15:40:00","2","PARKED","1","714013","true","FORD","UNKNOWN","IL","2016","NONE","BUS UP TO 15 PASS.","OTHER","W","PARKED IN TRAFFIC LANE",,,"1",,,,,,,,,,,"true",,,,,,,"SIDE-LEFT","8310","3049011",,,"SIDE OF TRUCK","2","SGO HOTEL PARTNERS LLC","IL","ROSEMONT",,,,,,,,,,,,,,,,,"35","2","BUS","BUS","OTHER",,,
"751668","JC457366","2019-10-02T15:40:00","1","DRIVER",,"714050",,"OLDSMOBILE","Silhouette","IL","2003","NONE","PASSENGER","PERSONAL","S","STRAIGHT AHEAD",,,"1",,,,,,,,,,,,,,,,"true",,"OTHER",,,,,,,,,,,,,,,,,,,,,,,,,,,,,,,,,
"751669","JC457366","2019-10-02T15:40:00","2","DRIVER",,"714045",,"NISSAN","VERSA","CA","2018","NONE","PASSENGER","OTHER","E","STRAIGHT AHEAD",,,"1",,,,,,,,,,,,"true",,,,,,"ROOF",,,,,,,,,,,,,,,,,,,,,,,,,,,,,,,,,
"751633","JC457326","2019-10-02T15:40:00","1","DRIVER",,"714004",,"CHEVROLET","UNKNOWN","IL","2005","UNKNOWN","PICKUP","UNKNOWN/NA","E","STRAIGHT AHEAD",,,"1",,,,,,,,,,,,,,,,,"true","OTHER",,,,,,,,,,,,,,,,,,,,,,,,,,,,,,,,,
"751634","JC457326","2019-10-02T15:40:00","2","DRIVER",,"714015",,"VOLKSWAGEN","PASSAT","IL","2004","NONE","PASSENGER","PERSONAL","N","STRAIGHT AHEAD","true",,"1",,"private","unknown",,"true",,,,,,,,,,"true","true",,"OTHER",,,,,,,,,,,,,,,,,,,,,,,,,,,,,,,,,
"751673","JC457385","2019-10-02T15:31:00","1","DRIVER",,"714048",,"CADILLAC","UNKNOWN","IL","2014","UNKNOWN","PASSENGER","PERSONAL","S","PASSING/OVERTAKING",,,"1",,,,,,,,,,,,,,,,,"true","OTHER",,,,,,,,,,,,,,,,,,,,,,,,,,,,,,,,,
"751670","JC457385","2019-10-02T15:31:00","2","PEDESTRIAN",,,,,,,,,,,,,,,,,,,,,,,,,,,,,,,,,,,,,,,,,,,,,,,,,,,,,,,,,,,,,,,,,,
"754915","JC463360","2019-10-02T15:30:00","1","DRIVER",,"717094",,"FORD","EDGE","IL","2011","UNKNOWN","PASSENGER","PERSONAL","W","PASSING/OVERTAKING",,,"1",,,,,,,"true","true","true",,,,,,,,,"REAR-RIGHT",,,,,,,,,,,,,,,,,,,,,,,,,,,,,,,,,
"754916","JC463360","2019-10-02T15:30:00","2","DRIVER",,"717100",,"SUBARU","OUTBACK","IL","2020","NONE","PASSENGER","OTHER","W","STRAIGHT AHEAD",,,"1",,,,,,,,,,,"true","true","true",,,,,"FRONT-LEFT",,,,,,,,,,,,,,,,,,,,,,,,,,,,,,,,,
"752322","JC457580","2019-10-02T15:30:00","1","DRIVER","1","714653",,"FORD","UNKNOWN","IL","2016","NONE","PASSENGER","PERSONAL","N","PASSING/OVERTAKING",,,"2",,,,,,,,,,,"true",,,"false","false",,,"SIDE-LEFT",,,,,,,,,,,,,,,,,,,,,,,,,,,,,,,,,
"752323","JC457580","2019-10-02T15:30:00","2","DRIVER",,"714654",,"HONDA","CRV","IL","2018","NONE","PASSENGER","PERSONAL","N","STRAIGHT AHEAD",,,"1",,,,,"true","true",,,,,,,,,,,,"FRONT",,,,,,,,,,,,,,,,,,,,,,,,,,,,,,,,,
"751736","JC457551","2019-10-02T15:30:00","1","DRIVER","1","714107",,"HYUNDAI","SONATA","IL","2003","NONE","PASSENGER","PERSONAL","W","BACKING",,,"2",,,,,,,,,,,,,,,,,,"NONE",,,,,,,,,,,,,,,,,,,,,,,,,,,,,,,,,
"751737","JC457551","2019-10-02T15:30:00","2","PARKED",,"714110",,"JEEP","UNKNOWN","IL",,"NONE","SPORT UTILITY VEHICLE (SUV)","PERSONAL","UNKNOWN","PARKED",,,"0",,,,,,,,,,,,,,,,,,"REAR",,,,,,,,,,,,,,,,,,,,,,,,,,,,,,,,,
"751688","JC457407","2019-10-02T15:30:00","1","DRIVER","1","714065",,"LEXUS","ES300","IL","2015","UNKNOWN","PASSENGER","RIDESHARE SERVICE","W","TURNING LEFT","true",,"2",,,,,"true","true",,,,,,,,,,"true",,"FRONT",,,,,,,,,,,,,,,,,,,,,,,,,,,,,,,,,
"751689","JC457407","2019-10-02T15:30:00","2","DRIVER",,"714085",,"VOLKSWAGEN","JETTA","IL","2015","NONE","PASSENGER","PERSONAL","E","STRAIGHT AHEAD","true",,"1",,,,,"true",,,,,,,,,,"true","true",,"OTHER",,,,,,,,,,,,,,,,,,,,,,,,,,,,,,,,,
"751655","JC457390","2019-10-02T15:30:00","1","DRIVER",,"714029",,"UNKNOWN","UNKNOWN",,,"UNKNOWN","UNKNOWN/NA","UNKNOWN/NA","UNKNOWN","UNKNOWN/NA",,,"1",,,,,,,,,,,,,,,,,"true","UNKNOWN",,,,,,,,,,,,,,,,,,,,,,,,,,,,,,,,,
"751656","JC457390","2019-10-02T15:30:00","2","PARKED",,"714037",,"CADILLAC","CADILLAC","IL","2013","NONE","PASSENGER","PERSONAL","W","PARKED",,,"0",,,,,,,"true",,,,,,,,,,,"SIDE-RIGHT",,,,,,,,,,,,,,,,,,,,,,,,,,,,,,,,,
"751619","JC457360","2019-10-02T15:30:00","1","DRIVER",,"713998",,"HONDA","CIVIC","IL","2007","UNKNOWN","PASSENGER","PERSONAL","S","SLOW/STOP IN TRAFFIC",,,"1",,,,,"true",,,,,,,,,,"true","true",,"OTHER",,,,,,,,,,,,,,,,,,,,,,,,,,,,,,,,,
"751620","JC457360","2019-10-02T15:30:00","2","DRIVER",,"714002",,"NISSAN","Frontier","IL","2003","NONE","TRUCK - SINGLE UNIT","PERSONAL","S","SLOW/STOP IN TRAFFIC",,,"1",,,,,"true",,,,"true","true","true",,,,"true","true",,"REAR-LEFT",,,,,,,,,,,,,,,,,,,,,,,,,,,,,,,,,
"751621","JC457360","2019-10-02T15:30:00","3","DRIVER","3","714008",,"FORD","FUSION","IL","2018","NONE","PASSENGER","PERSONAL","S","SLOW/STOP IN TRAFFIC",,,"4",,,,,,,,,"true","true","true",,,,,,,"REAR-LEFT",,,,,,,,,,,,,,,,,,,,,,,,,,,,,,,,,
"751605","JC457301","2019-10-02T15:25:00","1","DRIVER",,"713985",,"NISSAN","NISSAN ALTIMA","IL","2013","UNKNOWN","PASSENGER","PERSONAL","W","SLOW/STOP IN TRAFFIC",,,"1",,,,,"true",,,,,,,,,,"true","true",,"OTHER",,,,,,,,,,,,,,,,,,,,,,,,,,,,,,,,,
"751606","JC457301","2019-10-02T15:25:00","2","BICYCLE",,,,,,,,,,,,,,,,,,,,,,,,,,,,,,,,,,,,,,,,,,,,,,,,,,,,,,,,,,,,,,,,,,
"751624","JC457324","2019-10-02T15:24:00","1","DRIVER",,"714025",,"TOYOTA MOTOR COMPANY, LTD.","COROLLA","IL","2016","NONE","PASSENGER","PERSONAL","N","STARTING IN TRAFFIC",,,"1",,,,,,,,,,,,,,,,"true",,"OTHER",,,,,,,,,,,,,,,,,,,,,,,,,,,,,,,,,
"751665","JC457324","2019-10-02T15:24:00","2","DRIVER","1","714043",,"NISSAN","VERSA","IL","2012","NONE","PASSENGER","PERSONAL","N","STRAIGHT AHEAD",,,"2",,,,,,,,,"true","true",,,,,,,,"REAR-LEFT",,,,,,,,,,,,,,,,,,,,,,,,,,,,,,,,,
"751725","JC457395","2019-10-02T15:20:00","1","DRIVER","1","714098",,"TOYOTA MOTOR COMPANY, LTD.","Matrix (sport wagon)","IL","2009","UNKNOWN","SPORT UTILITY VEHICLE (SUV)","PERSONAL","E","STRAIGHT AHEAD",,,"2",,,,,"true",,,,,,,,,,"true","true",,"OTHER",,,,,,,,,,,,,,,,,,,,,,,,,,,,,,,,,
"751726","JC457395","2019-10-02T15:20:00","2","DRIVER",,"714114",,"NISSAN","Frontier","IL","2004","NONE","PASSENGER","COMMERCIAL - SINGLE UNIT","E","STARTING IN TRAFFIC",,,"1",,,,,"true",,,,"true","true","true",,,,"true","true",,"REAR-LEFT",,,,,,,,,,,,,,,,,,,,,,,,,,,,,,,,,
"751727","JC457395","2019-10-02T15:20:00","3","DRIVER",,"714125",,"TOYOTA MOTOR COMPANY, LTD.","UNKNOWN","IL","2009","UNKNOWN","OTHER","COMMERCIAL - SINGLE UNIT","E","UNKNOWN/NA",,,"1",,,,"true",,,,,,,,,,,,,,"REAR-LEFT",,,,,,,,,,,,,,,,,,,,,,,,,,,,,,,,,