"crash_unit_id","rd_no","crash_date","unit_no","unit_type","num_passengers","vehicle_id","cmrc_veh_i","make","model","lic_plate_state","vehicle_year","vehicle_defect","vehicle_type","vehicle_use","travel_direction","maneuver","towed_i","fire_i","occupant_cnt","exceed_speed_limit_i","towed_by","towed_to","area_00_i","area_01_i","area_02_i","area_03_i","area_04_i","area_05_i","area_06_i","area_07_i","area_08_i","area_09_i","area_10_i","area_11_i","area_12_i","area_99_i","first_contact_point","cmv_id","usdot_no","ccmc_no","ilcc_no","commercial_src","gvwr","carrier_name","carrier_state","carrier_city","hazmat_placards_i","hazmat_name","un_no","hazmat_present_i","hazmat_report_i","hazmat_report_no","mcs_report_i","mcs_report_no","hazmat_vio_cause_crash_i","mcs_vio_cause_crash_i","idot_permit_no","wide_load_i","trailer1_width","trailer2_width","trailer1_length","trailer2_length","total_vehicle_length","axle_cnt","vehicle_config","cargo_body_type","load_type","hazmat_out_of_service_i","mcs_out_of_service_i","hazmat_class"
"751622","JC457294","2019-10-02T15:20:00","1","DRIVER",,"714012",,"FORD","FORD-TRUCK,VAN,SUV, ETC","IL","2008","NONE","PASSENGER","PERSONAL","E","STRAIGHT AHEAD",,,"1",,,,,"true",,,,,,,,,,,,,"FRONT",,,,,,,,,,,,,,,,,,,,,,,,,,,,,,,,,
"751623","JC457294","2019-10-02T15:20:00","2","DRIVER","1","714042",,"FORD","CROWN VICTORIA","IL","2011","NONE","PASSENGER","PERSONAL","E","TURNING LEFT",,,"2",,,,,,,,,,,"true","false",,,,,,"FRONT-LEFT",,,,,,,,,,,,,,,,,,,,,,,,,,,,,,,,,
"751701","JC457404","2019-10-02T15:15:00","1","DRIVER",,"714068",,"UNKNOWN","UNKNOWN",,,"UNKNOWN","UNKNOWN/NA","UNKNOWN/NA","UNKNOWN","UNKNOWN/NA",,,"1",,,,,,,,,,,,,,,,,"true","UNKNOWN",,,,,,,,,,,,,,,,,,,,,,,,,,,,,,,,,
"751702","JC457404","2019-10-02T15:15:00","2","PARKED",,"714074",,"FORD","EXPLORER","IL","2015","NONE","SPORT UTILITY VEHICLE (SUV)","POLICE","N","PARKED",,,"0",,,,,,,,,,,,,,,"true",,,"TOTAL (ALL AREAS)",,,,,,,,,,,,,,,,,,,,,,,,,,,,,,,,,
"751609","JC457353","2019-10-02T15:15:00","1","DRIVER",,"713990",,"DODGE","UNKNOWN","IL",,"NONE","TRUCK - SINGLE UNIT","OTHER","S","CHANGING LANES",,,"1",,,,,,,,,,,,,"true",,,,,"ROOF",,,,,,,,,,,,,,,,,,,,,,,,,,,,,,,,,
"751610","JC457353","2019-10-02T15:15:00","2","DRIVER",,"713987",,"FORD","EXPEDITION","IL","2007","NONE","SPORT UTILITY VEHICLE (SUV)","PERSONAL","S","STRAIGHT AHEAD",,,"1",,,,,,"true","true",,,,,,,,,,,"SIDE-RIGHT",,,,,,,,,,,,,,,,,,,,,,,,,,,,,,,,,
"751632","JC457316","2019-10-02T15:10:00","1","DRIVER",,"714039",,"LEXUS","UNKNOWN","XX",,"UNKNOWN","PASSENGER","UNKNOWN/NA","S","STRAIGHT AHEAD",,,"1",,,,,,,,,,,,,,,,"true",,"OTHER",,,,,,,,,,,,,,,,,,,,,,,,,,,,,,,,,
"751650","JC457316","2019-10-02T15:10:00","2","DRIVER",,"714017",,"CHEVROLET","MONTE CARLO","IL","2001","NONE","PASSENGER","PERSONAL","W","STRAIGHT AHEAD",,,"1",,,,,"true","true","true",,,,,,,,,,,"FRONT",,,,,,,,,,,,,,,,,,,,,,,,,,,,,,,,,
"751598","JC457276","2019-10-02T15:10:00","1","DRIVER",,"713978",,"TOYOTA MOTOR COMPANY, LTD.","CAMRY","IL","2011","UNKNOWN","UNKNOWN/NA","UNKNOWN/NA","E","TURNING RIGHT","true",,"1",,,,,,,,,,,,,,"true","true",,,"UNDER CARRIAGE",,,,,,,,,,,,,,,,,,,,,,,,,,,,,,,,,
"751599","JC457276","2019-10-02T15:10:00","2","DRIVER",,"713989",,"NISSAN","Murano","IL","2017","UNKNOWN","UNKNOWN/NA","UNKNOWN/NA","E","STRAIGHT AHEAD",,,"1",,,,,"true",,,,,,,,,,,"false",,"FRONT-RIGHT",,,,,,,,,,,,,,,,,,,,,,,,,,,,,,,,,
"751600","JC457276","2019-10-02T15:10:00","3","PARKED",,"713992",,"HONDA","CIVIC","IL","2008","UNKNOWN","UNKNOWN/NA","UNKNOWN/NA","UNKNOWN","PARKED",,,"0",,,,,,,,,,"true",,,,,,,,"SIDE-LEFT",,,,,,,,,,,,,,,,,,,,,,,,,,,,,,,,,
"751592","JC457266","2019-10-02T15:10:00","1","DRIVER",,"714007",,"FORD","FUSION","IL","2012","UNKNOWN","PASSENGER","PERSONAL","E","STRAIGHT AHEAD",,,"1",,,,,,,,,,,,,,,,"true",,"OTHER",,,,,,,,,,,,,,,,,,,,,,,,,,,,,,,,,
"751593","JC457266","2019-10-02T15:10:00","2","DRIVER",,"714022",,"TOYOTA MOTOR COMPANY, LTD.","CAMRY","IL","2004","UNKNOWN","PASSENGER","PERSONAL","E","STRAIGHT AHEAD",,,"1",,,,,,,,,,"true",,,,,,,,"REAR-LEFT",,,,,,,,,,,,,,,,,,,,,,,,,,,,,,,,,
"751711","JC457305","2019-10-02T15:08:00","1","DRIVER",,"714086",,"DODGE","Avenger","IL","2014","UNKNOWN","PASSENGER","PERSONAL","S","STRAIGHT AHEAD",,,"1",,,,,,,,,,,,,,,,"true",,"OTHER",,,,,,,,,,,,,,,,,,,,,,,,,,,,,,,,,
"751712","JC457305","2019-10-02T15:08:00","2","DRIVER",,"714097",,"PONTIAC","GRAND AM","IL","2000","NONE","PASSENGER","PERSONAL","S","STRAIGHT AHEAD",,,"1",,,,,,,,,,"true",,,,,,"true",,"REAR-LEFT",,,,,,,,,,,,,,,,,,,,,,,,,,,,,,,,,
"751713","JC457305","2019-10-02T15:08:00","3","DRIVER",,"714109",,"HYUNDAI","Accent","IL","2009","UNKNOWN","PASSENGER","PERSONAL","S","STRAIGHT AHEAD",,,"1",,,,,,,,,,"true",,,,,,"true",,"REAR-LEFT",,,,,,,,,,,,,,,,,,,,,,,,,,,,,,,,,
"751714","JC457305","2019-10-02T15:08:00","4","DRIVER","1","714126",,"HONDA","ACCORD","IL","2010","UNKNOWN","PASSENGER","PERSONAL","S","STRAIGHT AHEAD",,,"2",,,,,,,,,,"true",,,,,,,,"REAR-LEFT",,,,,,,,,,,,,,,,,,,,,,,,,,,,,,,,,
"751676","JC457384","2019-10-02T15:05:00","1","DRIVER",,"714060","true","FREIGHTLINER CORP.","FREIGHTLINER CORP.","IN","1994","NONE","TRACTOR W/ SEMI-TRAILER","COMMERCIAL - MULTI-UNIT","N","STRAIGHT AHEAD",,,"1",,,,"true",,,,,,,,,,,,,,"TOTAL (ALL AREAS)",,,,,,,,,,,,,,,,,,,,,,,,,,,,,,,,,
"751677","JC457384","2019-10-02T15:05:00","2","DRIVER","1","714076",,"CHEVROLET","EQUINOX","IL","2018","NONE","PASSENGER","PERSONAL","N","SLOW/STOP IN TRAFFIC",,,"2",,,,,,,,,,"true",,,,,,,,"REAR-LEFT",,,,,,,,,,,,,,,,,,,,,,,,,,,,,,,,,
"752316","JC458589","2019-10-02T15:00:00","1","DRIVER",,"714648",,"CADILLAC","UNKNOWN","IL",,"UNKNOWN","PASSENGER","UNKNOWN/NA","E","STRAIGHT AHEAD",,,"1",,,,,"true",,,,,,,,,,,,,"FRONT",,,,,,,,,,,,,,,,,,,,,,,,,,,,,,,,,
"752317","JC458589","2019-10-02T15:00:00","2","DRIVER",,"714659",,"INFINITI","UNKNOWN","IL","2015","NONE","PASSENGER","PERSONAL","E","STRAIGHT AHEAD",,,"1",,,,,,,,,,,,,,,"true",,,"TOTAL (ALL AREAS)",,,,,,,,,,,,,,,,,,,,,,,,,,,,,,,,,
"751588","JC457363","2019-10-02T15:00:00","1","DRIVER",,"713973",,"FREIGHTLINER CORP.","FREIGHTLINER CORP.","IL","2019","NONE","TRUCK - SINGLE UNIT","COMMERCIAL - SINGLE UNIT","S","STRAIGHT AHEAD",,,"1",,,,,,,,,"true",,,,,,,,,"REAR-RIGHT",,,,,,,,,,,,,,,,,,,,,,,,,,,,,,,,,
"751589","JC457363","2019-10-02T15:00:00","2","DRIVER",,"713991",,"KIA MOTORS CORP","Optima","IL","2018","NONE","PASSENGER","PERSONAL","S","STRAIGHT AHEAD",,,"1",,,,,,,,,,,"true","true","true",,"true",,,"ROOF",,,,,,,,,,,,,,,,,,,,,,,,,,,,,,,,,
"751607","JC457263","2019-10-02T15:00:00","1","DRIVER",,"714026",,"KIA MOTORS CORP","UNKNOWN","IL","2006","NONE","PASSENGER","PERSONAL","N","STRAIGHT AHEAD",,,"2",,,,,,,,,,,,,,,,"true",,"OTHER",,,,,,,,,,,,,,,,,,,,,,,,,,,,,,,,,
"751608","JC457263","2019-10-02T15:00:00","2","DRIVER",,"714001",,"FORD","FUSION","IL","2013","NONE","PASSENGER","PERSONAL","N","STRAIGHT AHEAD",,,"1",,,,,,,,,,"true",,,,,,,,"REAR-LEFT",,,,,,,,,,,,,,,,,,,,,,,,,,,,,,,,,
"751559","JC457234","2019-10-02T14:56:00","1","DRIVER",,"713937",,"VOLKSWAGEN","VOLKSWAGEN","IL","2012","NONE","PASSENGER","PERSONAL","N","STRAIGHT AHEAD",,,"1",,,,,"true","true",,,,,,,,,,,,"FRONT",,,,,,,,,,,,,,,,,,,,,,,,,,,,,,,,,
"751560","JC457234","2019-10-02T14:56:00","2","DRIVER",,"713943",,"TOYOTA MOTOR COMPANY, LTD.","Prius","IL","2015","NONE","PASSENGER","PERSONAL","W","STRAIGHT AHEAD",,,"1",,,,,,,,,,,,,,,,"true",,"OTHER",,,,,,,,,,,,,,,,,,,,,,,,,,,,,,,,,
"751674","JC457432","2019-10-02T14:55:00","1","DRIVER",,"714080",,"HYUNDAI","SONATA","IL","2008","UNKNOWN","PASSENGER","UNKNOWN/NA","S","STRAIGHT AHEAD",,,"1",,,,,,,,,,"false",,,,,"true",,,"TOTAL (ALL AREAS)",,,,,,,,,,,,,,,,,,,,,,,,,,,,,,,,,
"751675","JC457432","2019-10-02T14:55:00","2","DRIVER",,"714055",,"CHEVROLET","Trail Blazer","IL","2007","NONE","SPORT UTILITY VEHICLE (SUV)","PERSONAL","S","SLOW/STOP IN TRAFFIC",,,"1",,,,,,,,,,"true",,,,,,,,"REAR-LEFT",,,,,,,,,,,,,,,,,,,,,,,,,,,,,,,,,
"751628","JC457372","2019-10-02T14:55:00","1","DRIVER",,"714003",,"FREIGHTLINER CORP.","FREIGHTLINER CORP.","IL","2018","UNKNOWN","TRUCK - SINGLE UNIT","COMMERCIAL - SINGLE UNIT","E","STRAIGHT AHEAD",,,"1",,,,,,,,,,,,,,,,,"true","UNKNOWN",,,,,,,,,,,,,,,,,,,,,,,,,,,,,,,,,
"751629","JC457372","2019-10-02T14:55:00","2","PARKED",,"714011",,"DODGE","CARAVAN","IL","2018","UNKNOWN","VAN/MINI-VAN","OTHER","E","PARKED",,,"0",,,,,,,,,,,,,,,,,,"OTHER",,,,,,,,,,,,,,,,,,,,,,,,,,,,,,,,,
"751594","JC457286","2019-10-02T14:49:00","1","DRIVER",,"713974",,"DODGE","RAM 1500 PU","IL","2004","NONE","PICKUP","PERSONAL","W","TURNING LEFT",,,"1",,,,,"true","true",,,,,,,,,,"true",,"FRONT",,,,,,,,,,,,,,,,,,,,,,,,,,,,,,,,,
"751595","JC457286","2019-10-02T14:49:00","2","DRIVER",,"713979",,"KIA MOTORS CORP","Rio","IL","2011","NONE","PASSENGER","PERSONAL","S","STRAIGHT AHEAD","true",,"1",,"owner",,,,,,,,,,,,"true","true",,,"TOTAL (ALL AREAS)",,,,,,,,,,,,,,,,,,,,,,,,,,,,,,,,,
"751732","JC457576","2019-10-02T14:45:00","1","DRIVER",,"714104",,"JEEP","Grand Cherokee (for vehicle years 1989 to present)","IL","2005","NONE","SPORT UTILITY VEHICLE (SUV)","PERSONAL","W","TURNING LEFT",,,"1",,,,,,,,,,,,,,,"true","true",,"TOTAL (ALL AREAS)",,,,,,,,,,,,,,,,,,,,,,,,,,,,,,,,,
"751733","JC457576","2019-10-02T14:45:00","2","DRIVER",,"714099",,"CHEVROLET","CAVALIER","IL","1995","NONE","PASSENGER","PERSONAL","N","STRAIGHT AHEAD",,,"1",,,,,"true",,,,,,,,,,,,,"FRONT",,,,,,,,,,,,,,,,,,,,,,,,,,,,,,,,,
"751645","JC457383","2019-10-02T14:42:00","1","DRIVER",,"714009",,"FORD","TAURUS","IL",,"NONE","PASSENGER","PERSONAL","N","CHANGING LANES",,,"1",,,,,"false",,,,,,,,,,,,"true","FRONT",,,,,,,,,,,,,,,,,,,,,,,,,,,,,,,,,
"751646","JC457383","2019-10-02T14:42:00","2","DRIVER",,"714020",,"HYUNDAI","SONATA","IL","2019","NONE","PASSENGER","PERSONAL","N","STRAIGHT AHEAD",,,"1",,,,,"true",,,,,,,,,,"true",,,"FRONT",,,,,,,,,,,,,,,,,,,,,,,,,,,,,,,,,
"751647","JC457383","2019-10-02T14:42:00","3","PARKED",,"714028",,"UNKNOWN","UNKNOWN",,,"UNKNOWN","UNKNOWN/NA","UNKNOWN/NA","N","PARKED",,,"0",,,,,,,,,,,,,,,,,"true","TOTAL (ALL AREAS)",,,,,,,,,,,,,,,,,,,,,,,,,,,,,,,,,
"751813","JC457309","2019-10-02T14:41:00","1","DRIVER","2","714202",,"HONDA","CRV","IL","2001","UNKNOWN","SPORT UTILITY VEHICLE (SUV)","UNKNOWN/NA","E","OTHER","true",,"3",,"FBI TOW","UNKNOWN",,"true","true","false","false","true",,"true","true","true","true","true","true",,"ROOF",,,,,,,,,,,,,,,,,,,,,,,,,,,,,,,,,
"751814","JC457309","2019-10-02T14:41:00","2","DRIVER","1","714216",,"FORD","EXPLORER","IL","2020","NONE","SPORT UTILITY VEHICLE (SUV)","OTHER","E","STRAIGHT AHEAD",,,"2",,,,,"true","true","true","true",,,,,,,,,,"SIDE-RIGHT",,,,,,,,,,,,,,,,,,,,,,,,,,,,,,,,,
"751815","JC457309","2019-10-02T14:41:00","3","DRIVER",,"714227",,"PONTIAC","GRAND PRIX","IL","2001","NONE","PASSENGER","PERSONAL","E","STRAIGHT AHEAD","true",,"1",,"PRIVATE",,,"true","true","true","false",,,"true","true","true","true","true","true",,"UNDER CARRIAGE",,,,,,,,,,,,,,,,,,,,,,,,,,,,,,,,,
"751563","JC457232","2019-10-02T14:25:00","1","DRIVER",,"713945",,"TOYOTA MOTOR COMPANY, LTD.","YARIS","IL","2009","UNKNOWN","PASSENGER","UNKNOWN/NA","S","UNKNOWN/NA",,,"1",,,,,,,,,,,,,,,,,"true","OTHER",,,,,,,,,,,,,,,,,,,,,,,,,,,,,,,,,
"751564","JC457232","2019-10-02T14:25:00","2","DRIVER","1","713961",,"FORD","ECONOLINE E350","IL","2003","NONE","VAN/MINI-VAN","PERSONAL","S","SLOW/STOP IN TRAFFIC",,,"2",,,,"true",,,,,,,,,,,,,,"REAR-LEFT",,,,,,,,,,,,,,,,,,,,,,,,,,,,,,,,,
"751553","JC457214","2019-10-02T14:17:00","1","DRIVER",,"713938",,"LINCOLN-CONTINENTAL","CONTINENTAL","IL","2015","UNKNOWN","OTHER","COMMERCIAL - SINGLE UNIT","W","STRAIGHT AHEAD",,,"1",,,,,,,,,,,,,,,,"true",,"OTHER",,,,,,,,,,,,,,,,,,,,,,,,,,,,,,,,,
"751554","JC457214","2019-10-02T14:17:00","2","DRIVER",,"713948",,"JEEP","Wrangler (for vehicle years 1989 to present)","IL","2017","NONE","PASSENGER","PERSONAL","W","SLOW/STOP IN TRAFFIC",,,"1",,,,,,,,,,"true",,,,,,,,"REAR-LEFT",,,,,,,,,,,,,,,,,,,,,,,,,,,,,,,,,
"751581","JC457255","2019-10-02T14:15:00","1","DRIVER",,"713964",,"CHEVROLET","TAHOE","IL","2014","UNKNOWN","SPORT UTILITY VEHICLE (SUV)","PERSONAL","N","STRAIGHT AHEAD",,,"1",,,,,,,,,,,,,,,,,"true","UNKNOWN",,,,,,,,,,,,,,,,,,,,,,,,,,,,,,,,,
"751582","JC457255","2019-10-02T14:15:00","2","PARKED",,"713969",,"FORD","Focus","IL","2010","UNKNOWN","PASSENGER","PERSONAL","N","PARKED",,,"0",,,,,,,,,,,"true",,,,,,,"FRONT-LEFT",,,,,,,,,,,,,,,,,,,,,,,,,,,,,,,,,
"751568","JC457205","2019-10-02T14:15:00","1","DRIVER",,"713949",,"LEXUS","RX350","TX","2013","NONE","PASSENGER","PERSONAL","N","PASSING/OVERTAKING",,,"1",,,,,,,,,"true",,,,,,,,,"REAR",,,,,,,,,,,,,,,,,,,,,,,,,,,,,,,,,
"751569","JC457205","2019-10-02T14:15:00","2","DRIVER",,"713957",,"NEW FLYER","NEW FLYER","IL",,"NONE","BUS OVER 15 PASS.","CTA","N","STRAIGHT AHEAD",,,"1",,,,,,,,,,,,,,,"true",,,"UNDER CARRIAGE",,,,,,,,,,,,,,,,,,,,,,,,,,,,,,,,,
"751576","JC457248","2019-10-02T14:14:00","1","DRIVER",,"713958",,"TOYOTA MOTOR COMPANY, LTD.","CAMRY","IL","2010","NONE","PASSENGER","PERSONAL","W","UNKNOWN/NA",,,"1",,,,,,,,,,,,,,,,"true",,"OTHER",,,,,,,,,,,,,,,,,,,,,,,,,,,,,,,,,
"751577","JC457248","2019-10-02T14:14:00","2","DRIVER",,"713963",,"HONDA","Element","IL","2006","NONE","PASSENGER","PERSONAL","W","UNKNOWN/NA",,,"1",,,,,,,,,,"true",,,,,,,,"REAR-LEFT",,,,,,,,,,,,,,,,,,,,,,,,,,,,,,,,,
"751557","JC457193","2019-10-02T14:05:00","1","DRIVER",,"713934",,"CHEVROLET","MALIBU (CHEVELLE)","WI","2011","UNKNOWN","PASSENGER","UNKNOWN/NA","S","PASSING/OVERTAKING",,,"1",,,,,,,,,,,,,,,,,"true","UNKNOWN",,,,,,,,,,,,,,,,,,,,,,,,,,,,,,,,,
"751558","JC457193","2019-10-02T14:05:00","2","DRIVER",,"713944",,"MAZDA","6 (Six)","IL","2005","UNKNOWN","PASSENGER","PERSONAL","S","STRAIGHT AHEAD",,,"1",,,,,,,,,,,,,,,"true",,,"TOTAL (ALL AREAS)",,,,,,,,,,,,,,,,,,,,,,,,,,,,,,,,,
"751847","JC457717","2019-10-02T14:00:00","1","DRIVER",,"714212",,"HONDA","UNKNOWN","IL","2002","UNKNOWN","PASSENGER","PERSONAL","N","PASSING/OVERTAKING",,,"1",,,,,,,,,,,,,,,,,"true","UNKNOWN",,,,,,,,,,,,,,,,,,,,,,,,,,,,,,,,,
"751848","JC457717","2019-10-02T14:00:00","2","DRIVER",,"714219",,"NISSAN","VERSA","IL","2017","UNKNOWN","PASSENGER","PERSONAL","N","TURNING LEFT",,,"1",,,,,,,,,,,,"true","true",,,,,"FRONT-LEFT",,,,,,,,,,,,,,,,,,,,,,,,,,,,,,,,,
"751723","JC457533","2019-10-02T14:00:00","1","DRIVER",,"714093",,"ACURA","ACURA","IL","2006","NONE","PASSENGER","PERSONAL","S","STRAIGHT AHEAD",,,"1",,,,,,,,,,,,,,,,,"true","OTHER",,,,,,,,,,,,,,,,,,,,,,,,,,,,,,,,,
"751724","JC457533","2019-10-02T14:00:00","2","DRIVER",,"714100",,"NISSAN","NISSAN ALTIMA","IL","2017","NONE","PASSENGER","PERSONAL","S","SLOW/STOP IN TRAFFIC",,,"1",,,,,,,,,,"true",,,,,,,,"REAR-LEFT",,,,,,,,,,,,,,,,,,,,,,,,,,,,,,,,,
"751601","JC457222","2019-10-02T14:00:00","1","DRIVER",,"713986",,"NISSAN","VERSA","IL","2012","NONE","PASSENGER","PERSONAL","N","STRAIGHT AHEAD",,,"1",,,,,"true",,,,,,,,,,"true","true",,"OTHER",,,,,,,,,,,,,,,,,,,,,,,,,,,,,,,,,
"751602","JC457222","2019-10-02T14:00:00","2","DRIVER",,"713995",,"GENERAL MOTORS CORP.","Envoy","IL","2011","NONE","PASSENGER","PERSONAL","N","STRAIGHT AHEAD",,,"1",,,,,"true",,,,,,,,,,,"true",,"REAR",,,,,,,,,,,,,,,,,,,,,,,,,,,,,,,,,
"751549","JC457200","2019-10-02T14:00:00","1","PARKED",,"713930",,"TOYOTA MOTOR COMPANY, LTD.","UNKNOWN","IL","2011","UNKNOWN","PASSENGER","NOT IN USE","E","PARKED IN TRAFFIC LANE",,,"0",,,,,,,,,,,,,"true",,,,,"UNDER CARRIAGE",,,,,,,,,,,,,,,,,,,,,,,,,,,,,,,,,
"751550","JC457200","2019-10-02T14:00:00","2","BICYCLE",,,,,,,,,,,,,,,,,,,,,,,,,,,,,,,,,,,,,,,,,,,,,,,,,,,,,,,,,,,,,,,,,,
"751533","JC457189","2019-10-02T14:00:00","1","DRIVER",,"713926",,"UNKNOWN","UNKNOWN",,,"UNKNOWN","PASSENGER","UNKNOWN/NA","E","PASSING/OVERTAKING",,,"1",,,,,,,,,"true",,,,,,,,,"REAR",,,,,,,,,,,,,,,,,,,,,,,,,,,,,,,,,
"751534","JC457189","2019-10-02T14:00:00","2","DRIVER",,"713917",,"FORD","FUSION","IL","2018","NONE","PASSENGER","PERSONAL","N","TURNING LEFT",,,"1",,,,,"true",,,,,,,,,,,,,"FRONT",,,,,,,,,,,,,,,,,,,,,,,,,,,,,,,,,
"751590","JC457201","2019-10-02T13:54:00","1","DRIVER",,"713977",,"FORD","TAURUS","IL","2005","NONE","PASSENGER","PERSONAL","S","BACKING",,,"1",,,,,,,,,,,,,,,"true",,,"TOTAL (ALL AREAS)",,,,,,,,,,,,,,,,,,,,,,,,,,,,,,,,,
"751591","JC457201","2019-10-02T13:54:00","2","PARKED","1","713982",,"CHEVROLET","IMPALA","IL",,"NONE","PASSENGER","OTHER","N","PARKED",,,"1",,,,,,,,"true",,,,,,,,,,"REAR-RIGHT",,,,,,,,,,,,,,,,,,,,,,,,,,,,,,,,,
"751574","JC457249","2019-10-02T13:45:00","1","DRIVER",,"713955",,"TOYOTA MOTOR COMPANY, LTD.","Avalon","IL","1998","UNKNOWN","PASSENGER","PERSONAL","N","STRAIGHT AHEAD",,,"1",,,,,,,,,,"false",,,,,,"true",,"OTHER",,,,,,,,,,,,,,,,,,,,,,,,,,,,,,,,,
"751575","JC457249","2019-10-02T13:45:00","2","DRIVER",,"713959",,"TOYOTA MOTOR COMPANY, LTD.","CAMRY","IL","2009","NONE","PASSENGER","PERSONAL","N","STRAIGHT AHEAD",,,"1",,,,,,,,,,"true",,,,,,,,"REAR-LEFT",,,,,,,,,,,,,,,,,,,,,,,,,,,,,,,,,
"754994","JC457211","2019-10-02T13:30:00","1","DRIVER",,"717164",,"UNKNOWN","UNKNOWN",,,"UNKNOWN","UNKNOWN/NA","UNKNOWN/NA","N","BACKING",,,"1",,,,,,,,,,,,,,,,,"true","UNKNOWN",,,,,,,,,,,,,,,,,,,,,,,,,,,,,,,,,
"754995","JC457211","2019-10-02T13:30:00","2","PARKED",,"717161",,"TOYOTA MOTOR COMPANY, LTD.","RAV4 (sport utility)","IL","2009","NONE","PASSENGER","PERSONAL","S","PARKED",,,"0",,,,,,,,,,,,,,,"true",,,"UNDER CARRIAGE",,,,,,,,,,,,,,,,,,,,,,,,,,,,,,,,,
"751551","JC457210","2019-10-02T13:30:00","1","DRIVER",,"713933",,"NISSAN","VERSA","IL","2017","UNKNOWN","PASSENGER","PERSONAL","S","BACKING",,,"2",,,,,,,,,,"true",,,,,,,,"REAR-LEFT",,,,,,,,,,,,,,,,,,,,,,,,,,,,,,,,,
"751552","JC457210","2019-10-02T13:30:00","2","DRIVER",,"713940",,"CADILLAC","SRX","IL","2009","NONE","PICKUP","PERSONAL","W","STRAIGHT AHEAD",,,"1",,,,,,"true",,,,,,,,,,,,"SIDE-RIGHT",,,,,,,,,,,,,,,,,,,,,,,,,,,,,,,,,
"752245","JC458434","2019-10-02T13:26:00","1","DRIVER",,"714589",,"HYUNDAI","AZERA","IL","2007","NONE","PASSENGER","PERSONAL","E","TURNING RIGHT",,,"1",,,,,,,,,,,,,,,,"true",,"OTHER",,,,,,,,,,,,,,,,,,,,,,,,,,,,,,,,,
"752246","JC458434","2019-10-02T13:26:00","2","DRIVER",,"714595",,"NISSAN","NISSAN ALTIMA","IL","2014","UNKNOWN","PASSENGER","PERSONAL","E","OTHER",,,"1",,,,,,,,,"true",,,,,,,,,"REAR",,,,,,,,,,,,,,,,,,,,,,,,,,,,,,,,,
"751637","JC457382","2019-10-02T13:10:00","1","DRIVER",,"714006",,"UNKNOWN","UNKNOWN","IN",,"UNKNOWN","TRUCK - SINGLE UNIT","UNKNOWN/NA","N","BACKING",,,"1",,,,"true",,,,,,,,,,,,,,"REAR-LEFT",,,,,,,,,,,,,,,,,,,,,,,,,,,,,,,,,
"751638","JC457382","2019-10-02T13:10:00","2","PARKED","1","714016",,"CADILLAC","CADILLAC","IL","2014","NONE","PASSENGER","PERSONAL","S","PARKED",,,"1",,,,,,,,,,,,,,,,"true",,"OTHER",,,,,,,,,,,,,,,,,,,,,,,,,,,,,,,,,
"751539","JC457121","2019-10-02T13:08:00","1","DRIVER",,"713921",,"FORD","FIESTA","IL","2018","NONE","PASSENGER","PERSONAL","S","STRAIGHT AHEAD","true",,"1",,,,,,,,"true","true",,"true","true",,,,,,"REAR-RIGHT",,,,,,,,,,,,,,,,,,,,,,,,,,,,,,,,,
"751540","JC457121","2019-10-02T13:08:00","2","DRIVER",,"713925",,"FORD","EXPLORER","IL","2017","NONE","SPORT UTILITY VEHICLE (SUV)","POLICE","E","STRAIGHT AHEAD",,,"2",,,,,,,,,,,,,,,,"true",,"OTHER",,,,,,,,,,,,,,,,,,,,,,,,,,,,,,,,,
"752589","JC459012","2019-10-02T13:00:00","1","DRIVER",,"714906",,"UNKNOWN","UNKNOWN",,,"UNKNOWN","PASSENGER","UNKNOWN/NA","N","STRAIGHT AHEAD",,,"1",,,,,,,,,,,,,,,,,"true","FRONT",,,,,,,,,,,,,,,,,,,,,,,,,,,,,,,,,
"752590","JC459012","2019-10-02T13:00:00","2","DRIVER",,"714912",,"TOYOTA MOTOR COMPANY, LTD.","CAMRY","IL","2005","NONE","PASSENGER","PERSONAL","W","STRAIGHT AHEAD",,,"1",,,,,,,,,,,,,,,"true","true",,"TOTAL (ALL AREAS)",,,,,,,,,,,,,,,,,,,,,,,,,,,,,,,,,
"754536","JC458859","2019-10-02T13:00:00","1","DRIVER",,"716737",,"UNKNOWN","UNKNOWN",,,"NONE","PASSENGER","PERSONAL","W","STRAIGHT AHEAD",,,"1",,,,,,,,,,,,,,,,,"true","UNKNOWN",,,,,,,,,,,,,,,,,,,,,,,,,,,,,,,,,
"754537","JC458859","2019-10-02T13:00:00","2","DRIVER",,"716738",,"TOYOTA MOTOR COMPANY, LTD.","CAMRY","IL","2011","NONE","PASSENGER","PERSONAL","W","STRAIGHT AHEAD",,,"1",,,,,,,,,,"true",,,,,,,,"REAR-LEFT",,,,,,,,,,,,,,,,,,,,,,,,,,,,,,,,,
"751579","JC457260","2019-10-02T13:00:00","1","DRIVER",,"713960",,"GENERAL MOTORS CORP.","UNKNOWN","IL","2014","UNKNOWN","TRUCK - SINGLE UNIT","UNKNOWN/NA","N","BACKING",,,"1",,,,,,,,,,,,,,,,,"true","UNKNOWN",,,,,,,,,,,,,,,,,,,,,,,,,,,,,,,,,
"751580","JC457260","2019-10-02T13:00:00","2","DRIVER",,"713965",,"DODGE","JOURNEY","IL","2018","NONE","SPORT UTILITY VEHICLE (SUV)","PERSONAL","S","STRAIGHT AHEAD",,,"1",,,,,,,,,,,,,,,,"true",,"OTHER",,,,,,,,,,,,,,,,,,,,,,,,,,,,,,,,,