"crash_unit_id","rd_no","crash_date","unit_no","unit_type","num_passengers","vehicle_id","cmrc_veh_i","make","model","lic_plate_state","vehicle_year","vehicle_defect","vehicle_type","vehicle_use","travel_direction","maneuver","towed_i","fire_i","occupant_cnt","exceed_speed_limit_i","towed_by","towed_to","area_00_i","area_01_i","area_02_i","area_03_i","area_04_i","area_05_i","area_06_i","area_07_i","area_08_i","area_09_i","area_10_i","area_11_i","area_12_i","area_99_i","first_contact_point","cmv_id","usdot_no","ccmc_no","ilcc_no","commercial_src","gvwr","carrier_name","carrier_state","carrier_city","hazmat_placards_i","hazmat_name","un_no","hazmat_present_i","hazmat_report_i","hazmat_report_no","mcs_report_i","mcs_report_no","hazmat_vio_cause_crash_i","mcs_vio_cause_crash_i","idot_permit_no","wide_load_i","trailer1_width","trailer2_width","trailer1_length","trailer2_length","total_vehicle_length","axle_cnt","vehicle_config","cargo_body_type","load_type","hazmat_out_of_service_i","mcs_out_of_service_i","hazmat_class"
"751351","JC456803","2019-10-02T09:15:00","1","DRIVER",,"713733",,"CHRYSLER","200","IN","2011","NONE","PASSENGER","PERSONAL","W","STARTING IN TRAFFIC",,,"1",,,,,,,,,,,,,,,,"true",,"OTHER",,,,,,,,,,,,,,,,,,,,,,,,,,,,,,,,,
"751352","JC456803","2019-10-02T09:15:00","2","DRIVER",,"713827",,"FORD","Focus","IL","2018","NONE","PASSENGER","PERSONAL","W","STRAIGHT AHEAD",,,"1",,,,,,,,,,"true",,,,,,,,"REAR-LEFT",,,,,,,,,,,,,,,,,,,,,,,,,,,,,,,,,
"751343","JC456837","2019-10-02T09:07:00","1","DRIVER",,"713730",,"TOYOTA MOTOR COMPANY, LTD.","COROLLA","IL","2008","NONE","PASSENGER","PERSONAL","N","STRAIGHT AHEAD",,,"1",,,,,,,,,,,,,,,,"true",,"OTHER",,,,,,,,,,,,,,,,,,,,,,,,,,,,,,,,,
"751344","JC456837","2019-10-02T09:07:00","2","DRIVER","2","713734",,"NISSAN","NISSAN ALTIMA","IL","2014","NONE","PASSENGER","PERSONAL","W","STRAIGHT AHEAD",,,"3",,,,,,,,,,,,"true","true",,,,,"ROOF",,,,,,,,,,,,,,,,,,,,,,,,,,,,,,,,,
"751361","JC456834","2019-10-02T09:05:00","1","DRIVER",,"713744",,"CHEVROLET","COBALT",,,"UNKNOWN","PASSENGER","UNKNOWN/NA","S","STRAIGHT AHEAD",,,"1",,,,,,,,,,,,,,,,,"true","FRONT",,,,,,,,,,,,,,,,,,,,,,,,,,,,,,,,,
"751362","JC456834","2019-10-02T09:05:00","2","DRIVER",,"713753",,"ACURA","ACURA","IL",,"NONE","PASSENGER","PERSONAL","S","STRAIGHT AHEAD",,,"1",,,,,,,,,,"true",,,,,,,,"REAR-LEFT",,,,,,,,,,,,,,,,,,,,,,,,,,,,,,,,,
"751331","JC456782","2019-10-02T09:05:00","1","DRIVER",,"713719",,"VOLVO","XC90","IL","2006","NONE","PASSENGER","PERSONAL","S","STRAIGHT AHEAD","true",,"1",,"PRIVATE","UNK",,,,,,,,,,,,,"true",,"OTHER",,,,,,,,,,,,,,,,,,,,,,,,,,,,,,,,,
"751332","JC456782","2019-10-02T09:05:00","2","DRIVER",,"713726",,"BMW","535 SERIES","IL",,"NONE","PASSENGER","PERSONAL","S","STRAIGHT AHEAD",,,"1",,,,,,,,,,"true",,,,,,,,"REAR-LEFT",,,,,,,,,,,,,,,,,,,,,,,,,,,,,,,,,
"751635","JC457373","2019-10-02T09:00:00","1","DRIVER",,"714010",,"TOYOTA MOTOR COMPANY, LTD.","YARIS","IN","2012","NONE","PASSENGER","PERSONAL","N","STRAIGHT AHEAD",,,"1",,,,,"true",,,,,,,,,,"true","true",,"OTHER",,,,,,,,,,,,,,,,,,,,,,,,,,,,,,,,,
"751636","JC457373","2019-10-02T09:00:00","2","DRIVER",,"714021",,"INFINITI","UNKNOWN","IL","2014","NONE","SPORT UTILITY VEHICLE (SUV)","PERSONAL","N","SLOW/STOP IN TRAFFIC",,,"1",,,,,,,,,"true","true","true",,,,,,,"REAR-LEFT",,,,,,,,,,,,,,,,,,,,,,,,,,,,,,,,,
"755538","JC456869","2019-10-02T09:00:00","1","DRIVER",,"717692",,"HONDA","HONDA",,"2008","UNKNOWN","UNKNOWN/NA","UNKNOWN/NA","N","PASSING/OVERTAKING",,,"1",,,,,,,,,,,,,,,,,"true","UNKNOWN",,,,,,,,,,,,,,,,,,,,,,,,,,,,,,,,,
"755539","JC456869","2019-10-02T09:00:00","2","DRIVER",,"717676",,"HYUNDAI","ELANTRA","IL","2015","NONE","PASSENGER","PERSONAL","N","STRAIGHT AHEAD",,,"1",,,,,,,,,,,,,,"true","false",,,"ROOF",,,,,,,,,,,,,,,,,,,,,,,,,,,,,,,,,
"751403","JC456840","2019-10-02T09:00:00","1","DRIVER",,"713792",,"HONDA","ACCORD","IL","2002","UNKNOWN","PASSENGER","PERSONAL","W","STRAIGHT AHEAD","true",,"1",,,,,"true",,,,,,,,,,,,,"FRONT",,,,,,,,,,,,,,,,,,,,,,,,,,,,,,,,,
"751404","JC456840","2019-10-02T09:00:00","2","PARKED",,"713802",,"VOLKSWAGEN","ROUTAN","IL","2012","NONE","VAN/MINI-VAN","NOT IN USE","W","PARKED",,,"0",,,,,"false",,,,,,"true","true",,,,,,"FRONT",,,,,,,,,,,,,,,,,,,,,,,,,,,,,,,,,
"751393","JC456807","2019-10-02T09:00:00","1","DRIVER",,"713779","false","KIA MOTORS CORP","KIA MOTORS CORP","IL","2015","NONE","PASSENGER","OTHER","N","UNKNOWN/NA",,,"1",,,,,,,,,,,"true",,,,,,,"SIDE-LEFT",,,,,,,,,,,,,,,,,,,,,,,,,,,,,,,,,
"751394","JC456807","2019-10-02T09:00:00","2","DRIVER",,"713786","false","UNKNOWN","UNKNOWN","IL","2011","NONE","OTHER VEHICLE WITH TRAILER","STATE OWNED","N","STRAIGHT AHEAD",,,"1",,,,,"true",,,,,,,,,,,,,"FRONT",,,,,,,,,,,,,,,,,,,,,,,,,,,,,,,,,
"751327","JC456801","2019-10-02T09:00:00","1","DRIVER",,"713713",,"PONTIAC","GRAND PRIX","IL","2007","NONE","PASSENGER","PERSONAL","N","STRAIGHT AHEAD",,,"1",,,,"true",,,,,,,,,,,,,,"NONE",,,,,,,,,,,,,,,,,,,,,,,,,,,,,,,,,
"751328","JC456801","2019-10-02T09:00:00","2","DRIVER",,"713717",,"TOYOTA MOTOR COMPANY, LTD.","YARIS","IL","2018","NONE","PASSENGER","PERSONAL","N","STRAIGHT AHEAD",,,"1",,,,,,,,,,"true",,,,,,,,"REAR-LEFT",,,,,,,,,,,,,,,,,,,,,,,,,,,,,,,,,
"751369","JC456791","2019-10-02T09:00:00","1","DRIVER",,"713757",,"FORD","EXPLORER","IL","2015","NONE","SPORT UTILITY VEHICLE (SUV)","PERSONAL","NW","TURNING LEFT","true",,"1",,"unknown","unknown",,,,,,,,"true","true",,,,,,"FRONT-LEFT",,,,,,,,,,,,,,,,,,,,,,,,,,,,,,,,,
"751370","JC456791","2019-10-02T09:00:00","2","DRIVER",,"713770",,"HONDA","CIVIC","IL","2003","NONE","PASSENGER","PERSONAL","SE","STRAIGHT AHEAD",,,"1",,,,"true","true",,,,,,,,,,,,,"FRONT",,,,,,,,,,,,,,,,,,,,,,,,,,,,,,,,,
"751325","JC456789","2019-10-02T09:00:00","1","DRIVER",,"713714",,"TOYOTA MOTOR COMPANY, LTD.","RAV4 (sport utility)","IL","2001","UNKNOWN","PASSENGER","PERSONAL","E","STRAIGHT AHEAD","false",,"1",,,,,,,,,,,,,,,,"true",,"OTHER",,,,,,,,,,,,,,,,,,,,,,,,,,,,,,,,,
"751326","JC456789","2019-10-02T09:00:00","2","DRIVER",,"713720",,"FORD","FUSION","IL","2006","NONE","PASSENGER","PERSONAL","N","STRAIGHT AHEAD","true",,"1",,"INSURANCE","UNK",,,,,,,,"true",,,,,,,"FRONT-LEFT",,,,,,,,,,,,,,,,,,,,,,,,,,,,,,,,,
"751336","JC456774","2019-10-02T08:59:00","1","DRIVER",,"713721",,"CHEVROLET","EQUINOX","IL","2013","UNKNOWN","PASSENGER","PERSONAL","E","STRAIGHT AHEAD","true",,"1",,"owner","owner",,,,,,,,,,,"true","true",,,"TOTAL (ALL AREAS)",,,,,,,,,,,,,,,,,,,,,,,,,,,,,,,,,
"751337","JC456774","2019-10-02T08:59:00","2","DRIVER",,"713728",,"FORD","F350","IN","2017","NONE","OTHER","OTHER","W","STRAIGHT AHEAD",,,"1",,,,,,,,,,,,,,,,,,"NONE",,,,,,,,,,,,,,,,,,,,,,,,,,,,,,,,,
"751289","JC456766","2019-10-02T08:59:00","1","DRIVER",,"713687",,"FORD","TAURUS","WI","2003","UNKNOWN","PASSENGER","UNKNOWN/NA","S","STRAIGHT AHEAD",,,"1",,,,,,,,,,,,,,,,,"true","UNKNOWN",,,,,,,,,,,,,,,,,,,,,,,,,,,,,,,,,
"751290","JC456766","2019-10-02T08:59:00","2","DRIVER",,"713683",,"TOYOTA MOTOR COMPANY, LTD.","CAMRY","IL","2016","UNKNOWN","PASSENGER","PERSONAL","S","STRAIGHT AHEAD",,,"1",,,,,,,,,"true",,,,,,,,,"REAR",,,,,,,,,,,,,,,,,,,,,,,,,,,,,,,,,
"751341","JC456822","2019-10-02T08:55:00","1","DRIVER",,"713725",,"PONTIAC","PONTIAC","IN","2005","NONE","UNKNOWN/NA","PERSONAL","N","STRAIGHT AHEAD",,,"1",,,,,,,,,,,,,,,,"false","true","UNKNOWN",,,,,,,,,,,,,,,,,,,,,,,,,,,,,,,,,
"751342","JC456822","2019-10-02T08:55:00","2","DRIVER",,"713741",,"CHEVROLET","IMPALA","IL","2017","NONE","PASSENGER","PERSONAL","N","SLOW/STOP IN TRAFFIC",,,"1",,,,,,,,,,"true",,,,,,,,"REAR-LEFT",,,,,,,,,,,,,,,,,,,,,,,,,,,,,,,,,
"751353","JC456793","2019-10-02T08:52:00","1","DRIVER",,"713745",,"DODGE","CHALLENGER","IL","2016","NONE","PASSENGER","PERSONAL","W","TURNING LEFT",,,"1",,,,,"true",,,,,,,,,,"true","true",,"OTHER",,,,,,,,,,,,,,,,,,,,,,,,,,,,,,,,,
"751354","JC456793","2019-10-02T08:52:00","2","DRIVER",,"713755",,"KIA MOTORS CORP","FORTE","IL","2016","NONE","PASSENGER","PERSONAL","N","STRAIGHT AHEAD","true",,"1",,,,,"true","true",,,,,,,,"true","true","true",,"FRONT",,,,,,,,,,,,,,,,,,,,,,,,,,,,,,,,,
"751385","JC456827","2019-10-02T08:45:00","1","DRIVER",,"713764",,"TOYOTA MOTOR COMPANY, LTD.","TERCEL","IL","1995","UNKNOWN","PASSENGER","UNKNOWN/NA","S","STARTING IN TRAFFIC",,,"1",,,,,,,,,,,,,,,,,"true","OTHER",,,,,,,,,,,,,,,,,,,,,,,,,,,,,,,,,
"751386","JC456827","2019-10-02T08:45:00","2","DRIVER",,"713771",,"BMW","UNKNOWN","IL","2015","NONE","SPORT UTILITY VEHICLE (SUV)","PERSONAL","S","STARTING IN TRAFFIC",,,"1",,,,,,,,,,"true",,,,,,,,"REAR-LEFT",,,,,,,,,,,,,,,,,,,,,,,,,,,,,,,,,
"752576","JC459005","2019-10-02T08:30:00","1","DRIVER",,"714905",,"DODGE","UNKNOWN","IL","2005","UNKNOWN","PICKUP","PERSONAL","S","SLOW/STOP IN TRAFFIC",,,"1",,,,,,,,,,,,,,,,"true",,"OTHER",,,,,,,,,,,,,,,,,,,,,,,,,,,,,,,,,
"752577","JC459005","2019-10-02T08:30:00","2","DRIVER",,"714915",,"NISSAN","ROGUE","IL","2013","NONE","PASSENGER","PERSONAL","S","SLOW/STOP IN TRAFFIC",,,"1",,,,,,,,,,"true",,,,,,,,"REAR-LEFT",,,,,,,,,,,,,,,,,,,,,,,,,,,,,,,,,
"751686","JC457464","2019-10-02T08:30:00","1","DRIVER",,"714070",,"JEEP","UNKNOWN",,,"UNKNOWN","OTHER","PERSONAL","SE","TURNING LEFT",,,"1",,,,,"true",,,,,,,,,,,,,"FRONT",,,,,,,,,,,,,,,,,,,,,,,,,,,,,,,,,
"751687","JC457464","2019-10-02T08:30:00","2","DRIVER",,"714062",,"TOYOTA MOTOR COMPANY, LTD.","Sienna (van)",,,"UNKNOWN","VAN/MINI-VAN","PERSONAL","N","STRAIGHT AHEAD",,,"1",,,,,"true",,,,,,,,,,,,,"FRONT",,,,,,,,,,,,,,,,,,,,,,,,,,,,,,,,,
"751543","JC457208","2019-10-02T08:30:00","1","DRIVER",,"713929",,"CHEVROLET","UNKNOWN","IL","2002","UNKNOWN","TRUCK - SINGLE UNIT","COMMERCIAL - SINGLE UNIT","E","STRAIGHT AHEAD",,,"1",,,,,,,,,,"true",,,,,,,,"REAR-LEFT",,,,,,,,,,,,,,,,,,,,,,,,,,,,,,,,,
"751544","JC457208","2019-10-02T08:30:00","2","PARKED",,"713936",,"TOYOTA MOTOR COMPANY, LTD.","CAMRY","IL","2017","UNKNOWN","PASSENGER","NOT IN USE","N","PARKED",,,"0",,,,,,,"true",,,,,,,,,,,"SIDE-RIGHT",,,,,,,,,,,,,,,,,,,,,,,,,,,,,,,,,
"751511","JC457129","2019-10-02T08:30:00","1","DRIVER",,"713889",,"JEEP","Grand Cherokee (for vehicle years 1989 to present)","IL","2014","UNKNOWN","SPORT UTILITY VEHICLE (SUV)","UNKNOWN/NA","W","STRAIGHT AHEAD",,,"1",,,,,,,,,,,,,,,,"true",,"OTHER",,,,,,,,,,,,,,,,,,,,,,,,,,,,,,,,,
"751512","JC457129","2019-10-02T08:30:00","2","DRIVER",,"713896",,"FREIGHTLINER CORP.","FREIGHTLINER CORP.","IL","2018","UNKNOWN","TRUCK - SINGLE UNIT","OTHER","W","SLOW/STOP IN TRAFFIC",,,"1",,,,,,,,,,"true",,,,,,,,"REAR-LEFT",,,,,,,,,,,,,,,,,,,,,,,,,,,,,,,,,
"751347","JC456856","2019-10-02T08:30:00","1","DRIVER",,"713756",,"KIA MOTORS CORP","SORENTO","IL","2011","UNKNOWN","PASSENGER","PERSONAL","E","TURNING LEFT",,,"1",,,,,"true","true","true",,,,,,,,,,,"SIDE-RIGHT",,,,,,,,,,,,,,,,,,,,,,,,,,,,,,,,,
"751348","JC456856","2019-10-02T08:30:00","2","DRIVER",,"713781",,"AM GENERAL/HUMMER","H3","IL","2008","NONE","TRUCK - SINGLE UNIT","PERSONAL","N","STRAIGHT AHEAD",,,"1",,,,,,,,,"false","true","true","true","true","true","true","false",,"TOTAL (ALL AREAS)",,,,,,,,,,,,,,,,,,,,,,,,,,,,,,,,,
"751297","JC456781","2019-10-02T08:30:00","1","DRIVER",,"713692",,"JEEP","Wrangler (for vehicle years 1989 to present)","IL","2011","UNKNOWN","SPORT UTILITY VEHICLE (SUV)","UNKNOWN/NA","W","STRAIGHT AHEAD",,,"1",,,,,,,,,,,,,,,,,"true","UNKNOWN",,,,,,,,,,,,,,,,,,,,,,,,,,,,,,,,,
"751298","JC456781","2019-10-02T08:30:00","2","DRIVER",,"713684",,"TOYOTA MOTOR COMPANY, LTD.","RAV4 (sport utility)","IL","2015","NONE","SPORT UTILITY VEHICLE (SUV)","PERSONAL","W","SLOW/STOP IN TRAFFIC",,,"1",,,,,,,,,"true","true","true",,,,,,,"REAR-LEFT",,,,,,,,,,,,,,,,,,,,,,,,,,,,,,,,,
"751334","JC456754","2019-10-02T08:30:00","1","DRIVER",,"713731",,"NISSAN","SENTRA (DATSUN AND NISSAN HAVE MERGED)","IL","2014","UNKNOWN","PASSENGER","PERSONAL","N","STRAIGHT AHEAD",,,"1",,,,,"true",,,,,,,,,,"true","true",,"OTHER",,,,,,,,,,,,,,,,,,,,,,,,,,,,,,,,,
"751335","JC456754","2019-10-02T08:30:00","2","DRIVER",,"713742",,"NISSAN","Frontier","IL","2013","UNKNOWN","PICKUP","PERSONAL","N","STRAIGHT AHEAD",,,"2",,,,,,,,,"true","true","true",,,,,,,"REAR-LEFT",,,,,,,,,,,,,,,,,,,,,,,,,,,,,,,,,
"751314","JC456750","2019-10-02T08:30:00","1","DRIVER",,"713701",,"BUICK","REGAL","IL","2002","NONE","PASSENGER","PERSONAL","E","STRAIGHT AHEAD","true",,"1",,"PENDING OWNER","PENDING OWNER",,,,,,,,,"true","true",,,,,"FRONT-LEFT",,,,,,,,,,,,,,,,,,,,,,,,,,,,,,,,,
"751315","JC456750","2019-10-02T08:30:00","2","DRIVER",,"713707",,"FORD","FUSION","IL","2015","NONE","PASSENGER","PERSONAL","SW","TURNING LEFT",,,"1",,,,,,,,,,,,,,,"true","true",,"TOTAL (ALL AREAS)",,,,,,,,,,,,,,,,,,,,,,,,,,,,,,,,,
"751293","JC456745","2019-10-02T08:30:00","1","DRIVER","1","713695",,"KIA MOTORS CORP","Optima","IL","2015","NONE","PASSENGER","PERSONAL","E","STRAIGHT AHEAD",,,"2",,,,,"false",,,,,,,,,,,"true",,"OTHER",,,,,,,,,,,,,,,,,,,,,,,,,,,,,,,,,
"751294","JC456745","2019-10-02T08:30:00","2","DRIVER",,"713754",,"DODGE","JOURNEY","IL","2016","NONE","PASSENGER","PERSONAL","E","STRAIGHT AHEAD",,,"1",,,,,,,,,,"true",,,,,,,,"REAR-LEFT",,,,,,,,,,,,,,,,,,,,,,,,,,,,,,,,,
"751268","JC456742","2019-10-02T08:30:00","1","DRIVER",,"713654",,"NISSAN","NISSAN ALTIMA","IL","2015","NONE","PASSENGER","PERSONAL","W","BACKING",,,"1",,,,,,,,,,"true","true",,,,,,,"SIDE-LEFT",,,,,,,,,,,,,,,,,,,,,,,,,,,,,,,,,
"751269","JC456742","2019-10-02T08:30:00","2","DRIVER",,"713670",,"HONDA","ACCORD","IL","2000","NONE","PASSENGER","PERSONAL","N","STRAIGHT AHEAD",,,"1",,,,,,,,,,,,"true","true","true",,,,,,,,,,,,,,,,,,,,,,,,,,,,,,,,,,,,,
"751316","JC456740","2019-10-02T08:30:00","1","DRIVER",,"713698",,"OLDSMOBILE","Alero","IL","2001","UNKNOWN","PASSENGER","PERSONAL","E","U-TURN",,,"1",,,,,,,,,,,,,,,"true","true",,"TOTAL (ALL AREAS)",,,,,,,,,,,,,,,,,,,,,,,,,,,,,,,,,
"751317","JC456740","2019-10-02T08:30:00","2","DRIVER","1","713981",,"FORD","Focus","IL","2014","NONE","PASSENGER","PERSONAL","E","STRAIGHT AHEAD",,,"2",,,,,"true","true",,,,,,,,,,,,"FRONT",,,,,,,,,,,,,,,,,,,,,,,,,,,,,,,,,
"751259","JC456739","2019-10-02T08:20:00","1","DRIVER",,"713688",,"CHEVROLET","IMPALA","IL","2006","NONE","PASSENGER","PERSONAL","E","STRAIGHT AHEAD",,,"1",,,,,"true",,,,,,,,,,"true","true",,"OTHER",,,,,,,,,,,,,,,,,,,,,,,,,,,,,,,,,
"751260","JC456739","2019-10-02T08:20:00","2","DRIVER","1","713657",,"TOYOTA MOTOR COMPANY, LTD.","UNKNOWN","IL","2016","NONE","PASSENGER","PERSONAL","E","STRAIGHT AHEAD",,,"2",,,,,,,,,"true","true","true",,,,,,,"REAR-LEFT",,,,,,,,,,,,,,,,,,,,,,,,,,,,,,,,,
"751285","JC456744","2019-10-02T08:19:00","1","DRIVER","3","713680",,"DODGE","NITRO","IL","2007","UNKNOWN","SPORT UTILITY VEHICLE (SUV)","PERSONAL","N","STRAIGHT AHEAD","true",,"4",,,,,,,,,,,"true","true",,,,,,"FRONT-LEFT",,,,,,,,,,,,,,,,,,,,,,,,,,,,,,,,,
"751286","JC456744","2019-10-02T08:19:00","2","DRIVER",,"713700",,"UNKNOWN","UNKNOWN","IL",,"UNKNOWN","SPORT UTILITY VEHICLE (SUV)","UNKNOWN/NA","E","STRAIGHT AHEAD",,,"1",,,,,"true",,,,,,,,,,"true","true",,"OTHER",,,,,,,,,,,,,,,,,,,,,,,,,,,,,,,,,
"752048","JC458093","2019-10-02T08:10:00","1","DRIVER",,"714404",,"HYUNDAI","AZERA","IL","2017","NONE","PASSENGER","PERSONAL","N","STRAIGHT AHEAD",,,"1",,,,,,,,,,,,,,,,"true",,"OTHER",,,,,,,,,,,,,,,,,,,,,,,,,,,,,,,,,
"752049","JC458093","2019-10-02T08:10:00","2","DRIVER",,"714410",,"JEEP","Grand Cherokee (for vehicle years 1989 to present)","IL","2006","NONE","SPORT UTILITY VEHICLE (SUV)","PERSONAL","N","SLOW/STOP IN TRAFFIC",,,"1",,,,,,,,,,"true",,,,,,,,"REAR-LEFT",,,,,,,,,,,,,,,,,,,,,,,,,,,,,,,,,
"751740","JC457557","2019-10-02T08:10:00","1","PARKED","1","714102",,"HYUNDAI","HYUNDAI","IL","2015","NONE","PASSENGER","PERSONAL","N","PARKED",,,"1",,,,,,,,,,,,,"true",,,,,"ROOF",,,,,,,,,,,,,,,,,,,,,,,,,,,,,,,,,
"751741","JC457557","2019-10-02T08:10:00","2","DRIVER",,"714106",,"UNKNOWN","UNKNOWN",,,"UNKNOWN","UNKNOWN/NA","UNKNOWN/NA","N","UNKNOWN/NA",,,"1",,,,,,"true",,,,,,,,,,,,"SIDE-RIGHT",,,,,,,,,,,,,,,,,,,,,,,,,,,,,,,,,
"751283","JC456716","2019-10-02T08:10:00","1","DRIVER",,"713711",,"TOYOTA MOTOR COMPANY, LTD.","CAMRY","IN","2002","UNKNOWN","PASSENGER","PERSONAL","W","SKIDDING/CONTROL LOSS","true",,"1",,"OWNER",,,,,,,,,,,,,"true",,,"TOTAL (ALL AREAS)",,,,,,,,,,,,,,,,,,,,,,,,,,,,,,,,,
"751284","JC456716","2019-10-02T08:10:00","2","DRIVER",,"713696",,"TOYOTA MOTOR COMPANY, LTD.","RAV4 (sport utility)","IN","2017","UNKNOWN","SPORT UTILITY VEHICLE (SUV)","PERSONAL","W","STRAIGHT AHEAD",,,"1",,,,,"true",,"true","true",,,,,,,,,,"SIDE-RIGHT",,,,,,,,,,,,,,,,,,,,,,,,,,,,,,,,,
"751596","JC457290","2019-10-02T08:08:00","1","DRIVER",,"713975",,"CHEVROLET","UPLANDER",,,"UNKNOWN","SPORT UTILITY VEHICLE (SUV)","PERSONAL","UNKNOWN","STRAIGHT AHEAD",,,"1",,,,,"true",,,,,,,,,,,,,"OTHER",,,,,,,,,,,,,,,,,,,,,,,,,,,,,,,,,
"751597","JC457290","2019-10-02T08:08:00","2","DRIVER",,"713976",,"CHEVROLET","MALIBU (CHEVELLE)",,,"UNKNOWN","PASSENGER","PERSONAL","UNKNOWN","SLOW/STOP IN TRAFFIC",,,"1",,,,,,,,,,"true",,,,,,,,"REAR-LEFT",,,,,,,,,,,,,,,,,,,,,,,,,,,,,,,,,
"752088","JC458191","2019-10-02T08:00:00","1","DRIVER",,"714439",,"CHEVROLET","UNKNOWN","IL","1999","UNKNOWN","SPORT UTILITY VEHICLE (SUV)","PERSONAL","S","STRAIGHT AHEAD",,,"1",,,,"true",,,,,,,,,,,,,,"OTHER",,,,,,,,,,,,,,,,,,,,,,,,,,,,,,,,,
"752089","JC458191","2019-10-02T08:00:00","2","DRIVER",,"714448",,"ACURA","ACURA","IL","2018","NONE","PASSENGER","PERSONAL","S","SLOW/STOP IN TRAFFIC",,,"1",,,,,,,,,"true",,,,,,,,,"REAR",,,,,,,,,,,,,,,,,,,,,,,,,,,,,,,,,
"751570","JC457238","2019-10-02T08:00:00","1","DRIVER",,"713952",,"ACURA","ACURA","IL","2009","NONE","PASSENGER","PERSONAL","W","ENTERING TRAFFIC LANE FROM PARKING",,,"1",,,,,,,,,,,,,,,"true",,,"TOTAL (ALL AREAS)",,,,,,,,,,,,,,,,,,,,,,,,,,,,,,,,,
"751571","JC457238","2019-10-02T08:00:00","2","DRIVER",,"713962",,"TOYOTA MOTOR COMPANY, LTD.","RAV4 (sport utility)","IL","2018","NONE","SPORT UTILITY VEHICLE (SUV)","PERSONAL","W","STRAIGHT AHEAD",,,"1",,,,,,"true","true","true",,,,,,,,,,"SIDE-RIGHT",,,,,,,,,,,,,,,,,,,,,,,,,,,,,,,,,
"751279","JC456753","2019-10-02T08:00:00","1","DRIVER",,"713665",,"TOYOTA MOTOR COMPANY, LTD.","TOYOTA","IL","2015","NONE","PICKUP","TAXI/FOR HIRE","E","STRAIGHT AHEAD",,,"1",,,,,,,,,,,,,,,,"true",,"OTHER",,,,,,,,,,,,,,,,,,,,,,,,,,,,,,,,,
"751280","JC456753","2019-10-02T08:00:00","2","DRIVER",,"713673",,"FORD","EXPLORER","MI","2014","NONE","PASSENGER","PERSONAL","S","TURNING LEFT",,,"1",,,,,,,"true",,,,,,,,,,,"SIDE-RIGHT",,,,,,,,,,,,,,,,,,,,,,,,,,,,,,,,,
"751305","JC456728","2019-10-02T08:00:00","1","DRIVER",,"713697",,"FORD","FORD","IL","1998","UNKNOWN","UNKNOWN/NA","UNKNOWN/NA","S","UNKNOWN/NA",,,"1",,,,,,,,,,,,,,,,,"true","UNKNOWN",,,,,,,,,,,,,,,,,,,,,,,,,,,,,,,,,
"751306","JC456728","2019-10-02T08:00:00","2","DRIVER","2","713715",,"TOYOTA MOTOR COMPANY, LTD.","UNKNOWN","IL","2003","NONE","PASSENGER","PERSONAL","E","STRAIGHT AHEAD","true",,"3",,"PERSONAL TOW","UNK",,"true",,,,,,,,,,"true",,,"TOTAL (ALL AREAS)",,,,,,,,,,,,,,,,,,,,,,,,,,,,,,,,,
"751307","JC456728","2019-10-02T08:00:00","3","DRIVER",,"713735",,"INFINITI","UNKNOWN","IL","2018","NONE","PASSENGER","PERSONAL","E","STRAIGHT AHEAD",,,"1",,,,,,,,,,,,,"true",,,,,"ROOF",,,,,,,,,,,,,,,,,,,,,,,,,,,,,,,,,
"751253","JC456721","2019-10-02T08:00:00","1","DRIVER",,"713661",,"VOLKSWAGEN","JETTA",,"2013","NONE","PASSENGER","PERSONAL","SW","TURNING LEFT",,,"1",,,,,"true","true",,,,,,,,,,"true",,"FRONT",,,,,,,,,,,,,,,,,,,,,,,,,,,,,,,,,
"751254","JC456721","2019-10-02T08:00:00","2","DRIVER",,"713672",,"VOLKSWAGEN","JETTA","IL","2003","NONE","PASSENGER","PERSONAL","E","STRAIGHT AHEAD",,,"1",,,,,,,,,,,,,,"true","true","true",,"TOTAL (ALL AREAS)",,,,,,,,,,,,,,,,,,,,,,,,,,,,,,,,,
"751248","JC456718","2019-10-02T08:00:00","1","DRIVER","2","713643",,"CHEVROLET","SILVERADO","IL","2011","NONE","PICKUP","PERSONAL","S","STRAIGHT AHEAD",,,"3",,,,,,,,,,,,,"false","true",,,,"ROOF",,,,,,,,,,,,,,,,,,,,,,,,,,,,,,,,,
"751247","JC456718","2019-10-02T08:00:00","2","DRIVER",,"713639",,"CHEVROLET","TAHOE","IL","2016","NONE","SPORT UTILITY VEHICLE (SUV)","PERSONAL","N","STRAIGHT AHEAD",,,"1",,,,,,,,,,,,,,"true",,,,"ROOF",,,,,,,,,,,,,,,,,,,,,,,,,,,,,,,,,
"751263","JC456715","2019-10-02T08:00:00","1","DRIVER",,"713651",,"HONDA","CIVIC","IL","2012","UNKNOWN","PASSENGER","PERSONAL","N","SLOW/STOP IN TRAFFIC","true",,"1",,"unk","unk",,,,,,,,,,,,,"true",,"OTHER",,,,,,,,,,,,,,,,,,,,,,,,,,,,,,,,,
"751264","JC456715","2019-10-02T08:00:00","2","DRIVER",,"713660",,"JEEP","Wrangler (for vehicle years 1989 to present)","IL","2017","UNKNOWN","SPORT UTILITY VEHICLE (SUV)","PERSONAL","N","SLOW/STOP IN TRAFFIC",,,"1",,,,,,,,,,"true",,,,,,"true",,"REAR-LEFT",,,,,,,,,,,,,,,,,,,,,,,,,,,,,,,,,