"crash_unit_id","rd_no","crash_date","unit_no","unit_type","num_passengers","vehicle_id","cmrc_veh_i","make","model","lic_plate_state","vehicle_year","vehicle_defect","vehicle_type","vehicle_use","travel_direction","maneuver","towed_i","fire_i","occupant_cnt","exceed_speed_limit_i","towed_by","towed_to","area_00_i","area_01_i","area_02_i","area_03_i","area_04_i","area_05_i","area_06_i","area_07_i","area_08_i","area_09_i","area_10_i","area_11_i","area_12_i","area_99_i","first_contact_point","cmv_id","usdot_no","ccmc_no","ilcc_no","commercial_src","gvwr","carrier_name","carrier_state","carrier_city","hazmat_placards_i","hazmat_name","un_no","hazmat_present_i","hazmat_report_i","hazmat_report_no","mcs_report_i","mcs_report_no","hazmat_vio_cause_crash_i","mcs_vio_cause_crash_i","idot_permit_no","wide_load_i","trailer1_width","trailer2_width","trailer1_length","trailer2_length","total_vehicle_length","axle_cnt","vehicle_config","cargo_body_type","load_type","hazmat_out_of_service_i","mcs_out_of_service_i","hazmat_class"
"751265","JC456715","2019-10-02T08:00:00","3","DRIVER",,"713669",,"HONDA","CIVIC","IL","2010","UNKNOWN","PASSENGER","PERSONAL","N","SLOW/STOP IN TRAFFIC",,,"1",,,,,,,,,,"true",,,,,,,,"REAR-LEFT",,,,,,,,,,,,,,,,,,,,,,,,,,,,,,,,,
"751272","JC456723","2019-10-02T07:59:00","1","DRIVER",,"713659",,"TOYOTA MOTOR COMPANY, LTD.","COROLLA","IL",,"NONE","PASSENGER","PERSONAL","S","BACKING",,,"1",,,,,,,,,,,"true",,,,,,,"SIDE-LEFT",,,,,,,,,,,,,,,,,,,,,,,,,,,,,,,,,
"751273","JC456723","2019-10-02T07:59:00","2","PARKED",,"713667",,"JEEP","UNKNOWN","IL","2015","NONE","PASSENGER","PERSONAL","UNKNOWN","PARKED",,,"0",,,,,"true",,,,,,,,,,,,,"FRONT",,,,,,,,,,,,,,,,,,,,,,,,,,,,,,,,,
"751274","JC456723","2019-10-02T07:59:00","3","PEDESTRIAN",,,,,,,,,,,,,,,,,,,,,,,,,,,,,,,,,,,,,,,,,,,,,,,,,,,,,,,,,,,,,,,,,,
"751321","JC456722","2019-10-02T07:56:00","1","DRIVER","2","713712",,"CHEVROLET","EQUINOX","IL","2013","NONE","PASSENGER","PERSONAL","S","TURNING LEFT",,,"3",,,,,"true",,,,,,,,,,,,,"FRONT",,,,,,,,,,,,,,,,,,,,,,,,,,,,,,,,,
"751322","JC456722","2019-10-02T07:56:00","2","DRIVER",,"713716",,"CHEVROLET","EQUINOX","IL","2015","NONE","PASSENGER","PERSONAL","N","TURNING RIGHT",,,"1",,,,,,,,,,,,,,,"true",,,"TOTAL (ALL AREAS)",,,,,,,,,,,,,,,,,,,,,,,,,,,,,,,,,
"751777","JC456730","2019-10-02T07:55:00","1","DRIVER",,"714141",,"TOYOTA MOTOR COMPANY, LTD.","COROLLA","IL","2003","UNKNOWN","PASSENGER","PERSONAL","E","STRAIGHT AHEAD",,,"1",,,,"true",,,,,,,,,,,,,,"OTHER",,,,,,,,,,,,,,,,,,,,,,,,,,,,,,,,,
"751778","JC456730","2019-10-02T07:55:00","2","DRIVER",,"714142",,"NISSAN","SENTRA (DATSUN AND NISSAN HAVE MERGED)","IL","2015","UNKNOWN","PASSENGER","PERSONAL","E","STRAIGHT AHEAD",,,"1",,,,"true",,,,,,,,,,,,,,"REAR-LEFT",,,,,,,,,,,,,,,,,,,,,,,,,,,,,,,,,
"751261","JC456710","2019-10-02T07:55:00","1","DRIVER",,"713653",,"FORD","Focus","IL","2000","UNKNOWN","PASSENGER","PERSONAL","S","SLOW/STOP IN TRAFFIC",,,"1",,,,,"true","true","true",,,,,,,,,"false",,"SIDE-RIGHT",,,,,,,,,,,,,,,,,,,,,,,,,,,,,,,,,
"751262","JC456710","2019-10-02T07:55:00","2","DRIVER","1","713663",,"BUICK","UNKNOWN","IL","2012","UNKNOWN","PASSENGER","PERSONAL","E","STRAIGHT AHEAD",,,"2",,,,,"true",,,,,,,,,,,,,"OTHER",,,,,,,,,,,,,,,,,,,,,,,,,,,,,,,,,
"751584","JC457270","2019-10-02T07:50:00","1","DRIVER",,"713966",,"NISSAN","UNKNOWN","IL","2007","NONE","PASSENGER","PERSONAL","N","STRAIGHT AHEAD",,,"1",,,,,"true",,,,,,,,,,"true","true",,"OTHER",,,,,,,,,,,,,,,,,,,,,,,,,,,,,,,,,
"751585","JC457270","2019-10-02T07:50:00","2","DRIVER",,"713970",,"TOYOTA MOTOR COMPANY, LTD.","YARIS","IL","2010","NONE","PASSENGER","PERSONAL","E","STRAIGHT AHEAD",,,"1",,,,,"true","true",,,,,,,,,,,,"FRONT",,,,,,,,,,,,,,,,,,,,,,,,,,,,,,,,,
"751308","JC456719","2019-10-02T07:50:00","1","DRIVER",,"713691",,"UNKNOWN","UNKNOWN","IL","2009","UNKNOWN","BUS UP TO 15 PASS.","SCHOOL BUS","NW","TURNING RIGHT",,,"1",,,,,,,,,,,,,,,,,"true","SIDE-RIGHT",,,,,,,,,,,,,,,,,,,,,,,,,,,,,,,,,
"751309","JC456719","2019-10-02T07:50:00","2","PARKED",,"713705",,"LEXUS","ES300","IL","1999","NONE","PASSENGER","PERSONAL","N","PARKED",,,"0",,,,,,,,,,"true","true","true",,,,,,"SIDE-LEFT",,,,,,,,,,,,,,,,,,,,,,,,,,,,,,,,,
"751287","JC456699","2019-10-02T07:49:00","1","DRIVER",,"713675",,"KIA MOTORS CORP","SOUL","IL","2017","UNKNOWN","PASSENGER","PERSONAL","S","STRAIGHT AHEAD",,,"1",,,,,,,,,,,,,,,,,"true","UNKNOWN",,,,,,,,,,,,,,,,,,,,,,,,,,,,,,,,,
"751288","JC456699","2019-10-02T07:49:00","2","DRIVER",,"713681",,"NISSAN","NISSAN ALTIMA","IL","2017","NONE","PASSENGER","PERSONAL","S","STRAIGHT AHEAD",,,"1",,,,,,,,,,"true","true","true",,,,,,"SIDE-LEFT",,,,,,,,,,,,,,,,,,,,,,,,,,,,,,,,,
"751281","JC456702","2019-10-02T07:46:00","1","DRIVER",,"713671",,"PONTIAC","PONTIAC","IL","2006","UNKNOWN","PASSENGER","PERSONAL","W","STRAIGHT AHEAD",,,"3",,,,,,,,,,,,,,,"true","true",,"OTHER",,,,,,,,,,,,,,,,,,,,,,,,,,,,,,,,,
"751282","JC456702","2019-10-02T07:46:00","2","DRIVER",,"713677",,"CHEVROLET","CRUZE","MI","2018","UNKNOWN","PASSENGER","PERSONAL","E","STRAIGHT AHEAD","true",,"1",,"PRIVATE TOW","PRIVATE TOW",,,,,,,,,"true","true",,,,,"FRONT-LEFT",,,,,,,,,,,,,,,,,,,,,,,,,,,,,,,,,
"751266","JC456700","2019-10-02T07:46:00","1","DRIVER",,"713652",,"JEEP","Grand Cherokee (for vehicle years 1989 to present)","IL","2018","NONE","PASSENGER","PERSONAL","E","STRAIGHT AHEAD",,,"1",,,,,,,,,,,,,,,"true",,,"TOTAL (ALL AREAS)",,,,,,,,,,,,,,,,,,,,,,,,,,,,,,,,,
"751267","JC456700","2019-10-02T07:46:00","2","DRIVER",,"713664",,"FORD","EDGE","IL","2012","NONE","PASSENGER","PERSONAL","W","TURNING LEFT",,,"1",,,,,"true",,,,,,,,,,,,,"FRONT",,,,,,,,,,,,,,,,,,,,,,,,,,,,,,,,,
"751310","JC456733","2019-10-02T07:45:00","1","DRIVER",,"713702",,"NISSAN","X-Terra","IL","2003","NONE","PASSENGER","PERSONAL","N","STRAIGHT AHEAD",,,"1",,,,,"true",,,,,,,,,,"true","true",,"OTHER",,,,,,,,,,,,,,,,,,,,,,,,,,,,,,,,,
"751311","JC456733","2019-10-02T07:45:00","2","DRIVER",,"713708",,"HONDA","ACCORD","IL","2010","NONE","PASSENGER","PERSONAL","N","STRAIGHT AHEAD",,,"1",,,,,,,,,,"true",,,,,,,,"REAR-LEFT",,,,,,,,,,,,,,,,,,,,,,,,,,,,,,,,,
"751241","JC456705","2019-10-02T07:45:00","1","DRIVER",,"713633",,"NISSAN","ROGUE","IL","2013","NONE","SPORT UTILITY VEHICLE (SUV)","PERSONAL","W","TURNING LEFT",,,"1",,,,,,,,,,,,,,,"true",,,"TOTAL (ALL AREAS)",,,,,,,,,,,,,,,,,,,,,,,,,,,,,,,,,
"751242","JC456705","2019-10-02T07:45:00","2","DRIVER",,"713642",,"HYUNDAI","ELANTRA","IL","2018","NONE","PASSENGER","PERSONAL","N","SLOW/STOP IN TRAFFIC",,,"1",,,,,,"true",,,,,,,,,,,,"FRONT-RIGHT",,,,,,,,,,,,,,,,,,,,,,,,,,,,,,,,,
"751419","JC456698","2019-10-02T07:42:00","1","DRIVER",,"713803",,"TOYOTA MOTOR COMPANY, LTD.","Sienna (van)","IL","2012","NONE","OTHER","TAXI/FOR HIRE","N","TURNING LEFT",,,"1",,,,,"true",,,,,,,,,,,,,"FRONT",,,,,,,,,,,,,,,,,,,,,,,,,,,,,,,,,
"751420","JC456698","2019-10-02T07:42:00","2","DRIVER",,"713804",,"TOYOTA MOTOR COMPANY, LTD.","COROLLA","IL","2014","NONE","OTHER","TAXI/FOR HIRE","N","STRAIGHT AHEAD",,,"1",,,,,,,,,,,"true",,,,,,,"SIDE-LEFT",,,,,,,,,,,,,,,,,,,,,,,,,,,,,,,,,
"752677","JC459168","2019-10-02T07:40:00","1","DRIVER",,"715000",,"HONDA","ACCORD","IL","1995","NONE","PASSENGER","PERSONAL","W","ENTERING TRAFFIC LANE FROM PARKING",,,"1",,,,,,,,,,,,,,,"true",,,"TOTAL (ALL AREAS)",,,,,,,,,,,,,,,,,,,,,,,,,,,,,,,,,
"752678","JC459168","2019-10-02T07:40:00","2","DRIVER",,"715003",,"TOYOTA MOTOR COMPANY, LTD.","Prius","XX",,"UNKNOWN","UNKNOWN/NA","UNKNOWN/NA","W","STRAIGHT AHEAD",,,"1",,,,,"true",,,,,,,,,,,,,"FRONT",,,,,,,,,,,,,,,,,,,,,,,,,,,,,,,,,
"752371","JC458701","2019-10-02T07:40:00","1","DRIVER",,"714707",,"FORD","Focus","IL","2000","UNKNOWN","PASSENGER","UNKNOWN/NA","N","UNKNOWN/NA",,,"1",,,,,,,,,,,,,,,"false","false","true","OTHER",,,,,,,,,,,,,,,,,,,,,,,,,,,,,,,,,
"752372","JC458701","2019-10-02T07:40:00","2","DRIVER",,"714712",,"HYUNDAI","ELANTRA","IL","2018","NONE","PASSENGER","PERSONAL","N","SLOW/STOP IN TRAFFIC",,,"1",,,,,,,,,"true","true",,,,,,,,"REAR-LEFT",,,,,,,,,,,,,,,,,,,,,,,,,,,,,,,,,
"751505","JC457103","2019-10-02T07:40:00","1","DRIVER",,"713913",,"JEEP","Wrangler (for vehicle years 1989 to present)","IL","2016","UNKNOWN","UNKNOWN/NA","UNKNOWN/NA","N","STRAIGHT AHEAD",,,"1",,,,,"true",,,,,,,,,,"true","true",,"OTHER",,,,,,,,,,,,,,,,,,,,,,,,,,,,,,,,,
"751506","JC457103","2019-10-02T07:40:00","2","DRIVER",,"713920",,"CHEVROLET","IMPALA","IL","2018","NONE","PASSENGER","PERSONAL","N","STRAIGHT AHEAD",,,"1",,,,,,,,,"true","true","true",,,,,,,"REAR-LEFT",,,,,,,,,,,,,,,,,,,,,,,,,,,,,,,,,
"751363","JC456862","2019-10-02T07:40:00","1","DRIVER",,"713775",,"DODGE","UNKNOWN",,,"UNKNOWN","SPORT UTILITY VEHICLE (SUV)","PERSONAL","W","TURNING RIGHT",,,"1",,,,,"true",,,,,,,,,,,"true",,"FRONT",,,,,,,,,,,,,,,,,,,,,,,,,,,,,,,,,
"751364","JC456862","2019-10-02T07:40:00","2","PEDESTRIAN",,,,,,,,,,,,,,,,,,,,,,,,,,,,,,,,,,,,,,,,,,,,,,,,,,,,,,,,,,,,,,,,,,
"752134","JC458288","2019-10-02T07:35:00","1","DRIVER",,"714488",,"TOYOTA MOTOR COMPANY, LTD.","UNKNOWN","IL","2019","UNKNOWN","PASSENGER","UNKNOWN/NA","W","TURNING LEFT",,,"1",,,,,,,,,,,,,,,"true",,,"TOTAL (ALL AREAS)",,,,,,,,,,,,,,,,,,,,,,,,,,,,,,,,,
"752135","JC458288","2019-10-02T07:35:00","2","DRIVER",,"714480",,"FORD","ESCAPE (SUV)","IN","2019","NONE","PASSENGER","PERSONAL","S","TURNING RIGHT",,,"1",,,,,,,,,,,,,,,"true",,,"TOTAL (ALL AREAS)",,,,,,,,,,,,,,,,,,,,,,,,,,,,,,,,,
"751243","JC456707","2019-10-02T07:35:00","1","DRIVER",,"713632",,"UNKNOWN","UNKNOWN",,,"UNKNOWN","PASSENGER","UNKNOWN/NA","E","ENTERING TRAFFIC LANE FROM PARKING",,,"1",,,,,,,,,,,,,,,"true",,,"TOTAL (ALL AREAS)",,,,,,,,,,,,,,,,,,,,,,,,,,,,,,,,,
"751244","JC456707","2019-10-02T07:35:00","2","DRIVER","1","713646",,"FORD","UNKNOWN",,,"NONE","SPORT UTILITY VEHICLE (SUV)","OTHER","E","STRAIGHT AHEAD",,,"2",,,,,,,,"true","true",,,,,,,,,"REAR",,,,,,,,,,,,,,,,,,,,,,,,,,,,,,,,,
"751401","JC456907","2019-10-02T07:31:00","1","DRIVER",,"713789",,"MERCEDES-BENZ","GLK300",,"2017","UNKNOWN","UNKNOWN/NA","PERSONAL","N","STRAIGHT AHEAD",,,"1",,,,,"true",,,,,,,,,,"true","true",,"OTHER",,,,,,,,,,,,,,,,,,,,,,,,,,,,,,,,,
"751402","JC456907","2019-10-02T07:31:00","2","DRIVER",,"713797",,"SUBARU","LEGACY","IL","2011","NONE","PASSENGER","PERSONAL","N","STRAIGHT AHEAD",,,"1",,,,,,,,,"true","true","true",,,,,,,"REAR-LEFT",,,,,,,,,,,,,,,,,,,,,,,,,,,,,,,,,
"753249","JC460260","2019-10-02T07:30:00","1","DRIVER",,"715551",,"UNKNOWN","UNKNOWN","XX",,"UNKNOWN","PASSENGER","PERSONAL","N","PASSING/OVERTAKING",,,"1",,,,,"true","true","true","true","true",,,,,,,,,"SIDE-RIGHT",,,,,,,,,,,,,,,,,,,,,,,,,,,,,,,,,
"753250","JC460260","2019-10-02T07:30:00","2","DRIVER",,"715555",,"FORD","F250","IL","1998","NONE","PICKUP","PERSONAL","W","TURNING LEFT",,,"1",,,,,,,,,,,,,,,,"true",,"OTHER",,,,,,,,,,,,,,,,,,,,,,,,,,,,,,,,,
"752076","JC458199","2019-10-02T07:30:00","1","DRIVER",,"714425",,"TOYOTA MOTOR COMPANY, LTD.","Prius","IL","2012","NONE","PASSENGER","PERSONAL","N","STRAIGHT AHEAD",,,"1",,,,,"true",,,,,,,,,,,"false",,"FRONT",,,,,,,,,,,,,,,,,,,,,,,,,,,,,,,,,
"752077","JC458199","2019-10-02T07:30:00","2","DRIVER",,"714427",,"JEEP","UNKNOWN","IL","2014","NONE","PASSENGER","PERSONAL","N","STRAIGHT AHEAD",,,"1",,,,,,,,,,,"true",,,,,,,"SIDE-LEFT",,,,,,,,,,,,,,,,,,,,,,,,,,,,,,,,,
"751804","JC457642","2019-10-02T07:30:00","1","DRIVER",,"714166",,"UNKNOWN","UNKNOWN","IL",,"NONE","PASSENGER","PERSONAL","W","SLOW/STOP IN TRAFFIC",,,"1",,,,,,,,,,,,,,,,,"true","OTHER",,,,,,,,,,,,,,,,,,,,,,,,,,,,,,,,,
"751805","JC457642","2019-10-02T07:30:00","2","DRIVER",,"714172",,"CHEVROLET","IMPALA","IL","2016","NONE","PASSENGER","PERSONAL","W","SLOW/STOP IN TRAFFIC",,,"1",,,,,,,,,"true","true","true",,,,,,,"REAR-LEFT",,,,,,,,,,,,,,,,,,,,,,,,,,,,,,,,,
"751603","JC457312","2019-10-02T07:30:00","1","DRIVER",,"713980",,"TOYOTA MOTOR COMPANY, LTD.","COROLLA","IL","2016","UNKNOWN","PASSENGER","PERSONAL","N","SLOW/STOP IN TRAFFIC",,,"1",,,,,,,,,,,,,,,,"true",,"OTHER",,,,,,,,,,,,,,,,,,,,,,,,,,,,,,,,,
"751604","JC457312","2019-10-02T07:30:00","2","DRIVER",,"713988",,"FORD","ESCAPE (SUV)","IL","2013","NONE","PASSENGER","PERSONAL","N","SLOW/STOP IN TRAFFIC",,,"1",,,,,,,,,,"true",,,,,,,,"REAR-LEFT",,,,,,,,,,,,,,,,,,,,,,,,,,,,,,,,,
"752035","JC456897","2019-10-02T07:30:00","1","DRIVER",,"714397",,"FORD","UNKNOWN","IL","2004","UNKNOWN","UNKNOWN/NA","UNKNOWN/NA","NE","TURNING LEFT",,,"1",,,,,,,,,,,,,,,,,"true","UNKNOWN",,,,,,,,,,,,,,,,,,,,,,,,,,,,,,,,,
"752036","JC456897","2019-10-02T07:30:00","2","DRIVERLESS",,"714429",,"NISSAN","UNKNOWN","IL","2018","NONE","PASSENGER","NOT IN USE","N","PARKED",,,"0",,,,,,,,,,,,,,,"true",,,"TOTAL (ALL AREAS)",,,,,,,,,,,,,,,,,,,,,,,,,,,,,,,,,
"751245","JC456711","2019-10-02T07:30:00","1","DRIVER",,"713634",,"CADILLAC","CTS","IL","2007","UNKNOWN","PASSENGER","PERSONAL","E","STRAIGHT AHEAD",,,"1",,,,,"true",,,,,,,,,,"true","true",,"OTHER",,,,,,,,,,,,,,,,,,,,,,,,,,,,,,,,,
"751246","JC456711","2019-10-02T07:30:00","2","DRIVER",,"713638",,"TOYOTA MOTOR COMPANY, LTD.","CAMRY","IL","2008","UNKNOWN","PASSENGER","PERSONAL","E","STRAIGHT AHEAD",,,"1",,,,,,,,,"true","true","true",,,,,,,"REAR-LEFT",,,,,,,,,,,,,,,,,,,,,,,,,,,,,,,,,
"751238","JC456703","2019-10-02T07:30:00","1","DRIVER",,"713630",,"VOLKSWAGEN","ROUTAN","IL","2009","NONE","PASSENGER","PERSONAL","N","STRAIGHT AHEAD",,,"1",,,,,,,,,,,,,,,,"true",,"OTHER",,,,,,,,,,,,,,,,,,,,,,,,,,,,,,,,,
"751239","JC456703","2019-10-02T07:30:00","2","DRIVER",,"713636",,"TOYOTA MOTOR COMPANY, LTD.","RAV4 (sport utility)","IL","2015","NONE","PASSENGER","PERSONAL","N","STRAIGHT AHEAD",,,"1",,,,,,,,,,"true",,,,,,"true",,"REAR-LEFT",,,,,,,,,,,,,,,,,,,,,,,,,,,,,,,,,
"751240","JC456703","2019-10-02T07:30:00","3","DRIVER",,"713647",,"NISSAN","NISSAN ALTIMA","IL","2009","NONE","PASSENGER","PERSONAL","N","STRAIGHT AHEAD",,,"1",,,,,,,,,,"true",,,,,,,,"REAR-LEFT",,,,,,,,,,,,,,,,,,,,,,,,,,,,,,,,,
"751234","JC456669","2019-10-02T07:30:00","1","DRIVER",,"713625",,"LINCOLN-CONTINENTAL","MKZ","IL","2016","NONE","PASSENGER","PERSONAL","SE","TURNING RIGHT",,,"1",,,,,,"true","true",,,,,,"true",,,,,"SIDE-RIGHT",,,,,,,,,,,,,,,,,,,,,,,,,,,,,,,,,
"751235","JC456669","2019-10-02T07:30:00","2","PEDESTRIAN",,,,,,,,,,,,,,,,,,,,,,,,,,,,,,,,,,,,,,,,,,,,,,,,,,,,,,,,,,,,,,,,,,
"751345","JC456690","2019-10-02T07:29:00","1","BICYCLE",,,,,,,,,,,,,,,,,,,,,,,,,,,,,,,,,,,,,,,,,,,,,,,,,,,,,,,,,,,,,,,,,,
"751346","JC456690","2019-10-02T07:29:00","2","DRIVER",,"713760",,"TOYOTA MOTOR COMPANY, LTD.","CAMRY","IL","2016","NONE","PASSENGER","PERSONAL","N","STRAIGHT AHEAD",,,"1",,,,,,,,,,,,,,,"true",,,"TOTAL (ALL AREAS)",,,,,,,,,,,,,,,,,,,,,,,,,,,,,,,,,
"751236","JC456689","2019-10-02T07:25:00","1","DRIVER",,"713635",,"CHEVROLET","CRUZE","IL","2017","NONE","PASSENGER","PERSONAL","NW","SLOW/STOP IN TRAFFIC",,,"1",,,,,"false",,,,,,,,,,,"false","true","OTHER",,,,,,,,,,,,,,,,,,,,,,,,,,,,,,,,,
"751237","JC456689","2019-10-02T07:25:00","2","DRIVER",,"713645",,"VOLKSWAGEN","TIGUAN","IL","2013","UNKNOWN","SPORT UTILITY VEHICLE (SUV)","PERSONAL","NW","SLOW/STOP IN TRAFFIC",,,"1",,,,,,,,,,,,,,,,,"true","REAR-LEFT",,,,,,,,,,,,,,,,,,,,,,,,,,,,,,,,,
"751229","JC456682","2019-10-02T07:25:00","1","DRIVER",,"713624",,"FORD","FORD-TRUCK,VAN,SUV, ETC","OK","2016","UNKNOWN","OTHER","OTHER","SE","TURNING RIGHT",,,"1",,,,,,,,,"true",,,,,,,,,"REAR",,,,,,,,,,,,,,,,,,,,,,,,,,,,,,,,,
"751230","JC456682","2019-10-02T07:25:00","2","DRIVER","2","713629",,"NISSAN","Pathfinder","IL","2016","NONE","PASSENGER","PERSONAL","SE","TURNING RIGHT",,,"3",,,,,,,,,,,,,,,"false","true",,"OTHER",,,,,,,,,,,,,,,,,,,,,,,,,,,,,,,,,
"751277","JC456677","2019-10-02T07:24:00","1","DRIVER",,"713658",,"SUBARU","FORESTER","IL","2010","NONE","PASSENGER","PERSONAL","W","STRAIGHT AHEAD","true",,"1",,"PRIVATE COMPANY","UNKNOWN",,,,,,,,,,,,,"true",,"OTHER",,,,,,,,,,,,,,,,,,,,,,,,,,,,,,,,,
"751278","JC456677","2019-10-02T07:24:00","2","DRIVER","5","713668",,"CHEVROLET","SPORTVAN","IL","2004","NONE","VAN/MINI-VAN","OTHER","W","STRAIGHT AHEAD",,,"6",,,,,,,,,,"true",,,,,,,,"REAR-LEFT",,,,,,,,,,,,,,,,,,,,,,,,,,,,,,,,,
"751221","JC456663","2019-10-02T07:18:00","1","DRIVER",,"713615",,"GENERAL MOTORS CORP.","SAFARI","IL","2002","NONE","VAN/MINI-VAN","PERSONAL","S","STRAIGHT AHEAD",,,"1",,,,,,,,,,,,,,,,"true",,"OTHER",,,,,,,,,,,,,,,,,,,,,,,,,,,,,,,,,
"751222","JC456663","2019-10-02T07:18:00","2","DRIVER",,"713620",,"TOYOTA MOTOR COMPANY, LTD.","RAV4 (sport utility)","IL","2019","NONE","SPORT UTILITY VEHICLE (SUV)","PERSONAL","S","PASSING/OVERTAKING",,,"1",,,,,,,,,,"true",,,,,,,,"REAR-LEFT",,,,,,,,,,,,,,,,,,,,,,,,,,,,,,,,,
"752040","JC456666","2019-10-02T07:15:00","1","DRIVER",,"714392",,"UNKNOWN","UNKNOWN","IL",,"UNKNOWN","UNKNOWN/NA","UNKNOWN/NA","N","UNKNOWN/NA",,,"1",,,,,,,,,,,,,,,,,"true","UNKNOWN",,,,,,,,,,,,,,,,,,,,,,,,,,,,,,,,,
"752041","JC456666","2019-10-02T07:15:00","2","PARKED",,"714395",,"VOLKSWAGEN","PASSAT",,"2006","NONE","PASSENGER","NOT IN USE","N","PARKED",,,"0",,,,,,,,,,,"true",,,,,,,"SIDE-LEFT",,,,,,,,,,,,,,,,,,,,,,,,,,,,,,,,,
"751303","JC456786","2019-10-02T07:10:00","1","DRIVER",,"713703",,"ACURA","ACURA",,"2004","UNKNOWN","PASSENGER","PERSONAL","N","ENTER FROM DRIVE/ALLEY",,,"1",,,,,,,,,,,,,,,,"true",,"OTHER",,,,,,,,,,,,,,,,,,,,,,,,,,,,,,,,,
"751304","JC456786","2019-10-02T07:10:00","2","DRIVER","1","713689",,"NISSAN","NISSAN MAXIMA","IL","2017","NONE","PASSENGER","TAXI/FOR HIRE","E","STRAIGHT AHEAD",,,"2",,,,,,,"true","true",,,,,,,,,,"SIDE-RIGHT",,,,,,,,,,,,,,,,,,,,,,,,,,,,,,,,,
"751395","JC456785","2019-10-02T07:10:00","1","DRIVER",,"713778",,"CHEVROLET","CRUZE","IL","2014","UNKNOWN","PASSENGER","UNKNOWN/NA","W","STRAIGHT AHEAD",,,"1",,,,,,,,,,,,,,,,,"true","UNKNOWN",,,,,,,,,,,,,,,,,,,,,,,,,,,,,,,,,
"751396","JC456785","2019-10-02T07:10:00","2","DRIVER",,"713784",,"CHEVROLET","Aveo","IL","2009","NONE","PASSENGER","PERSONAL","E","STRAIGHT AHEAD",,,"1",,,,,,,,,,,,"true",,"true","true",,,"UNDER CARRIAGE",,,,,,,,,,,,,,,,,,,,,,,,,,,,,,,,,
"751217","JC456662","2019-10-02T07:02:00","1","DRIVER",,"713612",,"UNKNOWN","UNKNOWN",,,"UNKNOWN","UNKNOWN/NA","UNKNOWN/NA","NE","TURNING RIGHT",,,"1",,,,,"true",,,,,,,,,,,,,,,,,,,,,,,,,,,,,,,,,,,,,,,,,,,,,,
"751218","JC456662","2019-10-02T07:02:00","2","PARKED",,"713614",,"HYUNDAI","UNKNOWN","IL","2007","NONE","PASSENGER","NOT IN USE","E","PARKED",,,"0",,,,,,,,,"true",,,,,,,,,"REAR",,,,,,,,,,,,,,,,,,,,,,,,,,,,,,,,,
"751295","JC456783","2019-10-02T07:00:00","1","DRIVER",,"713682",,"TOYOTA MOTOR COMPANY, LTD.","UNKNOWN","IL","2010","UNKNOWN","PASSENGER","PERSONAL","S","STRAIGHT AHEAD",,,"1",,,,,,,,,,,,,,,,"true",,"OTHER",,,,,,,,,,,,,,,,,,,,,,,,,,,,,,,,,
"751296","JC456783","2019-10-02T07:00:00","2","DRIVER","1","713678",,"FORD","ESCAPE (SUV)","IL","2018","UNKNOWN","SPORT UTILITY VEHICLE (SUV)","PERSONAL","S","SLOW/STOP IN TRAFFIC",,,"2",,,,,,,,,,"true",,,,,,,,"REAR-LEFT",,,,,,,,,,,,,,,,,,,,,,,,,,,,,,,,,
"751223","JC456675","2019-10-02T07:00:00","1","DRIVER",,"713617",,"TOYOTA MOTOR COMPANY, LTD.","Previa","IL","2010","NONE","OTHER","COMMERCIAL - SINGLE UNIT","E","STRAIGHT AHEAD",,,"1",,,,,"true",,,,,,,,,,,"true",,"OTHER",,,,,,,,,,,,,,,,,,,,,,,,,,,,,,,,,
"751224","JC456675","2019-10-02T07:00:00","2","DRIVER",,"713623",,"BUICK","UNKNOWN","IL","2014","NONE","PASSENGER","PERSONAL","E","STRAIGHT AHEAD",,,"1",,,,,,,,,,,"true",,,,,,,"FRONT-LEFT",,,,,,,,,,,,,,,,,,,,,,,,,,,,,,,,,
"751233","JC456656","2019-10-02T06:56:00","1","DRIVER",,"713622",,"PONTIAC","GRAND PRIX","IL","2004","BRAKES","PASSENGER","PERSONAL","N","STRAIGHT AHEAD","true",,"1",,"private",,,,,,,,,,,"true","true","true",,,"TOTAL (ALL AREAS)",,,,,,,,,,,,,,,,,,,,,,,,,,,,,,,,,
"751219","JC456653","2019-10-02T06:51:00","1","DRIVER",,"713613",,"VOLKSWAGEN","GOLF","IL","2015","NONE","PASSENGER","PERSONAL","SE","STRAIGHT AHEAD",,,"1",,,,,,,,,,,,,,,,"true",,"OTHER",,,,,,,,,,,,,,,,,,,,,,,,,,,,,,,,,
"751220","JC456653","2019-10-02T06:51:00","2","DRIVER",,"713616",,"PONTIAC","G6","IN","2007","NONE","PASSENGER","PERSONAL","SE","STRAIGHT AHEAD",,,"1",,,,,,,,,,"true",,,,,,,,"REAR-LEFT",,,,,,,,,,,,,,,,,,,,,,,,,,,,,,,,,
"752172","JC458319","2019-10-02T06:50:00","1","DRIVER",,"714520",,"FORD","ECONOLINE E350",,"2014","NONE","VAN/MINI-VAN","CONSTRUCTION/MAINTENANCE","S","STRAIGHT AHEAD",,,"1",,,,"false",,,,,,,,,,,,"true",,"OTHER",,,,,,,,,,,,,,,,,,,,,,,,,,,,,,,,,
"752173","JC458319","2019-10-02T06:50:00","2","DRIVER",,"714532",,"FORD","FORD-TRUCK,VAN,SUV, ETC","IL","2009","UNKNOWN","UNKNOWN/NA","UNKNOWN/NA","S","STRAIGHT AHEAD",,,"1",,,,,,,,,,"true","true",,,,,,,"REAR-LEFT",,,,,,,,,,,,,,,,,,,,,,,,,,,,,,,,,