"crash_unit_id","rd_no","crash_date","unit_no","unit_type","num_passengers","vehicle_id","cmrc_veh_i","make","model","lic_plate_state","vehicle_year","vehicle_defect","vehicle_type","vehicle_use","travel_direction","maneuver","towed_i","fire_i","occupant_cnt","exceed_speed_limit_i","towed_by","towed_to","area_00_i","area_01_i","area_02_i","area_03_i","area_04_i","area_05_i","area_06_i","area_07_i","area_08_i","area_09_i","area_10_i","area_11_i","area_12_i","area_99_i","first_contact_point","cmv_id","usdot_no","ccmc_no","ilcc_no","commercial_src","gvwr","carrier_name","carrier_state","carrier_city","hazmat_placards_i","hazmat_name","un_no","hazmat_present_i","hazmat_report_i","hazmat_report_no","mcs_report_i","mcs_report_no","hazmat_vio_cause_crash_i","mcs_vio_cause_crash_i","idot_permit_no","wide_load_i","trailer1_width","trailer2_width","trailer1_length","trailer2_length","total_vehicle_length","axle_cnt","vehicle_config","cargo_body_type","load_type","hazmat_out_of_service_i","mcs_out_of_service_i","hazmat_class"
"752832","JC459504","2019-10-02T06:45:00","1","DRIVER",,"715149",,"GENERAL MOTORS CORP.","SPRINT (VMA WAS GMSP)","IL","2002","UNKNOWN","VAN/MINI-VAN","UNKNOWN/NA","N","BACKING",,,"1",,,,,,,,,"true",,,,,,,,,"REAR",,,,,,,,,,,,,,,,,,,,,,,,,,,,,,,,,
"752833","JC459504","2019-10-02T06:45:00","2","PARKED",,"715155",,"JEEP","CHEROKEE","IL","2015","NONE","PASSENGER","PERSONAL","N","PARKED",,,"0",,,,,,,,,,,,,,,"true",,,"TOTAL (ALL AREAS)",,,,,,,,,,,,,,,,,,,,,,,,,,,,,,,,,
"751438","JC457015","2019-10-02T06:45:00","1","DRIVER",,"713819",,"FORD","ECONOLINE E350","IL","2014","UNKNOWN","VAN/MINI-VAN","COMMERCIAL - SINGLE UNIT","SE","STRAIGHT AHEAD",,,"1",,,,,,,,,,,,,,,,"true",,"OTHER",,,,,,,,,,,,,,,,,,,,,,,,,,,,,,,,,
"751439","JC457015","2019-10-02T06:45:00","2","DRIVER",,"713828",,"FORD","Econoline E-450","IL","2009","NONE","VAN/MINI-VAN","SCHOOL BUS","SE","SLOW/STOP IN TRAFFIC",,,"1",,,,,,,,,"true",,,,,,,,,"REAR",,,,,,,,,,,,,,,,,,,,,,,,,,,,,,,,,
"751930","JC456654","2019-10-02T06:40:00","1","DRIVER",,"714286",,"GOODYEAR CAMPER MFG., INC., LINCOLN, NB","GOODYEAR CAMPER MFG., INC., LINCOLN, NB","IL","2015","NONE","PASSENGER","PERSONAL","S","STRAIGHT AHEAD",,,"1",,,,,"true",,,,,"true","true",,,,"true","true",,"REAR-LEFT",,,,,,,,,,,,,,,,,,,,,,,,,,,,,,,,,
"751931","JC456654","2019-10-02T06:40:00","2","DRIVER",,"714295",,"NISSAN DIESEL MOTOR CO.","NISSAN DIESEL MOTOR CO.","IL","2017","NONE","PASSENGER","PERSONAL","S","STRAIGHT AHEAD","true",,"1",,"S & S","CANNON STREET",,"true",,,,,"true",,,,,"true","true",,"OTHER",,,,,,,,,,,,,,,,,,,,,,,,,,,,,,,,,
"751932","JC456654","2019-10-02T06:40:00","3","DRIVER",,"714298",,"KIA MOTORS CORP","UNKNOWN","IL","2019","NONE","PASSENGER","PERSONAL","S","STRAIGHT AHEAD","true",,"1",,"S & S","CANNON DR",,"true",,,,,"true",,,,,"true","true",,"OTHER",,,,,,,,,,,,,,,,,,,,,,,,,,,,,,,,,
"751933","JC456654","2019-10-02T06:40:00","4","DRIVER",,"714302",,"VOLKSWAGEN","PASSAT","IL","2018","NONE","PASSENGER","PERSONAL","S","STRAIGHT AHEAD","true",,"1",,"S & S","CANNON DR",,"true",,,,,"true",,,,,"true","true",,"OTHER",,,,,,,,,,,,,,,,,,,,,,,,,,,,,,,,,
"751207","JC456652","2019-10-02T06:37:00","1","DRIVER",,"713602",,"UNKNOWN","UNKNOWN",,,"UNKNOWN","PASSENGER","UNKNOWN/NA","W","STRAIGHT AHEAD",,,"1",,,,,,,,,,,,,,,,"true",,"OTHER",,,,,,,,,,,,,,,,,,,,,,,,,,,,,,,,,
"751208","JC456652","2019-10-02T06:37:00","2","DRIVER",,"713604",,"AUDI","A6","IL","2013","UNKNOWN","PASSENGER","PERSONAL","W","STRAIGHT AHEAD",,,"1",,,,,,,,,,"true",,,,,,,,"REAR-LEFT",,,,,,,,,,,,,,,,,,,,,,,,,,,,,,,,,
"751201","JC456641","2019-10-02T06:25:00","1","DRIVER",,"713596",,"TOYOTA MOTOR COMPANY, LTD.","COROLLA","IL","2014","UNKNOWN","PASSENGER","UNKNOWN/NA","S","STRAIGHT AHEAD",,,"1",,,,,"true",,,,,,,,,,,,,"FRONT",,,,,,,,,,,,,,,,,,,,,,,,,,,,,,,,,
"751202","JC456641","2019-10-02T06:25:00","2","DRIVER",,"713598",,"NISSAN","NISSAN ALTIMA","IL","2013","UNKNOWN","PASSENGER","PERSONAL","W","STRAIGHT AHEAD",,,"1",,,,,"true",,,,,,,,,,,,,"FRONT",,,,,,,,,,,,,,,,,,,,,,,,,,,,,,,,,
"751209","JC456640","2019-10-02T06:21:00","1","DRIVER",,"713605",,"FORD","EDGE","IL","2008","NONE","SPORT UTILITY VEHICLE (SUV)","PERSONAL","W","CHANGING LANES",,,"1",,,,,,,,,"true",,,,,,,,,"REAR-RIGHT",,,,,,,,,,,,,,,,,,,,,,,,,,,,,,,,,
"751210","JC456640","2019-10-02T06:21:00","2","DRIVER",,"713607",,"NISSAN","SENTRA (DATSUN AND NISSAN HAVE MERGED)","IL","2018","NONE","PASSENGER","PERSONAL","W","STRAIGHT AHEAD",,,"1",,,,,"true",,,,,,,,,"true","true","true",,"TOTAL (ALL AREAS)",,,,,,,,,,,,,,,,,,,,,,,,,,,,,,,,,
"756871","JC456646","2019-10-02T06:20:00","1","DRIVER",,"718942",,"SATURN","UNKNOWN","IL","2006","UNKNOWN","PASSENGER","UNKNOWN/NA","E","BACKING",,,"1",,,,,,,,,,,,,,,,,"true","OTHER",,,,,,,,,,,,,,,,,,,,,,,,,,,,,,,,,
"756872","JC456646","2019-10-02T06:20:00","2","DRIVER",,"718943",,"MERCURY","Mountaineer (sport utility)","IL","2010","NONE","SPORT UTILITY VEHICLE (SUV)","PERSONAL","W","BACKING",,,"1",,,,,,,,"true","true",,,,,,,,,"REAR",,,,,,,,,,,,,,,,,,,,,,,,,,,,,,,,,
"756875","JC456646","2019-10-02T06:20:00","3","PARKED",,"718945",,"MAZDA","UNKNOWN","IL","2016","NONE","PASSENGER","PERSONAL","UNKNOWN","PARKED",,,"0",,,,,,,,,,,,,,,"true",,,"TOTAL (ALL AREAS)",,,,,,,,,,,,,,,,,,,,,,,,,,,,,,,,,
"751199","JC456634","2019-10-02T06:10:00","1","DRIVER",,"713597",,"HONDA","CIVIC","IL","2002","NONE","PASSENGER","PERSONAL","S","STRAIGHT AHEAD","true",,"1",,"OWNER",,,,,,,,,,,"true","true","true",,,"ROOF",,,,,,,,,,,,,,,,,,,,,,,,,,,,,,,,,
"751200","JC456634","2019-10-02T06:10:00","2","DRIVER",,"713595",,"CHEVROLET","Colorado","IL","2005","NONE","PICKUP","PERSONAL","W","STRAIGHT AHEAD",,,"1",,,,,,,,,,,,,,,"true",,,"TOTAL (ALL AREAS)",,,,,,,,,,,,,,,,,,,,,,,,,,,,,,,,,
"751249","JC456708","2019-10-02T06:00:00","1","DRIVER",,"713704",,"UNKNOWN","UNKNOWN",,,"UNKNOWN","UNKNOWN/NA","UNKNOWN/NA","UNKNOWN","UNKNOWN/NA",,,"1",,,,,,,,,,,,,,,,,"true","UNKNOWN",,,,,,,,,,,,,,,,,,,,,,,,,,,,,,,,,
"751250","JC456708","2019-10-02T06:00:00","2","PARKED",,"713690",,"NISSAN","ROGUE","IL","2018","UNKNOWN","SPORT UTILITY VEHICLE (SUV)","UNKNOWN/NA","W","PARKED",,,"0",,,,,,,,,,"true",,,,"true","true",,,"UNDER CARRIAGE",,,,,,,,,,,,,,,,,,,,,,,,,,,,,,,,,
"751215","JC456649","2019-10-02T05:45:00","1","DRIVER",,"713611",,"FORD","ESCAPE (SUV)","IL","2013","UNKNOWN","SPORT UTILITY VEHICLE (SUV)","UNKNOWN/NA","N","STRAIGHT AHEAD",,,"1",,,,"true",,,,,,,,,,,,,,"FRONT",,,,,,,,,,,,,,,,,,,,,,,,,,,,,,,,,
"751216","JC456649","2019-10-02T05:45:00","2","DRIVER",,"713618",,"VOLKSWAGEN","JETTA","IL","2012","UNKNOWN","PASSENGER","UNKNOWN/NA","N","PASSING/OVERTAKING",,,"1",,,,,,,,,,,,,"true","true","true","false",,"TOTAL (ALL AREAS)",,,,,,,,,,,,,,,,,,,,,,,,,,,,,,,,,
"751255","JC456627","2019-10-02T05:45:00","1","DRIVER","3","713650",,"UNKNOWN","UNKNOWN","IL","2019","NONE","OTHER","FIRE","E","TURNING RIGHT",,,"4",,,,,,,,"true",,,,,,,,,,"REAR-RIGHT",,,,,,,,,,,,,,,,,,,,,,,,,,,,,,,,,
"751256","JC456627","2019-10-02T05:45:00","2","PARKED",,"713666",,"JEEP","UNKNOWN","IL","2018","NONE","SPORT UTILITY VEHICLE (SUV)","NOT IN USE","S","PARKED",,,"0",,,,,,,,,,"true",,,,,,,,"REAR-LEFT",,,,,,,,,,,,,,,,,,,,,,,,,,,,,,,,,
"751211","JC456650","2019-10-02T05:41:00","1","DRIVER",,"713606",,"CHEVROLET","MALIBU (CHEVELLE)","IL","2010","UNKNOWN","PASSENGER","PERSONAL","S","STARTING IN TRAFFIC",,,"1",,,,,,,,,,,,,,,,"true",,"OTHER",,,,,,,,,,,,,,,,,,,,,,,,,,,,,,,,,
"751212","JC456650","2019-10-02T05:41:00","2","DRIVER",,"713609",,"DODGE","GRAND CARAVAN","IL","2016","NONE","VAN/MINI-VAN","OTHER","S","STARTING IN TRAFFIC",,,"1",,,,,,,,,,"true",,,,,,,,"REAR-LEFT",,,,,,,,,,,,,,,,,,,,,,,,,,,,,,,,,
"751225","JC456637","2019-10-02T05:35:00","1","DRIVER",,"713621",,"TOYOTA MOTOR COMPANY, LTD.","RAV4 (sport utility)","IL","2007","NONE","SPORT UTILITY VEHICLE (SUV)","PERSONAL","W","STRAIGHT AHEAD",,,"1",,,,,"true","true",,,,,,,,"true","true","true",,"OTHER",,,,,,,,,,,,,,,,,,,,,,,,,,,,,,,,,
"751226","JC456637","2019-10-02T05:35:00","2","DRIVER",,"713628",,"MITSUBISHI","Endeavor","IL","2004","NONE","SPORT UTILITY VEHICLE (SUV)","PERSONAL","S","STRAIGHT AHEAD","true",,"1",,"tbd","tbd",,"true","true","true","true",,,"true","true","true","true","true","true",,"ROOF",,,,,,,,,,,,,,,,,,,,,,,,,,,,,,,,,
"751227","JC456637","2019-10-02T05:35:00","3","PARKED",,"713640",,"HONDA","CIVIC","IL","2013","NONE","PASSENGER","PERSONAL","S","PARKED","true",,"0",,"tbd","tbd",,"true",,,,,"true","true","true",,"true","true","true",,"FRONT-LEFT",,,,,,,,,,,,,,,,,,,,,,,,,,,,,,,,,
"751228","JC456637","2019-10-02T05:35:00","4","PARKED",,"713648",,"CHEVROLET","CRUZE","IL","2014","NONE","PASSENGER","NOT IN USE","S","PARKED",,,"0",,,,,,,,,"true","true","true",,,,,"false",,"REAR-LEFT",,,,,,,,,,,,,,,,,,,,,,,,,,,,,,,,,
"751639","JC457380","2019-10-02T05:30:00","1","DRIVER",,"714018",,"VOLKSWAGEN","GOLF","IL",,"UNKNOWN","PASSENGER","PERSONAL","W","STRAIGHT AHEAD",,,"1",,,,,,,,,,,,,,,,"true",,"OTHER",,,,,,,,,,,,,,,,,,,,,,,,,,,,,,,,,
"751640","JC457380","2019-10-02T05:30:00","2","DRIVER",,"714031",,"BMW","X3","IL",,"UNKNOWN","PASSENGER","PERSONAL","W","STRAIGHT AHEAD",,,"1",,,,,,,,,,"true",,,,,,,,"REAR-LEFT",,,,,,,,,,,,,,,,,,,,,,,,,,,,,,,,,
"751695","JC457475","2019-10-02T04:40:00","1","DRIVER",,"714069",,"CHEVROLET","MALIBU (CHEVELLE)","IL","2005","NONE","PASSENGER","PERSONAL","N","STRAIGHT AHEAD",,,"1",,,,,,,,,,,,,,,,,"true","UNKNOWN",,,,,,,,,,,,,,,,,,,,,,,,,,,,,,,,,
"751696","JC457475","2019-10-02T04:40:00","2","DRIVER",,"714078",,"TOYOTA MOTOR COMPANY, LTD.","CAMRY",,"2012","NONE","PASSENGER","PERSONAL","N","STRAIGHT AHEAD",,,"1",,,,,,,,,"true","true","true",,,,,,,"REAR-LEFT",,,,,,,,,,,,,,,,,,,,,,,,,,,,,,,,,
"751192","JC456614","2019-10-02T04:35:00","1","DRIVER",,"713586",,"UNKNOWN","UNKNOWN","IL",,"UNKNOWN","PASSENGER","UNKNOWN/NA","W","STRAIGHT AHEAD",,,"1",,,,,"true",,,,,,,,,,"true","true",,"OTHER",,,,,,,,,,,,,,,,,,,,,,,,,,,,,,,,,
"751188","JC456614","2019-10-02T04:35:00","2","DRIVER",,"713588",,"CHEVROLET","EQUINOX","IL","2017","BRAKES","PASSENGER","PERSONAL","W","SLOW/STOP IN TRAFFIC",,,"1",,,,,,,,,"true","true","true",,,,,,,"REAR-LEFT",,,,,,,,,,,,,,,,,,,,,,,,,,,,,,,,,
"751193","JC456608","2019-10-02T04:06:00","1","DRIVER",,"713591","false","MERCEDES-BENZ","Sprinter","IL","2014","UNKNOWN","TRUCK - SINGLE UNIT","COMMERCIAL - SINGLE UNIT","E","STRAIGHT AHEAD",,,"1",,,,,,,"true",,,,,,,,,,,"SIDE-RIGHT",,,,,,,,,,,,,,,,,,,,,,,,,,,,,,,,,
"751194","JC456608","2019-10-02T04:06:00","2","DRIVER",,"713592",,"LEXUS","UNKNOWN","IL","2007","UNKNOWN","PASSENGER","PERSONAL","N","STRAIGHT AHEAD",,,"1",,,,,,,,,,,,,,,,"true",,"OTHER",,,,,,,,,,,,,,,,,,,,,,,,,,,,,,,,,
"751189","JC456607","2019-10-02T03:59:00","1","DRIVER",,"713587",,"FORD","Explorer","IL","2007","UNKNOWN","PASSENGER","PERSONAL","N","STRAIGHT AHEAD","false",,"1",,,,,"true","true","true","false",,,,,,,,,,"FRONT",,,,,,,,,,,,,,,,,,,,,,,,,,,,,,,,,
"751190","JC456607","2019-10-02T03:59:00","2","PARKED",,"713589",,"JEEP","PATRIOT","MN","2008","UNKNOWN","PASSENGER","PERSONAL","N","PARKED",,,"0",,,,,,,,,,,,"true","true","true",,,,"FRONT-LEFT",,,,,,,,,,,,,,,,,,,,,,,,,,,,,,,,,
"751191","JC456607","2019-10-02T03:59:00","3","PARKED",,"713590",,"MAZDA","CS-9","IL","2016","UNKNOWN","PASSENGER","PERSONAL","N","PARKED",,,"0",,,,,,,,,,,"true","true","true","true",,,,"FRONT-LEFT",,,,,,,,,,,,,,,,,,,,,,,,,,,,,,,,,
"751182","JC456581","2019-10-02T01:50:00","1","DRIVER","1","713580",,"HYUNDAI","ELANTRA","IL","2002","NONE","PASSENGER","PERSONAL","S","PASSING/OVERTAKING","true",,"2",,"personal",,,"true",,,,,,,,,,"true","true",,"TOTAL (ALL AREAS)",,,,,,,,,,,,,,,,,,,,,,,,,,,,,,,,,
"751183","JC456581","2019-10-02T01:50:00","2","PARKED",,"713581",,"TOYOTA MOTOR COMPANY, LTD.","CAMRY","IL","1998","NONE","PASSENGER","PERSONAL","UNKNOWN","PARKED",,,"0",,,,,"true",,,,"true","true","true",,,,"true","true",,"REAR",,,,,,,,,,,,,,,,,,,,,,,,,,,,,,,,,
"751184","JC456581","2019-10-02T01:50:00","3","PARKED",,"713582",,"JEEP","Liberty","IL","2003","NONE","PASSENGER","PERSONAL","UNKNOWN","PARKED",,,"0",,,,,,,,,"false","false","false",,,,,"true",,"OTHER",,,,,,,,,,,,,,,,,,,,,,,,,,,,,,,,,
"756254","JC466084","2019-10-02T01:00:00","1","DRIVER",,"718355",,"UNKNOWN","UNKNOWN",,,"UNKNOWN","UNKNOWN/NA","UNKNOWN/NA","UNKNOWN","UNKNOWN/NA",,,"1",,,,,,,,,,,,,,,,,"true","UNKNOWN",,,,,,,,,,,,,,,,,,,,,,,,,,,,,,,,,
"756255","JC466084","2019-10-02T01:00:00","2","PARKED",,"718359",,"CHEVROLET","MALIBU (CHEVELLE)","IL","2012","NONE","PASSENGER","PERSONAL","S","PARKED",,,"0",,,,,"true",,,,,,,,,,"true",,,"UNKNOWN",,,,,,,,,,,,,,,,,,,,,,,,,,,,,,,,,
"751397","JC456924","2019-10-02T00:52:00","1","DRIVER",,"713783",,"UNKNOWN","ULTRALIGHT","IL",,"UNKNOWN","UNKNOWN/NA","UNKNOWN/NA","UNKNOWN","UNKNOWN/NA",,,"1",,,,,,,,,,,,,,,,,,"UNKNOWN",,,,,,,,,,,,,,,,,,,,,,,,,,,,,,,,,
"751398","JC456924","2019-10-02T00:52:00","2","PARKED",,"713780",,"TOYOTA MOTOR COMPANY, LTD.","CAMRY","IL","2019","NONE","PASSENGER","PERSONAL","W","PARKED",,,"0",,,,,"true","true","true",,,,,,,,,,,"SIDE-RIGHT",,,,,,,,,,,,,,,,,,,,,,,,,,,,,,,,,
"751177","JC456545","2019-10-02T00:51:00","1","DRIVER",,"713575",,"KIA MOTORS CORP","UNKNOWN","IL","2016","WHEELS","PASSENGER","UNKNOWN/NA","S","STRAIGHT AHEAD",,,"2",,,,,"true",,,,,,,,,,"true","true",,"OTHER",,,,,,,,,,,,,,,,,,,,,,,,,,,,,,,,,
"751178","JC456545","2019-10-02T00:51:00","2","PARKED",,"713576",,"HONDA","UNKNOWN","IL","2014","UNKNOWN","UNKNOWN/NA","UNKNOWN/NA","N","PARKED",,,"0",,,,,,,,,,"true",,,,,,"true",,,,,,,,,,,,,,,,,,,,,,,,,,,,,,,,,,,
"751179","JC456545","2019-10-02T00:51:00","3","PARKED",,"713577",,"BUICK","UNKNOWN","IL","2004","UNKNOWN","UNKNOWN/NA","UNKNOWN/NA","N","PARKED",,,"0",,,,,,,,,,"true",,,,,,"true",,,,,,,,,,,,,,,,,,,,,,,,,,,,,,,,,,,
"751180","JC456545","2019-10-02T00:51:00","4","PARKED",,"713578",,"JEEP","UNKNOWN","IL","2000","UNKNOWN","UNKNOWN/NA","UNKNOWN/NA","N","UNKNOWN/NA",,,"0",,,,,,,,,,"true",,,,,,"true",,,,,,,,,,,,,,,,,,,,,,,,,,,,,,,,,,,
"751181","JC456545","2019-10-02T00:51:00","5","PARKED",,"713579",,"HONDA","UNKNOWN","IL","2002","UNKNOWN","UNKNOWN/NA","UNKNOWN/NA","N","PARKED",,,"0",,,,,,,,,,,,,,,,"true",,"OTHER",,,,,,,,,,,,,,,,,,,,,,,,,,,,,,,,,
"751678","JC457441","2019-10-02T00:37:00","1","DRIVER",,"714057",,"MERCEDES-BENZ","UNKNOWN","IL","2015","UNKNOWN","PASSENGER","UNKNOWN/NA","W","STRAIGHT AHEAD",,,"1",,,,,,,,,,,,,,,,"true",,"OTHER",,,,,,,,,,,,,,,,,,,,,,,,,,,,,,,,,
"751679","JC457441","2019-10-02T00:37:00","2","PARKED",,"714061",,"INFINITI","UNKNOWN","IL","2017","NONE","PASSENGER","PERSONAL","W","PARKED",,,"0",,,,,,,,,,"true",,,,,,,,"REAR-LEFT",,,,,,,,,,,,,,,,,,,,,,,,,,,,,,,,,
"751195","JC456624","2019-10-02T00:00:00","1","DRIVER",,"713593",,"UNKNOWN","UNKNOWN",,,"UNKNOWN","UNKNOWN/NA","UNKNOWN/NA","SE","UNKNOWN/NA",,,"1",,,,,,,,,,,,,,,,,"true","UNKNOWN",,,,,,,,,,,,,,,,,,,,,,,,,,,,,,,,,
"751196","JC456624","2019-10-02T00:00:00","2","PARKED",,"713594",,"FORD","EXPLORER","IL","2013","UNKNOWN","SPORT UTILITY VEHICLE (SUV)","NOT IN USE","SE","PARKED",,,"0",,,,,,,,,,"true","true","true",,,,,,"SIDE-LEFT",,,,,,,,,,,,,,,,,,,,,,,,,,,,,,,,,
"751993","JC456499","2019-10-01T23:45:00","1","DRIVER","1","714353",,"FORD","FUSION","IN","2016","NONE","PASSENGER","PERSONAL","S","STRAIGHT AHEAD","true",,"2",,"NORTHWEST TORING AND RECOVERY","HARLEM/GRAND",,"true",,,,,,,,,,"true","true",,"OTHER",,,,,,,,,,,,,,,,,,,,,,,,,,,,,,,,,
"751994","JC456499","2019-10-01T23:45:00","2","DRIVER","1","714354",,"HONDA","CRV","IL","2006","NONE","PASSENGER","PERSONAL","S","STRAIGHT AHEAD",,,"2",,,,,,,,,"true","true",,,,,"true",,,"REAR-LEFT",,,,,,,,,,,,,,,,,,,,,,,,,,,,,,,,,
"751995","JC456499","2019-10-01T23:45:00","3","DRIVER",,"714355",,"JEEP","Liberty","IL","2016","NONE","PASSENGER","PERSONAL","S","STRAIGHT AHEAD",,,"1",,,,,,,,,,"false","true",,,,,,,"REAR-LEFT",,,,,,,,,,,,,,,,,,,,,,,,,,,,,,,,,
"751170","JC456518","2019-10-01T23:40:00","1","DRIVER","2","713571",,"CHEVROLET","EQUINOX","IL","2012","NONE","PASSENGER","PERSONAL","N","STRAIGHT AHEAD","true",,"3",,"NORTHWEST TOWING AND RECOVERY",,,"true",,,,,,,,,,"true","true",,"OTHER",,,,,,,,,,,,,,,,,,,,,,,,,,,,,,,,,
"751171","JC456518","2019-10-01T23:40:00","2","DRIVER",,"713585",,"TOYOTA MOTOR COMPANY, LTD.","Highlander(beginning vehicle year 2001)","IL","2008","NONE","PASSENGER","PERSONAL","E","STRAIGHT AHEAD","true",,"1",,,,,"true",,,,,,,,,,,,,"FRONT",,,,,,,,,,,,,,,,,,,,,,,,,,,,,,,,,
"751185","JC456486","2019-10-01T23:31:00","1","DRIVER",,"713583",,"ACURA","ACURA","IL","2011","UNKNOWN","PASSENGER","PERSONAL","E","STRAIGHT AHEAD","true",,"1",,,,,,,,,,,,,,,,"true",,"OTHER",,,,,,,,,,,,,,,,,,,,,,,,,,,,,,,,,
"751186","JC456486","2019-10-01T23:31:00","2","PARKED",,"713584",,"HYUNDAI","UNKNOWN","IL","2016","UNKNOWN","PASSENGER","PERSONAL","UNKNOWN","PARKED",,,"0",,,,,,,,,,"true",,,,,,,,"REAR-LEFT",,,,,,,,,,,,,,,,,,,,,,,,,,,,,,,,,
"751159","JC456490","2019-10-01T23:15:00","1","DRIVER",,"713558",,"DODGE","UNKNOWN","IL","2016","UNKNOWN","UNKNOWN/NA","UNKNOWN/NA","W","ENTER FROM DRIVE/ALLEY",,,"1",,,,,,,,,,,,,,,,,"true","OTHER",,,,,,,,,,,,,,,,,,,,,,,,,,,,,,,,,
"751160","JC456490","2019-10-01T23:15:00","2","DRIVER",,"713561",,"FORD","Focus","IL","2012","UNKNOWN","PASSENGER","UNKNOWN/NA","S","STRAIGHT AHEAD",,,"1",,,,,,,,,,,,,"true","true",,,,"ROOF",,,,,,,,,,,,,,,,,,,,,,,,,,,,,,,,,
"751157","JC456487","2019-10-01T22:50:00","1","DRIVER",,"713557",,"UNKNOWN","UNKNOWN","IL",,"UNKNOWN","UNKNOWN/NA","UNKNOWN/NA","UNKNOWN","UNKNOWN/NA",,,"1",,,,,,,,,,,,,,,,,"true","UNKNOWN",,,,,,,,,,,,,,,,,,,,,,,,,,,,,,,,,
"751158","JC456487","2019-10-01T22:50:00","2","PARKED",,"713559",,"KIA MOTORS CORP","SOUL","IN","2018","NONE","PASSENGER","NOT IN USE","E","PARKED",,,"0",,,,,,,,,"true",,,,,,,,,"REAR",,,,,,,,,,,,,,,,,,,,,,,,,,,,,,,,,
"751173","JC456548","2019-10-01T22:46:00","1","DRIVER",,"713572",,"MAZDA","MIATA","IN","1993","NONE","PASSENGER","PERSONAL","N","STRAIGHT AHEAD",,,"1",,,,,,,,,,,,,,,,,,,,,,,,,,,,,,,,,,,,,,,,,,,,,,,,,,,
"751166","JC456458","2019-10-01T22:35:00","1","DRIVER","2","713562",,"FORD","UNKNOWN","AZ","2011","NONE","TRUCK - SINGLE UNIT","OTHER","N","STRAIGHT AHEAD",,,"3",,,,,,,,,,,,"true","true","true",,,,"ROOF",,,,,,,,,,,,,,,,,,,,,,,,,,,,,,,,,
"751167","JC456458","2019-10-01T22:35:00","2","DRIVER","1","713567",,"FORD","EXPLORER","IL","2017","NONE","OTHER","POLICE","S","OTHER",,,"2",,,,,,,,,,,"true","true",,,,,,"FRONT-LEFT",,,,,,,,,,,,,,,,,,,,,,,,,,,,,,,,,
"751912","JC457866","2019-10-01T22:30:00","1","DRIVER",,"714275",,"TESLA MOTORS","MODEL S","IL","2019","UNKNOWN","PASSENGER","PERSONAL","S","STRAIGHT AHEAD",,,"1",,,,,,,,,,,,,,,,,,,,,,,,,,,,,,,,,,,,,,,,,,,,,,,,,,,
"754472","JC462312","2019-10-01T22:00:00","1","DRIVER",,"716681",,"TOYOTA MOTOR COMPANY, LTD.","CAMRY","IL","2016","UNKNOWN","PASSENGER","UNKNOWN/NA","W","ENTERING TRAFFIC LANE FROM PARKING",,,"1",,,,,"false",,,,,,,,,,"true",,,"TOTAL (ALL AREAS)",,,,,,,,,,,,,,,,,,,,,,,,,,,,,,,,,
"754473","JC462312","2019-10-01T22:00:00","2","DRIVER",,"716686",,"TOYOTA MOTOR COMPANY, LTD.","Prius","IL","2014","UNKNOWN","PASSENGER","TAXI/FOR HIRE","W","STRAIGHT AHEAD",,,"1",,,,,,"true","true",,,,,,,,,,,"SIDE-RIGHT",,,,,,,,,,,,,,,,,,,,,,,,,,,,,,,,,
"751147","JC456414","2019-10-01T21:40:00","1","DRIVER",,"713544",,"HONDA","CIVIC","IL","2016","NONE","PASSENGER","PERSONAL","W","SLOW/STOP IN TRAFFIC","true",,"1",,,,,"true",,,,,,,,,,"true","true",,"OTHER",,,,,,,,,,,,,,,,,,,,,,,,,,,,,,,,,
"751148","JC456414","2019-10-01T21:40:00","2","DRIVER",,"713548",,"CHEVROLET","MALIBU (CHEVELLE)","IL","2015","NONE","PASSENGER","RIDESHARE SERVICE","W","SLOW/STOP IN TRAFFIC",,,"1",,,,,,,,,"true","true","true",,,,,,,"REAR-LEFT",,,,,,,,,,,,,,,,,,,,,,,,,,,,,,,,,
"751145","JC456409","2019-10-01T21:30:00","1","DRIVER",,"713542",,"CHEVROLET","UNKNOWN","IL","2007","UNKNOWN","PASSENGER","UNKNOWN/NA","S","BACKING",,,"3",,,,,,,,,"true","true",,,,,,,,"REAR",,,,,,,,,,,,,,,,,,,,,,,,,,,,,,,,,
"751146","JC456409","2019-10-01T21:30:00","2","PARKED",,"713547",,"AM GENERAL/HUMMER","H3","IL","2007","UNKNOWN","PASSENGER","NOT IN USE","N","PARKED",,,"0",,,,,,,,,,,,,"true",,,,,"ROOF",,,,,,,,,,,,,,,,,,,,,,,,,,,,,,,,,
"751561","JC457224","2019-10-01T21:00:00","1","DRIVER",,"713942",,"TOYOTA MOTOR COMPANY, LTD.","CAMRY","IN",,"UNKNOWN","PASSENGER","UNKNOWN/NA","UNKNOWN","UNKNOWN/NA",,,"1",,,,,,,,,,,,,,,,,"true","UNKNOWN",,,,,,,,,,,,,,,,,,,,,,,,,,,,,,,,,
"751562","JC457224","2019-10-01T21:00:00","2","PARKED",,"713950",,"TOYOTA MOTOR COMPANY, LTD.","CAMRY","IL","2014","NONE","PASSENGER","PERSONAL","S","PARKED",,,"0",,,,,,,,,"true",,,,,,,,,"REAR",,,,,,,,,,,,,,,,,,,,,,,,,,,,,,,,,