"crash_unit_id","rd_no","crash_date","unit_no","unit_type","num_passengers","vehicle_id","cmrc_veh_i","make","model","lic_plate_state","vehicle_year","vehicle_defect","vehicle_type","vehicle_use","travel_direction","maneuver","towed_i","fire_i","occupant_cnt","exceed_speed_limit_i","towed_by","towed_to","area_00_i","area_01_i","area_02_i","area_03_i","area_04_i","area_05_i","area_06_i","area_07_i","area_08_i","area_09_i","area_10_i","area_11_i","area_12_i","area_99_i","first_contact_point","cmv_id","usdot_no","ccmc_no","ilcc_no","commercial_src","gvwr","carrier_name","carrier_state","carrier_city","hazmat_placards_i","hazmat_name","un_no","hazmat_present_i","hazmat_report_i","hazmat_report_no","mcs_report_i","mcs_report_no","hazmat_vio_cause_crash_i","mcs_vio_cause_crash_i","idot_permit_no","wide_load_i","trailer1_width","trailer2_width","trailer1_length","trailer2_length","total_vehicle_length","axle_cnt","vehicle_config","cargo_body_type","load_type","hazmat_out_of_service_i","mcs_out_of_service_i","hazmat_class"
"751130","JC456406","2019-10-01T21:00:00","1","DRIVER",,"713526",,"JEEP","CHEROKEE","IL","2019","UNKNOWN","PASSENGER","PERSONAL","W","MERGING",,,"1",,,,,"true",,,,,,,,,,,,,"FRONT",,,,,,,,,,,,,,,,,,,,,,,,,,,,,,,,,
"751131","JC456406","2019-10-01T21:00:00","2","DRIVER",,"713529",,"LEXUS","UNKNOWN","IL","2004","UNKNOWN","PASSENGER","PERSONAL","W","STRAIGHT AHEAD",,,"1",,,,,,,,,,,"true","true","true","true","true",,,"TOTAL (ALL AREAS)",,,,,,,,,,,,,,,,,,,,,,,,,,,,,,,,,
"751128","JC456400","2019-10-01T21:00:00","1","DRIVER","1","713528",,"DODGE","CARAVAN","IL","2002","NONE","PASSENGER","PERSONAL","N","STRAIGHT AHEAD",,,"2",,,,,"true",,,,,,,,,,"true","true",,"OTHER",,,,,,,,,,,,,,,,,,,,,,,,,,,,,,,,,
"751129","JC456400","2019-10-01T21:00:00","2","DRIVER","2","713534",,"FORD","Explorer","IL","2017","NONE","PASSENGER","POLICE","S","STRAIGHT AHEAD",,,"3",,,,,,,,,,,,,,,"true","true",,"TOTAL (ALL AREAS)",,,,,,,,,,,,,,,,,,,,,,,,,,,,,,,,,
"751155","JC456398","2019-10-01T21:00:00","1","DRIVER",,"713554",,"JEEP","PATRIOT","IL","2014","UNKNOWN","SPORT UTILITY VEHICLE (SUV)","UNKNOWN/NA","N","SLOW/STOP IN TRAFFIC",,,"1",,,,,,,,,,,,,,,,,"true","OTHER",,,,,,,,,,,,,,,,,,,,,,,,,,,,,,,,,
"751156","JC456398","2019-10-01T21:00:00","2","DRIVER",,"713555",,"CHEVROLET","SUBURBAN","IL","2013","NONE","SPORT UTILITY VEHICLE (SUV)","PERSONAL","N","SLOW/STOP IN TRAFFIC",,,"1",,,,,,,,,,,"true","true","true",,,,,"FRONT-LEFT",,,,,,,,,,,,,,,,,,,,,,,,,,,,,,,,,
"751118","JC456352","2019-10-01T20:59:00","1","DRIVER",,"713519",,"FORD","F150","IL","2016","UNKNOWN","PICKUP","PERSONAL","E","STRAIGHT AHEAD",,,"1",,,,,,,,,,,,,,,,"true",,"OTHER",,,,,,,,,,,,,,,,,,,,,,,,,,,,,,,,,
"751119","JC456352","2019-10-01T20:59:00","2","DRIVER",,"713527",,"FORD","Explorer","IL","2015","NONE","PASSENGER","PERSONAL","E","STRAIGHT AHEAD",,,"1",,,,,,,,,,"true",,,,,,,,"REAR-LEFT",,,,,,,,,,,,,,,,,,,,,,,,,,,,,,,,,
"751137","JC456395","2019-10-01T20:50:00","1","DRIVER","1","713532",,"VOLVO","UNKNOWN","IL","1995","UNKNOWN","PASSENGER","PERSONAL","N","STRAIGHT AHEAD",,,"2",,,,,,,,,,,,,,,,,,"OTHER",,,,,,,,,,,,,,,,,,,,,,,,,,,,,,,,,
"751138","JC456395","2019-10-01T20:50:00","2","DRIVER",,"713536",,"AUDI","UNKNOWN","IL","2012","UNKNOWN","PASSENGER","PERSONAL","N","SLOW/STOP IN TRAFFIC",,,"1",,,,,,,,,,"true",,,,,,,,"REAR-LEFT",,,,,,,,,,,,,,,,,,,,,,,,,,,,,,,,,
"751122","JC456370","2019-10-01T20:50:00","1","DRIVER",,"713533",,"JEEP","PATRIOT","IL","2016","NONE","PASSENGER","PERSONAL","E","STRAIGHT AHEAD",,,"1",,,,,,,,,,,,,,,,"true",,"OTHER",,,,,,,,,,,,,,,,,,,,,,,,,,,,,,,,,
"751123","JC456370","2019-10-01T20:50:00","2","DRIVER",,"713543",,"CHEVROLET","CRUZE","IL","2019","NONE","PASSENGER","PERSONAL","E","STRAIGHT AHEAD",,,"2",,,,,,,,,,"true",,,,,,,,"REAR-LEFT",,,,,,,,,,,,,,,,,,,,,,,,,,,,,,,,,
"751124","JC456360","2019-10-01T20:50:00","1","DRIVER",,"713521",,"UNKNOWN","UNKNOWN",,,"UNKNOWN","UNKNOWN/NA","UNKNOWN/NA","UNKNOWN","UNKNOWN/NA",,,"1",,,,,,,,,,,,,,,,,,,,,,,,,,,,,,,,,,,,,,,,,,,,,,,,,,,
"751125","JC456360","2019-10-01T20:50:00","2","PARKED",,"713522",,"FORD","WINDSTAR","IL","1999","UNKNOWN","PASSENGER","PERSONAL","S","PARKED",,,"0",,,,,,,,,,,"true",,,,,,,"UNKNOWN",,,,,,,,,,,,,,,,,,,,,,,,,,,,,,,,,
"751132","JC456354","2019-10-01T20:40:00","1","DRIVER",,"713530",,"INFINITI","UNKNOWN","IL","2001","UNKNOWN","PASSENGER","PERSONAL","NE","TURNING RIGHT",,,"1",,,,,,,,,,,,,,,,,"true","UNKNOWN",,,,,,,,,,,,,,,,,,,,,,,,,,,,,,,,,
"751133","JC456354","2019-10-01T20:40:00","2","DRIVER",,"713538",,"INFINITI","UNKNOWN","IL","2019","UNKNOWN","PASSENGER","PERSONAL","E","SLOW/STOP IN TRAFFIC",,,"1",,,,,,,,,"true",,,,,,,,,"REAR",,,,,,,,,,,,,,,,,,,,,,,,,,,,,,,,,
"751107","JC456340","2019-10-01T20:40:00","1","DRIVER",,"713513",,"FORD","EDGE","IL","2008","NONE","SPORT UTILITY VEHICLE (SUV)","PERSONAL","S","BACKING",,,"1",,,,,,,,,,"true","true","true",,,,,,"REAR",,,,,,,,,,,,,,,,,,,,,,,,,,,,,,,,,
"751108","JC456340","2019-10-01T20:40:00","2","PARKED",,"713515",,"PONTIAC","GRAND PRIX","IL","2007","NONE","PASSENGER","PERSONAL","W","PARKED",,,"0",,,,,,"true","true","true","true","true",,,,,,,,"REAR",,,,,,,,,,,,,,,,,,,,,,,,,,,,,,,,,
"751109","JC456340","2019-10-01T20:40:00","3","PARKED",,"713517",,"CHEVROLET","MALIBU (CHEVELLE)","IL","2018","NONE","PASSENGER","PERSONAL","W","PARKED",,,"0",,,,,,"true","true","true","true","true",,,,,,,,"REAR",,,,,,,,,,,,,,,,,,,,,,,,,,,,,,,,,
"751120","JC456344","2019-10-01T20:35:00","1","DRIVER",,"713520",,"FORD","EDGE","IL","2015","UNKNOWN","PASSENGER","PERSONAL","E","BACKING",,,"1",,,,,,,,,,"true",,,,,,,,"REAR-LEFT",,,,,,,,,,,,,,,,,,,,,,,,,,,,,,,,,
"751121","JC456344","2019-10-01T20:35:00","2","PEDESTRIAN",,,,,,,,,,,,,,,,,,,,,,,,,,,,,,,,,,,,,,,,,,,,,,,,,,,,,,,,,,,,,,,,,,
"753681","JC458458","2019-10-01T20:30:00","1","DRIVER",,"715934",,"MITSUBISHI","UNKNOWN","IL","2010","UNKNOWN","PASSENGER","PERSONAL","W","BACKING",,,"1",,,,,,,,,,,,,,,,,"true","REAR-LEFT",,,,,,,,,,,,,,,,,,,,,,,,,,,,,,,,,
"753682","JC458458","2019-10-01T20:30:00","2","PARKED",,"715935",,"NISSAN","VERSA","IL","2012","NONE","SPORT UTILITY VEHICLE (SUV)","PERSONAL","E","PARKED",,,"0",,,,,,,,,,,,,,,,,,"OTHER",,,,,,,,,,,,,,,,,,,,,,,,,,,,,,,,,
"751088","JC456349","2019-10-01T20:15:00","1","DRIVER",,"713510",,"PONTIAC","BONNEVILLE","IL","2003","NONE","PASSENGER","PERSONAL","E","PASSING/OVERTAKING",,,"1",,,,,"true",,,,,,,,,,,,,"FRONT",,,,,,,,,,,,,,,,,,,,,,,,,,,,,,,,,
"751089","JC456349","2019-10-01T20:15:00","2","DRIVER",,"713512",,"HONDA","UNKNOWN","IL","2006","NONE","PASSENGER","PERSONAL","E","STRAIGHT AHEAD",,,"1",,,,,,,,,,,,,,"true",,,,"ROOF",,,,,,,,,,,,,,,,,,,,,,,,,,,,,,,,,
"751090","JC456295","2019-10-01T20:15:00","1","DRIVER",,"713511",,"JEEP","UNKNOWN","IL","2015","NONE","SPORT UTILITY VEHICLE (SUV)","PERSONAL","SE","TURNING LEFT",,,"1",,,,,,,,,,,,,,,,"true",,"OTHER",,,,,,,,,,,,,,,,,,,,,,,,,,,,,,,,,
"751091","JC456295","2019-10-01T20:15:00","2","DRIVER","1","713518",,"CHEVROLET","CRUZE","IL","2012","NONE","PASSENGER","PERSONAL","SE","TURNING LEFT",,,"2",,,,,,,,,,"true",,,,,,,,"REAR-LEFT",,,,,,,,,,,,,,,,,,,,,,,,,,,,,,,,,
"751084","JC456292","2019-10-01T20:13:00","1","DRIVER",,"713502",,"DODGE","CARAVAN","IL","2010","UNKNOWN","VAN/MINI-VAN","PERSONAL","E","LEAVING TRAFFIC LANE TO PARK",,,"1",,,,,"true",,,,,,,,,,,,,"FRONT-RIGHT",,,,,,,,,,,,,,,,,,,,,,,,,,,,,,,,,
"751085","JC456292","2019-10-01T20:13:00","2","PARKED",,"713504",,"ACURA","ACURA","IL","2017","UNKNOWN","PASSENGER","PERSONAL","N","PARKED",,,"0",,,,,"true",,,,,,,,,,"true","true",,"OTHER",,,,,,,,,,,,,,,,,,,,,,,,,,,,,,,,,
"751154","JC456450","2019-10-01T20:05:00","1","DRIVER","1","713556",,"KAWASAKI MOTORS CORP.","KAWASAKI","IL","2017","UNKNOWN","MOTORCYCLE (OVER 150CC)","UNKNOWN/NA","N","STRAIGHT AHEAD",,,"2",,,,,,,,,,,,,,,,"true",,"OTHER",,,,,,,,,,,,,,,,,,,,,,,,,,,,,,,,,
"751086","JC456306","2019-10-01T20:03:00","1","DRIVER",,"713507",,"DODGE","CARAVAN",,"2005","NONE","VAN/MINI-VAN","OTHER","S","STRAIGHT AHEAD","true",,"1",,"US POSTAL SERVICE",,,"true",,,,,,,,,,"true","true",,"OTHER",,,,,,,,,,,,,,,,,,,,,,,,,,,,,,,,,
"751087","JC456306","2019-10-01T20:03:00","2","DRIVER",,"713508",,"PORSCHE","Cayenne","IL","2018","NONE","PASSENGER","PERSONAL","S","OTHER",,,"1",,,,,,,,,"true","true","true",,,,,,,"REAR-LEFT",,,,,,,,,,,,,,,,,,,,,,,,,,,,,,,,,
"751141","JC456358","2019-10-01T20:00:00","1","DRIVER",,"713545",,"JEEP","UNKNOWN","IL","2019","UNKNOWN","PASSENGER","PERSONAL","UNKNOWN","BACKING",,,"1","false",,,,,,,"true",,,,,,,,,,"REAR-RIGHT",,,,,,,,,,,,,,,,,,,,,,,,,,,,,,,,,
"751142","JC456358","2019-10-01T20:00:00","2","PARKED",,"713549",,"FORD","FUSION","IL","2014","UNKNOWN","PASSENGER","PERSONAL","UNKNOWN","PARKED",,,"0",,,,,,,,"true","false",,,,,,,,,"REAR-RIGHT",,,,,,,,,,,,,,,,,,,,,,,,,,,,,,,,,
"751843","JC457692","2019-10-01T19:57:00","1","DRIVER",,"714203",,"UNKNOWN","UNKNOWN",,,"UNKNOWN","UNKNOWN/NA","UNKNOWN/NA","N","UNKNOWN/NA",,,"1",,,,,,,,,,,,,,,,,"true","UNKNOWN",,,,,,,,,,,,,,,,,,,,,,,,,,,,,,,,,
"751844","JC457692","2019-10-01T19:57:00","2","PARKED",,"714208",,"HYUNDAI","Accent","IL","2017","NONE","PASSENGER","NOT IN USE","N","PARKED",,,"0",,,,,,,,,,,"true",,,,,,,"SIDE-LEFT",,,,,,,,,,,,,,,,,,,,,,,,,,,,,,,,,
"751116","JC456368","2019-10-01T19:55:00","1","DRIVER",,"713514",,"HYUNDAI","UNKNOWN","IL",,"NONE","UNKNOWN/NA","UNKNOWN/NA","N","PASSING/OVERTAKING",,,"1",,,,,,,,,,,,,,,,,"true","UNKNOWN",,,,,,,,,,,,,,,,,,,,,,,,,,,,,,,,,
"751117","JC456368","2019-10-01T19:55:00","2","DRIVER",,"713523",,"LEXUS","RX400H",,"2006","NONE","PASSENGER","PERSONAL","N","STRAIGHT AHEAD",,,"1",,,,,,"true","true","true",,,,,,,,,,"SIDE-RIGHT",,,,,,,,,,,,,,,,,,,,,,,,,,,,,,,,,
"751143","JC456410","2019-10-01T19:45:00","1","DRIVER","1","713541",,"MAZDA","Mazda 3","IL","2010","UNKNOWN","PASSENGER","PERSONAL","N","TURNING LEFT","true",,"2",,"PRIVATE TOW","UNKNOWN",,"true",,,,,,,,,,"true","true",,"OTHER",,,,,,,,,,,,,,,,,,,,,,,,,,,,,,,,,
"751144","JC456410","2019-10-01T19:45:00","2","DRIVER",,"713546",,"MERCEDES-BENZ","Gelaendewagen (G-Wagen)","IL","2015","UNKNOWN","PASSENGER","PERSONAL","S","STRAIGHT AHEAD",,,"1",,,,,,,,,,,,"true","true","true",,,,"ROOF",,,,,,,,,,,,,,,,,,,,,,,,,,,,,,,,,
"751126","JC456355","2019-10-01T19:45:00","1","DRIVER",,"713524","true","UNKNOWN","UNKNOWN",,,"UNKNOWN","UNKNOWN/NA","UNKNOWN/NA","N","UNKNOWN/NA",,,"1",,,,,,,,,,,,,,,,,"true","UNKNOWN","8301",,,,,,"DUAL TOW TRUCK CO",,,,,,,,,,,,,,,,,,,,,,,,,,
"751127","JC456355","2019-10-01T19:45:00","2","PARKED",,"713525",,"TOYOTA MOTOR COMPANY, LTD.","CAMRY","IL","2012","NONE","PASSENGER","NOT IN USE","S","PARKED","true",,"0",,,,,,,,,,,"true","true","true","true","true",,,"FRONT-LEFT",,,,,,,,,,,,,,,,,,,,,,,,,,,,,,,,,
"751069","JC456279","2019-10-01T19:40:00","1","DRIVER",,"713493","false","INFINITI","G37","IL","2013","UNKNOWN","PASSENGER","PERSONAL","W","SLOW/STOP IN TRAFFIC",,"false","1",,,,,,,,,,,,,,,,"true",,"OTHER",,,,,,,,,,,,,,,,,,,,,,,,,,,,,,,,,
"751070","JC456279","2019-10-01T19:40:00","2","DRIVER","1","713501",,"HYUNDAI","ELANTRA","IL","2008","UNKNOWN","UNKNOWN/NA","PERSONAL","W","SLOW/STOP IN TRAFFIC",,,"2",,,,,,,,,,"true",,,,,,"true",,"OTHER",,,,,,,,,,,,,,,,,,,,,,,,,,,,,,,,,
"751071","JC456279","2019-10-01T19:40:00","3","DRIVER",,"713506",,"KIA MOTORS CORP","Optima","IL","2011","UNKNOWN","PASSENGER","PERSONAL","W","TURNING LEFT",,,"1",,,,,,,,,,"true",,,,,,,,"REAR-LEFT",,,,,,,,,,,,,,,,,,,,,,,,,,,,,,,,,
"751052","JC456275","2019-10-01T19:40:00","1","DRIVER","1","713469",,"CHEVROLET","IMPALA","IL","2013","UNKNOWN","PASSENGER","UNKNOWN/NA","SE","UNKNOWN/NA",,,"2",,,,,,,,,,,,,,,,,"true","OTHER",,,,,,,,,,,,,,,,,,,,,,,,,,,,,,,,,
"751053","JC456275","2019-10-01T19:40:00","2","DRIVER","4","713476",,"JEEP","JEEP - YEAR GREATER 1988","IL","2006","UNKNOWN","SPORT UTILITY VEHICLE (SUV)","PERSONAL","SE","SLOW/STOP IN TRAFFIC",,,"5",,,,,,,,,"true","true","true",,,,,,,"REAR-LEFT",,,,,,,,,,,,,,,,,,,,,,,,,,,,,,,,,
"751106","JC456268","2019-10-01T19:40:00","1","DRIVER",,"713516",,"TOYOTA MOTOR COMPANY, LTD.","YARIS","IL","2019","NONE","PASSENGER","PERSONAL","N","TURNING LEFT","true",,"1",,,,,,,,,,,,,"true","true","true",,,"ROOF",,,,,,,,,,,,,,,,,,,,,,,,,,,,,,,,,
"752852","JC459553","2019-10-01T19:30:00","1","DRIVER",,"715182",,"FORD","EXPLORER","IL","2012","NONE","SPORT UTILITY VEHICLE (SUV)","UNKNOWN/NA","E","TURNING LEFT",,,"1",,,,,,,,,,,,,,,"true",,,"TOTAL (ALL AREAS)",,,,,,,,,,,,,,,,,,,,,,,,,,,,,,,,,
"752853","JC459553","2019-10-01T19:30:00","2","DRIVER","1","715177",,"NISSAN","NISSAN ALTIMA","IL","1999","NONE","PASSENGER","PERSONAL","S","TURNING LEFT",,,"2",,,,,,,,,,,,"true","true",,,,,"FRONT-LEFT",,,,,,,,,,,,,,,,,,,,,,,,,,,,,,,,,
"751565","JC457235","2019-10-01T19:30:00","1","DRIVER",,"713946",,"HYUNDAI","Santa Fe",,,"UNKNOWN","PASSENGER","PERSONAL","N","STRAIGHT AHEAD",,,"1",,,,,,,,,,,,,,,,"true",,"OTHER",,,,,,,,,,,,,,,,,,,,,,,,,,,,,,,,,
"751566","JC457235","2019-10-01T19:30:00","2","DRIVER",,"713956",,"NISSAN","SENTRA (DATSUN AND NISSAN HAVE MERGED)",,,"UNKNOWN","PASSENGER","PERSONAL","N","SLOW/STOP IN TRAFFIC",,,"1",,,,,,,,,"true",,,,,,,,,"REAR",,,,,,,,,,,,,,,,,,,,,,,,,,,,,,,,,
"751060","JC456273","2019-10-01T19:30:00","1","DRIVER",,"713478",,"MITSUBISHI","GALANT","IL","2007","NONE","PASSENGER","PERSONAL","S","PASSING/OVERTAKING",,,"1",,,,,,"true",,,,,,,,,,,,"SIDE-RIGHT",,,,,,,,,,,,,,,,,,,,,,,,,,,,,,,,,
"751061","JC456273","2019-10-01T19:30:00","2","DRIVER",,"713487",,"NEW FLYER","NEW FLYER","IL","2012","NONE","BUS OVER 15 PASS.","CTA","S","ENTERING TRAFFIC LANE FROM PARKING",,,"1",,,,,,,,,,,"true","true",,,,,,"FRONT-LEFT",,,,,,,,,,,,,,,,,,,,,,,,,,,,,,,,,
"751046","JC456262","2019-10-01T19:30:00","1","DRIVER","1","713479",,"FORD","UNKNOWN","IL","2015","NONE","PASSENGER","POLICE","W","BACKING",,,"2",,,,,,,,,,"true",,,,,,,,"REAR-LEFT",,,,,,,,,,,,,,,,,,,,,,,,,,,,,,,,,
"751047","JC456262","2019-10-01T19:30:00","2","DRIVER",,"713491",,"CHEVROLET","UNKNOWN","IL","2000","UNKNOWN","PICKUP","UNKNOWN/NA","E","SLOW/STOP IN TRAFFIC",,,"1",,,,"true","true",,,,,,,,,,,,,"FRONT",,,,,,,,,,,,,,,,,,,,,,,,,,,,,,,,,
"751082","JC456249","2019-10-01T19:27:00","1","DRIVER",,"713499",,"HONDA","ACCORD","IL","2002","NONE","PASSENGER","PERSONAL","W","DRIVING WRONG WAY","false",,"1",,,,,"false",,,,,,,,,,"true","true",,"OTHER",,,,,,,,,,,,,,,,,,,,,,,,,,,,,,,,,
"751083","JC456249","2019-10-01T19:27:00","2","DRIVER",,"713503",,"HYUNDAI","ELANTRA","IL","2014","NONE","PASSENGER","PERSONAL","E","STRAIGHT AHEAD",,,"1",,,,,,,,,,,,,,"true","true","false",,"UNDER CARRIAGE",,,,,,,,,,,,,,,,,,,,,,,,,,,,,,,,,
"751080","JC456318","2019-10-01T19:20:00","1","DRIVER",,"713497","true","FREIGHTLINER CORP.","FREIGHTLINER CORP.","IN","2015","NONE","TRACTOR W/ SEMI-TRAILER","COMMERCIAL - MULTI-UNIT","S","STRAIGHT AHEAD",,,"1",,,,,,,,,,,"true",,,,,,,"SIDE-LEFT","8299","1986767",,,"PAPERS","3","BK TRANS INV","IL","ARLINGTON HEIGHTS",,,,,,,,,,,,,"97-102",,"53",,"65","5","TRACTOR/SEMI-TRAILER","VAN/ENCLOSED BOX","OTHER",,,
"751081","JC456318","2019-10-01T19:20:00","2","PARKED",,"713509","true","VOLVO","UNKNOWN","IL","2007","NONE","TRACTOR W/ SEMI-TRAILER","COMMERCIAL - MULTI-UNIT","W","PARKED","true",,"0",,"PRIVATE TOW BY DRIVER",,,"true",,,,,,,,,,"true","true",,"OTHER","8300","3259727","102746",,"DRIVER",,"DALV EXPRESS INC","IL","ELMWOOD PARK",,,,,,,,,,,,,"97-102","97-102","53",,"65","5","TRACTOR/SEMI-TRAILER","VAN/ENCLOSED BOX","OTHER",,,
"751065","JC456321","2019-10-01T19:18:00","1","DRIVER",,"713482",,"NISSAN","NISSAN ALTIMA","IL","2011","NONE","PASSENGER","PERSONAL","N","CHANGING LANES",,,"2",,,,,,"true","true",,,,,,,,,,,"SIDE-RIGHT",,,,,,,,,,,,,,,,,,,,,,,,,,,,,,,,,
"751066","JC456321","2019-10-01T19:18:00","2","DRIVER",,"713490",,"HONDA","CIVIC","IL",,"NONE","PASSENGER","PERSONAL","N","STRAIGHT AHEAD",,,"1",,,,,,,,,,,,,,,"true","true",,"TOTAL (ALL AREAS)",,,,,,,,,,,,,,,,,,,,,,,,,,,,,,,,,
"751050","JC456252","2019-10-01T19:15:00","1","DRIVER",,"713461",,"ACURA","ACURA","IL","1999","UNKNOWN","PASSENGER","UNKNOWN/NA","N","TURNING LEFT",,,"1",,,,,,,,,,,,,,,,,"true","TOTAL (ALL AREAS)",,,,,,,,,,,,,,,,,,,,,,,,,,,,,,,,,
"751051","JC456252","2019-10-01T19:15:00","2","DRIVER","2","713465",,"TOYOTA MOTOR COMPANY, LTD.","Sienna (van)","IL","2017","NONE","VAN/MINI-VAN","PERSONAL","S","STRAIGHT AHEAD",,,"3",,,,,,,,,,"true","true","true",,,,,,"SIDE-LEFT",,,,,,,,,,,,,,,,,,,,,,,,,,,,,,,,,
"751035","JC456244","2019-10-01T19:05:00","1","DRIVER",,"713452",,"CHEVROLET","SILVERADO","IL","2018","UNKNOWN","UNKNOWN/NA","UNKNOWN/NA","N","UNKNOWN/NA",,,"1",,,,,,"true","true",,,,,,,,,,,"SIDE-RIGHT",,,,,,,,,,,,,,,,,,,,,,,,,,,,,,,,,
"751036","JC456244","2019-10-01T19:05:00","2","DRIVER",,"713456",,"FORD","ESCAPE (SUV)","IL","2012","NONE","PASSENGER","TAXI/FOR HIRE","N","STRAIGHT AHEAD",,,"1",,,,,,,,,,,,,,"true","true",,,"TOTAL (ALL AREAS)",,,,,,,,,,,,,,,,,,,,,,,,,,,,,,,,,
"751164","JC456498","2019-10-01T19:00:00","1","DRIVER","3","713569",,"TOYOTA MOTOR COMPANY, LTD.","COROLLA","IL","2016","UNKNOWN","PASSENGER","RIDESHARE SERVICE","S","CHANGING LANES",,,"4",,,,,"true",,,,,,,,,,,,,"FRONT",,,,,,,,,,,,,,,,,,,,,,,,,,,,,,,,,
"751165","JC456498","2019-10-01T19:00:00","2","DRIVER",,"713565",,"NISSAN","MAURANO","IL","2012","NONE","PASSENGER","PERSONAL","S","STRAIGHT AHEAD",,,"1",,,,,,,,,,,,"true","true",,,,,"ROOF",,,,,,,,,,,,,,,,,,,,,,,,,,,,,,,,,
"751058","JC456263","2019-10-01T19:00:00","1","DRIVER",,"713495",,"NISSAN","NISSAN","IL","2016","UNKNOWN","PASSENGER","UNKNOWN/NA","W","STRAIGHT AHEAD","true",,"1",,"city of chicago",,,"true",,,,,,,,,,,,,"FRONT",,,,,,,,,,,,,,,,,,,,,,,,,,,,,,,,,
"751059","JC456263","2019-10-01T19:00:00","2","DRIVERLESS",,"713485",,"HONDA","HONDA","IL","2005","UNKNOWN","VAN/MINI-VAN","UNKNOWN/NA","W","PARKED",,,"0",,,,,,,,,,,"true",,,,,,,"SIDE-LEFT",,,,,,,,,,,,,,,,,,,,,,,,,,,,,,,,,
"751075","JC456253","2019-10-01T18:50:00","1","DRIVER",,"713498",,"NISSAN","Pathfinder","XX",,"UNKNOWN","UNKNOWN/NA","UNKNOWN/NA","E","UNKNOWN/NA",,,"1",,,,,,,,,,,,,,,,,"true",,,,,,,,,,,,,,,,,,,,,,,,,,,,,,,,,,
"751076","JC456253","2019-10-01T18:50:00","2","BICYCLE",,,,,,,,,,,,,,,,,,,,,,,,,,,,,,,,,,,,,,,,,,,,,,,,,,,,,,,,,,,,,,,,,,
"751048","JC456190","2019-10-01T18:48:00","1","DRIVER","1","713468",,"SATURN","Ion","IL","2005","UNKNOWN","PASSENGER","PERSONAL","S","STRAIGHT AHEAD",,,"2",,,,,"false",,,,,,,,,,"true","false",,"UNDER CARRIAGE",,,,,,,,,,,,,,,,,,,,,,,,,,,,,,,,,
"751049","JC456190","2019-10-01T18:48:00","2","DRIVER",,"713475",,"FORD","EXPLORER","IL","2002","UNKNOWN","PICKUP","PERSONAL","W","STRAIGHT AHEAD",,,"1",,,,,"true",,,,,,,,,,,"true",,"OTHER",,,,,,,,,,,,,,,,,,,,,,,,,,,,,,,,,
"754500","JC462389","2019-10-01T18:45:00","1","DRIVER","1","716709",,"UNKNOWN","UNKNOWN","IL",,"NONE","PASSENGER","RIDESHARE SERVICE","N","SLOW/STOP IN TRAFFIC",,,"2",,,,,,,,,,,,,,,,,"true","SIDE-RIGHT",,,,,,,,,,,,,,,,,,,,,,,,,,,,,,,,,
"754501","JC462389","2019-10-01T18:45:00","2","PARKED","1","716711",,"ACURA (DIV. OF AMERICAN HONDA MOTOR CO.)","UNKNOWN","IL","2013","NONE","PASSENGER","PERSONAL","N","PARKED",,,"1",,,,,,,,,,,"true",,,,,,,"SIDE-LEFT",,,,,,,,,,,,,,,,,,,,,,,,,,,,,,,,,
"751801","JC457633","2019-10-01T18:40:00","1","DRIVER","1","714177",,"CHEVROLET","IMPALA","MN",,"UNKNOWN","PASSENGER","UNKNOWN/NA","UNKNOWN","UNKNOWN/NA",,,"2",,,,,,,,,,,,,,,,,"true","UNKNOWN",,,,,,,,,,,,,,,,,,,,,,,,,,,,,,,,,
"751806","JC457633","2019-10-01T18:40:00","2","DRIVER",,"714169",,"FORD","FUSION","IL","2016","NONE","PASSENGER","PERSONAL","N","SLOW/STOP IN TRAFFIC",,,"1",,,,,,,,,,,,,,,"true",,,"TOTAL (ALL AREAS)",,,,,,,,,,,,,,,,,,,,,,,,,,,,,,,,,
"751009","JC456191","2019-10-01T18:30:00","1","DRIVER",,"713427",,"UNKNOWN","UNKNOWN",,,"UNKNOWN","UNKNOWN/NA","UNKNOWN/NA","UNKNOWN","UNKNOWN/NA",,,"1",,,,,,,,,,,,,,,,,"true","UNKNOWN",,,,,,,,,,,,,,,,,,,,,,,,,,,,,,,,,
"751010","JC456191","2019-10-01T18:30:00","2","PARKED",,"713422",,"CHEVROLET","IMPALA","IL","2018","NONE","PASSENGER","NOT IN USE","N","PARKED",,,"0",,,,,"true","true",,,,,,,,,,"true",,"FRONT",,,,,,,,,,,,,,,,,,,,,,,,,,,,,,,,,
"751017","JC456175","2019-10-01T18:30:00","1","DRIVER",,"713429",,"HONDA","UNKNOWN","IL","2005","NONE","PASSENGER","PERSONAL","S","STRAIGHT AHEAD","true",,"1",,"OWNER",,,,"true","true","true",,,,,,,,,,"SIDE-RIGHT",,,,,,,,,,,,,,,,,,,,,,,,,,,,,,,,,
"751018","JC456175","2019-10-01T18:30:00","2","DRIVER",,"713433",,"HONDA","UNKNOWN","IL","2001","NONE","PASSENGER","PERSONAL","E","STRAIGHT AHEAD","true",,"1",,"OWNER",,,"true",,,,,,,,,,"true","true",,"OTHER",,,,,,,,,,,,,,,,,,,,,,,,,,,,,,,,,