"crash_unit_id","rd_no","crash_date","unit_no","unit_type","num_passengers","vehicle_id","cmrc_veh_i","make","model","lic_plate_state","vehicle_year","vehicle_defect","vehicle_type","vehicle_use","travel_direction","maneuver","towed_i","fire_i","occupant_cnt","exceed_speed_limit_i","towed_by","towed_to","area_00_i","area_01_i","area_02_i","area_03_i","area_04_i","area_05_i","area_06_i","area_07_i","area_08_i","area_09_i","area_10_i","area_11_i","area_12_i","area_99_i","first_contact_point","cmv_id","usdot_no","ccmc_no","ilcc_no","commercial_src","gvwr","carrier_name","carrier_state","carrier_city","hazmat_placards_i","hazmat_name","un_no","hazmat_present_i","hazmat_report_i","hazmat_report_no","mcs_report_i","mcs_report_no","hazmat_vio_cause_crash_i","mcs_vio_cause_crash_i","idot_permit_no","wide_load_i","trailer1_width","trailer2_width","trailer1_length","trailer2_length","total_vehicle_length","axle_cnt","vehicle_config","cargo_body_type","load_type","hazmat_out_of_service_i","mcs_out_of_service_i","hazmat_class"
"751027","JC456256","2019-10-01T18:25:00","1","DRIVER",,"713450",,"DODGE","JOURNEY","IL","2012","NONE","SPORT UTILITY VEHICLE (SUV)","PERSONAL","W","STRAIGHT AHEAD",,,"1",,,,,,,,,,,,,,,,"true",,"OTHER",,,,,,,,,,,,,,,,,,,,,,,,,,,,,,,,,
"751028","JC456256","2019-10-01T18:25:00","2","DRIVER","2","713442",,"FORD","EXPLORER","IL","2017","NONE","SPORT UTILITY VEHICLE (SUV)","PERSONAL","W","STRAIGHT AHEAD",,,"3",,,,,,,,,,"true",,,,,,,,"REAR-LEFT",,,,,,,,,,,,,,,,,,,,,,,,,,,,,,,,,
"750995","JC456216","2019-10-01T18:15:00","1","DRIVER",,"713412",,"NISSAN","SENTRA (DATSUN AND NISSAN HAVE MERGED)","IL","2014","NONE","PASSENGER","PERSONAL","N","STRAIGHT AHEAD",,,"1",,,,"true",,,,,,,,,,,,,,"OTHER",,,,,,,,,,,,,,,,,,,,,,,,,,,,,,,,,
"750996","JC456216","2019-10-01T18:15:00","2","DRIVER","1","713420",,"MERCEDES-BENZ","UNKNOWN",,"1996","UNKNOWN","PASSENGER","PERSONAL","E","STRAIGHT AHEAD",,,"2",,,,,,,,,,,,,,,,"true",,"OTHER",,,,,,,,,,,,,,,,,,,,,,,,,,,,,,,,,
"751039","JC456157","2019-10-01T18:13:00","1","DRIVER",,"713458",,"MAZDA","UNKNOWN","IL","2016","UNKNOWN","UNKNOWN/NA","PERSONAL","W","STRAIGHT AHEAD","true",,"1",,,,,"false",,,,,,,,,,"false","false",,"TOTAL (ALL AREAS)",,,,,,,,,,,,,,,,,,,,,,,,,,,,,,,,,
"751040","JC456157","2019-10-01T18:13:00","2","DRIVER",,"713463",,"MITSUBISHI","LANCER","IL","2002","UNKNOWN","PASSENGER","PERSONAL","W","TURNING LEFT",,,"1",,,,,"false","false",,,"true","true","true",,,,,"true",,"REAR-LEFT",,,,,,,,,,,,,,,,,,,,,,,,,,,,,,,,,
"751041","JC456157","2019-10-01T18:13:00","3","PARKED",,"713467",,"JEEP","UNKNOWN","IL","2019","UNKNOWN","SPORT UTILITY VEHICLE (SUV)","NOT IN USE","UNKNOWN","PARKED",,,"0",,,,,,,,,"true",,,,,,,,,"REAR",,,,,,,,,,,,,,,,,,,,,,,,,,,,,,,,,
"751042","JC456157","2019-10-01T18:13:00","4","PARKED",,"713471",,"MAZDA","CX-7","IL","2010","UNKNOWN","PASSENGER","NOT IN USE","UNKNOWN","PARKED",,,"0",,,,,,,,,,,,,,,"true",,,"TOTAL (ALL AREAS)",,,,,,,,,,,,,,,,,,,,,,,,,,,,,,,,,
"751043","JC456157","2019-10-01T18:13:00","5","PARKED",,"713474",,"HYUNDAI","UNKNOWN","IL","2003","UNKNOWN","PASSENGER","NOT IN USE","UNKNOWN","PARKED",,,"0",,,,,,,,,,,,,,,,,,,,,,,,,,,,,,,,,,,,,,,,,,,,,,,,,,,
"751064","JC456157","2019-10-01T18:13:00","6","PARKED",,"713481",,"TOYOTA MOTOR COMPANY, LTD.","UNKNOWN","IL","2015","UNKNOWN","PASSENGER","NOT IN USE","UNKNOWN","PARKED",,,"0",,,,,,,,,"false","true","false",,,,,"true",,"REAR-LEFT",,,,,,,,,,,,,,,,,,,,,,,,,,,,,,,,,
"751072","JC456157","2019-10-01T18:13:00","7","PARKED",,"713484",,"FORD","MUSTANG","IL","2014","UNKNOWN","PASSENGER","NOT IN USE","UNKNOWN","PARKED",,,"0",,,,,,,,,,"true",,,,,,"true",,"REAR-LEFT",,,,,,,,,,,,,,,,,,,,,,,,,,,,,,,,,
"751079","JC456157","2019-10-01T18:13:00","8","PARKED",,"713492",,"FORD","UNKNOWN","IL","2018","UNKNOWN","PASSENGER","NOT IN USE","UNKNOWN","PARKED",,,"0",,,,,,,,,,"true",,,,,,,,"REAR-LEFT",,,,,,,,,,,,,,,,,,,,,,,,,,,,,,,,,
"751030","JC456226","2019-10-01T18:12:00","1","DRIVER","1","713453",,"HONDA","ACCORD","IL","2014","UNKNOWN","PASSENGER","PERSONAL","W","UNKNOWN/NA",,,"2",,,,,,,,,,,,,,,,,"true","UNKNOWN",,,,,,,,,,,,,,,,,,,,,,,,,,,,,,,,,
"751031","JC456226","2019-10-01T18:12:00","2","DRIVER","1","713447",,"KIA MOTORS CORP","SOUL","IL","2016","NONE","PASSENGER","PERSONAL","W","STRAIGHT AHEAD",,,"2",,,,,,"true",,,,,,,,,,,,"FRONT",,,,,,,,,,,,,,,,,,,,,,,,,,,,,,,,,
"751003","JC456170","2019-10-01T18:10:00","1","DRIVER",,"713415",,"VOLKSWAGEN","TIGUAN","IL","2019","NONE","PASSENGER","PERSONAL","S","CHANGING LANES",,,"1",,,,,,"true",,,,,,,,,,,,"SIDE-RIGHT",,,,,,,,,,,,,,,,,,,,,,,,,,,,,,,,,
"751004","JC456170","2019-10-01T18:10:00","2","DRIVER",,"713417",,"NISSAN","ROGUE","IL","2015","NONE","PASSENGER","PERSONAL","S","STRAIGHT AHEAD",,,"1",,,,,,,"true",,,,,,"true",,,,,"ROOF",,,,,,,,,,,,,,,,,,,,,,,,,,,,,,,,,
"751021","JC456132","2019-10-01T18:10:00","1","PARKED","1","713435",,"NISSAN","NISSAN ALTIMA","IL","2018","NONE","PASSENGER","OTHER","UNKNOWN","PARKED",,,"1",,,,,,,,,,,,,"true","true",,,,"ROOF",,,,,,,,,,,,,,,,,,,,,,,,,,,,,,,,,
"751032","JC456132","2019-10-01T18:10:00","2","DRIVER",,"713448",,"TOYOTA MOTOR COMPANY, LTD.","CAMRY","IL","2012","NONE","PASSENGER","PERSONAL","UNKNOWN","OTHER",,,"1",,,,,"true","true",,,,,,,,,,,,"FRONT",,,,,,,,,,,,,,,,,,,,,,,,,,,,,,,,,
"751025","JC456123","2019-10-01T18:10:00","1","DRIVER","2","713440",,"HYUNDAI","UNKNOWN","IL","2002","UNKNOWN","PASSENGER","PERSONAL","SE","TURNING LEFT",,,"3",,,,,"true",,,,,,,,,,"true",,,"OTHER",,,,,,,,,,,,,,,,,,,,,,,,,,,,,,,,,
"751026","JC456123","2019-10-01T18:10:00","2","DRIVER",,"713451",,"LEXUS","ES300","IL","1998","NONE","PASSENGER","PERSONAL","N","STRAIGHT AHEAD",,,"1",,,,,,,,,,,,,"true","true",,,,"ROOF",,,,,,,,,,,,,,,,,,,,,,,,,,,,,,,,,
"750981","JC456091","2019-10-01T18:04:00","1","BICYCLE",,,,,,,,,,,,,,,,,,,,,,,,,,,,,,,,,,,,,,,,,,,,,,,,,,,,,,,,,,,,,,,,,,
"750999","JC456091","2019-10-01T18:04:00","2","DRIVER",,"713409",,"NISSAN","NISSAN ALTIMA","IL","2016","UNKNOWN","PASSENGER","PERSONAL","S","STRAIGHT AHEAD",,,"1",,,,,,,,,,,,,,,,"true",,"TOTAL (ALL AREAS)",,,,,,,,,,,,,,,,,,,,,,,,,,,,,,,,,
"757123","JC467509","2019-10-01T18:00:00","1","DRIVER",,"719182",,"SUBARU","IMPREZA","IL","2012","NONE","PASSENGER","PERSONAL","UNKNOWN","BACKING",,,"1",,,,,,,,,,"true",,,,,,,,"REAR-LEFT",,,,,,,,,,,,,,,,,,,,,,,,,,,,,,,,,
"757124","JC467509","2019-10-01T18:00:00","2","PARKED",,"719202",,"YAMAHA","YAMAHA","IL","2006","NONE","MOPED OR MOTORIZED BICYCLE","PERSONAL","UNKNOWN","PARKED",,,"0",,,,,,,,,,,,,,,,,"true","UNKNOWN",,,,,,,,,,,,,,,,,,,,,,,,,,,,,,,,,
"751134","JC456372","2019-10-01T18:00:00","1","DRIVER",,"713531",,"AUDI","A6","IL","2017","NONE","PASSENGER","PERSONAL","E","STRAIGHT AHEAD","true",,"1",,"WELLS AUTOMOTIVE SERVICE",,,,,,,,,,,"true","true","true",,,"TOTAL (ALL AREAS)",,,,,,,,,,,,,,,,,,,,,,,,,,,,,,,,,
"751135","JC456372","2019-10-01T18:00:00","2","DRIVER",,"713537",,"TOYOTA MOTOR COMPANY, LTD.","Prius","IL","2013","NONE","PASSENGER","TAXI/FOR HIRE","S","STRAIGHT AHEAD","true",,"1",,"WELLS AUTOMOTIVE SERVICE",,,"true",,,,,,"true","true","true","true","true","true",,"OTHER",,,,,,,,,,,,,,,,,,,,,,,,,,,,,,,,,
"751136","JC456372","2019-10-01T18:00:00","3","DRIVER",,"713540",,"CHEVROLET","CRUZE","IL","2017","NONE","PASSENGER","PERSONAL","S","STRAIGHT AHEAD",,,"1",,,,,"true","true",,,,,,,,,,,,"FRONT",,,,,,,,,,,,,,,,,,,,,,,,,,,,,,,,,
"751044","JC456254","2019-10-01T17:50:00","1","DRIVER",,"713464",,"UNKNOWN","UNKNOWN","IL",,"UNKNOWN","UNKNOWN/NA","UNKNOWN/NA","W","UNKNOWN/NA",,,"1",,,,,,,,"true","false",,,,,,,,,"REAR-RIGHT",,,,,,,,,,,,,,,,,,,,,,,,,,,,,,,,,
"751045","JC456254","2019-10-01T17:50:00","2","DRIVER",,"713457",,"FORD","UNKNOWN","IL","2014","NONE","PASSENGER","PERSONAL","E","UNKNOWN/NA",,,"1",,,,,,,,"true",,,,,,,,,,"REAR-RIGHT",,,,,,,,,,,,,,,,,,,,,,,,,,,,,,,,,
"751037","JC456210","2019-10-01T17:45:00","1","DRIVER",,"713462",,"SUZUKI","SX4","IL","2011","NONE","PASSENGER","PERSONAL","E","STRAIGHT AHEAD",,,"1",,,,"true",,,,,,,,,,,,"true",,"OTHER",,,,,,,,,,,,,,,,,,,,,,,,,,,,,,,,,
"751038","JC456210","2019-10-01T17:45:00","2","DRIVER","1","713466",,"HONDA","Odyssey (minivan)","IL","2012","NONE","VAN/MINI-VAN","PERSONAL","NE","SLOW/STOP IN TRAFFIC",,,"2",,,,,,,,,,"true",,,,,,,,"REAR-LEFT",,,,,,,,,,,,,,,,,,,,,,,,,,,,,,,,,
"750979","JC456093","2019-10-01T17:40:00","1","DRIVER",,"713395",,"DODGE","UNKNOWN","IL","2002","UNKNOWN","VAN/MINI-VAN","UNKNOWN/NA","E","ENTERING TRAFFIC LANE FROM PARKING",,,"1",,,,,,,,,,,,,,,,,"true","UNKNOWN",,,,,,,,,,,,,,,,,,,,,,,,,,,,,,,,,
"750980","JC456093","2019-10-01T17:40:00","2","PARKED",,"713402",,"ACURA","ACURA","IL","2005","NONE","PASSENGER","NOT IN USE","UNKNOWN","PARKED",,,"0",,,,,,,,,"true","true",,,,,,,,"REAR",,,,,,,,,,,,,,,,,,,,,,,,,,,,,,,,,
"750969","JC456116","2019-10-01T17:36:00","1","DRIVER",,"713383",,"HYUNDAI","UNKNOWN","IL","2010","UNKNOWN","PASSENGER","PERSONAL","W","STRAIGHT AHEAD",,,"1",,,,,,,,,,,,,,,,"true",,"OTHER",,,,,,,,,,,,,,,,,,,,,,,,,,,,,,,,,
"750970","JC456116","2019-10-01T17:36:00","2","DRIVER",,"713389",,"NISSAN","NISSAN ALTIMA","IL","2014","NONE","PASSENGER","PERSONAL","W","STRAIGHT AHEAD",,,"1",,,,,,,,,,"true",,,,,,,,"REAR-LEFT",,,,,,,,,,,,,,,,,,,,,,,,,,,,,,,,,
"751005","JC456076","2019-10-01T17:35:00","1","DRIVER",,"713430","false","LEXUS","RX350","IL","2016","NONE","SPORT UTILITY VEHICLE (SUV)","PERSONAL","SW","TURNING LEFT","false",,"1",,,,,,,,,,,,"true","true","true","true","true",,"TOTAL (ALL AREAS)",,,,,,,,,,,,,,,,,,,,,,,,,,,,,,,,,
"751006","JC456076","2019-10-01T17:35:00","2","DRIVER",,"713437",,"FORD","ECONOLINE E350","NJ","2018","UNKNOWN","VAN/MINI-VAN","COMMERCIAL - SINGLE UNIT","NE","STRAIGHT AHEAD","true",,"1",,,,,"false",,,,,,,"true","true","true","true","true",,"TOTAL (ALL AREAS)",,,,,,,,,,,,,,,,,,,,,,,,,,,,,,,,,
"751015","JC456193","2019-10-01T17:30:00","1","DRIVER",,"713436",,"CHEVROLET","UNKNOWN","IL","2004","UNKNOWN","PICKUP","OTHER","S","PASSING/OVERTAKING",,,"1",,,,,,,,,,,,,,,,,"true","UNKNOWN",,,,,,,,,,,,,,,,,,,,,,,,,,,,,,,,,
"751016","JC456193","2019-10-01T17:30:00","2","PARKED",,"713444",,"TOYOTA MOTOR COMPANY, LTD.","Avalon","IL","2005","NONE","PASSENGER","PERSONAL","S","PARKED",,,"0",,,,,,,,,,,"true","true","true","true","true",,,"ROOF",,,,,,,,,,,,,,,,,,,,,,,,,,,,,,,,,
"750949","JC456081","2019-10-01T17:30:00","1","DRIVER",,"713368",,"PONTIAC","UNKNOWN","IL","2004","NONE","PASSENGER","PERSONAL","N","CHANGING LANES",,,"1",,,,,,,,,,,,,,,,,"true","ROOF",,,,,,,,,,,,,,,,,,,,,,,,,,,,,,,,,
"750950","JC456081","2019-10-01T17:30:00","2","DRIVER",,"713376",,"INFINITI","UNKNOWN","IL","2004","NONE","PASSENGER","PERSONAL","N","STARTING IN TRAFFIC",,,"1",,,,,,"false","true","true",,,,,,,,,,"REAR-RIGHT",,,,,,,,,,,,,,,,,,,,,,,,,,,,,,,,,
"756722","JC466852","2019-10-01T17:28:00","1","DRIVER",,"718805",,"KIA MOTORS CORP","SOUL","IL","2013","UNKNOWN","PASSENGER","UNKNOWN/NA","E","MERGING",,,"1",,,,,,,,,,,,,,,,,,"UNKNOWN",,,,,,,,,,,,,,,,,,,,,,,,,,,,,,,,,
"756723","JC466852","2019-10-01T17:28:00","2","DRIVER",,"718808",,"TOYOTA MOTOR COMPANY, LTD.","UNKNOWN","IL","2017","UNKNOWN","PASSENGER","PERSONAL","E","STRAIGHT AHEAD",,,"1",,,,,"true","true","true","true","true",,"false","false","false","false","false",,,"SIDE-RIGHT",,,,,,,,,,,,,,,,,,,,,,,,,,,,,,,,,
"751067","JC456264","2019-10-01T17:26:00","1","DRIVER",,"713489",,"NEW FLYER","NEW FLYER","IL","2006","NONE","BUS OVER 15 PASS.","CTA","W","STRAIGHT AHEAD",,,"1",,,,,,,"true",,,,,,,,,,,"SIDE-RIGHT",,,,,,,,,,,,,,,,,,,,,,,,,,,,,,,,,
"751068","JC456264","2019-10-01T17:26:00","2","DRIVER",,"713500",,"LINCOLN-CONTINENTAL","NAVIGATOR","IL","2016","NONE","SPORT UTILITY VEHICLE (SUV)","TAXI/FOR HIRE","W","TURNING RIGHT",,,"1",,,,,,,,,,,,,,"true",,,,"UNDER CARRIAGE",,,,,,,,,,,,,,,,,,,,,,,,,,,,,,,,,
"750912","JC456028","2019-10-01T17:26:00","1","DRIVER",,"713335",,"ACURA","ACURA","IL","2016","NONE","PASSENGER","PERSONAL","S","TURNING RIGHT",,,"1",,,,,"true",,,,,,,,,,,,,"FRONT",,,,,,,,,,,,,,,,,,,,,,,,,,,,,,,,,
"750913","JC456028","2019-10-01T17:26:00","2","DRIVER","1","713343",,"NISSAN","ROGUE","IL","2013","NONE","PASSENGER","PERSONAL","S","TURNING RIGHT",,,"2",,,,,,,,,,,"true",,,,,,,"SIDE-LEFT",,,,,,,,,,,,,,,,,,,,,,,,,,,,,,,,,
"750982","JC456053","2019-10-01T17:21:00","1","DRIVER",,"713408",,"CHEVROLET","UNKNOWN","IL","2017","UNKNOWN","SPORT UTILITY VEHICLE (SUV)","UNKNOWN/NA","S","STRAIGHT AHEAD",,,"2",,,,,"true",,,,,,,,,,"true","true",,"OTHER",,,,,,,,,,,,,,,,,,,,,,,,,,,,,,,,,
"750983","JC456053","2019-10-01T17:21:00","2","DRIVER",,"713428",,"HYUNDAI","Santa Fe","IL","2017","UNKNOWN","SPORT UTILITY VEHICLE (SUV)","PERSONAL","S","SLOW/STOP IN TRAFFIC",,,"1",,,,,"true",,,,"true","true","true",,,,"true","true",,"REAR-LEFT",,,,,,,,,,,,,,,,,,,,,,,,,,,,,,,,,
"750984","JC456053","2019-10-01T17:21:00","3","DRIVER",,"713438",,"HYUNDAI","UNKNOWN","IL","2017","NONE","SPORT UTILITY VEHICLE (SUV)","PERSONAL","S","SLOW/STOP IN TRAFFIC",,,"1",,,,,"true",,,,"true","true","true",,,,"true","true",,"REAR-LEFT",,,,,,,,,,,,,,,,,,,,,,,,,,,,,,,,,
"750985","JC456053","2019-10-01T17:21:00","4","DRIVER",,"713454",,"FORD","FUSION","IL","2013","NONE","PASSENGER","PERSONAL","S","SLOW/STOP IN TRAFFIC",,,"1",,,,,,,,,,"true","true",,,,,"true",,"REAR-LEFT",,,,,,,,,,,,,,,,,,,,,,,,,,,,,,,,,
"750986","JC456053","2019-10-01T17:21:00","5","DRIVER",,"713459",,"HYUNDAI","UNKNOWN","IL","2009","NONE","PASSENGER","PERSONAL","S","SLOW/STOP IN TRAFFIC",,,"1",,,,,,,,,,,"true",,,,,,,"REAR-LEFT",,,,,,,,,,,,,,,,,,,,,,,,,,,,,,,,,
"750945","JC456043","2019-10-01T17:20:00","1","DRIVER",,"713366",,"OLDSMOBILE","UNKNOWN","IL","2001","UNKNOWN","PASSENGER","UNKNOWN/NA","N","STRAIGHT AHEAD",,,"1",,,,,,,,,,,,,,,,,,"OTHER",,,,,,,,,,,,,,,,,,,,,,,,,,,,,,,,,
"750946","JC456043","2019-10-01T17:20:00","2","BICYCLE",,,,,,,,,,,,,,,,,,,,,,,,,,,,,,,,,,,,,,,,,,,,,,,,,,,,,,,,,,,,,,,,,,
"750975","JC456126","2019-10-01T17:16:00","1","DRIVER",,"713390",,"FORD","FUSION","IL","2016","NONE","PASSENGER","PERSONAL","W","STRAIGHT AHEAD",,,"1",,,,,"true",,,,,,,,,,,,,"FRONT-RIGHT",,,,,,,,,,,,,,,,,,,,,,,,,,,,,,,,,
"750976","JC456126","2019-10-01T17:16:00","2","DRIVER",,"713399",,"ASTON-MARTIN","VANTAGE","IL","2008","NONE","PASSENGER","PERSONAL","W","SLOW/STOP IN TRAFFIC",,,"1",,,,,,,,,,"true","true",,,,,,,"REAR-LEFT",,,,,,,,,,,,,,,,,,,,,,,,,,,,,,,,,
"750964","JC456051","2019-10-01T17:16:00","1","DRIVER",,"713388",,"FORD","FORD","IL","2000","UNKNOWN","OTHER","TOW TRUCK","S","STRAIGHT AHEAD",,,"1",,,,,"true",,,,,,,,,,"true","true",,"OTHER",,,,,,,,,,,,,,,,,,,,,,,,,,,,,,,,,
"750965","JC456051","2019-10-01T17:16:00","2","DRIVERLESS",,"713400",,"FORD","FORD","IL","2001","UNKNOWN","PICKUP","NOT IN USE","SE","OTHER","true",,"0",,,"black horse towing inc",,"true",,,,,,,,,,"true","true",,"OTHER",,,,,,,,,,,,,,,,,,,,,,,,,,,,,,,,,
"750966","JC456051","2019-10-01T17:16:00","3","PEDESTRIAN",,,,,,,,,,,,,,,,,,,,,,,,,,,,,,,,,,,,,,,,,,,,,,,,,,,,,,,,,,,,,,,,,,
"750977","JC456120","2019-10-01T17:15:00","1","DRIVER",,"713392",,"GENERAL MOTORS CORP.","UNKNOWN","IL","2008","NONE","PASSENGER","PERSONAL","N","STRAIGHT AHEAD",,,"1",,,,,,,,,,,,,,,,,"true","UNKNOWN",,,,,,,,,,,,,,,,,,,,,,,,,,,,,,,,,
"750978","JC456120","2019-10-01T17:15:00","2","DRIVER",,"713401",,"SUBARU","IMPREZA","IL","2018","NONE","PASSENGER","PERSONAL","N","STRAIGHT AHEAD",,,"1",,,,,,,"true","true","true",,,,,,,,,"REAR-RIGHT",,,,,,,,,,,,,,,,,,,,,,,,,,,,,,,,,
"750931","JC456060","2019-10-01T17:10:00","1","DRIVER",,"713341",,"TOYOTA MOTOR COMPANY, LTD.","Prius","IL","2008","NONE","PASSENGER","PERSONAL","S","UNKNOWN/NA",,,"1",,,,,,,,,,,,,,,"true",,,"TOTAL (ALL AREAS)",,,,,,,,,,,,,,,,,,,,,,,,,,,,,,,,,
"750932","JC456060","2019-10-01T17:10:00","2","DRIVER",,"713356",,"MAZDA","UNKNOWN","IL","2016","NONE","PASSENGER","PERSONAL","S","UNKNOWN/NA",,,"1",,,,,,,"true",,,,,,,,,,,"SIDE-RIGHT",,,,,,,,,,,,,,,,,,,,,,,,,,,,,,,,,
"750933","JC456062","2019-10-01T17:08:00","1","DRIVER",,"713340",,"FORD","UNKNOWN","IL","2010","NONE","UNKNOWN/NA","PERSONAL","E","PASSING/OVERTAKING",,,"1",,,,,"true","true",,,,,,,,,,"false",,"FRONT",,,,,,,,,,,,,,,,,,,,,,,,,,,,,,,,,
"750934","JC456062","2019-10-01T17:08:00","2","DRIVER",,"713357",,"TOYOTA MOTOR COMPANY, LTD.","CAMRY","IL","2016","NONE","PASSENGER","PERSONAL","E","STRAIGHT AHEAD",,,"1",,,,,,,,,,,"true","true",,,,,,"SIDE-LEFT",,,,,,,,,,,,,,,,,,,,,,,,,,,,,,,,,
"750910","JC456010","2019-10-01T17:05:00","1","DRIVER",,"713324",,"UNKNOWN","UNKNOWN",,,"UNKNOWN","UNKNOWN/NA","UNKNOWN/NA","E","STRAIGHT AHEAD",,,"1",,,,,,,,,,,,,,,,,"true","OTHER",,,,,,,,,,,,,,,,,,,,,,,,,,,,,,,,,
"750911","JC456010","2019-10-01T17:05:00","2","BICYCLE",,,,,,,,,,,,,,,,,,,,,,,,,,,,,,,,,,,,,,,,,,,,,,,,,,,,,,,,,,,,,,,,,,
"751062","JC456302","2019-10-01T17:00:00","1","DRIVER",,"713486",,"FORD","Explorer","IL","2006","UNKNOWN","UNKNOWN/NA","UNKNOWN/NA","N","STRAIGHT AHEAD",,,"1",,,,,,,,,,,,,,,,"true",,"OTHER",,,,,,,,,,,,,,,,,,,,,,,,,,,,,,,,,
"751063","JC456302","2019-10-01T17:00:00","2","DRIVER","1","713480",,"CHEVROLET","IMPALA","IL","2017","NONE","PASSENGER","PERSONAL","N","SLOW/STOP IN TRAFFIC",,,"2",,,,,,,,,,"true",,,,,,,,"REAR-LEFT",,,,,,,,,,,,,,,,,,,,,,,,,,,,,,,,,
"751056","JC456291","2019-10-01T17:00:00","1","DRIVER",,"713483",,"TOYOTA MOTOR COMPANY, LTD.","UNKNOWN","IL","2002","NONE","PASSENGER","PERSONAL","N","ENTERING TRAFFIC LANE FROM PARKING",,,"1",,,,,,,,,,,,,,,"true",,,"TOTAL (ALL AREAS)",,,,,,,,,,,,,,,,,,,,,,,,,,,,,,,,,
"751057","JC456291","2019-10-01T17:00:00","2","DRIVER",,"713473",,"CHRYSLER","200","IL","2011","NONE","PASSENGER","PERSONAL","N","STRAIGHT AHEAD",,,"1",,,,,"true","true",,,,,,,,,,,,"FRONT",,,,,,,,,,,,,,,,,,,,,,,,,,,,,,,,,
"750967","JC456114","2019-10-01T17:00:00","1","DRIVER",,"713393",,"UNKNOWN","UNKNOWN",,,"UNKNOWN","UNKNOWN/NA","UNKNOWN/NA","UNKNOWN","UNKNOWN/NA",,,"1",,,,,,,,,,"true",,,,,,,,"REAR-LEFT",,,,,,,,,,,,,,,,,,,,,,,,,,,,,,,,,
"750968","JC456114","2019-10-01T17:00:00","2","PARKED",,"713381",,"NISSAN","Pathfinder","IL","2017","NONE","PASSENGER","PERSONAL","S","PARKED",,,"0",,,,,,,,,,,,,,,,"true",,"OTHER",,,,,,,,,,,,,,,,,,,,,,,,,,,,,,,,,
"750953","JC456097","2019-10-01T17:00:00","1","DRIVER",,"713374",,"TOYOTA MOTOR COMPANY, LTD.","COROLLA","IL",,"NONE","PASSENGER","PERSONAL","NW","ENTERING TRAFFIC LANE FROM PARKING",,,"1",,,,,,,,,,,,,,,"true",,,"TOTAL (ALL AREAS)",,,,,,,,,,,,,,,,,,,,,,,,,,,,,,,,,
"750954","JC456097","2019-10-01T17:00:00","2","DRIVER",,"713380",,"JEEP","PATRIOT","IL",,"NONE","SPORT UTILITY VEHICLE (SUV)","PERSONAL","N","STRAIGHT AHEAD",,,"1",,,,,"true",,,,,,,,,,,,,"FRONT",,,,,,,,,,,,,,,,,,,,,,,,,,,,,,,,,
"750939","JC456019","2019-10-01T17:00:00","1","DRIVER",,"713362",,"FREIGHTLINER CORP.","FREIGHTLINER CORP.","IL","2007","NONE","BUS OVER 15 PASS.","SCHOOL BUS","N","STRAIGHT AHEAD",,,"1",,,,,,,,"true",,,,,,,,,,"REAR-RIGHT",,,,,,,,,,,,,,,,,,,,,,,,,,,,,,,,,
"750940","JC456019","2019-10-01T17:00:00","2","DRIVERLESS",,"713373",,"CHRYSLER","Pacifica (Sport Wagon)","IL","2006","NONE","SPORT UTILITY VEHICLE (SUV)","NOT IN USE","N","PARKED",,,"0",,,,,,,,,,,"true","true",,,,,,"FRONT-LEFT",,,,,,,,,,,,,,,,,,,,,,,,,,,,,,,,,
"750937","JC456009","2019-10-01T17:00:00","1","DRIVER",,"713369",,"TOYOTA MOTOR COMPANY, LTD.","Prius","IL","2014","NONE","PASSENGER","PERSONAL","E","PASSING/OVERTAKING",,,"1",,,,,"true",,"true",,,,,,,,,,,"FRONT-RIGHT",,,,,,,,,,,,,,,,,,,,,,,,,,,,,,,,,
"750938","JC456009","2019-10-01T17:00:00","2","DRIVER",,"713385",,"TOYOTA MOTOR COMPANY, LTD.","CAMRY","IL","2017","NONE","PASSENGER","TAXI/FOR HIRE","E","SLOW/STOP IN TRAFFIC",,,"1",,,,,,,,,,,,,,,"true",,,"UNDER CARRIAGE",,,,,,,,,,,,,,,,,,,,,,,,,,,,,,,,,
"750914","JC456025","2019-10-01T16:55:00","1","DRIVER",,"713325",,"CHEVROLET","CRUZE","IL","2011","NONE","PASSENGER","UNKNOWN/NA","W","TURNING LEFT",,,"1",,,,,,,,"true",,,,,,,,,,"REAR-RIGHT",,,,,,,,,,,,,,,,,,,,,,,,,,,,,,,,,
"750915","JC456025","2019-10-01T16:55:00","2","DRIVER",,"713351",,"CHEVROLET","UNKNOWN","IL","2018","NONE","SPORT UTILITY VEHICLE (SUV)","UNKNOWN/NA","E","STRAIGHT AHEAD",,,"1",,,,,,,,,,,,,,,,,,"OTHER",,,,,,,,,,,,,,,,,,,,,,,,,,,,,,,,,
"750875","JC455997","2019-10-01T16:55:00","1","DRIVER","3","713292",,"HONDA","Odyssey (minivan)","IL","2017","NONE","PASSENGER","PERSONAL","E","STRAIGHT AHEAD",,,"4",,,,,"true","true",,,,,,,,,,,,"FRONT",,,,,,,,,,,,,,,,,,,,,,,,,,,,,,,,,
"750876","JC455997","2019-10-01T16:55:00","2","PARKED",,"713308",,"NEW FLYER","NEW FLYER","IL","2008","NONE","BUS OVER 15 PASS.","CTA","E","PARKED",,,"0",,,,,,,,,,,"true",,,,,,,"FRONT-LEFT",,,,,,,,,,,,,,,,,,,,,,,,,,,,,,,,,