"crash_unit_id","rd_no","crash_date","unit_no","unit_type","num_passengers","vehicle_id","cmrc_veh_i","make","model","lic_plate_state","vehicle_year","vehicle_defect","vehicle_type","vehicle_use","travel_direction","maneuver","towed_i","fire_i","occupant_cnt","exceed_speed_limit_i","towed_by","towed_to","area_00_i","area_01_i","area_02_i","area_03_i","area_04_i","area_05_i","area_06_i","area_07_i","area_08_i","area_09_i","area_10_i","area_11_i","area_12_i","area_99_i","first_contact_point","cmv_id","usdot_no","ccmc_no","ilcc_no","commercial_src","gvwr","carrier_name","carrier_state","carrier_city","hazmat_placards_i","hazmat_name","un_no","hazmat_present_i","hazmat_report_i","hazmat_report_no","mcs_report_i","mcs_report_no","hazmat_vio_cause_crash_i","mcs_vio_cause_crash_i","idot_permit_no","wide_load_i","trailer1_width","trailer2_width","trailer1_length","trailer2_length","total_vehicle_length","axle_cnt","vehicle_config","cargo_body_type","load_type","hazmat_out_of_service_i","mcs_out_of_service_i","hazmat_class"
"750928","JC455841","2019-10-01T15:12:00","1","DRIVER","1","713346",,"DODGE","GRAND CARAVAN","IL","1996","NONE","VAN/MINI-VAN","PERSONAL","N","ENTERING TRAFFIC LANE FROM PARKING","true",,"2",,"Streets and sans",,,"true","true",,,,,,,"true","true","true",,,"TOTAL (ALL AREAS)",,,,,,,,,,,,,,,,,,,,,,,,,,,,,,,,,
"750929","JC455841","2019-10-01T15:12:00","2","DRIVER",,"713367",,"TOYOTA MOTOR COMPANY, LTD.","CAMRY","IL","2017","NONE","PASSENGER","PERSONAL","N","STRAIGHT AHEAD","true",,"1",,"E & R towing","city vehicle impound",,,,,,,,,,,,,,,"FRONT",,,,,,,,,,,,,,,,,,,,,,,,,,,,,,,,,
"750930","JC455841","2019-10-01T15:12:00","3","PARKED",,"713372",,"FORD","FUSION","IL","2006","NONE","PASSENGER","NOT IN USE","N","PARKED",,,"0",,,,,,,,,,,"true","true",,,"false",,,"SIDE-LEFT",,,,,,,,,,,,,,,,,,,,,,,,,,,,,,,,,
"750908","JC456048","2019-10-01T15:10:00","1","DRIVER",,"713320",,"UNKNOWN","UNKNOWN",,,"NONE","PASSENGER","PERSONAL","S","STRAIGHT AHEAD",,,"1",,,,,,,,,,,,,,,,,"true","UNKNOWN",,,,,,,,,,,,,,,,,,,,,,,,,,,,,,,,,
"750909","JC456048","2019-10-01T15:10:00","2","DRIVER",,"713334",,"CHEVROLET","EQUINOX","IL","2011","NONE","SPORT UTILITY VEHICLE (SUV)","PERSONAL","W","STRAIGHT AHEAD",,,"1",,,,,,,,"true",,,,,,,,,,"REAR-RIGHT",,,,,,,,,,,,,,,,,,,,,,,,,,,,,,,,,
"751000","JC456204","2019-10-01T15:05:00","1","DRIVER",,"713421",,"UNKNOWN","UNKNOWN","IL",,"NONE","TRACTOR W/ SEMI-TRAILER","PERSONAL","W","STRAIGHT AHEAD",,,"1",,,,,,,,,,,,,,,,,,"UNKNOWN",,,,,,,,,,,,,,,,,,,,,,,,,,,,,,,,,
"751001","JC456204","2019-10-01T15:05:00","2","DRIVER",,"713416",,"FORD","RANGER","IL","1999","NONE","PICKUP","PERSONAL","W","SLOW/STOP IN TRAFFIC",,,"1",,,,,,,,,,"true",,,,,,"true",,"OTHER",,,,,,,,,,,,,,,,,,,,,,,,,,,,,,,,,
"751002","JC456204","2019-10-01T15:05:00","3","DRIVER",,"713414",,"CHEVROLET","Trail Blazer","IL","2007","NONE","SPORT UTILITY VEHICLE (SUV)","PERSONAL","W","SLOW/STOP IN TRAFFIC",,,"1",,,,,,,,,,,,,,,,"true",,"OTHER",,,,,,,,,,,,,,,,,,,,,,,,,,,,,,,,,
"750800","JC455845","2019-10-01T15:05:00","1","DRIVER","1","713225",,"GEO","PRISM","IL","1995","UNKNOWN","PASSENGER","PERSONAL","S","STRAIGHT AHEAD",,,"2",,,,,,,,,,,,,,"true","true",,,"TOTAL (ALL AREAS)",,,,,,,,,,,,,,,,,,,,,,,,,,,,,,,,,
"750801","JC455845","2019-10-01T15:05:00","2","DRIVER",,"713231",,"HARLEY-DAVIDSON","HARLEY-DAVIDSON","IL","2019","UNKNOWN","MOTORCYCLE (OVER 150CC)","PERSONAL","W","STRAIGHT AHEAD",,,"1",,,,,,,,,,,,,,,,"true",,"OTHER",,,,,,,,,,,,,,,,,,,,,,,,,,,,,,,,,
"750809","JC455891","2019-10-01T15:04:00","1","DRIVER",,"713243",,"NISSAN","Murano","IL","2010","NONE","SPORT UTILITY VEHICLE (SUV)","RIDESHARE SERVICE","W","STRAIGHT AHEAD",,,"1",,,,,,,,,,,,,,,,,,"UNKNOWN",,,,,,,,,,,,,,,,,,,,,,,,,,,,,,,,,
"750810","JC455891","2019-10-01T15:04:00","2","DRIVER","1","713236",,"TOYOTA MOTOR COMPANY, LTD.","Prius","IL","2011","NONE","PASSENGER","RIDESHARE SERVICE","W","SLOW/STOP IN TRAFFIC",,,"2",,,,,,,,,,"true",,,,,,,,"REAR-LEFT",,,,,,,,,,,,,,,,,,,,,,,,,,,,,,,,,
"751312","JC456804","2019-10-01T15:00:00","1","DRIVER",,"713694",,"UNKNOWN","UNKNOWN","IL",,"UNKNOWN","UNKNOWN/NA","UNKNOWN/NA","UNKNOWN","UNKNOWN/NA",,,"1",,,,,,,,,,,,,,,,,,"UNKNOWN",,,,,,,,,,,,,,,,,,,,,,,,,,,,,,,,,
"751313","JC456804","2019-10-01T15:00:00","2","DRIVERLESS",,"713699",,"NISSAN","SENTRA (DATSUN AND NISSAN HAVE MERGED)","IL","2019","UNKNOWN","PASSENGER","POLICE","UNKNOWN","PARKED",,,"0",,,,,"true",,,,,,,,,,"true","true",,"OTHER",,,,,,,,,,,,,,,,,,,,,,,,,,,,,,,,,
"750941","JC456066","2019-10-01T15:00:00","1","DRIVER",,"713361",,"MERCURY","UNKNOWN","IL","2001","NONE","PASSENGER","PERSONAL","E","STRAIGHT AHEAD",,,"1",,,,,"true",,,,,,,,,,"true","true",,"OTHER",,,,,,,,,,,,,,,,,,,,,,,,,,,,,,,,,
"750942","JC456066","2019-10-01T15:00:00","2","DRIVER",,"713364",,"NISSAN","SENTRA (DATSUN AND NISSAN HAVE MERGED)","IL","1997","NONE","PASSENGER","PERSONAL","E","STRAIGHT AHEAD",,,"1",,,,,,,,,"true","true","true",,,,,,,"REAR-LEFT",,,,,,,,,,,,,,,,,,,,,,,,,,,,,,,,,
"750786","JC455834","2019-10-01T14:55:00","1","DRIVER",,"713223",,"TOYOTA MOTOR COMPANY, LTD.","Prius","IL",,"NONE","PASSENGER","TAXI/FOR HIRE","E","OTHER",,,"1",,,,,,,,,,,,,"true",,,,,"ROOF",,,,,,,,,,,,,,,,,,,,,,,,,,,,,,,,,
"750787","JC455834","2019-10-01T14:55:00","2","DRIVER",,"713227",,"HYUNDAI","SONATA","MI",,"NONE","PASSENGER","RIDESHARE SERVICE","E","STRAIGHT AHEAD",,,"1",,,,,"true",,,,,,,,,,,,,"FRONT",,,,,,,,,,,,,,,,,,,,,,,,,,,,,,,,,
"750836","JC455822","2019-10-01T14:55:00","1","DRIVER",,"713260",,"VOLKSWAGEN","ROUTAN","IL","2009","NONE","SPORT UTILITY VEHICLE (SUV)","PERSONAL","S","TURNING RIGHT",,,"1",,,,,,,,,,,,,,,,"true",,"OTHER",,,,,,,,,,,,,,,,,,,,,,,,,,,,,,,,,
"750837","JC455822","2019-10-01T14:55:00","2","PEDESTRIAN",,,,,,,,,,,,,,,,,,,,,,,,,,,,,,,,,,,,,,,,,,,,,,,,,,,,,,,,,,,,,,,,,,
"750826","JC455823","2019-10-01T14:52:00","1","DRIVER",,"713257",,"PONTIAC","GRAND PRIX","IL","2004","UNKNOWN","PASSENGER","PERSONAL","S","MERGING",,,"1",,,,,"true","true",,,,,,,,,,,,"FRONT",,,,,,,,,,,,,,,,,,,,,,,,,,,,,,,,,
"750827","JC455823","2019-10-01T14:52:00","2","DRIVER","1","713274",,"TOYOTA MOTOR COMPANY, LTD.","Prius","IL","2016","NONE","PASSENGER","OTHER","S","STRAIGHT AHEAD","true",,"2",,"UNKNOWN",,,,,,,,,,,,"true","true",,,"TOTAL (ALL AREAS)",,,,,,,,,,,,,,,,,,,,,,,,,,,,,,,,,
"750807","JC455873","2019-10-01T14:50:00","1","DRIVER",,"713240",,"CHEVROLET","EQUINOX","IL","2006","UNKNOWN","PASSENGER","PERSONAL","S","STRAIGHT AHEAD",,,"1",,,,,"true",,,,,,,,,,"true","true",,"OTHER",,,,,,,,,,,,,,,,,,,,,,,,,,,,,,,,,
"750806","JC455873","2019-10-01T14:50:00","2","DRIVER",,"713232",,"TOYOTA MOTOR COMPANY, LTD.","CAMRY","IL","2007","UNKNOWN","PASSENGER","PERSONAL","S","TURNING LEFT",,,"1",,,,,,,,,"true","true","true",,,,,,,"REAR-LEFT",,,,,,,,,,,,,,,,,,,,,,,,,,,,,,,,,
"752299","JC457742","2019-10-01T14:49:00","1","DRIVER",,"714656",,"GENERAL MOTORS CORP.","UNKNOWN","AZ","2017","UNKNOWN","TRUCK - SINGLE UNIT","OTHER","W","PASSING/OVERTAKING",,,"1",,,,,,,,,,,,,,,,,"true","UNKNOWN",,,,,,,,,,,,,,,,,,,,,,,,,,,,,,,,,
"752300","JC457742","2019-10-01T14:49:00","2","PARKED",,"714641",,"FORD","UNKNOWN","IL","2002","NONE","RECREATIONAL OFF-HIGHWAY VEHICLE (ROV)","CAMPER/RV - SINGLE UNIT","W","PARKED",,,"1",,,,,,,,,,,"true","true","true","true","true",,,,,,,,,,,,,,,,,,,,,,,,,,,,,,,,,,,,
"750865","JC456018","2019-10-01T14:45:00","1","DRIVER",,"713287",,"DODGE","RAM 1500 PU","IL","2001","UNKNOWN","PICKUP","PERSONAL","W","STRAIGHT AHEAD",,,"1",,,,,,,,,,,,,,,,"true",,"OTHER",,,,,,,,,,,,,,,,,,,,,,,,,,,,,,,,,
"750866","JC456018","2019-10-01T14:45:00","2","DRIVER",,"713291",,"FORD","UNKNOWN","IL","2015","NONE","VAN/MINI-VAN","CONSTRUCTION/MAINTENANCE","W","SLOW/STOP IN TRAFFIC",,,"1",,,,,,,,,,"true",,,,,,,,"REAR-LEFT",,,,,,,,,,,,,,,,,,,,,,,,,,,,,,,,,
"750796","JC455842","2019-10-01T14:45:00","1","DRIVER",,"713233",,"UNKNOWN","UNKNOWN",,,"UNKNOWN","PASSENGER","UNKNOWN/NA","N","STRAIGHT AHEAD",,,"1",,,,,"true",,,,,,,,,,"true","true",,"OTHER",,,,,,,,,,,,,,,,,,,,,,,,,,,,,,,,,
"750797","JC455842","2019-10-01T14:45:00","2","DRIVER",,"713256",,"TOYOTA MOTOR COMPANY, LTD.","COROLLA","IL","2009","NONE","PASSENGER","PERSONAL","N","STRAIGHT AHEAD",,,"1",,,,,,,,,"true","true","true",,,,,,,"REAR-LEFT",,,,,,,,,,,,,,,,,,,,,,,,,,,,,,,,,
"751541","JC455819","2019-10-01T14:45:00","1","DRIVER",,"713923",,"SATURN","SL","IL","1992","UNKNOWN","PASSENGER","PERSONAL","S","PASSING/OVERTAKING",,,"1",,,,,,,,,,,,,,,"true",,,"TOTAL (ALL AREAS)",,,,,,,,,,,,,,,,,,,,,,,,,,,,,,,,,
"751542","JC455819","2019-10-01T14:45:00","2","DRIVER",,"713924",,"TOYOTA MOTOR COMPANY, LTD.","Avalon","IL","2016","UNKNOWN","PASSENGER","TAXI/FOR HIRE","S","U-TURN",,,"2",,,,,,,,,,,"true",,,,,,,"SIDE-LEFT",,,,,,,,,,,,,,,,,,,,,,,,,,,,,,,,,
"753056","JC459912","2019-10-01T14:40:00","1","DRIVER",,"715369",,"MERCEDES-BENZ","ML350","IL",,"UNKNOWN","PASSENGER","UNKNOWN/NA","W","MERGING",,,"1",,,,,,,,,"true","true",,,,,,,,"REAR-LEFT",,,,,,,,,,,,,,,,,,,,,,,,,,,,,,,,,
"753057","JC459912","2019-10-01T14:40:00","2","DRIVER","1","715378",,"BMW","M-5","IL","2006","NONE","PASSENGER","PERSONAL","W","STARTING IN TRAFFIC",,,"2",,,,,"true",,,,,,,,,,,"true",,"FRONT",,,,,,,,,,,,,,,,,,,,,,,,,,,,,,,,,
"752615","JC457275","2019-10-01T14:40:00","1","DRIVER",,"714937",,"DODGE","CHALLENGER",,,"UNKNOWN","PASSENGER","PERSONAL","W","STRAIGHT AHEAD",,,"1",,,,,"true",,,,,,,,,,,,,"FRONT",,,,,,,,,,,,,,,,,,,,,,,,,,,,,,,,,
"752616","JC457275","2019-10-01T14:40:00","2","DRIVER",,"714938",,"AUDI","Q5",,,"UNKNOWN","SPORT UTILITY VEHICLE (SUV)","PERSONAL","S","STRAIGHT AHEAD",,,"1",,,,,,,,,,,,,,,,,,"OTHER",,,,,,,,,,,,,,,,,,,,,,,,,,,,,,,,,
"750924","JC455955","2019-10-01T14:40:00","1","DRIVER",,"713350",,"HONDA","Pilot","IL","2006","UNKNOWN","SPORT UTILITY VEHICLE (SUV)","PERSONAL","S","STRAIGHT AHEAD",,,"1",,,,,,,,,,,,,,,,"true",,"OTHER",,,,,,,,,,,,,,,,,,,,,,,,,,,,,,,,,
"750925","JC455955","2019-10-01T14:40:00","2","PEDESTRIAN",,,,,,,,,,,,,,,,,,,,,,,,,,,,,,,,,,,,,,,,,,,,,,,,,,,,,,,,,,,,,,,,,,
"750790","JC455848","2019-10-01T14:34:00","1","DRIVER",,"713214",,"FORD","ESCAPE (SUV)","IL","2019","NONE","SPORT UTILITY VEHICLE (SUV)","PERSONAL","SE","TURNING LEFT",,,"1",,,,,,,,,,,,,"true","true",,,,"ROOF",,,,,,,,,,,,,,,,,,,,,,,,,,,,,,,,,
"750791","JC455848","2019-10-01T14:34:00","2","DRIVER","1","713216",,"JAGUAR","XJ","IL","2016","NONE","PASSENGER","PERSONAL","SE","TURNING LEFT",,,"2",,,,,"true",,,,,,,,,,,,,"FRONT",,,,,,,,,,,,,,,,,,,,,,,,,,,,,,,,,
"750792","JC455813","2019-10-01T14:33:00","1","DRIVER",,"713217",,"HYUNDAI","TUCSON","IL","2014","NONE","PASSENGER","PERSONAL","S","STRAIGHT AHEAD",,,"1",,,,,"true","true",,,,,,,,"true","true","true",,"OTHER",,,,,,,,,,,,,,,,,,,,,,,,,,,,,,,,,
"750793","JC455813","2019-10-01T14:33:00","2","DRIVER",,"713230",,"HYUNDAI","ELANTRA","IL","2016","NONE","PASSENGER","RIDESHARE SERVICE","W","STARTING IN TRAFFIC","true",,"1",,"PRIVATE TOW","UNK",,"true","true","true","true","true","true",,,,,,,,"ROOF",,,,,,,,,,,,,,,,,,,,,,,,,,,,,,,,,
"750794","JC455812","2019-10-01T14:33:00","1","DRIVER",,"713224",,"FORD","F150","IL","2014","NONE","PICKUP","PERSONAL","E","STRAIGHT AHEAD",,,"1",,,,,,,,,,,,,,,,"true",,"OTHER",,,,,,,,,,,,,,,,,,,,,,,,,,,,,,,,,
"750795","JC455812","2019-10-01T14:33:00","2","DRIVER","4","713238",,"SUBARU","IMPREZA","IL","2014","NONE","PASSENGER","PERSONAL","E","STRAIGHT AHEAD",,,"5",,,,,,,,,,"true",,,,,,,,"REAR-LEFT",,,,,,,,,,,,,,,,,,,,,,,,,,,,,,,,,
"751484","JC457105","2019-10-01T14:30:00","1","DRIVER",,"713870",,"TOYOTA MOTOR COMPANY, LTD.","VENZA","IN",,"NONE","SPORT UTILITY VEHICLE (SUV)","UNKNOWN/NA","UNKNOWN","BACKING",,,"1",,,,,,,,,,,"true",,,,,,,"REAR-LEFT",,,,,,,,,,,,,,,,,,,,,,,,,,,,,,,,,
"751485","JC457105","2019-10-01T14:30:00","2","DRIVER",,"713880",,"TOYOTA MOTOR COMPANY, LTD.","RAV4 (sport utility)","IL","2004","NONE","PASSENGER","NOT IN USE","UNKNOWN","STRAIGHT AHEAD",,,"1",,,,,,,,,,,,,,"true",,,,"ROOF",,,,,,,,,,,,,,,,,,,,,,,,,,,,,,,,,
"751359","JC456865","2019-10-01T14:30:00","1","DRIVER",,"713739",,"UNKNOWN","UNKNOWN","IL",,"UNKNOWN","MOTORCYCLE (OVER 150CC)","UNKNOWN/NA","E","STRAIGHT AHEAD",,,"1",,,,,"true",,,,,,,,,,"true","true",,"OTHER",,,,,,,,,,,,,,,,,,,,,,,,,,,,,,,,,
"751360","JC456865","2019-10-01T14:30:00","2","DRIVER",,"713752",,"TOYOTA MOTOR COMPANY, LTD.","CAMRY","IL","2018","NONE","PASSENGER","PERSONAL","E","SLOW/STOP IN TRAFFIC",,,"1",,,,,,,,,"true","true","true",,,,,,,"REAR-LEFT",,,,,,,,,,,,,,,,,,,,,,,,,,,,,,,,,
"750765","JC455783","2019-10-01T14:30:00","1","DRIVER",,"713202",,"TOYOTA MOTOR COMPANY, LTD.","Prius",,,"NONE","PASSENGER","TAXI/FOR HIRE","E","STRAIGHT AHEAD",,,"1",,,,,,,,,,,"true","true",,,,,,"ROOF",,,,,,,,,,,,,,,,,,,,,,,,,,,,,,,,,
"750766","JC455783","2019-10-01T14:30:00","2","DRIVER",,"713209",,"MERCEDES-BENZ","UNKNOWN","IL",,"NONE","SPORT UTILITY VEHICLE (SUV)","PERSONAL","E","TURNING LEFT",,,"1",,,,,"true","true",,,,,,,,,,,,"FRONT",,,,,,,,,,,,,,,,,,,,,,,,,,,,,,,,,
"750771","JC455805","2019-10-01T14:29:00","1","DRIVER",,"713200",,"TOYOTA MOTOR COMPANY, LTD.","Prius","IL","2016","UNKNOWN","PASSENGER","UNKNOWN/NA","UNKNOWN","UNKNOWN/NA",,,"1",,,,,,,,,,,,,"true","true",,,,"ROOF",,,,,,,,,,,,,,,,,,,,,,,,,,,,,,,,,
"750772","JC455805","2019-10-01T14:29:00","2","PARKED",,"713205",,"VOLKSWAGEN","TIGUAN","IL","2018","NONE","SPORT UTILITY VEHICLE (SUV)","PERSONAL","UNKNOWN","PARKED",,,"0",,,,,,,,,"true",,,,,,,,,"REAR",,,,,,,,,,,,,,,,,,,,,,,,,,,,,,,,,
"750777","JC455782","2019-10-01T14:20:00","1","DRIVER",,"713208",,"PONTIAC","Vibe (sport wagon)","IL","2006","NONE","SPORT UTILITY VEHICLE (SUV)","PERSONAL","E","STRAIGHT AHEAD",,,"1",,,,,,,,,,,"true",,,,,,,"FRONT-LEFT",,,,,,,,,,,,,,,,,,,,,,,,,,,,,,,,,
"750778","JC455782","2019-10-01T14:20:00","2","DRIVER",,"713215","true","FREIGHTLINER CORP.","UNKNOWN","IL","2014","NONE","TRACTOR W/O SEMI-TRAILER","COMMERCIAL - SINGLE UNIT","E","STRAIGHT AHEAD",,,"1",,,,,"true",,,,,,,,,,,,,"FRONT","8296","1454112",,,"PAPERS",,"HUB GROUP TRUCKING","TN","MEMPHIS",,,,"N","N",,"N",,"N","N",,,,,,,,,"TRUCK/TRACTOR",,,"false","false",
"750750","JC455781","2019-10-01T14:20:00","1","DRIVER",,"713186",,"TOYOTA MOTOR COMPANY, LTD.","RAV4 (sport utility)","IL","2011","NONE","SPORT UTILITY VEHICLE (SUV)","PERSONAL","S","BACKING",,,"1",,,,,,,,,"true","true",,,,,,,,"REAR",,,,,,,,,,,,,,,,,,,,,,,,,,,,,,,,,
"750751","JC455781","2019-10-01T14:20:00","2","DRIVER",,"713189",,"TOYOTA MOTOR COMPANY, LTD.","CAMRY","IL","2018","NONE","PASSENGER","PERSONAL","W","SLOW/STOP IN TRAFFIC",,,"1",,,,,,,,,"true",,,,,,,,,"SIDE-LEFT",,,,,,,,,,,,,,,,,,,,,,,,,,,,,,,,,
"750885","JC455909","2019-10-01T14:15:00","1","DRIVER",,"713331",,"LINCOLN-CONTINENTAL","NAVIGATOR","IL","2000","UNKNOWN","SPORT UTILITY VEHICLE (SUV)","UNKNOWN/NA","E","STRAIGHT AHEAD",,,"1",,,,,"false",,,,,,,,,,,,"true","FRONT",,,,,,,,,,,,,,,,,,,,,,,,,,,,,,,,,
"750886","JC455909","2019-10-01T14:15:00","2","PARKED","1","713358",,"HONDA","ACCORD","IL","2008","UNKNOWN","PASSENGER","PERSONAL","E","PARKED",,,"1",,,,,,,,,,,,,,"true","true",,,"TOTAL (ALL AREAS)",,,,,,,,,,,,,,,,,,,,,,,,,,,,,,,,,
"750788","JC455809","2019-10-01T14:15:00","1","DRIVER",,"713213",,"DODGE","DART","IL","2016","UNKNOWN","PASSENGER","PERSONAL","E","STRAIGHT AHEAD",,,"1",,,,"true",,,,,,,,,,,,,,"NONE",,,,,,,,,,,,,,,,,,,,,,,,,,,,,,,,,
"750789","JC455809","2019-10-01T14:15:00","2","DRIVER",,"713218",,"HYUNDAI","SONATA","IL","2016","UNKNOWN","PASSENGER","PERSONAL","E","SLOW/STOP IN TRAFFIC",,,"1",,,,,,,,,,"true",,,,,,,,"REAR-LEFT",,,,,,,,,,,,,,,,,,,,,,,,,,,,,,,,,
"750838","JC455774","2019-10-01T14:10:00","1","DRIVER","1","713279",,"HONDA","ACCORD","IL","2013","UNKNOWN","PASSENGER","PERSONAL","N","STRAIGHT AHEAD","true",,"2",,"private tow",,,"false",,,,,,,,,,"false",,,"ROOF",,,,,,,,,,,,,,,,,,,,,,,,,,,,,,,,,
"750839","JC455774","2019-10-01T14:10:00","2","DRIVER",,"713290",,"NISSAN","Murano","IL","2016","UNKNOWN","SPORT UTILITY VEHICLE (SUV)","PERSONAL","S","TURNING LEFT",,,"1",,,,,,,,,,,,,,,"true","true",,"TOTAL (ALL AREAS)",,,,,,,,,,,,,,,,,,,,,,,,,,,,,,,,,
"750760","JC455739","2019-10-01T14:05:00","1","DRIVER","3","713195",,"TOYOTA MOTOR COMPANY, LTD.","Avalon","IL",,"UNKNOWN","UNKNOWN/NA","UNKNOWN/NA","N","STRAIGHT AHEAD",,,"4",,,,,,,,,,,,,,,,,"true","UNKNOWN",,,,,,,,,,,,,,,,,,,,,,,,,,,,,,,,,
"750761","JC455739","2019-10-01T14:05:00","2","PEDESTRIAN",,,,,,,,,,,,,,,,,,,,,,,,,,,,,,,,,,,,,,,,,,,,,,,,,,,,,,,,,,,,,,,,,,
"751527","JC456339","2019-10-01T14:00:00","1","DRIVER",,"713972",,"NISSAN","UNKNOWN","IL","2005","NONE","PASSENGER","PERSONAL","S","STRAIGHT AHEAD",,,"1",,,,,,,,,,,,,,,,,"true","UNKNOWN",,,,,,,,,,,,,,,,,,,,,,,,,,,,,,,,,
"751528","JC456339","2019-10-01T14:00:00","2","DRIVER",,"713919",,"NISSAN","VERSA","IL","2012","NONE","PASSENGER","PERSONAL","S","STRAIGHT AHEAD",,,"2",,,,,,,,,"true","true",,,,,,,,"REAR",,,,,,,,,,,,,,,,,,,,,,,,,,,,,,,,,
"751011","JC456192","2019-10-01T14:00:00","1","DRIVER",,"713424",,"UNKNOWN","UNKNOWN","IL",,"UNKNOWN","UNKNOWN/NA","UNKNOWN/NA","UNKNOWN","UNKNOWN/NA",,,"1",,,,,,,,,,,,,,,,,"true","UNKNOWN",,,,,,,,,,,,,,,,,,,,,,,,,,,,,,,,,
"751012","JC456192","2019-10-01T14:00:00","2","PARKED",,"713432",,"JEEP","UNKNOWN","IL","2019","NONE","PASSENGER","PERSONAL","UNKNOWN","PARKED",,,"0",,,,,"true","true",,,,,,,,"false","false",,,"SIDE-RIGHT",,,,,,,,,,,,,,,,,,,,,,,,,,,,,,,,,
"750814","JC455880","2019-10-01T14:00:00","1","DRIVER","1","713239",,"HONDA","CIVIC",,"2013","UNKNOWN","PASSENGER","PERSONAL","N","CHANGING LANES",,,"2",,,,,,,,,,,,,,,"true",,,"TOTAL (ALL AREAS)",,,,,,,,,,,,,,,,,,,,,,,,,,,,,,,,,
"750815","JC455880","2019-10-01T14:00:00","2","DRIVER",,"713244",,"TOYOTA MOTOR COMPANY, LTD.","CAMRY","IL","2017","NONE","PASSENGER","TAXI/FOR HIRE","N","STRAIGHT AHEAD",,,"1",,,,,"true","true","true","true","true",,,,,,,,,"FRONT",,,,,,,,,,,,,,,,,,,,,,,,,,,,,,,,,
"750811","JC455818","2019-10-01T14:00:00","1","DRIVER",,"713241",,"SUBARU","FORESTER","IL","2004","OTHER","PASSENGER","PERSONAL","W","STRAIGHT AHEAD","true",,"1",,"PRIVATE","UNKNOWN",,,,,,,,,,,,,"true",,"OTHER",,,,,,,,,,,,,,,,,,,,,,,,,,,,,,,,,
"750812","JC455818","2019-10-01T14:00:00","2","DRIVER",,"713258",,"HONDA","CRV","IL","2008","OTHER","PASSENGER","PERSONAL","W","OTHER",,,"1",,,,,,,,,,"true",,,,,,"false",,"REAR-LEFT",,,,,,,,,,,,,,,,,,,,,,,,,,,,,,,,,
"750813","JC455818","2019-10-01T14:00:00","3","DRIVER",,"713268",,"HONDA","UNKNOWN","IL","2007","OTHER","PASSENGER","PERSONAL","W","TURNING RIGHT",,,"1",,,,,,,,,,"true",,,,,,,,"REAR-LEFT",,,,,,,,,,,,,,,,,,,,,,,,,,,,,,,,,
"750733","JC455756","2019-10-01T14:00:00","1","DRIVER",,"713172",,"CADILLAC","SRX","IL","2014","NONE","SPORT UTILITY VEHICLE (SUV)","PERSONAL","N","U-TURN",,,"1",,,,,,,,,,,,,,,"true","true",,"OTHER",,,,,,,,,,,,,,,,,,,,,,,,,,,,,,,,,
"750734","JC455756","2019-10-01T14:00:00","2","DRIVER",,"713168",,"GENERAL MOTORS CORP.","SAVANNAH","IL","2010","NONE","SPORT UTILITY VEHICLE (SUV)","PERSONAL","N","STRAIGHT AHEAD",,,"1",,,,,,,,"true","true",,,,,,,,,"SIDE-RIGHT",,,,,,,,,,,,,,,,,,,,,,,,,,,,,,,,,
"750802","JC455832","2019-10-01T13:55:00","1","DRIVER",,"713226",,"HYUNDAI","Santa Fe","IL","2018","NONE","SPORT UTILITY VEHICLE (SUV)","PERSONAL","E","ENTERING TRAFFIC LANE FROM PARKING",,,"1",,,,,,,,,,,,,,,"true",,,"TOTAL (ALL AREAS)",,,,,,,,,,,,,,,,,,,,,,,,,,,,,,,,,
"750803","JC455832","2019-10-01T13:55:00","2","DRIVER","1","713237",,"NISSAN","NISSAN MAXIMA","IL","2008","NONE","PASSENGER","PERSONAL","S","AVOIDING VEHICLES/OBJECTS",,,"2",,,,,"true",,,,"true",,,,,,,,,"FRONT",,,,,,,,,,,,,,,,,,,,,,,,,,,,,,,,,
"750769","JC455753","2019-10-01T13:54:00","1","DRIVER",,"713211",,"AUDI","Q5","IL","2016","NONE","PASSENGER","PERSONAL","N","TURNING LEFT","true",,"1",,,,,"true","true",,,,,,,,"true","true","true",,,,,,,,,,,,,,,,,,,,,,,,,,,,,,,,,,,
"750770","JC455753","2019-10-01T13:54:00","2","DRIVER",,"713235",,"LINCOLN-CONTINENTAL","MKZ","IL","2012","UNKNOWN","PASSENGER","PERSONAL","S","STRAIGHT AHEAD",,,"1",,,,,"true","true",,,,"true",,,"true","true","true","true",,,,,,,,,,,,,,,,,,,,,,,,,,,,,,,,,,,
"754863","JC463134","2019-10-01T13:50:00","1","DRIVER",,"717050",,"HYUNDAI","ELANTRA","IL","2013","UNKNOWN","PASSENGER","UNKNOWN/NA","W","BACKING",,,"1",,,,,,,,,,"true",,,,,,,,"REAR-LEFT",,,,,,,,,,,,,,,,,,,,,,,,,,,,,,,,,
"754864","JC463134","2019-10-01T13:50:00","2","PARKED",,"717052",,"FORD","ESCAPE (SUV)","IL","2010","NONE","PASSENGER","PERSONAL","E","PARKED",,,"0",,,,,,,,,,,,,,,"true","true",,"OTHER",,,,,,,,,,,,,,,,,,,,,,,,,,,,,,,,,