"crash_unit_id","rd_no","crash_date","unit_no","unit_type","num_passengers","vehicle_id","cmrc_veh_i","make","model","lic_plate_state","vehicle_year","vehicle_defect","vehicle_type","vehicle_use","travel_direction","maneuver","towed_i","fire_i","occupant_cnt","exceed_speed_limit_i","towed_by","towed_to","area_00_i","area_01_i","area_02_i","area_03_i","area_04_i","area_05_i","area_06_i","area_07_i","area_08_i","area_09_i","area_10_i","area_11_i","area_12_i","area_99_i","first_contact_point","cmv_id","usdot_no","ccmc_no","ilcc_no","commercial_src","gvwr","carrier_name","carrier_state","carrier_city","hazmat_placards_i","hazmat_name","un_no","hazmat_present_i","hazmat_report_i","hazmat_report_no","mcs_report_i","mcs_report_no","hazmat_vio_cause_crash_i","mcs_vio_cause_crash_i","idot_permit_no","wide_load_i","trailer1_width","trailer2_width","trailer1_length","trailer2_length","total_vehicle_length","axle_cnt","vehicle_config","cargo_body_type","load_type","hazmat_out_of_service_i","mcs_out_of_service_i","hazmat_class"
"750721","JC455729","2019-10-01T13:45:00","1","DRIVER",,"713163",,"UNKNOWN","UNKNOWN","IL",,"NONE","PASSENGER","TAXI/FOR HIRE","W","STRAIGHT AHEAD",,,"1",,,,,,,,,,,,,,,"true",,,"TOTAL (ALL AREAS)",,,,,,,,,,,,,,,,,,,,,,,,,,,,,,,,,
"750722","JC455729","2019-10-01T13:45:00","2","DRIVER",,"713156",,"FORD","FUSION","IL","2013","NONE","PASSENGER","TAXI/FOR HIRE","W","STRAIGHT AHEAD",,,"1",,,,,,,"true","true",,,,,,,,,,"SIDE-RIGHT",,,,,,,,,,,,,,,,,,,,,,,,,,,,,,,,,
"750738","JC455709","2019-10-01T13:45:00","1","DRIVER",,"713188",,"TOYOTA MOTOR COMPANY, LTD.","Prius","IL","2014","NONE","PASSENGER","PERSONAL","UNKNOWN","BACKING",,,"1",,,,,,,,,,,"true","true","true",,,,,"SIDE-LEFT",,,,,,,,,,,,,,,,,,,,,,,,,,,,,,,,,
"750739","JC455709","2019-10-01T13:45:00","2","DRIVER",,"713193",,"TOYOTA MOTOR COMPANY, LTD.","RAV4 (sport utility)","IL","2006","NONE","PASSENGER","PERSONAL","UNKNOWN","OTHER",,,"1",,,,,"true","true","true","true",,,,,,,,,,"FRONT",,,,,,,,,,,,,,,,,,,,,,,,,,,,,,,,,
"751408","JC456939","2019-10-01T13:37:00","1","DRIVER","2","713790",,"HYUNDAI","UNKNOWN","IL","2005","UNKNOWN","SPORT UTILITY VEHICLE (SUV)","UNKNOWN/NA","SE","SLOW/STOP IN TRAFFIC",,,"3",,,,,"true",,,,,,,,,,"true","true",,"OTHER",,,,,,,,,,,,,,,,,,,,,,,,,,,,,,,,,
"751409","JC456939","2019-10-01T13:37:00","2","DRIVER",,"713801",,"CHEVROLET","CRUZE","IL","2018","NONE","PASSENGER","PERSONAL","SE","SLOW/STOP IN TRAFFIC",,,"1",,,,,,,,,"true","true","true",,,,,,,"REAR-LEFT",,,,,,,,,,,,,,,,,,,,,,,,,,,,,,,,,
"751149","JC456442","2019-10-01T13:30:00","1","DRIVER",,"713550",,"HYUNDAI","UNKNOWN","IL","2002","UNKNOWN","UNKNOWN/NA","UNKNOWN/NA","N","UNKNOWN/NA",,,"1",,,,,"true","true",,"true","true",,"true","true","true","true","true","true",,"OTHER",,,,,,,,,,,,,,,,,,,,,,,,,,,,,,,,,
"751150","JC456442","2019-10-01T13:30:00","2","PARKED",,"713551",,"JEEP","CHEROKEE","IL","2015","NONE","PASSENGER","PERSONAL","S","PARKED",,,"0",,,,,"true","true","false","false","false",,,,,,"true","true",,"OTHER",,,,,,,,,,,,,,,,,,,,,,,,,,,,,,,,,
"751151","JC456442","2019-10-01T13:30:00","3","PARKED",,"713553",,"TOYOTA MOTOR COMPANY, LTD.","CAMRY","IL","2009","UNKNOWN","UNKNOWN/NA","UNKNOWN/NA","S","UNKNOWN/NA",,,"0",,,,,,,,"true","true","true",,,,,,,,"REAR-LEFT",,,,,,,,,,,,,,,,,,,,,,,,,,,,,,,,,
"750756","JC455797","2019-10-01T13:30:00","1","DRIVER",,"713194",,"INTERNATIONAL TRAILER CORP.","INTERNATIONAL TRAILER CORP.","IL","2006","NONE","TRUCK - SINGLE UNIT","CONSTRUCTION/MAINTENANCE","W","BACKING",,,"1",,,,"true",,,,,,,,,,,,,,"NONE",,,,,,,,,,,,,,,,,,,,,,,,,,,,,,,,,
"750757","JC455797","2019-10-01T13:30:00","2","PARKED",,"713199",,"TOYOTA MOTOR COMPANY, LTD.","CAMRY","IL","2018","NONE","PASSENGER","PERSONAL","N","PARKED",,,"0",,,,,"true","true","true",,,,,,,,,,,"SIDE-RIGHT",,,,,,,,,,,,,,,,,,,,,,,,,,,,,,,,,
"750775","JC455784","2019-10-01T13:30:00","1","DRIVER",,"713637",,"UNKNOWN","UNKNOWN","IL",,"UNKNOWN","TRUCK - SINGLE UNIT","UNKNOWN/NA","E","STRAIGHT AHEAD",,,"1",,,,"true",,,,,,,,,,,,,,"OTHER",,,,,,,,,,,,,,,,,,,,,,,,,,,,,,,,,
"750776","JC455784","2019-10-01T13:30:00","2","PEDESTRIAN",,,,,,,,,,,,,,,,,,,,,,,,,,,,,,,,,,,,,,,,,,,,,,,,,,,,,,,,,,,,,,,,,,
"750781","JC455736","2019-10-01T13:30:00","1","DRIVER",,"713219",,"DODGE","CARAVAN","WI","2018","NONE","VAN/MINI-VAN","COMMERCIAL - SINGLE UNIT","E","STRAIGHT AHEAD",,,"1",,,,,,,,,,,,,,,,"true",,"OTHER",,,,,,,,,,,,,,,,,,,,,,,,,,,,,,,,,
"750782","JC455736","2019-10-01T13:30:00","2","DRIVER",,"713242",,"CHEVROLET","Express (full-size van)",,"2015","NONE","VAN/MINI-VAN","PERSONAL","E","SLOW/STOP IN TRAFFIC",,,"1",,,,,,,,,,"true",,,,,,,,"REAR-LEFT",,,,,,,,,,,,,,,,,,,,,,,,,,,,,,,,,
"750773","JC455724","2019-10-01T13:30:00","1","DRIVER",,"713203",,"HONDA","CIVIC","IL","2008","NONE","PASSENGER","PERSONAL","W","STRAIGHT AHEAD",,,"1",,,,,,,,,,,,"true","true","true","true","true",,"TOTAL (ALL AREAS)",,,,,,,,,,,,,,,,,,,,,,,,,,,,,,,,,
"750740","JC455711","2019-10-01T13:30:00","1","DRIVER",,"713178",,"HONDA","ACCORD","IL","2014","NONE","PASSENGER","PERSONAL","S","STRAIGHT AHEAD",,,"1",,,,,,,,,,,,,,"true","true",,,"OTHER",,,,,,,,,,,,,,,,,,,,,,,,,,,,,,,,,
"750741","JC455711","2019-10-01T13:30:00","2","DRIVER",,"713190",,"TOYOTA MOTOR COMPANY, LTD.","CAMRY","IL","2014","NONE","PASSENGER","PERSONAL","W","STRAIGHT AHEAD",,,"1",,,,"true","true",,,,,,,,,,"true","true",,"OTHER",,,,,,,,,,,,,,,,,,,,,,,,,,,,,,,,,
"750828","JC455915","2019-10-01T13:26:00","1","DRIVER","1","713265",,"HONDA","Odyssey (minivan)","IL","2007","NONE","VAN/MINI-VAN","PERSONAL","E","STRAIGHT AHEAD",,,"2",,,,,"false",,,,,,,,,,"false","true",,"OTHER",,,,,,,,,,,,,,,,,,,,,,,,,,,,,,,,,
"750829","JC455915","2019-10-01T13:26:00","2","DRIVER",,"713273",,"TOYOTA MOTOR COMPANY, LTD.","RAV4 (sport utility)","IL","2013","NONE","SPORT UTILITY VEHICLE (SUV)","PERSONAL","E","STRAIGHT AHEAD",,,"1",,,,,,,,,,"true",,,,,,,,"REAR-LEFT",,,,,,,,,,,,,,,,,,,,,,,,,,,,,,,,,
"750840","JC455925","2019-10-01T13:25:00","1","DRIVER",,"713264",,"ACURA (DIV. OF AMERICAN HONDA MOTOR CO.)","MDX","IL","2010","UNKNOWN","PASSENGER","PERSONAL","N","STARTING IN TRAFFIC",,,"1",,,,,,,,,,,,,,,,"true",,"OTHER",,,,,,,,,,,,,,,,,,,,,,,,,,,,,,,,,
"750841","JC455925","2019-10-01T13:25:00","2","DRIVER",,"713269",,"TOYOTA MOTOR COMPANY, LTD.","Avalon","IL","2010","NONE","PASSENGER","PERSONAL","E","STRAIGHT AHEAD",,,"1",,,,,,,"true",,,,,,,,,,,"SIDE-RIGHT",,,,,,,,,,,,,,,,,,,,,,,,,,,,,,,,,
"750723","JC455721","2019-10-01T13:15:00","1","DRIVER",,"713158",,"HYUNDAI","UNKNOWN","IL","2014","NONE","PASSENGER","PERSONAL","W","STRAIGHT AHEAD",,,"1",,,,,"true","true",,,,,,"true",,,,,,"FRONT",,,,,,,,,,,,,,,,,,,,,,,,,,,,,,,,,
"750724","JC455721","2019-10-01T13:15:00","2","DRIVER",,"713167",,"NISSAN","NISSAN ALTIMA","IL","2015","NONE","PASSENGER","PERSONAL","S","STRAIGHT AHEAD",,,"1",,,,,,,,,,,,"true","true",,,,,"FRONT-LEFT",,,,,,,,,,,,,,,,,,,,,,,,,,,,,,,,,
"750713","JC455710","2019-10-01T13:15:00","1","DRIVER",,"713185",,"UNKNOWN","UNKNOWN","IL",,"UNKNOWN","PASSENGER","UNKNOWN/NA","W","STRAIGHT AHEAD",,,"1",,,,,,,,,,,,,,,,,"true","UNKNOWN",,,,,,,,,,,,,,,,,,,,,,,,,,,,,,,,,
"750731","JC455710","2019-10-01T13:15:00","2","PARKED",,"713175",,"FORD","ESCAPE (SUV)","IL","2018","UNKNOWN","PASSENGER","PERSONAL","W","PARKED",,,"0",,,,,,,,"true","true",,,,,,,,,"REAR",,,,,,,,,,,,,,,,,,,,,,,,,,,,,,,,,
"750717","JC455713","2019-10-01T13:10:00","1","DRIVER",,"713152",,"HYUNDAI","TUCSON","IL","2013","UNKNOWN","PASSENGER","PERSONAL","E","STRAIGHT AHEAD",,,"1",,,,,"true",,,,,,,,,,"true","true",,"OTHER",,,,,,,,,,,,,,,,,,,,,,,,,,,,,,,,,
"750718","JC455713","2019-10-01T13:10:00","2","DRIVER",,"713155",,"TOYOTA MOTOR COMPANY, LTD.","Highlander(beginning vehicle year 2001)","IL","2019","UNKNOWN","PASSENGER","PERSONAL","E","STRAIGHT AHEAD",,,"1",,,,,,,,"true","true","true","true","true",,,,,,"REAR-LEFT",,,,,,,,,,,,,,,,,,,,,,,,,,,,,,,,,
"750700","JC455674","2019-10-01T13:10:00","1","DRIVER",,"713135",,"LINCOLN-CONTINENTAL","UNKNOWN","IL","1997","NONE","PASSENGER","PERSONAL","E","TURNING LEFT",,,"1",,,,,,,,,,,,,,,,,"true","TOTAL (ALL AREAS)",,,,,,,,,,,,,,,,,,,,,,,,,,,,,,,,,
"750701","JC455674","2019-10-01T13:10:00","2","DRIVER",,"713142",,"CHEVROLET","UNKNOWN","IL","2009","NONE","PASSENGER","PERSONAL","E","STRAIGHT AHEAD",,,"3",,,,,,,,,"true","true",,,,,,,,"REAR-LEFT",,,,,,,,,,,,,,,,,,,,,,,,,,,,,,,,,
"752915","JC459591","2019-10-01T13:00:00","1","DRIVER",,"715266",,"LAND ROVER","LAND ROVER","IL","2007","UNKNOWN","SPORT UTILITY VEHICLE (SUV)","UNKNOWN/NA","E","TURNING RIGHT",,,"1",,,,,,,,,,,,,,,"true",,,"UNDER CARRIAGE",,,,,,,,,,,,,,,,,,,,,,,,,,,,,,,,,
"752916","JC459591","2019-10-01T13:00:00","2","PARKED",,"715277",,"CHEVROLET","TAHOE","IL","2011","UNKNOWN","SPORT UTILITY VEHICLE (SUV)","POLICE","E","PARKED IN TRAFFIC LANE",,,"0",,,,,,,,,,,"true",,,,,,,"FRONT-LEFT",,,,,,,,,,,,,,,,,,,,,,,,,,,,,,,,,
"751029","JC456198","2019-10-01T13:00:00","1","DRIVER",,"713445",,"UNKNOWN","UNKNOWN",,,"UNKNOWN","VAN/MINI-VAN","UNKNOWN/NA","S","TURNING LEFT",,,"1",,,,,,,,,,,,,,,,,"true","OTHER",,,,,,,,,,,,,,,,,,,,,,,,,,,,,,,,,
"751547","JC455699","2019-10-01T13:00:00","1","DRIVER",,"713931",,"INFINITI","QX4","IL","2001","NONE","SPORT UTILITY VEHICLE (SUV)","PERSONAL","W","STRAIGHT AHEAD",,,"1",,,,,,,,,,,,,,,,"true",,"OTHER",,,,,,,,,,,,,,,,,,,,,,,,,,,,,,,,,
"751548","JC455699","2019-10-01T13:00:00","2","DRIVER",,"713935",,"KIA MOTORS CORP","FORTE","IL","2019","NONE","PASSENGER","PERSONAL","N","STRAIGHT AHEAD","true",,"1",,"er",,,,,,"true","true",,,,,,,,,"REAR-RIGHT",,,,,,,,,,,,,,,,,,,,,,,,,,,,,,,,,
"750694","JC455628","2019-10-01T12:47:00","1","DRIVER",,"713137",,"TOYOTA MOTOR COMPANY, LTD.","CAMRY","IL","2002","NONE","PASSENGER","PERSONAL","S","STRAIGHT AHEAD",,,"1",,,,,"true",,,,,,,,,,"true","true",,"OTHER",,,,,,,,,,,,,,,,,,,,,,,,,,,,,,,,,
"750695","JC455628","2019-10-01T12:47:00","2","DRIVER",,"713150",,"HYUNDAI","SONATA","IL","2016","NONE","PASSENGER","PERSONAL","S","STRAIGHT AHEAD",,,"1",,,,,,,,,"true","true","true",,,,,,,"REAR-LEFT",,,,,,,,,,,,,,,,,,,,,,,,,,,,,,,,,
"750963","JC456050","2019-10-01T12:45:00","1","DRIVER",,"713379",,"UNKNOWN","UNKNOWN",,,"UNKNOWN","UNKNOWN/NA","UNKNOWN/NA","W","OTHER",,,"1",,,,,,,,,,"true",,,,,,,,,,,,,,,,,,,,,,,,,,,,,,,,,,,,,,,,,
"750719","JC455732","2019-10-01T12:42:00","1","DRIVER",,"713157",,"DODGE","JOURNEY","IL","2009","NONE","PASSENGER","PERSONAL","N","STRAIGHT AHEAD",,,"1",,,,,"true",,,,,,,,,,,,,"FRONT",,,,,,,,,,,,,,,,,,,,,,,,,,,,,,,,,
"750720","JC455732","2019-10-01T12:42:00","2","PARKED",,"713164",,"FORD","F150","IL","2006","NONE","PASSENGER","PERSONAL","S","PARKED",,,"0",,,,,"true","true","true",,,,,,,,,,,"SIDE-RIGHT",,,,,,,,,,,,,,,,,,,,,,,,,,,,,,,,,
"750681","JC455624","2019-10-01T12:27:00","1","DRIVER",,"713124",,"TOYOTA MOTOR COMPANY, LTD.","Sequoia","IL","2005","NONE","PASSENGER","PERSONAL","S","STRAIGHT AHEAD",,,"1",,,,,,,,,,,,,,,,"false",,"OTHER",,,,,,,,,,,,,,,,,,,,,,,,,,,,,,,,,
"750682","JC455624","2019-10-01T12:27:00","2","DRIVER",,"713132",,"FORD","TAURUS","IL","1994","NONE","PASSENGER","PERSONAL","S","STRAIGHT AHEAD",,,"1",,,,,,,,,"true","true","true",,,,,,,"REAR-LEFT",,,,,,,,,,,,,,,,,,,,,,,,,,,,,,,,,
"750674","JC455630","2019-10-01T12:22:00","1","DRIVER",,"713121",,"HONDA","UNKNOWN","IL","2009","UNKNOWN","PASSENGER","UNKNOWN/NA","N","TURNING LEFT",,,"1",,,,,,,,,,,,,,,,,,"UNKNOWN",,,,,,,,,,,,,,,,,,,,,,,,,,,,,,,,,
"750764","JC455630","2019-10-01T12:22:00","2","PEDESTRIAN",,,,,,,,,,,,,,,,,,,,,,,,,,,,,,,,,,,,,,,,,,,,,,,,,,,,,,,,,,,,,,,,,,
"750704","JC455680","2019-10-01T12:20:00","1","DRIVER",,"713138",,"UNKNOWN","UNKNOWN","IL",,"UNKNOWN","UNKNOWN/NA","UNKNOWN/NA","UNKNOWN","UNKNOWN/NA",,,"1",,,,,,,,,,,,"true",,,,,,"UNKNOWN",,,,,,,,,,,,,,,,,,,,,,,,,,,,,,,,,
"750705","JC455680","2019-10-01T12:20:00","2","PARKED",,"713141",,"TOYOTA MOTOR COMPANY, LTD.","CAMRY",,"2015","NONE","PASSENGER","NOT IN USE","S","PARKED",,,"0",,,,,,,,,,,"true","true","true","true",,,,"ROOF",,,,,,,,,,,,,,,,,,,,,,,,,,,,,,,,,
"750667","JC455617","2019-10-01T12:20:00","1","DRIVER",,"713103",,"DODGE","CARAVAN","IL","2005","NONE","VAN/MINI-VAN","PERSONAL","W","STRAIGHT AHEAD",,,"1",,,,,,,,,,,,,,,,"true",,"OTHER",,,,,,,,,,,,,,,,,,,,,,,,,,,,,,,,,
"750668","JC455617","2019-10-01T12:20:00","2","DRIVER",,"713106",,"CHEVROLET","MALIBU (CHEVELLE)","IL","2011","NONE","PASSENGER","PERSONAL","W","SLOW/STOP IN TRAFFIC",,,"1",,,,,,,,,"true",,,,,,,,,"REAR",,,,,,,,,,,,,,,,,,,,,,,,,,,,,,,,,
"750675","JC455602","2019-10-01T12:12:00","1","DRIVER",,"713128",,"FORD","FIESTA","MD","2017","NONE","PASSENGER","PERSONAL","E","TURNING RIGHT",,,"1",,,,,"true","true","true",,,,,,,,,,,"FRONT",,,,,,,,,,,,,,,,,,,,,,,,,,,,,,,,,
"750676","JC455602","2019-10-01T12:12:00","2","DRIVER","1","713139",,"ACURA","ACURA","GA","2002","NONE","PASSENGER","PERSONAL","E","TURNING RIGHT",,,"2",,,,,,,,,,,"true","true","true",,,,,"FRONT-LEFT",,,,,,,,,,,,,,,,,,,,,,,,,,,,,,,,,
"750663","JC455610","2019-10-01T12:10:00","1","DRIVER",,"713101",,"FORD","FUSION","IL","2016","UNKNOWN","PASSENGER","PERSONAL","W","STRAIGHT AHEAD",,,"1",,,,,,,,,,,,,,,,"true",,"OTHER",,,,,,,,,,,,,,,,,,,,,,,,,,,,,,,,,
"750664","JC455610","2019-10-01T12:10:00","2","DRIVER",,"713105",,"CADILLAC","ELDORADO","IL","2000","UNKNOWN","PASSENGER","PERSONAL","W","SLOW/STOP IN TRAFFIC",,,"1",,,,,,,,,"true","true",,,,,,,,"REAR",,,,,,,,,,,,,,,,,,,,,,,,,,,,,,,,,
"751077","JC456298","2019-10-01T12:00:00","1","DRIVER",,"713496",,"UNKNOWN","UNKNOWN",,,"UNKNOWN","UNKNOWN/NA","UNKNOWN/NA","W","STRAIGHT AHEAD",,,"1",,,,,,,,,,,,,,,,,"true","UNKNOWN",,,,,,,,,,,,,,,,,,,,,,,,,,,,,,,,,
"751078","JC456298","2019-10-01T12:00:00","2","PARKED",,"713505",,"CHEVROLET","MALIBU (CHEVELLE)","IL","2019","NONE","PASSENGER","PERSONAL","W","PARKED",,,"0",,,,,,,,,,,,,,,"true",,,"FRONT",,,,,,,,,,,,,,,,,,,,,,,,,,,,,,,,,
"750726","JC455672","2019-10-01T12:00:00","1","DRIVER",,"713166",,"UNKNOWN","UNKNOWN",,,"UNKNOWN","UNKNOWN/NA","UNKNOWN/NA","NW","UNKNOWN/NA",,,"1",,,,,,,,,,,,,,,,,"true","UNKNOWN",,,,,,,,,,,,,,,,,,,,,,,,,,,,,,,,,
"750727","JC455672","2019-10-01T12:00:00","2","PARKED",,"713170",,"NISSAN","ROGUE","IL",,"NONE","SPORT UTILITY VEHICLE (SUV)","NOT IN USE","NW","PARKED",,,"0",,,,,,,,,,,"true",,,,,,,"FRONT-LEFT",,,,,,,,,,,,,,,,,,,,,,,,,,,,,,,,,
"750687","JC455659","2019-10-01T12:00:00","1","DRIVER",,"713122",,"FORD","EXPEDITION","IL","1999","NONE","SPORT UTILITY VEHICLE (SUV)","PERSONAL","S","STRAIGHT AHEAD",,,"1",,,,,"true",,,,,,,,,,,"true",,"FRONT",,,,,,,,,,,,,,,,,,,,,,,,,,,,,,,,,
"750690","JC455652","2019-10-01T12:00:00","1","DRIVER",,"713130","false","INTERNATIONAL TRAILER CORP.","INTERNATIONAL TRAILER CORP.","IL","2020","UNKNOWN","TRUCK - SINGLE UNIT","UNKNOWN/NA","W","STRAIGHT AHEAD",,,"1",,,,,,,,,,,,,,,,,"true","UNKNOWN",,,,,,,,,,,,,,,,,,,,,,,,,,,,,,,,,
"750691","JC455652","2019-10-01T12:00:00","2","PARKED",,"713134",,"ACURA (DIV. OF AMERICAN HONDA MOTOR CO.)","MDX","IL","2011","NONE","PASSENGER","PERSONAL","W","PARKED",,,"0",,,,,,,,,,,"true","true","true","true","true",,,"ROOF",,,,,,,,,,,,,,,,,,,,,,,,,,,,,,,,,
"750669","JC455615","2019-10-01T12:00:00","1","DRIVER",,"713104",,"ACURA","ACURA","IL","2014","NONE","PASSENGER","PERSONAL","E","BACKING",,,"1",,,,,,,,,"true",,,,,,,,,"REAR",,,,,,,,,,,,,,,,,,,,,,,,,,,,,,,,,
"750670","JC455615","2019-10-01T12:00:00","2","DRIVER","1","713109",,"TOYOTA MOTOR COMPANY, LTD.","Prius","IL","2011","NONE","PASSENGER","DRIVER EDUCATION","S","STRAIGHT AHEAD",,,"2",,,,,,,"true",,,,,,,,,,,"SIDE-RIGHT",,,,,,,,,,,,,,,,,,,,,,,,,,,,,,,,,
"750651","JC455592","2019-10-01T12:00:00","1","DRIVER",,"713099",,"JEEP","Grand Cherokee (for vehicle years 1989 to present)","IL","2018","NONE","SPORT UTILITY VEHICLE (SUV)","PERSONAL","S","BACKING",,,"1",,,,,,,,,,,"true",,,,,,,"SIDE-LEFT",,,,,,,,,,,,,,,,,,,,,,,,,,,,,,,,,
"750652","JC455592","2019-10-01T12:00:00","2","DRIVER",,"713090",,"HONDA","CRV","IL","2016","NONE","SPORT UTILITY VEHICLE (SUV)","PERSONAL","N","TURNING RIGHT",,,"1",,,,,,,"true","true",,,,,,,,,,"REAR-RIGHT",,,,,,,,,,,,,,,,,,,,,,,,,,,,,,,,,
"750716","JC455576","2019-10-01T12:00:00","1","DRIVER",,"713151",,"KIA MOTORS CORP","KIA MOTORS CORP","IL",,"UNKNOWN","SPORT UTILITY VEHICLE (SUV)","UNKNOWN/NA","W","PASSING/OVERTAKING",,,"1",,,,,,,,,"false",,,,,,,,"true","UNKNOWN",,,,,,,,,,,,,,,,,,,,,,,,,,,,,,,,,
"750725","JC455576","2019-10-01T12:00:00","2","BICYCLE",,,,,,,,,,,,,,,,,,,,,,,,,,,,,,,,,,,,,,,,,,,,,,,,,,,,,,,,,,,,,,,,,,
"750736","JC455539","2019-10-01T11:50:00","1","NON-MOTOR VEHICLE",,,,,,,,,,,,,,,,,,,,,,,,,,,,,,,,,,,,,,,,,,,,,,,,,,,,,,,,,,,,,,,,,,
"750737","JC455539","2019-10-01T11:50:00","2","DRIVER","1","713180",,"HYUNDAI","SONATA","IL","2018","NONE","PASSENGER","PERSONAL","N","STRAIGHT AHEAD",,,"2",,,,,"true",,,,,,,,,,"true","true",,"TOTAL (ALL AREAS)",,,,,,,,,,,,,,,,,,,,,,,,,,,,,,,,,
"750661","JC455568","2019-10-01T11:49:00","1","DRIVER",,"713114",,"KIA MOTORS CORP","FORTE","IL","2016","NONE","PASSENGER","PERSONAL","NW","STRAIGHT AHEAD","true",,"1",,"PRIVATE",,,,,,,,,,,,,"true",,,"TOTAL (ALL AREAS)",,,,,,,,,,,,,,,,,,,,,,,,,,,,,,,,,
"750662","JC455568","2019-10-01T11:49:00","2","DRIVER",,"713119",,"JEEP","CHEROKEE","MO","2019","NONE","PASSENGER","PERSONAL","E","TURNING LEFT","true",,"1",,"private",,,"true",,,,,,,,,,,,,"FRONT",,,,,,,,,,,,,,,,,,,,,,,,,,,,,,,,,
"751349","JC455614","2019-10-01T11:48:00","1","DRIVER",,"713729",,"PONTIAC","TORRENT","IL",,"UNKNOWN","UNKNOWN/NA","UNKNOWN/NA","W","UNKNOWN/NA",,,"1",,,,,,,,,,,,,,,,"true",,"OTHER",,,,,,,,,,,,,,,,,,,,,,,,,,,,,,,,,
"751350","JC455614","2019-10-01T11:48:00","2","DRIVER",,"713740",,"JEEP","Grand Cherokee (for vehicle years 1989 to present)","IL","2015","UNKNOWN","PASSENGER","PERSONAL","W","STRAIGHT AHEAD",,,"1",,,,,,,,,,"true",,,,,,,,"REAR-LEFT",,,,,,,,,,,,,,,,,,,,,,,,,,,,,,,,,
"750654","JC455566","2019-10-01T11:40:00","1","DRIVER",,"713100","true","BLUEBIRD INTERNATIONAL","BLUEBIRD INTERNATIONAL","IL","2010","NONE","BUS OVER 15 PASS.","SCHOOL BUS","S","CHANGING LANES",,,"1",,,,,,,,,,,,,,,"true",,,"TOTAL (ALL AREAS)","8294",,,,,"3","FIRST STUDENT","IL","CHICAGO",,,,,,,,,,,,,,,,,,,"BUS","BUS","OTHER",,,
"750655","JC455566","2019-10-01T11:40:00","2","DRIVER",,"713115",,"TOYOTA MOTOR COMPANY, LTD.","Sienna (van)","IL","2013","NONE","PASSENGER","PERSONAL","S","STRAIGHT AHEAD",,,"1",,,,,"true","true",,,,,,,,,,,,"FRONT",,,,,,,,,,,,,,,,,,,,,,,,,,,,,,,,,
"750714","JC455722","2019-10-01T11:30:00","1","DRIVER",,"713154",,"CHEVROLET","UNKNOWN","WI",,"NONE","SPORT UTILITY VEHICLE (SUV)","PERSONAL","UNKNOWN","STRAIGHT AHEAD",,,"1",,,,,,,,,,,,,,,,"true",,"OTHER",,,,,,,,,,,,,,,,,,,,,,,,,,,,,,,,,
"750715","JC455722","2019-10-01T11:30:00","2","DRIVER","1","713153",,"PONTIAC","Vibe (sport wagon)","IL","2006","NONE","SPORT UTILITY VEHICLE (SUV)","PERSONAL","UNKNOWN","STRAIGHT AHEAD",,,"2",,,,,,,,,,,,,"true",,,,,"ROOF",,,,,,,,,,,,,,,,,,,,,,,,,,,,,,,,,
"750625","JC455537","2019-10-01T11:20:00","1","DRIVER",,"713068",,"UNKNOWN","UNKNOWN","IL",,"UNKNOWN","UNKNOWN/NA","UNKNOWN/NA","N","UNKNOWN/NA",,,"1",,,,,,,,,,,,,,,,,"true","UNKNOWN",,,,,,,,,,,,,,,,,,,,,,,,,,,,,,,,,
"750626","JC455537","2019-10-01T11:20:00","2","PARKED",,"713074",,"BMW","M-6","IL","2014","UNKNOWN","PASSENGER","PERSONAL","UNKNOWN","PARKED",,,"0",,,,,,,,,,,"true",,,,,,,"OTHER",,,,,,,,,,,,,,,,,,,,,,,,,,,,,,,,,
"750696","JC455653","2019-10-01T11:15:00","1","DRIVER",,"713133",,"DODGE","UNKNOWN","IL",,"UNKNOWN","UNKNOWN/NA","UNKNOWN/NA","E","PASSING/OVERTAKING",,,"1",,,,,,,,,,,,,,,,,"true","OTHER",,,,,,,,,,,,,,,,,,,,,,,,,,,,,,,,,
"750697","JC455653","2019-10-01T11:15:00","2","DRIVER",,"713143",,"TOYOTA MOTOR COMPANY, LTD.","CAMRY","IL","2014","NONE","PASSENGER","PERSONAL","E","STRAIGHT AHEAD",,,"1",,,,,,,,,,,"true",,,,,,,"SIDE-LEFT",,,,,,,,,,,,,,,,,,,,,,,,,,,,,,,,,
"750629","JC455518","2019-10-01T11:15:00","1","DRIVER",,"713080",,"FORD","UNKNOWN","IL","2019","NONE","OTHER","OTHER","E","STRAIGHT AHEAD",,,"1",,,,,,"true",,,,,,,,,,,,"FRONT-RIGHT",,,,,,,,,,,,,,,,,,,,,,,,,,,,,,,,,
"750630","JC455518","2019-10-01T11:15:00","2","PARKED",,"713083",,"TOYOTA MOTOR COMPANY, LTD.","Sienna (van)","IL","2019","NONE","VAN/MINI-VAN","TAXI/FOR HIRE","E","PARKED",,,"0",,,,,,,,,,,,,,"true",,,,"UNDER CARRIAGE",,,,,,,,,,,,,,,,,,,,,,,,,,,,,,,,,
"750637","JC455507","2019-10-01T11:15:00","1","DRIVER",,"713075",,"UNKNOWN","UNKNOWN",,,"UNKNOWN","PASSENGER","UNKNOWN/NA","S","STRAIGHT AHEAD",,,"1",,,,"true",,,,,,,,,,,,,,"FRONT",,,,,,,,,,,,,,,,,,,,,,,,,,,,,,,,,
"750638","JC455507","2019-10-01T11:15:00","2","BICYCLE",,,,,,,,,,,,,,,,,,,,,,,,,,,,,,,,,,,,,,,,,,,,,,,,,,,,,,,,,,,,,,,,,,