"crash_unit_id","rd_no","crash_date","unit_no","unit_type","num_passengers","vehicle_id","cmrc_veh_i","make","model","lic_plate_state","vehicle_year","vehicle_defect","vehicle_type","vehicle_use","travel_direction","maneuver","towed_i","fire_i","occupant_cnt","exceed_speed_limit_i","towed_by","towed_to","area_00_i","area_01_i","area_02_i","area_03_i","area_04_i","area_05_i","area_06_i","area_07_i","area_08_i","area_09_i","area_10_i","area_11_i","area_12_i","area_99_i","first_contact_point","cmv_id","usdot_no","ccmc_no","ilcc_no","commercial_src","gvwr","carrier_name","carrier_state","carrier_city","hazmat_placards_i","hazmat_name","un_no","hazmat_present_i","hazmat_report_i","hazmat_report_no","mcs_report_i","mcs_report_no","hazmat_vio_cause_crash_i","mcs_vio_cause_crash_i","idot_permit_no","wide_load_i","trailer1_width","trailer2_width","trailer1_length","trailer2_length","total_vehicle_length","axle_cnt","vehicle_config","cargo_body_type","load_type","hazmat_out_of_service_i","mcs_out_of_service_i","hazmat_class"
"750645","JC455494","2019-10-01T11:11:00","1","DRIVER",,"713086",,"TOYOTA MOTOR COMPANY, LTD.","CAMRY","IL","2019","UNKNOWN","PASSENGER","PERSONAL","E","OTHER",,,"1",,,,,,,,"true",,,,,,,,,,"REAR-RIGHT",,,,,,,,,,,,,,,,,,,,,,,,,,,,,,,,,
"750646","JC455494","2019-10-01T11:11:00","2","BICYCLE",,,,,,,,,,,,,,,,,,,,,,,,,,,,,,,,,,,,,,,,,,,,,,,,,,,,,,,,,,,,,,,,,,
"750649","JC455501","2019-10-01T11:05:00","1","PARKED","1","713084",,"INTERNATIONAL HARVESTER","INTERNATIONAL HARVESTER","IN","2005","NONE","TRUCK - SINGLE UNIT","COMMERCIAL - SINGLE UNIT","S","PARKED",,,"1",,,,"true",,,,,,,,,,,,,,"UNDER CARRIAGE",,,,,,,,,,,,,,,,,,,,,,,,,,,,,,,,,
"750650","JC455501","2019-10-01T11:05:00","2","DRIVER",,"713092",,"FORD","UNKNOWN","IL","2008","NONE","VAN/MINI-VAN","COMMERCIAL - SINGLE UNIT","S","STRAIGHT AHEAD",,,"1",,,,,,"true",,,,,,,,,,,,"FRONT-RIGHT",,,,,,,,,,,,,,,,,,,,,,,,,,,,,,,,,
"750653","JC455463","2019-10-01T11:01:00","1","DRIVER",,"713091",,"FORD","FIVE HUNDRED","IL","2007","NONE","PASSENGER","PERSONAL","W","STRAIGHT AHEAD","true",,"1",,"city of chicago",,,"true",,,,,,,,,"true","true","true",,"TOTAL (ALL AREAS)",,,,,,,,,,,,,,,,,,,,,,,,,,,,,,,,,
"750641","JC455468","2019-10-01T11:00:00","1","DRIVER",,"713088",,"FORD","EXPLORER","IL","2016","NONE","PASSENGER","POLICE","N","STRAIGHT AHEAD",,,"1",,,,,"true",,,,,,,,,,,,"true","FRONT",,,,,,,,,,,,,,,,,,,,,,,,,,,,,,,,,
"750642","JC455468","2019-10-01T11:00:00","2","DRIVER",,"713093",,"NISSAN","SENTRA (DATSUN AND NISSAN HAVE MERGED)","IL","2018","NONE","PASSENGER","PERSONAL","N","AVOIDING VEHICLES/OBJECTS",,,"1",,,,,,,,,,,"true","true",,,,,"true","SIDE-LEFT",,,,,,,,,,,,,,,,,,,,,,,,,,,,,,,,,
"750608","JC455464","2019-10-01T11:00:00","1","DRIVER",,"713057",,"DODGE","DURANGO","IL","2011","TIRES","PASSENGER","PERSONAL","N","STRAIGHT AHEAD","true",,"1",,"PERONAL",,,,,,,,,"true","true",,,,,,"FRONT-LEFT",,,,,,,,,,,,,,,,,,,,,,,,,,,,,,,,,
"750609","JC455464","2019-10-01T11:00:00","2","PARKED",,"713063",,"DODGE","CARAVAN","IL","2010","NONE","PASSENGER","PERSONAL","S","PARKED",,,"0",,,,,,,,,,,,,,"true","true",,,"TOTAL (ALL AREAS)",,,,,,,,,,,,,,,,,,,,,,,,,,,,,,,,,
"750635","JC455461","2019-10-01T10:50:00","1","DRIVER",,"713078","false","CHEVROLET","SILVERADO","IL","2012","NONE","PICKUP","COMMERCIAL - SINGLE UNIT","S","TURNING LEFT",,,"1",,,,,,,,,,,,,,,,"true",,"OTHER",,,,,,,,,,,,,,,,,,,,,,,,,,,,,,,,,
"750636","JC455461","2019-10-01T10:50:00","2","PEDESTRIAN",,,,,,,,,,,,,,,,,,,,,,,,,,,,,,,,,,,,,,,,,,,,,,,,,,,,,,,,,,,,,,,,,,
"750679","JC455484","2019-10-01T10:49:00","1","DRIVER","1","713118",,"HONDA","ACCORD","IL","2001","NONE","PASSENGER","PERSONAL","E","OTHER","true",,"2",,"OWNER","OWNER",,"false",,,,,,,,,,"true","true",,"TOTAL (ALL AREAS)",,,,,,,,,,,,,,,,,,,,,,,,,,,,,,,,,
"750680","JC455484","2019-10-01T10:49:00","2","DRIVER",,"713129",,"FORD","FORD","IL","2011","NONE","PASSENGER","PERSONAL","E","STRAIGHT AHEAD",,,"1",,,,,,,,"true","true",,,,,,,,,"REAR-RIGHT",,,,,,,,,,,,,,,,,,,,,,,,,,,,,,,,,
"750612","JC455472","2019-10-01T10:45:00","1","DRIVER",,"713060",,"UNKNOWN","UNKNOWN","IL",,"UNKNOWN","UNKNOWN/NA","UNKNOWN/NA","UNKNOWN","UNKNOWN/NA",,,"1",,,,,,,,,,,,,,,,,"true","UNKNOWN",,,,,,,,,,,,,,,,,,,,,,,,,,,,,,,,,
"750613","JC455472","2019-10-01T10:45:00","2","PARKED",,"713061",,"INFINITI","EX35","IL",,"UNKNOWN","SPORT UTILITY VEHICLE (SUV)","NOT IN USE","UNKNOWN","PARKED",,,"0",,,,,,,,,,,"true",,,,,,,"SIDE-LEFT",,,,,,,,,,,,,,,,,,,,,,,,,,,,,,,,,
"756949","JC467271","2019-10-01T10:20:00","1","DRIVER",,"719012",,"HONDA","UNKNOWN","IL","2017","NONE","MOTORCYCLE (OVER 150CC)","PERSONAL","E","SLOW/STOP IN TRAFFIC",,,"1",,,,,"true","true","true","true","true",,"true","true","true","true","true","true",,"OTHER",,,,,,,,,,,,,,,,,,,,,,,,,,,,,,,,,
"756950","JC467271","2019-10-01T10:20:00","2","DRIVER",,"719021",,"MITSUBISHI","GALANT",,"2003","UNKNOWN","PASSENGER","UNKNOWN/NA","NE","TURNING LEFT",,,"1",,,,,,,,,,,"true","true",,,,,,"SIDE-LEFT",,,,,,,,,,,,,,,,,,,,,,,,,,,,,,,,,
"750605","JC455430","2019-10-01T10:20:00","1","DRIVER",,"713053",,"UNKNOWN","UNKNOWN","IL",,"NONE","OTHER","OTHER","N","STRAIGHT AHEAD",,,"1",,,,,,,,,,,,,,,,"true",,"OTHER",,,,,,,,,,,,,,,,,,,,,,,,,,,,,,,,,
"752119","JC458250","2019-10-01T10:10:00","1","DRIVER",,"714470",,"HONDA","CIVIC","IL","2009","NONE","PASSENGER","PERSONAL","E","STRAIGHT AHEAD",,,"1",,,,,,,,,,,,,,,,"true",,"OTHER",,,,,,,,,,,,,,,,,,,,,,,,,,,,,,,,,
"752120","JC458250","2019-10-01T10:10:00","2","DRIVER",,"714477",,"HYUNDAI","ELANTRA","IL","2015","NONE","PASSENGER","PERSONAL","E","STRAIGHT AHEAD",,,"1",,,,,,,,,,"true",,,,,,,,"REAR-LEFT",,,,,,,,,,,,,,,,,,,,,,,,,,,,,,,,,
"750597","JC455423","2019-10-01T10:10:00","1","DRIVER",,"713043",,"UNKNOWN","OPEN BODY","IL","2019","NONE","TRUCK - SINGLE UNIT","UNKNOWN/NA","S","TURNING RIGHT",,,"1",,,,,,,"true",,,,,,,,,,,"SIDE-RIGHT",,,,,,,,,,,,,,,,,,,,,,,,,,,,,,,,,
"750598","JC455423","2019-10-01T10:10:00","2","DRIVER",,"713048",,"NISSAN","NISSAN MAXIMA","IL",,"NONE","PASSENGER","PERSONAL","S","TURNING RIGHT",,,"1",,,,,,,,,,,,,,"true",,,,"ROOF",,,,,,,,,,,,,,,,,,,,,,,,,,,,,,,,,
"750583","JC455413","2019-10-01T10:10:00","1","DRIVER",,"713040",,"DODGE","DODGE-TRUCK,VAN,SUV ETC.","IL","2001","UNKNOWN","VAN/MINI-VAN","PERSONAL","E","CHANGING LANES",,,"1",,,,,"true","true",,,,,,,,,,,,"SIDE-RIGHT",,,,,,,,,,,,,,,,,,,,,,,,,,,,,,,,,
"750584","JC455413","2019-10-01T10:10:00","2","DRIVER",,"713044",,"CHEVROLET","C K 2500","IL","2015","NONE","PICKUP","PERSONAL","E","STRAIGHT AHEAD",,,"1",,,,,,,,,,,"true","true",,,,,,"ROOF",,,,,,,,,,,,,,,,,,,,,,,,,,,,,,,,,
"750604","JC455439","2019-10-01T10:06:00","1","DRIVER",,"713055","true","FRUEHAUF CORP","FRUEHAUF CORP","WI","1987","NONE","TRACTOR W/ SEMI-TRAILER","COMMERCIAL - SINGLE UNIT","S","STRAIGHT AHEAD","true",,"1",,"synergy","unk",,,,,,,,,,,,,,,"OTHER","8293","640194",,,"DRIVER","3","LAMP RECYCLERS INC","WI","GREENBAY","false",,,"N","N",,"N",,"N","N",,,">102",,,,"13",,"TRACTOR/SEMI-TRAILER","VAN/ENCLOSED BOX","OTHER","false","false",
"751197","JC455856","2019-10-01T10:00:00","1","DRIVER",,"713600",,"NISSAN","MAURANO","IL","2016","NONE","SPORT UTILITY VEHICLE (SUV)","PERSONAL","N","STRAIGHT AHEAD",,,"1",,,,,,,,,"false",,,,,,"true",,,"TOTAL (ALL AREAS)",,,,,,,,,,,,,,,,,,,,,,,,,,,,,,,,,
"751198","JC455856","2019-10-01T10:00:00","2","DRIVER",,"713619",,"CHEVROLET","MALIBU (CHEVELLE)","IL","2011","NONE","PASSENGER","UNKNOWN/NA","N","SLOW/STOP IN TRAFFIC",,,"1",,,,,,,,,"true",,,,,,"false",,,"REAR",,,,,,,,,,,,,,,,,,,,,,,,,,,,,,,,,
"750627","JC455426","2019-10-01T09:54:00","1","PARKED","1","713076",,"FORD","ECONOLINE E250","IL","1997","UNKNOWN","PASSENGER","PERSONAL","W","PARKED",,,"1",,,,,,,,,,,"true",,,,,,,"SIDE-LEFT",,,,,,,,,,,,,,,,,,,,,,,,,,,,,,,,,
"750628","JC455426","2019-10-01T09:54:00","2","DRIVER",,"713087",,"INTERNATIONAL HARVESTER","INTERNATIONAL HARVESTER","IL","2001","UNKNOWN","TRACTOR W/ SEMI-TRAILER","OTHER","SW","TURNING RIGHT",,,"1",,,,,,"true","true","true",,,,,,,,,,"SIDE-RIGHT",,,,,,,,,,,,,,,,,,,,,,,,,,,,,,,,,
"750591","JC455407","2019-10-01T09:48:00","1","DRIVER","1","713047",,"CHEVROLET","VENTURE","IL","1999","SUSPENSION","VAN/MINI-VAN","PERSONAL","N","STRAIGHT AHEAD","true",,"2",,"ON THE SCENE RECOVERY","2034 N KOSTNER",,"true",,,,,,,,,,,"true",,"FRONT",,,,,,,,,,,,,,,,,,,,,,,,,,,,,,,,,
"750592","JC455407","2019-10-01T09:48:00","2","PARKED",,"713052",,"NISSAN","NISSAN ALTIMA","IL","2012","NONE","PASSENGER","PERSONAL","N","PARKED","true",,"0",,"UNKNOWN","UNKNOWN",,"true",,,,,,"true",,,,,,,"SIDE-LEFT",,,,,,,,,,,,,,,,,,,,,,,,,,,,,,,,,
"750593","JC455407","2019-10-01T09:48:00","3","PARKED",,"713059",,"FORD","ESCAPE (SUV)","IL","2018","NONE","PASSENGER","PERSONAL","N","PARKED",,,"0",,,,,,,,,,"true",,,,,,,,"REAR-LEFT",,,,,,,,,,,,,,,,,,,,,,,,,,,,,,,,,
"755556","JC464469","2019-10-01T09:30:00","1","DRIVER",,"717686",,"TOYOTA MOTOR COMPANY, LTD.","COROLLA","IL","2007","NONE","PASSENGER","PERSONAL","S","STRAIGHT AHEAD","true",,"1",,,,,"true",,,,,,,,,,"true","true",,"OTHER",,,,,,,,,,,,,,,,,,,,,,,,,,,,,,,,,
"755557","JC464469","2019-10-01T09:30:00","2","DRIVER",,"718402",,"HYUNDAI","Santa Fe","IL","2017","NONE","PASSENGER","PERSONAL","S","STRAIGHT AHEAD","true",,"1",,,,,"true",,,,,"true","true",,,,"true","true",,"REAR-LEFT",,,,,,,,,,,,,,,,,,,,,,,,,,,,,,,,,
"755558","JC464469","2019-10-01T09:30:00","3","DRIVER",,"717695",,"TOYOTA MOTOR COMPANY, LTD.","CAMRY","IL","2012","NONE","PASSENGER","PERSONAL","S","STRAIGHT AHEAD","true",,"1",,,,,"true",,,,"true","true","true",,,,,"true",,"REAR-LEFT",,,,,,,,,,,,,,,,,,,,,,,,,,,,,,,,,
"755559","JC464469","2019-10-01T09:30:00","4","DRIVER",,"717755",,"NISSAN","ROGUE","IL","2016","NONE","PASSENGER","PERSONAL","S","STRAIGHT AHEAD",,,"1",,,,,,,,,,"true",,,,,,,,"REAR-LEFT",,,,,,,,,,,,,,,,,,,,,,,,,,,,,,,,,
"750585","JC455406","2019-10-01T09:30:00","1","DRIVER",,"713036",,"CADILLAC","SRX","IL","2008","UNKNOWN","PASSENGER","PERSONAL","E","CHANGING LANES",,,"1",,,,,,,,,,,"true",,,,,,,"SIDE-LEFT",,,,,,,,,,,,,,,,,,,,,,,,,,,,,,,,,
"750586","JC455406","2019-10-01T09:30:00","2","DRIVER",,"713041",,"BUICK","ENCLAVE","IL","2014","UNKNOWN","PASSENGER","PERSONAL","E","STRAIGHT AHEAD",,,"1",,,,,"true",,,,,,,,,,,,,"FRONT",,,,,,,,,,,,,,,,,,,,,,,,,,,,,,,,,
"750570","JC455387","2019-10-01T09:15:00","1","DRIVER",,"713023",,"LINCOLN-CONTINENTAL","MKZ","IL","2015","NONE","PASSENGER","PERSONAL","N","TURNING LEFT",,,"1",,,,,,,,,,,,"true",,,,,,"FRONT-LEFT",,,,,,,,,,,,,,,,,,,,,,,,,,,,,,,,,
"750571","JC455387","2019-10-01T09:15:00","2","DRIVER",,"713029",,"FORD","ESCAPE (SUV)","IL","2011","NONE","SPORT UTILITY VEHICLE (SUV)","CONSTRUCTION/MAINTENANCE","N","STRAIGHT AHEAD",,,"1",,,,,"true",,,,,,,,,,,,,"FRONT",,,,,,,,,,,,,,,,,,,,,,,,,,,,,,,,,
"750619","JC455379","2019-10-01T09:09:00","1","DRIVER",,"713067",,"BMW","M-3","IL","2016","UNKNOWN","PASSENGER","PERSONAL","N","PASSING/OVERTAKING",,,"1",,,,,,,"true","true",,,,,,,,,,"SIDE-RIGHT",,,,,,,,,,,,,,,,,,,,,,,,,,,,,,,,,
"750620","JC455379","2019-10-01T09:09:00","2","DRIVER",,"713070",,"INFINITI","G37","IL","2011","UNKNOWN","PASSENGER","PERSONAL","N","STRAIGHT AHEAD",,,"1",,,,,,,,,,,,"false",,,"true",,,"TOTAL (ALL AREAS)",,,,,,,,,,,,,,,,,,,,,,,,,,,,,,,,,
"750621","JC455379","2019-10-01T09:09:00","3","PEDESTRIAN",,,,,,,,,,,,,,,,,,,,,,,,,,,,,,,,,,,,,,,,,,,,,,,,,,,,,,,,,,,,,,,,,,
"750656","JC455600","2019-10-01T09:07:00","1","DRIVER",,"713095",,"UNKNOWN","UNKNOWN",,,"UNKNOWN","UNKNOWN/NA","UNKNOWN/NA","UNKNOWN","UNKNOWN/NA",,,"1",,,,,,,,,,,,,,,,,"true","UNKNOWN",,,,,,,,,,,,,,,,,,,,,,,,,,,,,,,,,
"750657","JC455600","2019-10-01T09:07:00","2","PARKED",,"713097",,"ACURA","ACURA","IL","2019","NONE","PASSENGER","PERSONAL","E","PARKED",,,"0",,,,,,,,,,,"true","true","true","true",,,,"FRONT-LEFT",,,,,,,,,,,,,,,,,,,,,,,,,,,,,,,,,
"756681","JC466759","2019-10-01T09:00:00","1","DRIVER",,"718767",,"UNKNOWN","UNKNOWN",,,"UNKNOWN","UNKNOWN/NA","CONSTRUCTION/MAINTENANCE","UNKNOWN","UNKNOWN/NA",,,"1",,,,,,,,,,,,,,,,,,"UNKNOWN",,,,,,,,,,,,,,,,,,,,,,,,,,,,,,,,,
"756682","JC466759","2019-10-01T09:00:00","2","PARKED",,"718773",,"JEEP","UNKNOWN","IL","2013","UNKNOWN","SPORT UTILITY VEHICLE (SUV)","PERSONAL","N","PARKED",,,"0",,,,,,,,,,,,"true","true","true","true",,,"ROOF",,,,,,,,,,,,,,,,,,,,,,,,,,,,,,,,,
"750558","JC455361","2019-10-01T08:55:00","1","PEDESTRIAN",,,,,,,,,,,,,,,,,,,,,,,,,,,,,,,,,,,,,,,,,,,,,,,,,,,,,,,,,,,,,,,,,,
"750559","JC455361","2019-10-01T08:55:00","2","PEDESTRIAN",,,,,,,,,,,,,,,,,,,,,,,,,,,,,,,,,,,,,,,,,,,,,,,,,,,,,,,,,,,,,,,,,,
"750560","JC455361","2019-10-01T08:55:00","3","DRIVER",,"713017",,"HYUNDAI","ELANTRA","IL","2013","NONE","PASSENGER","PERSONAL","N","TURNING RIGHT",,,"1",,,,,,,,,,,,,,,,,,"TOTAL (ALL AREAS)",,,,,,,,,,,,,,,,,,,,,,,,,,,,,,,,,
"750572","JC455349","2019-10-01T08:50:00","1","DRIVER",,"713031",,"SUZUKI","Aerio","IL","2006","NONE","PASSENGER","PERSONAL","SW","TURNING LEFT",,,"1",,,,,"true",,,,,,,,,,,"true",,"OTHER",,,,,,,,,,,,,,,,,,,,,,,,,,,,,,,,,
"750573","JC455349","2019-10-01T08:50:00","2","DRIVER",,"713034",,"JEEP","Liberty","IL","2011","NONE","PASSENGER","PERSONAL","NE","STRAIGHT AHEAD",,,"1",,,,,,"true","true","true",,,,,,,,,,"SIDE-RIGHT",,,,,,,,,,,,,,,,,,,,,,,,,,,,,,,,,
"752779","JC459405","2019-10-01T08:40:00","1","DRIVER",,"715112",,"UNKNOWN","UNKNOWN","IL",,"UNKNOWN","TRUCK - SINGLE UNIT","UNKNOWN/NA","N","SLOW/STOP IN TRAFFIC",,,"1",,,,"true",,,,,,,,,,,,,,"NONE",,,,,,,,,,,,,,,,,,,,,,,,,,,,,,,,,
"752780","JC459405","2019-10-01T08:40:00","2","DRIVER",,"715113",,"TOYOTA MOTOR COMPANY, LTD.","COROLLA","IL","2016","NONE","PASSENGER","PERSONAL","N","SLOW/STOP IN TRAFFIC",,,"1",,,,,,,,,"true","true","true",,,,,,,"REAR-LEFT",,,,,,,,,,,,,,,,,,,,,,,,,,,,,,,,,
"750659","JC455545","2019-10-01T08:40:00","1","DRIVER","1","713110",,"CHEVROLET","TAHOE","IL","2001","UNKNOWN","SPORT UTILITY VEHICLE (SUV)","UNKNOWN/NA","E","PASSING/OVERTAKING",,,"2",,,,,,,,,,,,,,,,"true",,"OTHER",,,,,,,,,,,,,,,,,,,,,,,,,,,,,,,,,
"750660","JC455545","2019-10-01T08:40:00","2","DRIVER",,"714373",,"CHRYSLER","200","IL","2014","NONE","PASSENGER","PERSONAL","E","SLOW/STOP IN TRAFFIC",,,"1",,,,,,,,,,"true","true",,,,,,,"SIDE-LEFT",,,,,,,,,,,,,,,,,,,,,,,,,,,,,,,,,
"750599","JC455448","2019-10-01T08:40:00","1","DRIVER",,"713046",,"SUBARU","UNKNOWN","IL","2013","NONE","PASSENGER","PERSONAL","E","STRAIGHT AHEAD",,,"1",,,,,"true",,,,,,,,,,,,,"FRONT",,,,,,,,,,,,,,,,,,,,,,,,,,,,,,,,,
"750600","JC455448","2019-10-01T08:40:00","2","DRIVER",,"713054",,"VOLKSWAGEN","JETTA","IL","2013","NONE","PASSENGER","PERSONAL","S","TURNING LEFT",,,"1",,,,,,,,,"true","true","true",,,,,,,"REAR",,,,,,,,,,,,,,,,,,,,,,,,,,,,,,,,,
"750552","JC455362","2019-10-01T08:40:00","1","DRIVER",,"713001",,"UNKNOWN","UNKNOWN","IL",,"UNKNOWN","UNKNOWN/NA","UNKNOWN/NA","UNKNOWN","UNKNOWN/NA",,,"1",,,,,,,,,,,,,,,,,,"UNKNOWN",,,,,,,,,,,,,,,,,,,,,,,,,,,,,,,,,
"750553","JC455362","2019-10-01T08:40:00","2","PARKED",,"713003",,"CHEVROLET","EQUINOX","IL","2015","NONE","TRUCK - SINGLE UNIT","PERSONAL","W","PARKED",,,"0",,,,,"true","true","true",,,,,,,,,,,"SIDE-RIGHT",,,,,,,,,,,,,,,,,,,,,,,,,,,,,,,,,
"750548","JC455323","2019-10-01T08:40:00","1","DRIVER",,"712998",,"OLDSMOBILE","Bravada","IL","2000","NONE","SPORT UTILITY VEHICLE (SUV)","PERSONAL","E","BACKING",,,"1",,,,,,,,,,"true",,,,,,,,"REAR-LEFT",,,,,,,,,,,,,,,,,,,,,,,,,,,,,,,,,
"750549","JC455323","2019-10-01T08:40:00","2","PARKED",,"713005",,"CHEVROLET","S10","IL","2018","NONE","PICKUP","OTHER","E","PARKED",,,"0",,,,,,,,,,"true",,,,,,,,"REAR-LEFT",,,,,,,,,,,,,,,,,,,,,,,,,,,,,,,,,
"750565","JC455384","2019-10-01T08:35:00","1","DRIVER",,"713011",,"HONDA","Pilot","IL","2006","NONE","PASSENGER","PERSONAL","S","STRAIGHT AHEAD",,,"1",,,,,,,,,,,,,,,,"true",,"OTHER",,,,,,,,,,,,,,,,,,,,,,,,,,,,,,,,,
"750566","JC455384","2019-10-01T08:35:00","2","DRIVER",,"713018",,"SCION","XB","IL","2016","NONE","PASSENGER","PERSONAL","S","SLOW/STOP IN TRAFFIC",,,"1",,,,,,,,,,"true",,,,,,,,"REAR-LEFT",,,,,,,,,,,,,,,,,,,,,,,,,,,,,,,,,
"753454","JC458438","2019-10-01T08:30:00","1","DRIVER",,"715738",,"NISSAN","NISSAN ALTIMA","IL","2007","NONE","PASSENGER","PERSONAL","S","STRAIGHT AHEAD",,,"1",,,,,,,,,,,,,,,,"true",,"OTHER",,,,,,,,,,,,,,,,,,,,,,,,,,,,,,,,,
"753455","JC458438","2019-10-01T08:30:00","2","DRIVER",,"715740",,"TOYOTA MOTOR COMPANY, LTD.","CAMRY","IL","2015","NONE","PASSENGER","PERSONAL","S","STRAIGHT AHEAD",,,"1",,,,,,,,,,"true",,,,,,,,"REAR-LEFT",,,,,,,,,,,,,,,,,,,,,,,,,,,,,,,,,
"750589","JC455437","2019-10-01T08:30:00","1","DRIVER",,"713042",,"UNKNOWN","UNKNOWN",,,"UNKNOWN","UNKNOWN/NA","UNKNOWN/NA","UNKNOWN","UNKNOWN/NA",,,"1",,,,,,,,,,,,,,,,,"true","UNKNOWN",,,,,,,,,,,,,,,,,,,,,,,,,,,,,,,,,
"750590","JC455437","2019-10-01T08:30:00","2","PARKED",,"713045",,"FORD","RANGER","IL","1998","NONE","SPORT UTILITY VEHICLE (SUV)","NOT IN USE","W","PARKED",,,"0",,,,,,,,,,,,,,,"true",,,"TOTAL (ALL AREAS)",,,,,,,,,,,,,,,,,,,,,,,,,,,,,,,,,
"750581","JC455402","2019-10-01T08:30:00","1","DRIVER",,"713030",,"TOYOTA MOTOR COMPANY, LTD.","CAMRY","PA","2009","NONE","PASSENGER","PERSONAL","N","STRAIGHT AHEAD",,,"1",,,,"false",,"false","true",,,,,,,,,,,"UNDER CARRIAGE",,,,,,,,,,,,,,,,,,,,,,,,,,,,,,,,,
"750582","JC455402","2019-10-01T08:30:00","2","PARKED",,"713035",,"FORD","FUSION","IL","2018","NONE","PASSENGER","PERSONAL","N","PARKED",,,"0",,,,,,,,,,,,,,,"true",,,"TOTAL (ALL AREAS)",,,,,,,,,,,,,,,,,,,,,,,,,,,,,,,,,
"750618","JC455367","2019-10-01T08:30:00","1","DRIVER",,"713065",,"CHEVROLET","CRUZE","IL","2014","UNKNOWN","UNKNOWN/NA","UNKNOWN/NA","S","BACKING",,,"1",,,,,,,,,"true",,,,,,,,,"REAR",,,,,,,,,,,,,,,,,,,,,,,,,,,,,,,,,
"750622","JC455367","2019-10-01T08:30:00","2","DRIVERLESS",,"713069",,"AUDI","UNKNOWN","IL","2013","NONE","PASSENGER","PERSONAL","S","PARKED",,,"0",,,,,,,,,"true",,,,,,,,,"REAR",,,,,,,,,,,,,,,,,,,,,,,,,,,,,,,,,
"750544","JC455330","2019-10-01T08:30:00","1","DRIVER",,"712996",,"HYUNDAI","VERACRUZ","IL","2008","NONE","SPORT UTILITY VEHICLE (SUV)","PERSONAL","NE","TURNING RIGHT",,,"1",,,,,,,,,,,"true","true",,,,,,"FRONT-LEFT",,,,,,,,,,,,,,,,,,,,,,,,,,,,,,,,,
"750545","JC455330","2019-10-01T08:30:00","2","DRIVER",,"713002",,"NISSAN","ROGUE","IL","2018","NONE","SPORT UTILITY VEHICLE (SUV)","PERSONAL","NE","TURNING RIGHT",,,"1",,,,,"true","true",,,,,,,,,,,,"FRONT",,,,,,,,,,,,,,,,,,,,,,,,,,,,,,,,,
"750577","JC455327","2019-10-01T08:30:00","1","DRIVER",,"713028",,"FORD","EXPEDITION","IL","1999","NONE","PASSENGER","PERSONAL","E","STRAIGHT AHEAD","true",,"1",,,,,,,,,,,,,"true","true","true",,,"ROOF",,,,,,,,,,,,,,,,,,,,,,,,,,,,,,,,,
"750578","JC455327","2019-10-01T08:30:00","2","DRIVER",,"713032",,"TOYOTA MOTOR COMPANY, LTD.","CAMRY","IL","2013","NONE","PASSENGER","PERSONAL","S","STRAIGHT AHEAD","true",,"1",,,,,,,,,,,,,,,"true","true",,"OTHER",,,,,,,,,,,,,,,,,,,,,,,,,,,,,,,,,
"750541","JC455320","2019-10-01T08:27:00","1","DRIVER",,"712991","true","INTERNATIONAL TRAILER CORP.","INTERNATIONAL TRAILER CORP.","OK","2019","NONE","TRACTOR W/ SEMI-TRAILER","COMMERCIAL - MULTI-UNIT","N","BACKING",,,"1",,,,,"true",,,,,,,,,,,,,"FRONT","8291","303024",,,"DRIVER","3","U.S. XPRESS","TN","CHATTANOOGA",,,,"N","N",,"N",,"N","N",,,,,"52",,,,"TRUCK/TRAILER","VAN/ENCLOSED BOX","OTHER","false","false",
"750539","JC455370","2019-10-01T08:16:00","1","DRIVER",,"712990",,"CHEVROLET","MALIBU (CHEVELLE)","IL","2005","UNKNOWN","PASSENGER","PERSONAL","E","STRAIGHT AHEAD",,,"1",,,,,"true",,,,,,,,,,,,,"UNDER CARRIAGE",,,,,,,,,,,,,,,,,,,,,,,,,,,,,,,,,
"750540","JC455370","2019-10-01T08:16:00","2","DRIVER",,"713000",,"VOLKSWAGEN","JETTA","IL","2007","UNKNOWN","PASSENGER","PERSONAL","E","STRAIGHT AHEAD",,,"1",,,,,"true",,,,,,,,,,,,,"UNDER CARRIAGE",,,,,,,,,,,,,,,,,,,,,,,,,,,,,,,,,
"751270","JC456741","2019-10-01T08:15:00","1","DRIVER",,"713656",,"JEEP","UNKNOWN","IL","2019","NONE","SPORT UTILITY VEHICLE (SUV)","PERSONAL","W","SLOW/STOP IN TRAFFIC",,,"1",,,,,,,,,,,,,,,,"true",,"OTHER",,,,,,,,,,,,,,,,,,,,,,,,,,,,,,,,,
"751271","JC456741","2019-10-01T08:15:00","2","DRIVER",,"713674",,"BMW","UNKNOWN","IL","2014","UNKNOWN","PASSENGER","PERSONAL","W","SLOW/STOP IN TRAFFIC",,,"1",,,,,,,,,,"true",,,,,,,,"REAR-LEFT",,,,,,,,,,,,,,,,,,,,,,,,,,,,,,,,,
"751054","JC456257","2019-10-01T08:15:00","1","DRIVER",,"713470",,"FORD","Focus","IL","2006","UNKNOWN","PASSENGER","PERSONAL","S","STRAIGHT AHEAD",,,"1",,,,,,,"true",,,,,,,,,,,"SIDE-RIGHT",,,,,,,,,,,,,,,,,,,,,,,,,,,,,,,,,
"751055","JC456257","2019-10-01T08:15:00","2","PARKED",,"713472",,"GENERAL MOTORS CORP.","YUKON","IL","2007","UNKNOWN","SPORT UTILITY VEHICLE (SUV)","PERSONAL","S","PARKED",,,"0",,,,,,,,,,,"true",,"true",,,,,"ROOF",,,,,,,,,,,,,,,,,,,,,,,,,,,,,,,,,