"crash_unit_id","rd_no","crash_date","unit_no","unit_type","num_passengers","vehicle_id","cmrc_veh_i","make","model","lic_plate_state","vehicle_year","vehicle_defect","vehicle_type","vehicle_use","travel_direction","maneuver","towed_i","fire_i","occupant_cnt","exceed_speed_limit_i","towed_by","towed_to","area_00_i","area_01_i","area_02_i","area_03_i","area_04_i","area_05_i","area_06_i","area_07_i","area_08_i","area_09_i","area_10_i","area_11_i","area_12_i","area_99_i","first_contact_point","cmv_id","usdot_no","ccmc_no","ilcc_no","commercial_src","gvwr","carrier_name","carrier_state","carrier_city","hazmat_placards_i","hazmat_name","un_no","hazmat_present_i","hazmat_report_i","hazmat_report_no","mcs_report_i","mcs_report_no","hazmat_vio_cause_crash_i","mcs_vio_cause_crash_i","idot_permit_no","wide_load_i","trailer1_width","trailer2_width","trailer1_length","trailer2_length","total_vehicle_length","axle_cnt","vehicle_config","cargo_body_type","load_type","hazmat_out_of_service_i","mcs_out_of_service_i","hazmat_class"
"750574","JC455348","2019-10-01T08:15:00","1","DRIVER","2","713025",,"MAZDA","6 (Six)","WI","2009","NONE","PASSENGER","PERSONAL","E","STRAIGHT AHEAD","true",,"3",,,,,,,,,,,,,,,,"true",,"OTHER",,,,,,,,,,,,,,,,,,,,,,,,,,,,,,,,,
"750575","JC455348","2019-10-01T08:15:00","2","DRIVER",,"713033",,"NISSAN","ROGUE","IL","2014","NONE","SPORT UTILITY VEHICLE (SUV)","PERSONAL","E","STRAIGHT AHEAD","true",,"1",,,,,,,,,,"true",,,,,,,,"REAR-LEFT",,,,,,,,,,,,,,,,,,,,,,,,,,,,,,,,,
"750576","JC455348","2019-10-01T08:15:00","3","DRIVER",,"713038",,"CHRYSLER","200","IL","2016","NONE","PASSENGER","PERSONAL","E","STRAIGHT AHEAD",,,"1",,,,,,,,,,"true",,,,,,,,"REAR-LEFT",,,,,,,,,,,,,,,,,,,,,,,,,,,,,,,,,
"750534","JC455324","2019-10-01T08:15:00","1","DRIVER",,"712984",,"HYUNDAI","UNKNOWN","IL","2004","OTHER","PASSENGER","UNKNOWN/NA","W","STARTING IN TRAFFIC",,,"1",,,,,,"true","true","true","true",,,,,,,,,"SIDE-RIGHT",,,,,,,,,,,,,,,,,,,,,,,,,,,,,,,,,
"750535","JC455324","2019-10-01T08:15:00","2","DRIVER",,"712993",,"MAZDA","UNKNOWN","IL","2007","NONE","PASSENGER","PERSONAL","W","STARTING IN TRAFFIC",,,"1",,,,,,,,,,,"true","true","true","true",,,,"ROOF",,,,,,,,,,,,,,,,,,,,,,,,,,,,,,,,,
"750546","JC455313","2019-10-01T08:15:00","1","DRIVER","5","712995",,"BLUEBIRD INTERNATIONAL","BLUEBIRD INTERNATIONAL","IL","2014","NONE","BUS OVER 15 PASS.","SCHOOL BUS","W","STRAIGHT AHEAD",,,"6",,,,,,,"true",,,,,,,,,,,"SIDE-RIGHT",,,,,,,,,,,,,,,,,,,,,,,,,,,,,,,,,
"750547","JC455313","2019-10-01T08:15:00","2","PARKED",,"713007",,"HONDA","UNKNOWN","IL","2018","UNKNOWN","PASSENGER","NOT IN USE","W","PARKED",,,"0",,,,,,,,,,,,,,"true",,,,"ROOF",,,,,,,,,,,,,,,,,,,,,,,,,,,,,,,,,
"750569","JC455302","2019-10-01T08:05:00","1","DRIVER",,"713014",,"MAZDA","UNKNOWN","IL","2007","UNKNOWN","UNKNOWN/NA","UNKNOWN/NA","N","STRAIGHT AHEAD",,,"1",,,,,,,,,,,,,,,,,"true","UNKNOWN",,,,,,,,,,,,,,,,,,,,,,,,,,,,,,,,,
"750537","JC455302","2019-10-01T08:05:00","2","DRIVER",,"712994",,"HYUNDAI","ELANTRA","IL","2004","UNKNOWN","PASSENGER","PERSONAL","N","STRAIGHT AHEAD",,,"1",,,,,"false","true","true",,,,,,,,,,,"SIDE-RIGHT",,,,,,,,,,,,,,,,,,,,,,,,,,,,,,,,,
"750879","JC456004","2019-10-01T08:00:00","1","DRIVER",,"713300",,"GENERAL MOTORS CORP.","UNKNOWN","IL","2002","UNKNOWN","UNKNOWN/NA","UNKNOWN/NA","E","PASSING/OVERTAKING",,,"1",,,,,,,,,,,"false","false","false",,,,"true","UNKNOWN",,,,,,,,,,,,,,,,,,,,,,,,,,,,,,,,,
"750880","JC456004","2019-10-01T08:00:00","2","DRIVER",,"713305",,"TOYOTA MOTOR COMPANY, LTD.","CAMRY","IL","2006","NONE","PASSENGER","PERSONAL","E","STRAIGHT AHEAD",,,"1",,,,,,,,,,,"true","true",,,,,,"SIDE-LEFT",,,,,,,,,,,,,,,,,,,,,,,,,,,,,,,,,
"750528","JC455322","2019-10-01T08:00:00","1","DRIVER",,"712979",,"TOYOTA MOTOR COMPANY, LTD.","Solara","IL","2004","NONE","PASSENGER","PERSONAL","W","STRAIGHT AHEAD",,,"1",,,,,,,,,,,,,,,,"true",,"OTHER",,,,,,,,,,,,,,,,,,,,,,,,,,,,,,,,,
"750529","JC455322","2019-10-01T08:00:00","2","DRIVER","1","712985",,"MAZDA","UNKNOWN","FL","2018","NONE","SPORT UTILITY VEHICLE (SUV)","RIDESHARE SERVICE","W","SLOW/STOP IN TRAFFIC",,,"2",,,,,,,,,,"true",,,,,,,,"REAR-LEFT",,,,,,,,,,,,,,,,,,,,,,,,,,,,,,,,,
"750524","JC455305","2019-10-01T08:00:00","1","DRIVER",,"712980",,"CHEVROLET","SILVERADO","IL","2010","NONE","PICKUP","PERSONAL","NE","OTHER",,,"1",,,,,,,,"true","true",,,,,,,,,"REAR-RIGHT",,,,,,,,,,,,,,,,,,,,,,,,,,,,,,,,,
"750525","JC455305","2019-10-01T08:00:00","2","PARKED",,"712988",,"KIA MOTORS CORP","Optima","IL","2019","NONE","PASSENGER","NOT IN USE","S","PARKED",,,"0",,,,,,,,,"true","true",,,,,,,,"REAR",,,,,,,,,,,,,,,,,,,,,,,,,,,,,,,,,
"750631","JC455534","2019-10-01T07:59:00","1","DRIVER",,"713073",,"TOYOTA MOTOR COMPANY, LTD.","Avalon","IL","2004","UNKNOWN","PASSENGER","PERSONAL","UNKNOWN","BACKING",,,"1",,,,"true",,,,,,,,,,,,,,"REAR-LEFT",,,,,,,,,,,,,,,,,,,,,,,,,,,,,,,,,
"750632","JC455534","2019-10-01T07:59:00","2","DRIVER",,"713077",,"CHEVROLET","UNKNOWN","IL","2008","UNKNOWN","PICKUP","PERSONAL","UNKNOWN","STRAIGHT AHEAD",,,"1",,,,,,,,,,,,,,"true","true",,,"TOTAL (ALL AREAS)",,,,,,,,,,,,,,,,,,,,,,,,,,,,,,,,,
"752023","JC458071","2019-10-01T07:58:00","1","DRIVER",,"714383",,"UNKNOWN","UNKNOWN",,,"UNKNOWN","TRUCK - SINGLE UNIT","OTHER","W","STRAIGHT AHEAD",,,"1",,,,,"true",,,,,,,,,,,,,"FRONT-RIGHT",,,,,,,,,,,,,,,,,,,,,,,,,,,,,,,,,
"752024","JC458071","2019-10-01T07:58:00","2","DRIVER",,"714384",,"FORD","FORD-TRUCK,VAN,SUV, ETC","IL","2012","NONE","TRUCK - SINGLE UNIT","OTHER","W","SLOW/STOP IN TRAFFIC",,,"1",,,,,,,,,,,"true",,,,,,,"FRONT-LEFT",,,,,,,,,,,,,,,,,,,,,,,,,,,,,,,,,
"750746","JC455769","2019-10-01T07:58:00","1","DRIVER",,"713176",,"HONDA","ACCORD","IL","1997","NONE","PASSENGER","PERSONAL","SE","TURNING RIGHT",,,"1",,,,,"true",,,,,,,,,,"true","true",,"OTHER",,,,,,,,,,,,,,,,,,,,,,,,,,,,,,,,,
"750747","JC455769","2019-10-01T07:58:00","2","DRIVER",,"713182",,"KIA MOTORS CORP","SOUL","IL","2013","NONE","PASSENGER","PERSONAL","S","STRAIGHT AHEAD",,,"1",,,,,"true","true","true","true","true",,,,,,,,,"SIDE-RIGHT",,,,,,,,,,,,,,,,,,,,,,,,,,,,,,,,,
"750567","JC455326","2019-10-01T07:55:00","1","DRIVER",,"713019",,"DODGE","DURANGO","IL","2017","NONE","SPORT UTILITY VEHICLE (SUV)","PERSONAL","E","PASSING/OVERTAKING",,,"1",,,,,,,,,,,,"true",,,,,,"ROOF",,,,,,,,,,,,,,,,,,,,,,,,,,,,,,,,,
"750568","JC455326","2019-10-01T07:55:00","2","DRIVER",,"713022","true","VOLVO","UNKNOWN","WI","2011","NONE","TRACTOR W/O SEMI-TRAILER","COMMERCIAL - SINGLE UNIT","E","TURNING RIGHT",,,"1",,,,,,"true",,,,,,,,,,,,"FRONT","8292",,,,,,"MBA TRUCKING INC","WI","KENOSHA",,,,,,,,,,,,,,,,,,,,,,,,
"750526","JC455321","2019-10-01T07:55:00","1","DRIVER",,"712976",,"FORD","F550","IL","2009","NONE","TRUCK - SINGLE UNIT","PERSONAL","W","BACKING",,,"1",,,,,,,,,,"true",,,,,,,,"REAR-LEFT",,,,,,,,,,,,,,,,,,,,,,,,,,,,,,,,,
"750527","JC455321","2019-10-01T07:55:00","2","DRIVER",,"712986",,"NISSAN","ROGUE","IL","2017","NONE","PASSENGER","PERSONAL","E","STRAIGHT AHEAD",,,"1",,,,,,,,,,,,,,,,"true",,"OTHER",,,,,,,,,,,,,,,,,,,,,,,,,,,,,,,,,
"751231","JC456684","2019-10-01T07:50:00","1","DRIVER",,"713631",,"FORD","Focus","IL","2007","NONE","PASSENGER","PERSONAL","N","STRAIGHT AHEAD",,,"1",,,,,,,,,,,,,,,"true","true",,"TOTAL (ALL AREAS)",,,,,,,,,,,,,,,,,,,,,,,,,,,,,,,,,
"751232","JC456684","2019-10-01T07:50:00","2","DRIVER",,"713627",,"KENWORTH MOTOR TRUCK CO.","KENWORTH MOTOR TRUCK CO.","IL","2016","NONE","TRACTOR W/ SEMI-TRAILER","OTHER","N","STRAIGHT AHEAD",,,"1",,,,,"true",,,,,,,,,,,,,"FRONT",,,,,,,,,,,,,,,,,,,,,,,,,,,,,,,,,
"750818","JC455905","2019-10-01T07:50:00","1","DRIVER",,"713246",,"NISSAN","NISSAN ALTIMA","IL","2012","NONE","PASSENGER","PERSONAL","N","STRAIGHT AHEAD",,,"1",,,,,,,,,,,,,,,,"true",,"OTHER",,,,,,,,,,,,,,,,,,,,,,,,,,,,,,,,,
"750819","JC455905","2019-10-01T07:50:00","2","DRIVER",,"713250",,"FORD","EXPLORER","IL","2015","NONE","PASSENGER","PERSONAL","N","STRAIGHT AHEAD",,,"1",,,,,,,,,,"true",,,,,,,,"REAR-LEFT",,,,,,,,,,,,,,,,,,,,,,,,,,,,,,,,,
"750513","JC455293","2019-10-01T07:50:00","1","DRIVER",,"712965",,"UNKNOWN","UNKNOWN","XX",,"UNKNOWN","UNKNOWN/NA","UNKNOWN/NA","UNKNOWN","UNKNOWN/NA",,,"1",,,,,,,,,,,,,"true",,,,,"UNKNOWN",,,,,,,,,,,,,,,,,,,,,,,,,,,,,,,,,
"750514","JC455293","2019-10-01T07:50:00","2","PARKED",,"712967",,"CHEVROLET","CAVALIER","IL",,"NONE","PASSENGER","NOT IN USE","N","PARKED",,,"0",,,,,"true",,"true","true","true",,,,,,"true","true",,,,,,,,,,,,,,,,,,,,,,,,,,,,,,,,,,,
"750515","JC455293","2019-10-01T07:50:00","3","PARKED",,"712969",,"CHRYSLER","Pacifica (Sport Wagon)","IL","2004","NONE","PASSENGER","NOT IN USE","N","PARKED",,,"0",,,,,,,,,"true","true","true",,,,,,,"REAR-LEFT",,,,,,,,,,,,,,,,,,,,,,,,,,,,,,,,,
"751291","JC456767","2019-10-01T07:45:00","1","DRIVER",,"713679",,"UNKNOWN","UNKNOWN",,,"UNKNOWN","UNKNOWN/NA","UNKNOWN/NA","W","ENTER FROM DRIVE/ALLEY",,,"1",,,,,,,,,,,,,,,,,"true","OTHER",,,,,,,,,,,,,,,,,,,,,,,,,,,,,,,,,
"751292","JC456767","2019-10-01T07:45:00","2","DRIVER",,"713686",,"FORD","FUSION","TN","2011","NONE","PASSENGER","PERSONAL","N","STRAIGHT AHEAD",,,"1",,,,,,,,"true","true",,,,,,,,,"REAR-RIGHT",,,,,,,,,,,,,,,,,,,,,,,,,,,,,,,,,
"750532","JC455299","2019-10-01T07:36:00","1","DRIVER",,"712987",,"CHRYSLER","200","IL","2015","UNKNOWN","PASSENGER","PERSONAL","W","STRAIGHT AHEAD",,,"1",,,,,,,,,,"false",,,,,,"true",,"OTHER",,,,,,,,,,,,,,,,,,,,,,,,,,,,,,,,,
"750533","JC455299","2019-10-01T07:36:00","2","DRIVER",,"712997",,"BMW","328i","IL","2013","NONE","PASSENGER","PERSONAL","W","SLOW/STOP IN TRAFFIC",,,"1",,,,,,,,,,"true",,,,,,,,"SIDE-LEFT",,,,,,,,,,,,,,,,,,,,,,,,,,,,,,,,,
"750530","JC455325","2019-10-01T07:35:00","1","DRIVER","3","712992",,"GENERAL MOTORS CORP.","ACADIA","IL","2009","NONE","PASSENGER","PERSONAL","E","LEAVING TRAFFIC LANE TO PARK",,,"4",,,,,,,,,"true",,,,,,,,,"REAR-RIGHT",,,,,,,,,,,,,,,,,,,,,,,,,,,,,,,,,
"750531","JC455325","2019-10-01T07:35:00","2","PARKED",,"712981",,"JEEP","CHEROKEE","IL","2014","NONE","PASSENGER","NOT IN USE","E","PARKED",,,"0",,,,,,,,,,,,,,"true","true",,,"UNDER CARRIAGE",,,,,,,,,,,,,,,,,,,,,,,,,,,,,,,,,
"750519","JC455277","2019-10-01T07:32:00","1","DRIVER",,"712973",,"UNKNOWN","UNKNOWN",,,"UNKNOWN","UNKNOWN/NA","UNKNOWN/NA","W","UNKNOWN/NA",,,"1",,,,,,,,,,,,,,,"true",,,"TOTAL (ALL AREAS)",,,,,,,,,,,,,,,,,,,,,,,,,,,,,,,,,
"750520","JC455277","2019-10-01T07:32:00","2","DRIVER",,"712978",,"VOLKSWAGEN","PASSAT","IL","2017","NONE","PASSENGER","PERSONAL","W","STRAIGHT AHEAD",,,"1",,,,,,,,"true",,,,,,,,,,"REAR-RIGHT",,,,,,,,,,,,,,,,,,,,,,,,,,,,,,,,,
"750955","JC456094","2019-10-01T07:30:00","1","DRIVER",,"713386",,"NISSAN","UNKNOWN","IL",,"UNKNOWN","UNKNOWN/NA","UNKNOWN/NA","N","UNKNOWN/NA",,,"1",,,,,,,,,,"true",,,,,,,"false","REAR-LEFT",,,,,,,,,,,,,,,,,,,,,,,,,,,,,,,,,
"750956","JC456094","2019-10-01T07:30:00","2","PARKED",,"713375",,"CHEVROLET","MALIBU (CHEVELLE)","IL","2004","UNKNOWN","PASSENGER","PERSONAL","N","PARKED",,,"0",,,,,"true",,,,,,,,,,,"true",,"OTHER",,,,,,,,,,,,,,,,,,,,,,,,,,,,,,,,,
"750658","JC455483","2019-10-01T07:30:00","1","DRIVER","2","713098",,"SUBARU","UNKNOWN","IN","2016","NONE","PASSENGER","PERSONAL","S","SLOW/STOP IN TRAFFIC",,,"3",,,,,,,"true","true",,,,,,,,,,"SIDE-RIGHT",,,,,,,,,,,,,,,,,,,,,,,,,,,,,,,,,
"750673","JC455483","2019-10-01T07:30:00","2","BICYCLE",,,,,,,,,,,,,,,,,,,,,,,,,,,,,,,,,,,,,,,,,,,,,,,,,,,,,,,,,,,,,,,,,,
"750563","JC455374","2019-10-01T07:30:00","1","DRIVER",,"713012",,"HONDA","ACCORD","IL","1997","NONE","PASSENGER","PERSONAL","E","ENTER FROM DRIVE/ALLEY",,,"1",,,,,"true",,,,,,,,,,"true","true",,"OTHER",,,,,,,,,,,,,,,,,,,,,,,,,,,,,,,,,
"750564","JC455374","2019-10-01T07:30:00","2","DRIVER",,"713021",,"KIA MOTORS CORP","KIA MOTORS CORP","IL","2013","NONE","PASSENGER","PERSONAL","S","STRAIGHT AHEAD",,,"1",,,,,,,"true","true",,,,,,,,,,"SIDE-RIGHT",,,,,,,,,,,,,,,,,,,,,,,,,,,,,,,,,
"750554","JC455344","2019-10-01T07:30:00","1","DRIVER",,"713004",,"LEXUS","UNKNOWN","IL","2017","UNKNOWN","PASSENGER","UNKNOWN/NA","W","STRAIGHT AHEAD",,,"1",,,,,,,,,,,,,,,,,"true","UNKNOWN",,,,,,,,,,,,,,,,,,,,,,,,,,,,,,,,,
"750555","JC455344","2019-10-01T07:30:00","2","PARKED",,"713009",,"JEEP","UNKNOWN","IL","2019","NONE","PASSENGER","NOT IN USE","W","PARKED",,,"0",,,,,,,,,,,,,,,"true",,,"TOTAL (ALL AREAS)",,,,,,,,,,,,,,,,,,,,,,,,,,,,,,,,,
"750506","JC455292","2019-10-01T07:30:00","1","DRIVER",,"712962",,"TOYOTA MOTOR COMPANY, LTD.","Avalon","IL","1995","UNKNOWN","PASSENGER","PERSONAL","W","STRAIGHT AHEAD","true",,"1",,"private","unk",,,,,,,,,,,,,"true",,"OTHER",,,,,,,,,,,,,,,,,,,,,,,,,,,,,,,,,
"750507","JC455292","2019-10-01T07:30:00","2","DRIVER",,"712966",,"HYUNDAI","ELANTRA","IL","2018","NONE","PASSENGER","PERSONAL","W","SLOW/STOP IN TRAFFIC",,,"1",,,,,,,,,,"true",,,,,,"true",,"REAR-LEFT",,,,,,,,,,,,,,,,,,,,,,,,,,,,,,,,,
"750508","JC455292","2019-10-01T07:30:00","3","DRIVER",,"712975",,"SUBARU","IMPREZA","IL","2008","NONE","PASSENGER","PERSONAL","W","SLOW/STOP IN TRAFFIC",,,"1",,,,,,,,,,"true",,,,,,,,"REAR-LEFT",,,,,,,,,,,,,,,,,,,,,,,,,,,,,,,,,
"750502","JC455276","2019-10-01T07:30:00","1","DRIVER",,"713024",,"TOYOTA MOTOR COMPANY, LTD.","CAMRY","IL","2005","NONE","PASSENGER","PERSONAL","E","STRAIGHT AHEAD",,,"1",,,,"true",,,,,,"false",,,,,,"true",,"REAR-LEFT",,,,,,,,,,,,,,,,,,,,,,,,,,,,,,,,,
"750503","JC455276","2019-10-01T07:30:00","2","DRIVER",,"713050",,"VAN TECH","VAN TECH",,"2003","NONE","TRACTOR W/ SEMI-TRAILER","COMMERCIAL - SINGLE UNIT","E","SLOW/STOP IN TRAFFIC",,,"1",,,,,,,,,,"true",,,,,,,,"UNDER CARRIAGE",,,,,,,,,,,,,,,,,,,,,,,,,,,,,,,,,
"750511","JC455288","2019-10-01T07:28:00","1","DRIVER",,"712964",,"PONTIAC","G6","IL",,"NONE","PASSENGER","PERSONAL","E","STRAIGHT AHEAD",,,"1",,,,,,,,,,,,,,,,"true",,"OTHER",,,,,,,,,,,,,,,,,,,,,,,,,,,,,,,,,
"750512","JC455288","2019-10-01T07:28:00","2","DRIVER",,"712968",,"DODGE","CARAVAN","IN",,"NONE","VAN/MINI-VAN","UNKNOWN/NA","E","STRAIGHT AHEAD",,,"1",,,,,,,,,"true","false",,,,,,,,"REAR",,,,,,,,,,,,,,,,,,,,,,,,,,,,,,,,,
"755409","JC464310","2019-10-01T07:15:00","1","DRIVER",,"717560",,"FORD","EXPLORER","IL","2002","NONE","PASSENGER","PERSONAL","E","STRAIGHT AHEAD",,,"1",,,,,,,,,,,,,,,,,"true","UNKNOWN",,,,,,,,,,,,,,,,,,,,,,,,,,,,,,,,,
"755410","JC464310","2019-10-01T07:15:00","2","PEDESTRIAN",,,,,,,,,,,,,,,,,,,,,,,,,,,,,,,,,,,,,,,,,,,,,,,,,,,,,,,,,,,,,,,,,,
"750973","JC456130","2019-10-01T07:05:00","1","DRIVER",,"713394",,"NISSAN","UNKNOWN","IL",,"NONE","PASSENGER","PERSONAL","W","STRAIGHT AHEAD",,,"1",,,,,"true",,,,,,,,,,,,,"TOTAL (ALL AREAS)",,,,,,,,,,,,,,,,,,,,,,,,,,,,,,,,,
"750974","JC456130","2019-10-01T07:05:00","2","DRIVER",,"713391",,"JEEP","Liberty","IL","2006","NONE","SPORT UTILITY VEHICLE (SUV)","PERSONAL","N","STRAIGHT AHEAD",,,"1",,,,,,,,,,,,,,,,,,"REAR",,,,,,,,,,,,,,,,,,,,,,,,,,,,,,,,,
"750844","JC455964","2019-10-01T07:05:00","1","DRIVER",,"713270",,"HONDA","FIT","IL","2019","NONE","PASSENGER","PERSONAL","N","STRAIGHT AHEAD",,,"1",,,,,,,,,,,,,,,,"true",,"OTHER",,,,,,,,,,,,,,,,,,,,,,,,,,,,,,,,,
"750845","JC455964","2019-10-01T07:05:00","2","DRIVER",,"713278",,"NISSAN","UNKNOWN","IL","2015","NONE","PASSENGER","PERSONAL","N","STRAIGHT AHEAD",,,"1",,,,,,,,,,"true",,,,,,,,"REAR-LEFT",,,,,,,,,,,,,,,,,,,,,,,,,,,,,,,,,
"750500","JC455259","2019-10-01T07:00:00","1","DRIVER",,"712955",,"TOYOTA MOTOR COMPANY, LTD.","Tundra","IL","2007","UNKNOWN","PICKUP","PERSONAL","E","STRAIGHT AHEAD",,,"1",,,,"true",,,,,,,,,,,,,,"OTHER",,,,,,,,,,,,,,,,,,,,,,,,,,,,,,,,,
"750501","JC455259","2019-10-01T07:00:00","2","DRIVER",,"712956",,"TOYOTA MOTOR COMPANY, LTD.","COROLLA","IL","2007","UNKNOWN","PASSENGER","PERSONAL","E","STRAIGHT AHEAD",,,"1",,,,,,,,,"true","true","true",,,,,,,"REAR-LEFT",,,,,,,,,,,,,,,,,,,,,,,,,,,,,,,,,
"750561","JC455303","2019-10-01T06:50:00","1","DRIVER",,"713010",,"HYUNDAI","ELANTRA","IL","2002","UNKNOWN","PASSENGER","UNKNOWN/NA","E","UNKNOWN/NA","true",,"1",,"city of chicago","pound #7",,,,,,,,,,"true","true","true",,,"TOTAL (ALL AREAS)",,,,,,,,,,,,,,,,,,,,,,,,,,,,,,,,,
"750562","JC455303","2019-10-01T06:50:00","2","PARKED",,"713016",,"DODGE","RAM 1500 PU","IL","1993","UNKNOWN","PICKUP","NOT IN USE","E","PARKED",,,"0",,,,,"true","true","true",,,,,,,,,,,"SIDE-RIGHT",,,,,,,,,,,,,,,,,,,,,,,,,,,,,,,,,
"750606","JC455457","2019-10-01T06:30:00","1","DRIVER",,"713062",,"UNKNOWN","UNKNOWN","IL",,"UNKNOWN","UNKNOWN/NA","UNKNOWN/NA","UNKNOWN","UNKNOWN/NA",,,"1",,,,,,,,,,,,,,,,,"true","UNKNOWN",,,,,,,,,,,,,,,,,,,,,,,,,,,,,,,,,
"750607","JC455457","2019-10-01T06:30:00","2","PARKED",,"713056",,"NISSAN","NISSAN ALTIMA","IL","2009","NONE","PASSENGER","PERSONAL","UNKNOWN","PARKED",,,"0",,,,,"true","true","true","true",,,,,,,,,,"SIDE-RIGHT",,,,,,,,,,,,,,,,,,,,,,,,,,,,,,,,,
"750516","JC455281","2019-10-01T06:30:00","1","DRIVER",,"712974",,"FORD","FUSION","IL","2012","NONE","PASSENGER","PERSONAL","N","STRAIGHT AHEAD","true",,"1",,"RICARDO SANCHEZ","UNKNOWN",,"true",,,,,,,,,,"true","true",,"OTHER",,,,,,,,,,,,,,,,,,,,,,,,,,,,,,,,,
"750517","JC455281","2019-10-01T06:30:00","2","PARKED",,"712977",,"HONDA","Pilot","IL","2006","UNKNOWN","PASSENGER","UNKNOWN/NA","N","PARKED",,,"0",,,,,"true",,,,,,"true",,,,"true","true",,"REAR-LEFT",,,,,,,,,,,,,,,,,,,,,,,,,,,,,,,,,
"750518","JC455281","2019-10-01T06:30:00","3","PARKED",,"712983",,"NISSAN","Quest","IL","2005","UNKNOWN","VAN/MINI-VAN","UNKNOWN/NA","N","PARKED",,,"0",,,,,,,,,"true","true","true",,,,,,,"REAR-LEFT",,,,,,,,,,,,,,,,,,,,,,,,,,,,,,,,,
"750496","JC455263","2019-10-01T06:30:00","1","DRIVER",,"712954",,"BUICK","CENTURY","IL","2002","UNKNOWN","PASSENGER","UNKNOWN/NA","S","UNKNOWN/NA","false",,"1",,,,,"true",,,,,,,,,,,,,"FRONT",,,,,,,,,,,,,,,,,,,,,,,,,,,,,,,,,
"750497","JC455263","2019-10-01T06:30:00","2","DRIVERLESS",,"712957",,"TOYOTA MOTOR COMPANY, LTD.","CAMRY","IL","2009","NONE","PASSENGER","TAXI/FOR HIRE","S","PARKED",,,"0",,,,,,,,,,,,"true","true","false","false",,,"FRONT-LEFT",,,,,,,,,,,,,,,,,,,,,,,,,,,,,,,,,
"750816","JC455896","2019-10-01T06:25:00","1","DRIVER",,"713247",,"UNKNOWN","UNKNOWN","IL",,"UNKNOWN","PASSENGER","PERSONAL","W","STRAIGHT AHEAD",,,"1",,,,,,,,,,,,,,,,,"true","UNKNOWN",,,,,,,,,,,,,,,,,,,,,,,,,,,,,,,,,
"750817","JC455896","2019-10-01T06:25:00","2","DRIVER",,"713262",,"MAZDA","UNKNOWN","IL","2019","UNKNOWN","PASSENGER","PERSONAL","W","STRAIGHT AHEAD",,,"1",,,,,,,,,,,"true",,,,,,,"FRONT-LEFT",,,,,,,,,,,,,,,,,,,,,,,,,,,,,,,,,
"750842","JC455999","2019-10-01T06:15:00","1","DRIVER",,"713275",,"INFINITI","UNKNOWN","IL",,"UNKNOWN","PASSENGER","UNKNOWN/NA","S","UNKNOWN/NA",,,"1",,,,,,,,,,,"true",,,,,,,"SIDE-LEFT",,,,,,,,,,,,,,,,,,,,,,,,,,,,,,,,,
"750843","JC455999","2019-10-01T06:15:00","2","DRIVER",,"713267",,"FORD","F250","IL","2015","NONE","VAN/MINI-VAN","UNKNOWN/NA","N","STRAIGHT AHEAD",,,"1",,,,,,,,,,,"true",,,,,,,"SIDE-LEFT",,,,,,,,,,,,,,,,,,,,,,,,,,,,,,,,,
"750732","JC455241","2019-10-01T06:10:00","1","DRIVER",,"713165",,"TOYOTA MOTOR COMPANY, LTD.","RAV4 (sport utility)","IL","2017","NONE","SPORT UTILITY VEHICLE (SUV)","PERSONAL","S","SKIDDING/CONTROL LOSS","true",,"1",,"CITY OF CHICAGO","POUND 6",,"true",,,,,,,,,,,"true",,"FRONT",,,,,,,,,,,,,,,,,,,,,,,,,,,,,,,,,
"750735","JC455241","2019-10-01T06:10:00","2","PARKED",,"713169",,"HONDA","CRV","IL","2012","UNKNOWN","SPORT UTILITY VEHICLE (SUV)","NOT IN USE","UNKNOWN","PARKED",,,"0",,,,,,,,,,"true","true",,,,,,,"SIDE-LEFT",,,,,,,,,,,,,,,,,,,,,,,,,,,,,,,,,
"750614","JC455237","2019-10-01T06:05:00","1","DRIVER",,"713064",,"CHEVROLET","SILVERADO","IL","2013","NONE","PICKUP","PERSONAL","S","STRAIGHT AHEAD",,,"1",,,,,,,,,,,,,,,,"true",,"OTHER",,,,,,,,,,,,,,,,,,,,,,,,,,,,,,,,,
"750615","JC455237","2019-10-01T06:05:00","2","DRIVER",,"713071",,"BUICK","UNKNOWN","IL","2018","NONE","SPORT UTILITY VEHICLE (SUV)","PERSONAL","SW","TURNING RIGHT",,,"1",,,,,,,,,,"true",,,,,,,,"REAR-LEFT",,,,,,,,,,,,,,,,,,,,,,,,,,,,,,,,,
"750922","JC456046","2019-10-01T06:00:00","1","DRIVER",,"713337",,"FORD","EXPLORER","IL","2003","UNKNOWN","SPORT UTILITY VEHICLE (SUV)","PERSONAL","N","TURNING LEFT",,,"1",,,,,,,,,"true",,,,,,,,,"REAR",,,,,,,,,,,,,,,,,,,,,,,,,,,,,,,,,
"750923","JC456046","2019-10-01T06:00:00","2","DRIVER",,"713355",,"MERCURY","GRAND MARQUIS","IL","2005","UNKNOWN","PASSENGER","RIDESHARE SERVICE","S","STRAIGHT AHEAD",,,"1",,,,,"true",,,,,,,,,,,"true",,"FRONT",,,,,,,,,,,,,,,,,,,,,,,,,,,,,,,,,
"750494","JC455240","2019-10-01T06:00:00","1","DRIVER",,"712948",,"CHEVROLET","UNKNOWN","IL","2007","NONE","TRUCK - SINGLE UNIT","TOW TRUCK","NW","STRAIGHT AHEAD",,,"1",,,,"true",,,,,,,,,,,,,,"REAR",,,,,,,,,,,,,,,,,,,,,,,,,,,,,,,,,