"crash_unit_id","rd_no","crash_date","unit_no","unit_type","num_passengers","vehicle_id","cmrc_veh_i","make","model","lic_plate_state","vehicle_year","vehicle_defect","vehicle_type","vehicle_use","travel_direction","maneuver","towed_i","fire_i","occupant_cnt","exceed_speed_limit_i","towed_by","towed_to","area_00_i","area_01_i","area_02_i","area_03_i","area_04_i","area_05_i","area_06_i","area_07_i","area_08_i","area_09_i","area_10_i","area_11_i","area_12_i","area_99_i","first_contact_point","cmv_id","usdot_no","ccmc_no","ilcc_no","commercial_src","gvwr","carrier_name","carrier_state","carrier_city","hazmat_placards_i","hazmat_name","un_no","hazmat_present_i","hazmat_report_i","hazmat_report_no","mcs_report_i","mcs_report_no","hazmat_vio_cause_crash_i","mcs_vio_cause_crash_i","idot_permit_no","wide_load_i","trailer1_width","trailer2_width","trailer1_length","trailer2_length","total_vehicle_length","axle_cnt","vehicle_config","cargo_body_type","load_type","hazmat_out_of_service_i","mcs_out_of_service_i","hazmat_class"
"750495","JC455240","2019-10-01T06:00:00","2","PARKED",,"712952",,"JEEP","Wrangler (for vehicle years 1989 to present)","IL","1998","NONE","PASSENGER","PERSONAL","NW","PARKED",,,"0",,,,,,,,,,"true",,,,,,,,"REAR-LEFT",,,,,,,,,,,,,,,,,,,,,,,,,,,,,,,,,
"750482","JC455215","2019-10-01T05:18:00","1","DRIVER",,"712939",,"UNKNOWN","UNKNOWN","IL",,"UNKNOWN","UNKNOWN/NA","UNKNOWN/NA","W","STRAIGHT AHEAD",,,"1",,,,"false",,,,,,,,,,,,,"true","UNKNOWN",,,,,,,,,,,,,,,,,,,,,,,,,,,,,,,,,
"750483","JC455215","2019-10-01T05:18:00","2","DRIVER",,"712940",,"NISSAN","JUKE","IN","2016","NONE","PASSENGER","PERSONAL","W","STRAIGHT AHEAD",,,"1",,,,,,,,,,,,,,,"true",,,"TOTAL (ALL AREAS)",,,,,,,,,,,,,,,,,,,,,,,,,,,,,,,,,
"750509","JC455204","2019-10-01T04:13:00","1","DRIVER",,"712963",,"MERCEDES-BENZ","C300","IL","2011","UNKNOWN","PASSENGER","PERSONAL","S","STRAIGHT AHEAD",,,"1",,,,,"true","true","true",,,,,,,,,"true",,"FRONT",,,,,,,,,,,,,,,,,,,,,,,,,,,,,,,,,
"750510","JC455204","2019-10-01T04:13:00","2","DRIVER","1","712982",,"AUDI","UNKNOWN","IL","2007","UNKNOWN","PASSENGER","PERSONAL","W","TURNING LEFT",,,"2",,,,,,,"true","true","true","true",,,,,,,,"REAR",,,,,,,,,,,,,,,,,,,,,,,,,,,,,,,,,
"750556","JC455347","2019-10-01T04:00:00","1","DRIVER",,"713008",,"UNKNOWN","UNKNOWN","IL",,"UNKNOWN","UNKNOWN/NA","UNKNOWN/NA","UNKNOWN","UNKNOWN/NA",,,"1",,,,,,,,,,,,,,,,,"true","UNKNOWN",,,,,,,,,,,,,,,,,,,,,,,,,,,,,,,,,
"750557","JC455347","2019-10-01T04:00:00","2","PARKED",,"713015",,"SUBARU","UNKNOWN","IL","2007","NONE","PASSENGER","PERSONAL","UNKNOWN","PARKED",,,"0",,,,,,,,,,,"false","true","true","true","false",,,"FRONT-LEFT",,,,,,,,,,,,,,,,,,,,,,,,,,,,,,,,,
"751161","JC456399","2019-10-01T02:45:00","1","DRIVER",,"713563",,"DODGE","RAM 1500 PU","IL","2011","NONE","PICKUP","PERSONAL","W","STRAIGHT AHEAD",,,"1",,,,,"true","true","true","true","true",,,,,,,,,"SIDE-RIGHT",,,,,,,,,,,,,,,,,,,,,,,,,,,,,,,,,
"751162","JC456399","2019-10-01T02:45:00","2","PARKED",,"713564",,"GENERAL MOTORS CORP.","ACADIA","IL","2011","NONE","SPORT UTILITY VEHICLE (SUV)","NOT IN USE","W","PARKED",,,"0",,,,,,,,,,,"true","true","true","true","true",,,"ROOF",,,,,,,,,,,,,,,,,,,,,,,,,,,,,,,,,
"751163","JC456399","2019-10-01T02:45:00","3","PARKED",,"713566",,"BUICK","ENCLAVE","IL","2012","NONE","PASSENGER","NOT IN USE","W","PARKED",,,"0",,,,,,,,,,,"true","true","true","true","true",,,"ROOF",,,,,,,,,,,,,,,,,,,,,,,,,,,,,,,,,
"750476","JC455198","2019-10-01T02:40:00","1","DRIVER",,"712932",,"UNKNOWN","UNKNOWN",,,"UNKNOWN","UNKNOWN/NA","UNKNOWN/NA","W","STRAIGHT AHEAD",,,"1",,,,,"true",,,,,,,,,,,,,"FRONT",,,,,,,,,,,,,,,,,,,,,,,,,,,,,,,,,
"750475","JC455198","2019-10-01T02:40:00","2","PEDESTRIAN",,,,,,,,,,,,,,,,,,,,,,,,,,,,,,,,,,,,,,,,,,,,,,,,,,,,,,,,,,,,,,,,,,
"751498","JC455631","2019-10-01T02:30:00","1","DRIVER",,"713881",,"DODGE","RAM 2500 PU","KS",,"UNKNOWN","SINGLE UNIT TRUCK WITH TRAILER","UNKNOWN/NA","UNKNOWN","UNKNOWN/NA",,,"1",,,,,,,,,,,,,,,,,"true","UNKNOWN",,,,,,,,,,,,,,,,,,,,,,,,,,,,,,,,,
"751499","JC455631","2019-10-01T02:30:00","2","PARKED",,"713882",,"HYUNDAI","SONATA","IL","2004","NONE","PASSENGER","NOT IN USE","W","PARKED",,,"0",,,,,,,,,,,,,,,"true","true",,"TOTAL (ALL AREAS)",,,,,,,,,,,,,,,,,,,,,,,,,,,,,,,,,
"750472","JC455177","2019-10-01T02:00:00","1","DRIVER",,"712929",,"FORD","FUSION",,,"UNKNOWN","UNKNOWN/NA","UNKNOWN/NA","N","STRAIGHT AHEAD",,,"1",,,,,"true","true","true","true","true",,,,,,,,,"FRONT",,,,,,,,,,,,,,,,,,,,,,,,,,,,,,,,,
"750473","JC455177","2019-10-01T02:00:00","2","PARKED",,"712930",,"CHRYSLER","200","IL","2015","NONE","PASSENGER","NOT IN USE","N","PARKED",,,"0",,,,,,,,,,,,,"false","true","true",,,"UNDER CARRIAGE",,,,,,,,,,,,,,,,,,,,,,,,,,,,,,,,,
"750474","JC455177","2019-10-01T02:00:00","3","PARKED",,"712931",,"HONDA","ACCORD","IL","2011","NONE","PASSENGER","NOT IN USE","N","PARKED",,,"0",,,,,,,,,,,"true","true","true","true","true",,,"FRONT-LEFT",,,,,,,,,,,,,,,,,,,,,,,,,,,,,,,,,
"750470","JC455158","2019-10-01T01:38:00","1","DRIVER",,"712927",,"DODGE","CHALLENGER",,,"UNKNOWN","PASSENGER","UNKNOWN/NA","E","UNKNOWN/NA",,,"1",,,,,"true","true","true",,,,,,,,,,,"FRONT",,,,,,,,,,,,,,,,,,,,,,,,,,,,,,,,,
"750471","JC455158","2019-10-01T01:38:00","2","PARKED",,"712925",,"INFINITI","UNKNOWN","IL","2016","UNKNOWN","PASSENGER","NOT IN USE","UNKNOWN","PARKED",,,"0",,,,,,,,,,,"true","true","true",,,,,"SIDE-LEFT",,,,,,,,,,,,,,,,,,,,,,,,,,,,,,,,,
"750468","JC455157","2019-10-01T00:45:00","1","DRIVER",,"712926",,"FORD","CROWN VICTORIA","IL","1999","UNKNOWN","PASSENGER","UNKNOWN/NA","W","STRAIGHT AHEAD","true",,"1",,"CPD","POUND 1",,"true","true",,,,,,,,"true","true","true",,"OTHER",,,,,,,,,,,,,,,,,,,,,,,,,,,,,,,,,
"750469","JC455157","2019-10-01T00:45:00","2","DRIVER",,"712928",,"MERCEDES-BENZ","C300","IL","2015","NONE","PASSENGER","PERSONAL","S","STRAIGHT AHEAD",,,"1",,,,,,,,,,,"true",,,,,,,"SIDE-LEFT",,,,,,,,,,,,,,,,,,,,,,,,,,,,,,,,,
"750481","JC455174","2019-10-01T00:30:00","1","DRIVER",,"712937","true","FREIGHTLINER CORP.","FREIGHTLINER CORP.","IN","2019","UNKNOWN","TRACTOR W/ SEMI-TRAILER","COMMERCIAL - SINGLE UNIT","N","TURNING RIGHT",,,"1",,,,,,,"false","true","true",,,,,,,,,"REAR","8290","054283",,,"DRIVER","3","SWIFT TRANSPORTATION CO OF ARIZONA LLC","IN","GARY",,,,"N","N",,"N",,"N","N",,,"97-102",,"53",,,"3","TRACTOR/SEMI-TRAILER","VAN/ENCLOSED BOX","OTHER","false","false",
"750465","JC455141","2019-10-01T00:16:00","1","DRIVER","1","712922",,"CHEVROLET","CRUZE","IL","2015","UNKNOWN","PASSENGER","PERSONAL","S","STRAIGHT AHEAD","false",,"2",,,,,,,,,,,,,,"true","true","true",,"TOTAL (ALL AREAS)",,,,,,,,,,,,,,,,,,,,,,,,,,,,,,,,,
"750466","JC455141","2019-10-01T00:16:00","2","PARKED",,"712923",,"FORD","UNKNOWN","IL","2006","OTHER","PASSENGER","PERSONAL","S","PARKED",,,"0",,,,,"true","true","true",,,,,,,,,,,"SIDE-RIGHT",,,,,,,,,,,,,,,,,,,,,,,,,,,,,,,,,
"750467","JC455141","2019-10-01T00:16:00","3","PARKED",,"712924",,"ACURA","ACURA","IL","2008","UNKNOWN","PASSENGER","PERSONAL","S","PARKED",,,"0",,,,,,,,"true","true","true",,,,,,,,"FRONT-LEFT",,,,,,,,,,,,,,,,,,,,,,,,,,,,,,,,,
"750742","JC455682","2019-10-01T00:01:00","1","DRIVER",,"713173",,"UNKNOWN","UNKNOWN",,,"UNKNOWN","UNKNOWN/NA","UNKNOWN/NA","UNKNOWN","UNKNOWN/NA",,,"1",,,,,,,,,,,,,,,,,"true","UNKNOWN",,,,,,,,,,,,,,,,,,,,,,,,,,,,,,,,,
"750743","JC455682","2019-10-01T00:01:00","2","PARKED",,"713177","false","HYUNDAI","UNKNOWN","IL","2018","NONE","PASSENGER","COMMERCIAL - SINGLE UNIT","S","PARKED",,,"0",,,,,"true","true","true","true","true",,"false","false","false","false","false",,,"UNKNOWN",,,,,,,,,,,,,,,,,,,,,,,,,,,,,,,,,
"750916","JC456075","2019-09-30T23:30:00","1","DRIVER","1","713336",,"CHEVROLET","MALIBU (CHEVELLE)","IL","2016","UNKNOWN","PASSENGER","PERSONAL","N","OTHER",,,"2",,,,,,,"true",,,,,,,,,,,"SIDE-RIGHT",,,,,,,,,,,,,,,,,,,,,,,,,,,,,,,,,
"750917","JC456075","2019-09-30T23:30:00","2","DRIVER",,"713326",,"CHEVROLET","CRUZE","IL","2016","NONE","PASSENGER","PERSONAL","N","STRAIGHT AHEAD",,,"1",,,,,,,,,,,,"true",,,,,,"ROOF",,,,,,,,,,,,,,,,,,,,,,,,,,,,,,,,,
"750623","JC455489","2019-09-30T23:30:00","1","DRIVER",,"713072",,"JEEP","Liberty","IL","2002","UNKNOWN","PASSENGER","UNKNOWN/NA","N","BACKING",,,"1",,,,,,,,,,,,,,,,,"true","REAR-LEFT",,,,,,,,,,,,,,,,,,,,,,,,,,,,,,,,,
"750624","JC455489","2019-09-30T23:30:00","2","PARKED",,"713079",,"NISSAN","NISSAN MAXIMA","IL","2002","NONE","PASSENGER","PERSONAL","N","PARKED",,,"0",,,,,,,,,,,,,,,"true","true",,"OTHER",,,,,,,,,,,,,,,,,,,,,,,,,,,,,,,,,
"750477","JC455072","2019-09-30T23:10:00","1","PARKED",,"712935",,"CHEVROLET","CHEVROLET","IL","2018","NONE","PASSENGER","PERSONAL","E","PARKED",,,"2",,,,,,,,,,,,"true",,"true",,,,"ROOF",,,,,,,,,,,,,,,,,,,,,,,,,,,,,,,,,
"750478","JC455072","2019-09-30T23:10:00","2","BICYCLE",,,,,,,,,,,,,,,,,,,,,,,,,,,,,,,,,,,,,,,,,,,,,,,,,,,,,,,,,,,,,,,,,,
"750457","JC455078","2019-09-30T22:55:00","1","DRIVER",,"712915",,"HONDA","ACCORD","IL","2000","UNKNOWN","UNKNOWN/NA","UNKNOWN/NA","N","STRAIGHT AHEAD",,,"1",,,,,"true","true","true","true",,,,,,,,,,"SIDE-RIGHT",,,,,,,,,,,,,,,,,,,,,,,,,,,,,,,,,
"750458","JC455078","2019-09-30T22:55:00","2","DRIVERLESS",,"712916",,"FORD","UNKNOWN","IL","2011","UNKNOWN","VAN/MINI-VAN","UNKNOWN/NA","UNKNOWN","PARKED",,,"0",,,,,,,,,,,,"true",,"true","true",,,"ROOF",,,,,,,,,,,,,,,,,,,,,,,,,,,,,,,,,
"750445","JC455050","2019-09-30T22:40:00","1","DRIVER","1","712901",,"SUZUKI","SUZUKI","IL","2007","UNKNOWN","MOTORCYCLE (OVER 150CC)","PERSONAL","N","UNKNOWN/NA",,,"2",,,,,"true","true","true",,,,,,,,,"true",,"OTHER",,,,,,,,,,,,,,,,,,,,,,,,,,,,,,,,,
"750446","JC455050","2019-09-30T22:40:00","2","DRIVER",,"712906",,"HONDA","CIVIC","IL","2007","UNKNOWN","PASSENGER","PERSONAL","N","STRAIGHT AHEAD",,,"1",,,,,,,,,,,,,"true",,,,,"ROOF",,,,,,,,,,,,,,,,,,,,,,,,,,,,,,,,,
"750449","JC455055","2019-09-30T22:36:00","1","DRIVER",,"712907",,"INFINITI","Q45","XX","2002","UNKNOWN","PASSENGER","UNKNOWN/NA","W","UNKNOWN/NA","true",,"1",,"ER TOWING","UNKNOWN",,"true",,,,,,,,,"false","true","true",,"TOTAL (ALL AREAS)",,,,,,,,,,,,,,,,,,,,,,,,,,,,,,,,,
"750450","JC455055","2019-09-30T22:36:00","2","DRIVER",,"712912",,"TOYOTA MOTOR COMPANY, LTD.","UNKNOWN","IN","2018","UNKNOWN","UNKNOWN/NA","PERSONAL","N","SLOW/STOP IN TRAFFIC",,,"1",,,,,"true",,,,,,,,,,"true","true",,"FRONT",,,,,,,,,,,,,,,,,,,,,,,,,,,,,,,,,
"750447","JC455042","2019-09-30T22:25:00","1","DRIVER",,"712903",,"UNKNOWN","UNKNOWN",,,"UNKNOWN","PASSENGER","UNKNOWN/NA","N","STRAIGHT AHEAD",,,"1",,,,,"true",,,,,,,,,,,,,"FRONT",,,,,,,,,,,,,,,,,,,,,,,,,,,,,,,,,
"750448","JC455042","2019-09-30T22:25:00","2","DRIVER",,"712905",,"NEW FLYER","NEW FLYER","IL",,"NONE","BUS OVER 15 PASS.","CTA","N","OTHER",,,"1",,,,,,,,,,,,,,,"true",,,"TOTAL (ALL AREAS)",,,,,,,,,,,,,,,,,,,,,,,,,,,,,,,,,
"750436","JC455043","2019-09-30T22:15:00","1","DRIVER",,"712894",,"UNKNOWN","UNKNOWN","IL",,"UNKNOWN","UNKNOWN/NA","UNKNOWN/NA","W","STRAIGHT AHEAD",,,"1",,,,,,,,,,,,,,,,,"true","UNKNOWN",,,,,,,,,,,,,,,,,,,,,,,,,,,,,,,,,
"750438","JC455043","2019-09-30T22:15:00","2","PARKED",,"712895",,"NISSAN","NISSAN MAXIMA","IL","2018","UNKNOWN","PASSENGER","PERSONAL","W","PARKED",,,"0",,,,,"true","true","true","true","true",,,,,,,,,"REAR-RIGHT",,,,,,,,,,,,,,,,,,,,,,,,,,,,,,,,,
"750459","JC455133","2019-09-30T22:05:00","1","BICYCLE",,,,,,,,,,,,,,,,,,,,,,,,,,,,,,,,,,,,,,,,,,,,,,,,,,,,,,,,,,,,,,,,,,
"750460","JC455133","2019-09-30T22:05:00","2","PARKED",,"712919",,"UNKNOWN","UNKNOWN","ME","2009","NONE","SINGLE UNIT TRUCK WITH TRAILER","UNKNOWN/NA","UNKNOWN","PARKED",,,"0",,,,"true",,,,,,,,,,,,,,"FRONT-LEFT",,,,,,,,,,,,,,,,,,,,,,,,,,,,,,,,,
"750441","JC455059","2019-09-30T22:00:00","1","DRIVER",,"712897",,"CHEVROLET","CRUZE",,,"UNKNOWN","PASSENGER","PERSONAL","S","TURNING LEFT",,,"1",,,,,,,"true",,,,,,,,,,,"FRONT-RIGHT",,,,,,,,,,,,,,,,,,,,,,,,,,,,,,,,,
"750442","JC455059","2019-09-30T22:00:00","2","DRIVER",,"712900",,"TOYOTA MOTOR COMPANY, LTD.","Prius","IL","2012","UNKNOWN","PASSENGER","TAXI/FOR HIRE","N","STRAIGHT AHEAD",,,"1",,,,,,,,,,,,,,,,"true",,"OTHER",,,,,,,,,,,,,,,,,,,,,,,,,,,,,,,,,
"750439","JC455060","2019-09-30T21:25:00","1","DRIVER","1","712899",,"CHEVROLET","IMPALA","IL","2010","NONE","PASSENGER","PERSONAL","N","TURNING RIGHT","true",,"2",,"private",,,"true","true",,,,,,,,,,,,"FRONT",,,,,,,,,,,,,,,,,,,,,,,,,,,,,,,,,
"750440","JC455060","2019-09-30T21:25:00","2","DRIVER",,"712904",,"TOYOTA MOTOR COMPANY, LTD.","CAMRY","IL","2013","NONE","PASSENGER","TAXI/FOR HIRE","N","STRAIGHT AHEAD",,,"1",,,,,,,,,,,,,,"true","true",,,"TOTAL (ALL AREAS)",,,,,,,,,,,,,,,,,,,,,,,,,,,,,,,,,
"750762","JC455808","2019-09-30T21:15:00","1","DRIVER",,"713198",,"ACURA","ACURA","IL","2009","UNKNOWN","UNKNOWN/NA","UNKNOWN/NA","N","BACKING",,,"1",,,,,,,,,,,,,,,,,"true","REAR-LEFT",,,,,,,,,,,,,,,,,,,,,,,,,,,,,,,,,
"750763","JC455808","2019-09-30T21:15:00","2","DRIVER",,"713201",,"TOYOTA MOTOR COMPANY, LTD.","CAMRY","IL","2013","NONE","PASSENGER","TAXI/FOR HIRE","S","STRAIGHT AHEAD",,,"1",,,,,,,,,,,,,,,,"true",,"OTHER",,,,,,,,,,,,,,,,,,,,,,,,,,,,,,,,,
"750706","JC455693","2019-09-30T21:00:00","1","DRIVER",,"713171",,"HONDA","ACCORD","IL","2010","UNKNOWN","PASSENGER","UNKNOWN/NA","S","BACKING",,,"1",,,,,,,,,,,,,,,,,"true","UNKNOWN",,,,,,,,,,,,,,,,,,,,,,,,,,,,,,,,,
"750710","JC455693","2019-09-30T21:00:00","2","PARKED",,"713147",,"CHEVROLET","IMPALA","IL","2007","UNKNOWN","PASSENGER","PERSONAL","S","PARKED",,,"0",,,,,,,"true",,,,,,,,,,,"SIDE-RIGHT",,,,,,,,,,,,,,,,,,,,,,,,,,,,,,,,,
"750433","JC454969","2019-09-30T20:55:00","1","DRIVER","1","712889",,"FORD","FORD","IL","2015","NONE","SPORT UTILITY VEHICLE (SUV)","POLICE","E","STRAIGHT AHEAD","true",,"2",,"CITY OF CHICAGO","CITY POUND",,,,,,,,,,,,,"true",,"OTHER",,,,,,,,,,,,,,,,,,,,,,,,,,,,,,,,,
"751467","JC457065","2019-09-30T20:31:00","1","DRIVER",,"713860",,"MERCEDES-BENZ","UNKNOWN","IL","2008","UNKNOWN","PASSENGER","UNKNOWN/NA","S","BACKING",,,"1",,,,,,,,,,,,,,,,,"true","UNKNOWN",,,,,,,,,,,,,,,,,,,,,,,,,,,,,,,,,
"751468","JC457065","2019-09-30T20:31:00","2","DRIVER",,"713841",,"FORD","FORD","IL","2018","NONE","PASSENGER","PERSONAL","N","SLOW/STOP IN TRAFFIC",,,"1",,,,,,,,,,,,,"true",,,,,"ROOF",,,,,,,,,,,,,,,,,,,,,,,,,,,,,,,,,
"752100","JC457066","2019-09-30T20:30:00","1","DRIVER",,"714450",,"JAGUAR","XJ","IL","2015","NONE","PASSENGER","PERSONAL","S","STRAIGHT AHEAD",,,"1",,,,,,"true",,,,,,,,,,,,"FRONT-RIGHT",,,,,,,,,,,,,,,,,,,,,,,,,,,,,,,,,
"750461","JC454994","2019-09-30T20:30:00","1","DRIVER",,"712917",,"UNKNOWN","UNKNOWN","XX",,"OTHER","UNKNOWN/NA","UNKNOWN/NA","UNKNOWN","UNKNOWN/NA",,,"1",,,,,,,,,,,,,,,,,"true","UNKNOWN",,,,,,,,,,,,,,,,,,,,,,,,,,,,,,,,,
"750462","JC454994","2019-09-30T20:30:00","2","PARKED",,"712918",,"NISSAN","ROGUE","IL","2015","NONE","SPORT UTILITY VEHICLE (SUV)","PERSONAL","UNKNOWN","PARKED",,,"0",,,,,,,,,,,,,,"false","true",,,"FRONT",,,,,,,,,,,,,,,,,,,,,,,,,,,,,,,,,
"750428","JC454983","2019-09-30T20:30:00","1","DRIVER",,"712885",,"TOYOTA MOTOR COMPANY, LTD.","Sienna (van)","IL","2019","NONE","VAN/MINI-VAN","PERSONAL","UNKNOWN","PASSING/OVERTAKING",,,"1",,,,,,,"true",,,,,,,,,,,"SIDE-RIGHT",,,,,,,,,,,,,,,,,,,,,,,,,,,,,,,,,
"750429","JC454983","2019-09-30T20:30:00","2","DRIVER",,"712892",,"LINCOLN-CONTINENTAL","MKZ","IL","2017","NONE","PASSENGER","RIDESHARE SERVICE","UNKNOWN","STRAIGHT AHEAD",,,"1",,,,,,,,,,"true",,,,,,,,"FRONT-LEFT",,,,,,,,,,,,,,,,,,,,,,,,,,,,,,,,,
"750413","JC454951","2019-09-30T20:05:00","1","DRIVER",,"712872",,"UNKNOWN","UNKNOWN","IL",,"UNKNOWN","UNKNOWN/NA","UNKNOWN/NA","E","STRAIGHT AHEAD",,,"1",,,,,,,,,,,,,,,"true",,,"UNDER CARRIAGE",,,,,,,,,,,,,,,,,,,,,,,,,,,,,,,,,
"750416","JC454951","2019-09-30T20:05:00","2","DRIVER",,"712874",,"HONDA","CIVIC","IL","2013","NONE","PASSENGER","PERSONAL","E","STRAIGHT AHEAD",,,"1",,,,,,,"true",,,,,,,,,,,"UNDER CARRIAGE",,,,,,,,,,,,,,,,,,,,,,,,,,,,,,,,,
"754258","JC461978","2019-09-30T20:00:00","1","DRIVER",,"716480",,"UNKNOWN","UNKNOWN","IL",,"UNKNOWN","UNKNOWN/NA","UNKNOWN/NA","S","UNKNOWN/NA",,,"1",,,,,"true",,,,,,,,,,,,,"FRONT",,,,,,,,,,,,,,,,,,,,,,,,,,,,,,,,,
"754259","JC461978","2019-09-30T20:00:00","2","PARKED",,"716481",,"TOYOTA MOTOR COMPANY, LTD.","Prius","IL",,"NONE","PASSENGER","NOT IN USE","S","PARKED",,,"0",,,,,,,,,,,,,"true",,,,,"ROOF",,,,,,,,,,,,,,,,,,,,,,,,,,,,,,,,,
"750398","JC454916","2019-09-30T20:00:00","1","DRIVER",,"712858",,"TOYOTA MOTOR COMPANY, LTD.","Prius","IL","2009","UNKNOWN","PASSENGER","PERSONAL","S","TURNING RIGHT",,,"1",,,,,,,,,"true",,,,,,,,,"REAR",,,,,,,,,,,,,,,,,,,,,,,,,,,,,,,,,
"750399","JC454916","2019-09-30T20:00:00","2","DRIVER",,"712862",,"BUICK","LACROSSE","IL","2011","NONE","PASSENGER","PERSONAL","S","STRAIGHT AHEAD",,,"1",,,,,,,,,,,,,,,"true",,,"TOTAL (ALL AREAS)",,,,,,,,,,,,,,,,,,,,,,,,,,,,,,,,,
"750388","JC454911","2019-09-30T20:00:00","1","DRIVER",,"712857",,"DODGE","JOURNEY","IL","2018","NONE","SPORT UTILITY VEHICLE (SUV)","PERSONAL","N","STRAIGHT AHEAD",,,"1",,,,,,,,,,,,,,,,"true",,"OTHER",,,,,,,,,,,,,,,,,,,,,,,,,,,,,,,,,
"750389","JC454911","2019-09-30T20:00:00","2","DRIVER",,"712864",,"BMW","X5","IL","2012","NONE","SPORT UTILITY VEHICLE (SUV)","PERSONAL","N","STRAIGHT AHEAD",,,"1",,,,,,,,,,"true",,,,,,,,"REAR-LEFT",,,,,,,,,,,,,,,,,,,,,,,,,,,,,,,,,
"750409","JC454909","2019-09-30T20:00:00","1","DRIVER","1","712870",,"TOYOTA MOTOR COMPANY, LTD.","COROLLA","IL","2006","UNKNOWN","PASSENGER","PERSONAL","N","STRAIGHT AHEAD","true",,"2",,"city","doty",,"true",,,,,,,,,,"true","true",,"OTHER",,,,,,,,,,,,,,,,,,,,,,,,,,,,,,,,,
"750410","JC454909","2019-09-30T20:00:00","2","DRIVER","1","712876",,"HONDA","ACCORD","IL","2008","NONE","PASSENGER","PERSONAL","N","STARTING IN TRAFFIC",,,"2",,,,,,,,"true","true","true","false",,,,,,,"REAR-RIGHT",,,,,,,,,,,,,,,,,,,,,,,,,,,,,,,,,
"750381","JC454905","2019-09-30T20:00:00","1","PARKED","1","712842",,"PONTIAC","G6","IL","2006","NONE","PASSENGER","PERSONAL","S","PARKED",,,"1",,,,,,,,,,,,,,,,,,"ROOF",,,,,,,,,,,,,,,,,,,,,,,,,,,,,,,,,
"750382","JC454905","2019-09-30T20:00:00","2","DRIVER",,"712847",,"BMW","328i","IL","2009","NONE","PASSENGER","PERSONAL","S","STRAIGHT AHEAD",,,"2",,,,,,,"true","true",,,,,,,,,,"SIDE-RIGHT",,,,,,,,,,,,,,,,,,,,,,,,,,,,,,,,,
"750401","JC454882","2019-09-30T19:52:00","1","DRIVER",,"712860",,"PONTIAC","Vibe (sport wagon)","IL","2003","NONE","PASSENGER","PERSONAL","W","TURNING LEFT",,,"1",,,,,,,,,,,,,,,,"true",,"OTHER",,,,,,,,,,,,,,,,,,,,,,,,,,,,,,,,,
"750402","JC454882","2019-09-30T19:52:00","2","DRIVER",,"712865",,"NISSAN","SENTRA (DATSUN AND NISSAN HAVE MERGED)","IL","2017","NONE","PASSENGER","PERSONAL","N","STRAIGHT AHEAD",,,"1",,,,,,"true","true","true",,,,,,,,,,"SIDE-RIGHT",,,,,,,,,,,,,,,,,,,,,,,,,,,,,,,,,
"750406","JC454885","2019-09-30T19:39:00","1","DRIVER",,"712869","true","NEW FLYER","NEW FLYER","IL","2006","OTHER","BUS OVER 15 PASS.","CTA","N","STRAIGHT AHEAD",,,"1",,,,,,,,"true",,,,,,,,,,"REAR-RIGHT",,,,,,,,,,,,,,,,,,,,,,,,,,,,,,,,,
"750407","JC454885","2019-09-30T19:39:00","2","PARKED",,"712875",,"HONDA","Pilot","IL","2003","NONE","SPORT UTILITY VEHICLE (SUV)","NOT IN USE","N","PARKED",,,"0",,,,,,,,,,,,,,"true","true",,,"ROOF",,,,,,,,,,,,,,,,,,,,,,,,,,,,,,,,,
"750774","JC455738","2019-09-30T19:32:00","1","DRIVER",,"713212",,"NISSAN","ROGUE","IL","2020","UNKNOWN","SPORT UTILITY VEHICLE (SUV)","OTHER","UNKNOWN","STRAIGHT AHEAD",,,"1",,,,,,,,,,"true","true",,,,,,,"FRONT-LEFT",,,,,,,,,,,,,,,,,,,,,,,,,,,,,,,,,
"753019","JC459854","2019-09-30T19:30:00","1","DRIVER",,"715332",,"AUDI","Q7","IL","2010","UNKNOWN","PICKUP","PERSONAL","S","BACKING",,,"1",,,,,,,,,,"true",,,,,,,,"REAR-LEFT",,,,,,,,,,,,,,,,,,,,,,,,,,,,,,,,,
"753020","JC459854","2019-09-30T19:30:00","2","PARKED",,"715336",,"PONTIAC","GRAND AM","IL","2004","UNKNOWN","PASSENGER","NOT IN USE","N","PARKED",,,"0",,,,,,,,,"true",,,,,,,,,"REAR",,,,,,,,,,,,,,,,,,,,,,,,,,,,,,,,,
"750425","JC454996","2019-09-30T19:30:00","1","DRIVER",,"712886",,"JEEP","UNKNOWN",,,"UNKNOWN","PASSENGER","UNKNOWN/NA","UNKNOWN","UNKNOWN/NA",,,"1",,,,,,,,,,,,,,,,,"true","UNKNOWN",,,,,,,,,,,,,,,,,,,,,,,,,,,,,,,,,
"750426","JC454996","2019-09-30T19:30:00","2","PARKED",,"712887",,"HONDA","UNKNOWN","IL",,"NONE","OTHER","PERSONAL","UNKNOWN","PARKED",,,"0",,,,,,,,,,,,,,,,,"true","UNKNOWN",,,,,,,,,,,,,,,,,,,,,,,,,,,,,,,,,
"750379","JC454894","2019-09-30T19:30:00","1","DRIVER",,"712829",,"SAAB","UNKNOWN","IL","2011","UNKNOWN","UNKNOWN/NA","UNKNOWN/NA","S","UNKNOWN/NA",,,"1",,,,,"true","true",,,,,,,,,,,,"FRONT",,,,,,,,,,,,,,,,,,,,,,,,,,,,,,,,,