"crash_unit_id","rd_no","crash_date","unit_no","unit_type","num_passengers","vehicle_id","cmrc_veh_i","make","model","lic_plate_state","vehicle_year","vehicle_defect","vehicle_type","vehicle_use","travel_direction","maneuver","towed_i","fire_i","occupant_cnt","exceed_speed_limit_i","towed_by","towed_to","area_00_i","area_01_i","area_02_i","area_03_i","area_04_i","area_05_i","area_06_i","area_07_i","area_08_i","area_09_i","area_10_i","area_11_i","area_12_i","area_99_i","first_contact_point","cmv_id","usdot_no","ccmc_no","ilcc_no","commercial_src","gvwr","carrier_name","carrier_state","carrier_city","hazmat_placards_i","hazmat_name","un_no","hazmat_present_i","hazmat_report_i","hazmat_report_no","mcs_report_i","mcs_report_no","hazmat_vio_cause_crash_i","mcs_vio_cause_crash_i","idot_permit_no","wide_load_i","trailer1_width","trailer2_width","trailer1_length","trailer2_length","total_vehicle_length","axle_cnt","vehicle_config","cargo_body_type","load_type","hazmat_out_of_service_i","mcs_out_of_service_i","hazmat_class"
"750380","JC454894","2019-09-30T19:30:00","2","DRIVER","1","712837",,"DODGE","CHARGER",,,"NONE","PASSENGER","PERSONAL","S","STRAIGHT AHEAD",,,"2",,,,,,,,,,,,"true","true","true",,,,"ROOF",,,,,,,,,,,,,,,,,,,,,,,,,,,,,,,,,
"750404","JC454889","2019-09-30T19:15:00","1","DRIVER",,"712863",,"HONDA","CIVIC","IL","2019","UNKNOWN","PASSENGER","PERSONAL","S","STRAIGHT AHEAD",,,"1",,,,,,,,,,"true",,,,,,,,"REAR-LEFT",,,,,,,,,,,,,,,,,,,,,,,,,,,,,,,,,
"750405","JC454889","2019-09-30T19:15:00","2","DRIVER",,"712867",,"HONDA","CRV","IL","2008","UNKNOWN","PASSENGER","PERSONAL","S","STRAIGHT AHEAD",,,"1",,,,"true",,,,,,,,,,,,"false",,"OTHER",,,,,,,,,,,,,,,,,,,,,,,,,,,,,,,,,
"750375","JC454880","2019-09-30T19:15:00","1","DRIVER",,"712826",,"UNKNOWN","UNKNOWN",,,"UNKNOWN","TRACTOR W/ SEMI-TRAILER","UNKNOWN/NA","E","STRAIGHT AHEAD",,,"1",,,,,"true","true",,,,,,,,,,,,"FRONT",,,,,,,,,,,,,,,,,,,,,,,,,,,,,,,,,
"750376","JC454880","2019-09-30T19:15:00","2","DRIVER",,"712833",,"FORD","EDGE","IL","2010","NONE","PASSENGER","PERSONAL","E","TURNING RIGHT",,,"1",,,,,,,,,,,"true","true",,,,,,"SIDE-LEFT",,,,,,,,,,,,,,,,,,,,,,,,,,,,,,,,,
"750415","JC454902","2019-09-30T19:09:00","1","DRIVER",,"712877",,"DODGE","CHARGER","IL","2014","UNKNOWN","PASSENGER","PERSONAL","W","AVOIDING VEHICLES/OBJECTS","true",,"1",,"PRIVATE","PRIVATE",,"true",,,,,,,,,,"true","true",,"OTHER",,,,,,,,,,,,,,,,,,,,,,,,,,,,,,,,,
"750368","JC454865","2019-09-30T19:00:00","1","DRIVER",,"712824",,"UNKNOWN","UNKNOWN",,,"UNKNOWN","UNKNOWN/NA","UNKNOWN/NA","UNKNOWN","UNKNOWN/NA",,,"1",,,,,,,,,,,,,,,,,"true","UNKNOWN",,,,,,,,,,,,,,,,,,,,,,,,,,,,,,,,,
"750369","JC454865","2019-09-30T19:00:00","2","PARKED",,"712832",,"SUBARU","LEGACY","WI","2003","NONE","PASSENGER","NOT IN USE","N","PARKED","true",,"0",,"OWNER",,,"true",,,,,,,,,,"true","true",,"TOTAL (ALL AREAS)",,,,,,,,,,,,,,,,,,,,,,,,,,,,,,,,,
"755889","JC465235","2019-09-30T18:50:00","1","DRIVER","1","718000",,"UNKNOWN","UNKNOWN",,,"UNKNOWN","PASSENGER","UNKNOWN/NA","E","TURNING RIGHT",,,"2",,,,,,,,,,,,,,,,,"true","TOTAL (ALL AREAS)",,,,,,,,,,,,,,,,,,,,,,,,,,,,,,,,,
"755890","JC465235","2019-09-30T18:50:00","2","BICYCLE",,,,,,,,,,,,,,,,,,,,,,,,,,,,,,,,,,,,,,,,,,,,,,,,,,,,,,,,,,,,,,,,,,
"750383","JC454821","2019-09-30T18:49:00","1","DRIVER","1","712851",,"CHRYSLER","300","IL","2019","UNKNOWN","PASSENGER","UNKNOWN/NA","N","UNKNOWN/NA","true",,"2",,"CITY OF CHICAGO","POUND 2",,"true","true",,,,,,,,,,,,"FRONT",,,,,,,,,,,,,,,,,,,,,,,,,,,,,,,,,
"750384","JC454821","2019-09-30T18:49:00","2","DRIVER",,"712866",,"FORD","Focus","IL","2013","NONE","PASSENGER","PERSONAL","N","SLOW/STOP IN TRAFFIC",,,"1",,,,,,,,,,"true","true","true",,,,,,"REAR-LEFT",,,,,,,,,,,,,,,,,,,,,,,,,,,,,,,,,
"750340","JC454829","2019-09-30T18:45:00","1","DRIVER",,"712794",,"HONDA","ACCORD","IL","1994","NONE","PASSENGER","PERSONAL","W","STRAIGHT AHEAD",,,"1",,,,,,,,,,,,,,,"true",,,"TOTAL (ALL AREAS)",,,,,,,,,,,,,,,,,,,,,,,,,,,,,,,,,
"750341","JC454829","2019-09-30T18:45:00","2","DRIVER","1","712802",,"TOYOTA MOTOR COMPANY, LTD.","RAV4 (sport utility)","IL","2015","NONE","SPORT UTILITY VEHICLE (SUV)","PERSONAL","S","STRAIGHT AHEAD",,,"2",,,,,,,,,,,"true","true",,,,,,"FRONT-LEFT",,,,,,,,,,,,,,,,,,,,,,,,,,,,,,,,,
"750338","JC454812","2019-09-30T18:45:00","1","DRIVER",,"712808",,"MAZDA","CX-7","IL",,"UNKNOWN","PASSENGER","PERSONAL","W","UNKNOWN/NA",,,"1",,,,,,,,,,,,,,,,"true",,"OTHER",,,,,,,,,,,,,,,,,,,,,,,,,,,,,,,,,
"750339","JC454812","2019-09-30T18:45:00","2","DRIVER",,"712801",,"NISSAN","Quest","IL","2015","UNKNOWN","UNKNOWN/NA","UNKNOWN/NA","NW","TURNING LEFT",,,"1",,,,,,"true","true","true","true",,,,,,,,,"SIDE-RIGHT",,,,,,,,,,,,,,,,,,,,,,,,,,,,,,,,,
"750392","JC454810","2019-09-30T18:45:00","1","DRIVER",,"712855",,"HYUNDAI","Santa Fe","IL","2011","UNKNOWN","SPORT UTILITY VEHICLE (SUV)","PERSONAL","E","TURNING RIGHT",,,"1",,,,,"true","true","true",,,,,,,,,,,"SIDE-RIGHT",,,,,,,,,,,,,,,,,,,,,,,,,,,,,,,,,
"750393","JC454810","2019-09-30T18:45:00","2","DRIVER","1","712861",,"DODGE","CHARGER","IL","2013","UNKNOWN","PASSENGER","PERSONAL","E","STRAIGHT AHEAD",,,"2",,,,,,,,,,,,"true","true","true","false",,,"ROOF",,,,,,,,,,,,,,,,,,,,,,,,,,,,,,,,,
"750344","JC454787","2019-09-30T18:45:00","1","DRIVER",,"712809",,"TOYOTA MOTOR COMPANY, LTD.","Prius","IL","2003","UNKNOWN","PASSENGER","PERSONAL","N","STRAIGHT AHEAD",,,"1",,,,,"true","true","true","true","true",,,,,,,,,"FRONT",,,,,,,,,,,,,,,,,,,,,,,,,,,,,,,,,
"750345","JC454787","2019-09-30T18:45:00","2","DRIVER",,"712812",,"NEW FLYER","NEW FLYER","IL","2006","UNKNOWN","BUS UP TO 15 PASS.","CTA","N","STRAIGHT AHEAD",,,"1",,,,,,,,,,,,,,"true","true",,,"OTHER",,,,,,,,,,,,,,,,,,,,,,,,,,,,,,,,,
"750394","JC454931","2019-09-30T18:40:00","1","DRIVER",,"712850",,"UNKNOWN","UNKNOWN",,,"UNKNOWN","UNKNOWN/NA","UNKNOWN/NA","UNKNOWN","UNKNOWN/NA",,,"1",,,,,,,,,,,,,,,,,"true","UNKNOWN",,,,,,,,,,,,,,,,,,,,,,,,,,,,,,,,,
"750395","JC454931","2019-09-30T18:40:00","2","PARKED",,"712856",,"DODGE","DURANGO","IL","2019","NONE","SPORT UTILITY VEHICLE (SUV)","OTHER","UNKNOWN","PARKED",,,"0",,,,,,,,,,,,,,,"true","true",,"TOTAL (ALL AREAS)",,,,,,,,,,,,,,,,,,,,,,,,,,,,,,,,,
"750356","JC454817","2019-09-30T18:40:00","1","DRIVER",,"712827",,"HYUNDAI","HYUNDAI","IL","2018","UNKNOWN","PASSENGER","PERSONAL","W","STRAIGHT AHEAD",,,"1",,,,,,,,,,,,,,,,,,"OTHER",,,,,,,,,,,,,,,,,,,,,,,,,,,,,,,,,
"750357","JC454817","2019-09-30T18:40:00","2","DRIVER",,"712839",,"HONDA","HONDA","IL","2017","UNKNOWN","PASSENGER","PERSONAL","W","STRAIGHT AHEAD",,,"1",,,,,,,,,,"true",,,,,,,,"REAR-LEFT",,,,,,,,,,,,,,,,,,,,,,,,,,,,,,,,,
"750350","JC454823","2019-09-30T18:37:00","1","DRIVER",,"712810",,"UNKNOWN","UNKNOWN","IL",,"UNKNOWN","UNKNOWN/NA","UNKNOWN/NA","NW","UNKNOWN/NA",,,"1",,,,,,,,,,,,,,,,"true",,"OTHER",,,,,,,,,,,,,,,,,,,,,,,,,,,,,,,,,
"750351","JC454823","2019-09-30T18:37:00","2","DRIVER",,"712814",,"HONDA","ACCORD","IL","2005","NONE","PASSENGER","PERSONAL","W","STRAIGHT AHEAD",,,"1",,,,,,,,,,"true",,,,,,,,"REAR-LEFT",,,,,,,,,,,,,,,,,,,,,,,,,,,,,,,,,
"750414","JC454847","2019-09-30T18:35:00","1","DRIVER",,"712873",,"PONTIAC","GRAND PRIX","IL","2005","NONE","PASSENGER","PERSONAL","E","STRAIGHT AHEAD","true",,"1",,"PRIVATE",,,"true",,,,,,,,,"true","true","true","true","OTHER",,,,,,,,,,,,,,,,,,,,,,,,,,,,,,,,,
"750334","JC454811","2019-09-30T18:30:00","1","DRIVER",,"712805",,"SUZUKI","UNKNOWN","IL","2006","UNKNOWN","PASSENGER","PERSONAL","W","STRAIGHT AHEAD",,,"1",,,,,,,,,,,,,,,,"true",,"OTHER",,,,,,,,,,,,,,,,,,,,,,,,,,,,,,,,,
"750335","JC454811","2019-09-30T18:30:00","2","DRIVER","1","712815",,"AUDI","Q5","IL","2013","UNKNOWN","PASSENGER","PERSONAL","W","SLOW/STOP IN TRAFFIC",,,"2",,,,,,,,,,"true",,,,,,,,"REAR-LEFT",,,,,,,,,,,,,,,,,,,,,,,,,,,,,,,,,
"750330","JC454794","2019-09-30T18:30:00","1","DRIVER",,"712793","false","FORD","UNKNOWN","AZ","2017","UNKNOWN","TRUCK - SINGLE UNIT","OTHER","S","BACKING",,,"1",,,,,,,,,,"true","true",,,,,,,"SIDE-LEFT",,,,,,,,,,,,,,,,,,,,,,,,,,,,,,,,,
"750331","JC454794","2019-09-30T18:30:00","2","DRIVERLESS",,"712807",,"TOYOTA MOTOR COMPANY, LTD.","CAMRY","IL","2010","UNKNOWN","PASSENGER","PERSONAL","N","PARKED",,,"0",,,,,"true",,,,,,,,,,"true","true",,"OTHER",,,,,,,,,,,,,,,,,,,,,,,,,,,,,,,,,
"750358","JC454815","2019-09-30T18:25:00","1","DRIVER","3","712828",,"AUDI","UNKNOWN","IL","2002","UNKNOWN","PASSENGER","PERSONAL","S","STRAIGHT AHEAD",,,"4",,,,,"true",,,,,,,,,,,,,"FRONT",,,,,,,,,,,,,,,,,,,,,,,,,,,,,,,,,
"750359","JC454815","2019-09-30T18:25:00","2","DRIVER",,"712844",,"ACURA","ACURA","IL","2016","UNKNOWN","PASSENGER","OTHER","S","ENTERING TRAFFIC LANE FROM PARKING",,,"1",,,,"true",,,,,,,,,,,"true",,,"TOTAL (ALL AREAS)",,,,,,,,,,,,,,,,,,,,,,,,,,,,,,,,,
"753507","JC460744","2019-09-30T18:15:00","1","DRIVER",,"715772",,"UNKNOWN","UNKNOWN","IL",,"UNKNOWN","UNKNOWN/NA","UNKNOWN/NA","N","STRAIGHT AHEAD",,,"1",,,,,,,,,,,,,,,,,"true","UNKNOWN",,,,,,,,,,,,,,,,,,,,,,,,,,,,,,,,,
"753508","JC460744","2019-09-30T18:15:00","2","PARKED",,"715773",,"HONDA","Odyssey (minivan)","IL","2008","NONE","PASSENGER","PERSONAL","N","PARKED",,,"0",,,,,,,,,,,,,,,"true",,,"UNDER CARRIAGE",,,,,,,,,,,,,,,,,,,,,,,,,,,,,,,,,
"750352","JC454841","2019-09-30T18:15:00","1","DRIVER",,"712817",,"CHRYSLER","CHRYSLER","IL","2002","NONE","PASSENGER","PERSONAL","W","OTHER",,,"1",,,,,"true","true",,"true",,,,,,,,,,"SIDE-RIGHT",,,,,,,,,,,,,,,,,,,,,,,,,,,,,,,,,
"750353","JC454841","2019-09-30T18:15:00","2","PARKED",,"712831",,"GENERAL MOTORS CORP.","YUKON","IL","2006","NONE","PASSENGER","PERSONAL","S","PARKED",,,"0",,,,,,"true","true","true",,,,,,,,,,"SIDE-RIGHT",,,,,,,,,,,,,,,,,,,,,,,,,,,,,,,,,
"750313","JC454776","2019-09-30T18:10:00","1","DRIVER",,"712774",,"TOYOTA MOTOR COMPANY, LTD.","CAMRY","IL","2016","NONE","PASSENGER","TAXI/FOR HIRE","W","MERGING",,,"1",,,,,,,,,,,"true",,,,,,,"FRONT-LEFT",,,,,,,,,,,,,,,,,,,,,,,,,,,,,,,,,
"750314","JC454776","2019-09-30T18:10:00","2","DRIVER",,"712777",,"FORD","FORD-TRUCK,VAN,SUV, ETC","IL","2015","NONE","TRUCK - SINGLE UNIT","OTHER","W","STRAIGHT AHEAD",,,"1",,,,,"true",,,,,,,,,,,,,"FRONT",,,,,,,,,,,,,,,,,,,,,,,,,,,,,,,,,
"751023","JC456238","2019-09-30T18:00:00","1","DRIVER","1","713449",,"CHEVROLET","IMPALA","IL","2006","UNKNOWN","UNKNOWN/NA","UNKNOWN/NA","N","TURNING LEFT",,,"2",,,,,,,"true",,,,,,,,,,,"SIDE-RIGHT",,,,,,,,,,,,,,,,,,,,,,,,,,,,,,,,,
"751024","JC456238","2019-09-30T18:00:00","2","DRIVER",,"713443",,"UNKNOWN","UNKNOWN","IL",,"NONE","MOTORCYCLE (OVER 150CC)","PERSONAL","W","STRAIGHT AHEAD",,,"1",,,,,,,,,,,,,,,,,,,,,,,,,,,,,,,,,,,,,,,,,,,,,,,,,,,
"751019","JC456199","2019-09-30T18:00:00","1","DRIVER","1","713434",,"CHEVROLET","UNKNOWN","IL","2012","UNKNOWN","PASSENGER","UNKNOWN/NA","N","STRAIGHT AHEAD",,,"2",,,,,,,,,,,,,,,,,"true","UNKNOWN",,,,,,,,,,,,,,,,,,,,,,,,,,,,,,,,,
"751020","JC456199","2019-09-30T18:00:00","2","PARKED",,"713431",,"ACURA","ACURA","IL","2003","NONE","PASSENGER","PERSONAL","N","PARKED",,,"0",,,,,,,,,,,,,,"true","true",,,"UNKNOWN",,,,,,,,,,,,,,,,,,,,,,,,,,,,,,,,,
"750846","JC455970","2019-09-30T18:00:00","1","DRIVER",,"713271",,"BUICK","LESABRE","IL","1999","NONE","PASSENGER","PERSONAL","W","STRAIGHT AHEAD",,,"1",,,,,"true",,,,,,,,,,"true","true",,"OTHER",,,,,,,,,,,,,,,,,,,,,,,,,,,,,,,,,
"750847","JC455970","2019-09-30T18:00:00","2","DRIVER",,"713280",,"CADILLAC","CTS","IL","2012","NONE","PASSENGER","PERSONAL","W","STRAIGHT AHEAD",,,"1",,,,,,,,,"true","true","true",,,,,,,"REAR-LEFT",,,,,,,,,,,,,,,,,,,,,,,,,,,,,,,,,
"750326","JC454840","2019-09-30T18:00:00","1","DRIVER",,"712792",,"NISSAN","ROGUE","IL","2017","UNKNOWN","PASSENGER","PERSONAL","W","STRAIGHT AHEAD",,,"1",,,,,,,,,,,,,,,,"true",,"OTHER",,,,,,,,,,,,,,,,,,,,,,,,,,,,,,,,,
"750327","JC454840","2019-09-30T18:00:00","2","DRIVER",,"712800",,"CHEVROLET","FLEETLINE","IL","2013","NONE","PASSENGER","PERSONAL","W","STRAIGHT AHEAD",,,"1",,,,,,,,,,"true",,,,,,,,"REAR-LEFT",,,,,,,,,,,,,,,,,,,,,,,,,,,,,,,,,
"750320","JC454739","2019-09-30T18:00:00","1","DRIVER",,"712785",,"PONTIAC","G6","IL","2008","BRAKES","PASSENGER","PERSONAL","E","SLOW/STOP IN TRAFFIC","true",,"1",,,,,"true",,,,,,,,,,,,,"OTHER",,,,,,,,,,,,,,,,,,,,,,,,,,,,,,,,,
"750321","JC454739","2019-09-30T18:00:00","2","DRIVER","1","712788",,"NISSAN","ROGUE","IL","2016","NONE","PASSENGER","PERSONAL","E","SLOW/STOP IN TRAFFIC",,,"2",,,,,,,,,,"true",,,,,,,,"REAR-LEFT",,,,,,,,,,,,,,,,,,,,,,,,,,,,,,,,,
"750346","JC454730","2019-09-30T18:00:00","1","DRIVER",,"712818","false","UNKNOWN","UNKNOWN","IL",,"NONE","OTHER","OTHER","E","STRAIGHT AHEAD",,,"1",,,,,"true","true",,,,,,,,,,,,"FRONT",,,,,,,,,,,,,,,,,,,,,,,,,,,,,,,,,
"750347","JC454730","2019-09-30T18:00:00","2","PARKED",,"712848",,"TOYOTA MOTOR COMPANY, LTD.","TOYOTA","IL","2015","NONE","PASSENGER","PERSONAL","E","PARKED",,,"0",,,,,,,,,,,,,,"true","true",,,"TOTAL (ALL AREAS)",,,,,,,,,,,,,,,,,,,,,,,,,,,,,,,,,
"750302","JC454728","2019-09-30T18:00:00","1","DRIVER",,"712761",,"MAZDA","Mazda 3","IL","2104","NONE","PASSENGER","UNKNOWN/NA","W","PASSING/OVERTAKING",,,"1",,,,,"true","true",,,,,,,,,,,,"FRONT",,,,,,,,,,,,,,,,,,,,,,,,,,,,,,,,,
"750303","JC454728","2019-09-30T18:00:00","2","DRIVER",,"712765",,"HONDA","FIT","IL","2018","NONE","PASSENGER","PERSONAL","W","STARTING IN TRAFFIC",,,"1",,,,,,,,,,,,,,"true","true",,,"TOTAL (ALL AREAS)",,,,,,,,,,,,,,,,,,,,,,,,,,,,,,,,,
"750400","JC454777","2019-09-30T17:58:00","1","DRIVER",,"712859",,"TOYOTA MOTOR COMPANY, LTD.","CAMRY","IL","2019","NONE","PASSENGER","PERSONAL","E","STRAIGHT AHEAD",,,"1",,,,,"true",,,,,,,,,,,"true",,"OTHER",,,,,,,,,,,,,,,,,,,,,,,,,,,,,,,,,
"750427","JC454777","2019-09-30T17:58:00","2","BICYCLE",,,,,,,,,,,,,,,,,,,,,,,,,,,,,,,,,,,,,,,,,,,,,,,,,,,,,,,,,,,,,,,,,,
"750311","JC454760","2019-09-30T17:55:00","1","DRIVER",,"712773",,"FORD","FUSION","IL","2011","NONE","PASSENGER","PERSONAL","W","STRAIGHT AHEAD",,,"1",,,,,,,,,,,,,,,,"true",,"OTHER",,,,,,,,,,,,,,,,,,,,,,,,,,,,,,,,,
"750312","JC454760","2019-09-30T17:55:00","2","DRIVER","1","712783",,"TOYOTA MOTOR COMPANY, LTD.","RAV4 (sport utility)","IL","2005","NONE","PASSENGER","PERSONAL","W","STRAIGHT AHEAD",,,"2",,,,,,,,,,"true",,,,,,,,"REAR-LEFT",,,,,,,,,,,,,,,,,,,,,,,,,,,,,,,,,
"750317","JC454775","2019-09-30T17:50:00","1","DRIVER","1","712781",,"CHEVROLET","UNKNOWN","IL","1999","NONE","PICKUP","PERSONAL","N","STRAIGHT AHEAD",,,"2",,,,,,,,,,,,,,,"true",,,"TOTAL (ALL AREAS)",,,,,,,,,,,,,,,,,,,,,,,,,,,,,,,,,
"750318","JC454775","2019-09-30T17:50:00","2","DRIVER",,"712786",,"TOYOTA MOTOR COMPANY, LTD.","CAMRY","IL","2012","NONE","PASSENGER","PERSONAL","N","STRAIGHT AHEAD",,,"1",,,,,,,"true","true","true",,,,,,,,,"REAR-RIGHT",,,,,,,,,,,,,,,,,,,,,,,,,,,,,,,,,
"750306","JC454726","2019-09-30T17:50:00","1","DRIVER","1","712767",,"HONDA","ACCORD","IL","2018","UNKNOWN","PASSENGER","PERSONAL","E","ENTERING TRAFFIC LANE FROM PARKING",,,"2",,,,,"true",,,,,,,,,"true","true",,,"TOTAL (ALL AREAS)",,,,,,,,,,,,,,,,,,,,,,,,,,,,,,,,,
"750307","JC454726","2019-09-30T17:50:00","2","DRIVER",,"712780",,"TOYOTA MOTOR COMPANY, LTD.","FJ CRUISER","IL",,"UNKNOWN","PASSENGER","PERSONAL","E","STRAIGHT AHEAD","true",,"1",,"state farm",,,"true",,,,,,,,,,,,,"FRONT",,,,,,,,,,,,,,,,,,,,,,,,,,,,,,,,,
"750308","JC454726","2019-09-30T17:50:00","3","PARKED",,"712784",,"JEEP","CHEROKEE","IL",,"UNKNOWN","PASSENGER","UNKNOWN/NA","UNKNOWN","PARKED IN TRAFFIC LANE",,,"0",,,,,,,,,,,"true",,,,,,,"SIDE-LEFT",,,,,,,,,,,,,,,,,,,,,,,,,,,,,,,,,
"750408","JC454712","2019-09-30T17:50:00","1","DRIVER",,"712868",,"TOYOTA MOTOR COMPANY, LTD.","RAV4 (sport utility)","IL","2019","NONE","PASSENGER","NOT IN USE","SW","TURNING LEFT",,,"1",,,,,"true",,,,,,,,,,,,,"TOTAL (ALL AREAS)",,,,,,,,,,,,,,,,,,,,,,,,,,,,,,,,,
"750403","JC454712","2019-09-30T17:50:00","2","PEDESTRIAN",,,,,,,,,,,,,,,,,,,,,,,,,,,,,,,,,,,,,,,,,,,,,,,,,,,,,,,,,,,,,,,,,,
"750291","JC454706","2019-09-30T17:49:00","1","DRIVER",,"712746",,"BUICK","ENCLAVE","IL","2019","UNKNOWN","PASSENGER","PERSONAL","S","PASSING/OVERTAKING",,,"1",,,,,,,,,,,,,,"true","true","true",,"TOTAL (ALL AREAS)",,,,,,,,,,,,,,,,,,,,,,,,,,,,,,,,,
"750292","JC454706","2019-09-30T17:49:00","2","DRIVER",,"712760",,"CHEVROLET","MALIBU (CHEVELLE)","IN","2004","UNKNOWN","PASSENGER","PERSONAL","S","STRAIGHT AHEAD","true",,"1",,"UNKNOWN",,,"true","true",,,,,,,,,,,,"FRONT",,,,,,,,,,,,,,,,,,,,,,,,,,,,,,,,,
"750324","JC454723","2019-09-30T17:48:00","1","DRIVER",,"712790",,"DODGE","JOURNEY","IL","2016","UNKNOWN","SPORT UTILITY VEHICLE (SUV)","PERSONAL","S","SKIDDING/CONTROL LOSS","true",,"1",,"owner",,,"true",,,,,,,,,,"true","true",,"OTHER",,,,,,,,,,,,,,,,,,,,,,,,,,,,,,,,,
"750325","JC454723","2019-09-30T17:48:00","2","PARKED","2","712797",,"JEEP","CHEROKEE","IL","2017","UNKNOWN","SPORT UTILITY VEHICLE (SUV)","NOT IN USE","N","PARKED","true",,"2",,"owner",,,"true",,,,,,,,,,"true","true",,"OTHER",,,,,,,,,,,,,,,,,,,,,,,,,,,,,,,,,
"750273","JC454725","2019-09-30T17:47:00","1","DRIVER",,"712725",,"CHEVROLET","MALIBU (CHEVELLE)","IL","2015","NONE","PASSENGER","PERSONAL","E","BACKING",,,"1",,,,,,,,,,"true","true",,,,,,,"SIDE-LEFT",,,,,,,,,,,,,,,,,,,,,,,,,,,,,,,,,
"750274","JC454725","2019-09-30T17:47:00","2","DRIVER",,"712733",,"JEEP","CHEROKEE","IL","2014","UNKNOWN","SPORT UTILITY VEHICLE (SUV)","UNKNOWN/NA","N","STRAIGHT AHEAD",,,"1",,,,,,,,,,,,,,,"true",,,"TOTAL (ALL AREAS)",,,,,,,,,,,,,,,,,,,,,,,,,,,,,,,,,
"750688","JC455654","2019-09-30T17:45:00","1","DRIVER",,"713123",,"UNKNOWN","UNKNOWN","IL",,"UNKNOWN","UNKNOWN/NA","UNKNOWN/NA","UNKNOWN","UNKNOWN/NA",,,"1",,,,,,,,,,,,,,,,,"true","UNKNOWN",,,,,,,,,,,,,,,,,,,,,,,,,,,,,,,,,
"750689","JC455654","2019-09-30T17:45:00","2","PARKED",,"713127",,"TOYOTA MOTOR COMPANY, LTD.","CAMRY","IL","2017","NONE","PASSENGER","PERSONAL","UNKNOWN","PARKED",,,"0",,,,,,,,,,,,,,,"true",,,"TOTAL (ALL AREAS)",,,,,,,,,,,,,,,,,,,,,,,,,,,,,,,,,
"750268","JC454713","2019-09-30T17:45:00","1","DRIVER",,"712724",,"CHEVROLET","Express (full-size van)","IL","2014","UNKNOWN","UNKNOWN/NA","UNKNOWN/NA","W","STRAIGHT AHEAD",,,"1",,,,,,,,,,,,,,,,,,"SIDE-RIGHT",,,,,,,,,,,,,,,,,,,,,,,,,,,,,,,,,
"750269","JC454713","2019-09-30T17:45:00","2","DRIVER","1","712736",,"HONDA","HONDA","IL","2016","NONE","PASSENGER","PERSONAL","W","SLOW/STOP IN TRAFFIC",,,"2",,,,,,,,,,,,,,"true","true",,,"ROOF",,,,,,,,,,,,,,,,,,,,,,,,,,,,,,,,,
"750300","JC454752","2019-09-30T17:40:00","1","DRIVER",,"712757",,"HONDA","UNKNOWN","IL","2010","UNKNOWN","PASSENGER","UNKNOWN/NA","W","STRAIGHT AHEAD",,,"1",,,,,,,,,,,,,,,,,"true","UNKNOWN",,,,,,,,,,,,,,,,,,,,,,,,,,,,,,,,,
"750301","JC454752","2019-09-30T17:40:00","2","DRIVER",,"712762",,"NISSAN","NISSAN ALTIMA","IN","2015","NONE","PASSENGER","PERSONAL","W","STRAIGHT AHEAD",,,"1",,,,,,,,,,"true",,,,,,,,"REAR-LEFT",,,,,,,,,,,,,,,,,,,,,,,,,,,,,,,,,
"750295","JC454746","2019-09-30T17:40:00","1","DRIVER",,"712744",,"NISSAN","NISSAN ALTIMA","IN",,"NONE","PASSENGER","PERSONAL","E","STRAIGHT AHEAD",,,"1",,,,,"true",,,,,,,,,,,,,"FRONT",,,,,,,,,,,,,,,,,,,,,,,,,,,,,,,,,
"750296","JC454746","2019-09-30T17:40:00","2","DRIVER","2","712751",,"HONDA","ACCORD",,"2010","NONE","PASSENGER","PERSONAL","N","STRAIGHT AHEAD",,,"3",,,,,,,,,,,,,,,"true",,,"TOTAL (ALL AREAS)",,,,,,,,,,,,,,,,,,,,,,,,,,,,,,,,,
"750297","JC454734","2019-09-30T17:40:00","1","DRIVER",,"712766",,"FORD","Focus","IL","2015","OTHER","PASSENGER","PERSONAL","N","STRAIGHT AHEAD","true",,"1",,"PRIVATE",,,"true",,,,,,,,,,"true","true",,"OTHER",,,,,,,,,,,,,,,,,,,,,,,,,,,,,,,,,
"750328","JC454757","2019-09-30T17:35:00","1","DRIVER",,"712787",,"UNKNOWN","UNKNOWN",,,"UNKNOWN","UNKNOWN/NA","UNKNOWN/NA","S","MERGING",,,"1",,,,,,,,,,,,,,,,,"true","ROOF",,,,,,,,,,,,,,,,,,,,,,,,,,,,,,,,,
"750329","JC454757","2019-09-30T17:35:00","2","DRIVER",,"712791",,"LINCOLN-CONTINENTAL","ZEPHYR","IL",,"NONE","PASSENGER","PERSONAL","S","STRAIGHT AHEAD",,,"1",,,,,,,,"true",,,,,,,,,,"SIDE-RIGHT",,,,,,,,,,,,,,,,,,,,,,,,,,,,,,,,,
"750315","JC454737","2019-09-30T17:30:00","1","DRIVER",,"712772",,"UNKNOWN","UNKNOWN",,,"UNKNOWN","VAN/MINI-VAN","UNKNOWN/NA","E","PASSING/OVERTAKING",,,"1",,,,,,,,,,,,,,,,,"true","FRONT",,,,,,,,,,,,,,,,,,,,,,,,,,,,,,,,,
"750316","JC454737","2019-09-30T17:30:00","2","DRIVER",,"712776",,"MAZDA","UNKNOWN","IL","2016","UNKNOWN","PASSENGER","PERSONAL","E","SLOW/STOP IN TRAFFIC",,,"1",,,,,,,,,,,"true",,,,,,,"SIDE-LEFT",,,,,,,,,,,,,,,,,,,,,,,,,,,,,,,,,
"750287","JC454733","2019-09-30T17:30:00","1","DRIVER",,"712743",,"JEEP","Wrangler (for vehicle years 1989 to present)","IL","2011","UNKNOWN","PASSENGER","PERSONAL","S","CHANGING LANES",,,"1",,,,,"true",,,,,,,,,,,,,"FRONT",,,,,,,,,,,,,,,,,,,,,,,,,,,,,,,,,