"crash_unit_id","rd_no","crash_date","unit_no","unit_type","num_passengers","vehicle_id","cmrc_veh_i","make","model","lic_plate_state","vehicle_year","vehicle_defect","vehicle_type","vehicle_use","travel_direction","maneuver","towed_i","fire_i","occupant_cnt","exceed_speed_limit_i","towed_by","towed_to","area_00_i","area_01_i","area_02_i","area_03_i","area_04_i","area_05_i","area_06_i","area_07_i","area_08_i","area_09_i","area_10_i","area_11_i","area_12_i","area_99_i","first_contact_point","cmv_id","usdot_no","ccmc_no","ilcc_no","commercial_src","gvwr","carrier_name","carrier_state","carrier_city","hazmat_placards_i","hazmat_name","un_no","hazmat_present_i","hazmat_report_i","hazmat_report_no","mcs_report_i","mcs_report_no","hazmat_vio_cause_crash_i","mcs_vio_cause_crash_i","idot_permit_no","wide_load_i","trailer1_width","trailer2_width","trailer1_length","trailer2_length","total_vehicle_length","axle_cnt","vehicle_config","cargo_body_type","load_type","hazmat_out_of_service_i","mcs_out_of_service_i","hazmat_class"
"750288","JC454733","2019-09-30T17:30:00","2","DRIVER",,"712753",,"TOYOTA MOTOR COMPANY, LTD.","4RUNNER","IL","2014","NONE","PASSENGER","PERSONAL","S","STRAIGHT AHEAD",,,"1",,,,,,,,,,"true","true",,,,,,,"SIDE-LEFT",,,,,,,,,,,,,,,,,,,,,,,,,,,,,,,,,
"750261","JC454696","2019-09-30T17:26:00","1","DRIVER",,"712718",,"NISSAN","NISSAN ALTIMA","IL","1998","UNKNOWN","UNKNOWN/NA","UNKNOWN/NA","W","STRAIGHT AHEAD",,,"1",,,,,,,,,,,,,,,,"true",,"OTHER",,,,,,,,,,,,,,,,,,,,,,,,,,,,,,,,,
"750262","JC454696","2019-09-30T17:26:00","2","DRIVER",,"712720",,"HYUNDAI","ELANTRA","IL","2013","NONE","PASSENGER","UNKNOWN/NA","W","STRAIGHT AHEAD",,,"1",,,,,,,,,,"true",,,,,,,,"REAR-LEFT",,,,,,,,,,,,,,,,,,,,,,,,,,,,,,,,,
"752480","JC458849","2019-09-30T17:20:00","1","DRIVER",,"714809",,"JEEP","Liberty","IL","2005","UNKNOWN","PASSENGER","UNKNOWN/NA","UNKNOWN","ENTERING TRAFFIC LANE FROM PARKING",,,"1",,,,,,,,,,,,,,,,,,"REAR-LEFT",,,,,,,,,,,,,,,,,,,,,,,,,,,,,,,,,
"752481","JC458849","2019-09-30T17:20:00","2","PARKED",,"714816",,"TOYOTA MOTOR COMPANY, LTD.","Prius","IL","2011","UNKNOWN","PASSENGER","UNKNOWN/NA","W","PARKED",,,"0",,,,,,,,,,,,,,,,"true",,"UNKNOWN",,,,,,,,,,,,,,,,,,,,,,,,,,,,,,,,,
"750848","JC455285","2019-09-30T17:20:00","1","DRIVER",,"713276",,"ACURA","ACURA","IL","2006","UNKNOWN","SPORT UTILITY VEHICLE (SUV)","UNKNOWN/NA","N","SLOW/STOP IN TRAFFIC",,,"1",,,,,,,,,,,,,,,"false","true",,"OTHER",,,,,,,,,,,,,,,,,,,,,,,,,,,,,,,,,
"750849","JC455285","2019-09-30T17:20:00","2","DRIVER",,"713277",,"AUDI","Q5","IL","2010","NONE","SPORT UTILITY VEHICLE (SUV)","PERSONAL","N","SLOW/STOP IN TRAFFIC",,,"1",,,,,,,,,,"true",,,,,,,,"REAR-LEFT",,,,,,,,,,,,,,,,,,,,,,,,,,,,,,,,,
"750289","JC454716","2019-09-30T17:20:00","1","DRIVER","2","712739",,"NISSAN","NISSAN ALTIMA","IL","2017","UNKNOWN","PASSENGER","UNKNOWN/NA","W","PASSING/OVERTAKING",,,"3",,,,,,,,,,,,,,,"true",,,"TOTAL (ALL AREAS)",,,,,,,,,,,,,,,,,,,,,,,,,,,,,,,,,
"750290","JC454716","2019-09-30T17:20:00","2","DRIVER",,"712754",,"HONDA","CIVIC","IL","2013","UNKNOWN","PASSENGER","PERSONAL","N","SLOW/STOP IN TRAFFIC",,,"1",,,,,"true",,,,,,,,,,,,,"FRONT",,,,,,,,,,,,,,,,,,,,,,,,,,,,,,,,,
"750364","JC454751","2019-09-30T17:15:00","1","DRIVER",,"712819",,"VOLVO","VOLVO","IL","2010","UNKNOWN","PASSENGER","UNKNOWN/NA","N","TURNING RIGHT",,,"1",,,,,"true","true","true",,,,,,,,,,,"SIDE-RIGHT",,,,,,,,,,,,,,,,,,,,,,,,,,,,,,,,,
"750365","JC454751","2019-09-30T17:15:00","2","DRIVER",,"712820",,"HYUNDAI","Santa Fe","IL","2009","NONE","PASSENGER","PERSONAL","S","TURNING RIGHT",,,"1",,,,,,,,,,,,,"true","true","true",,,"ROOF",,,,,,,,,,,,,,,,,,,,,,,,,,,,,,,,,
"750257","JC454652","2019-09-30T17:15:00","1","DRIVER",,"712727",,"BUICK","SKYLARK","IL","1996","STEERING","PASSENGER","PERSONAL","E","STRAIGHT AHEAD","true",,"1",,"owner",,,,,,,,,,,"true","true","true",,,"UNDER CARRIAGE",,,,,,,,,,,,,,,,,,,,,,,,,,,,,,,,,
"750258","JC454652","2019-09-30T17:15:00","2","PARKED",,"712741",,"CHEVROLET","MALIBU (CHEVELLE)","IL","2016","NONE","PASSENGER","PERSONAL","E","PARKED",,,"0",,,,,,,,"true","true",,,,,,,,,"REAR-RIGHT",,,,,,,,,,,,,,,,,,,,,,,,,,,,,,,,,
"750293","JC454738","2019-09-30T17:10:00","1","DRIVER",,"712742",,"UNKNOWN","UNKNOWN","IL",,"UNKNOWN","UNKNOWN/NA","UNKNOWN/NA","UNKNOWN","UNKNOWN/NA",,,"1",,,,,,,,,,,,,,,,,"true","UNKNOWN",,,,,,,,,,,,,,,,,,,,,,,,,,,,,,,,,
"750294","JC454738","2019-09-30T17:10:00","2","PARKED",,"712748",,"JEEP","CHEROKEE","IL","2015","NONE","SPORT UTILITY VEHICLE (SUV)","NOT IN USE","E","PARKED",,,"0",,,,,,,,,,,"true",,,,,,,"SIDE-LEFT",,,,,,,,,,,,,,,,,,,,,,,,,,,,,,,,,
"750254","JC454688","2019-09-30T17:05:00","1","DRIVER",,"712723","true","AMERICAN TRAILER & MFG. CO. (SEE ALSO TRANSPORTER)","AMERICAN TRAILER & MFG. CO. (SEE ALSO TRANSPORTER)","IL","2014","NONE","BUS OVER 15 PASS.","SCHOOL BUS","W","STRAIGHT AHEAD",,,"1",,,,,"true","true","true","true","true",,,,,,,,,"FRONT","8289",,,,"SIDE OF TRUCK","2","SUNRISE BUS LLC","IL","CRESTWOOD",,,,"N","N",,"N",,"N","N",,,,,,,,,"BUS","BUS","OTHER","false","false",
"750255","JC454688","2019-09-30T17:05:00","2","PARKED",,"712750",,"NISSAN","NISSAN ALTIMA","IL",,"NONE","PASSENGER","UNKNOWN/NA","W","PARKED",,,"0",,,,,,,,,,,,"true","true","true","true",,,"SIDE-LEFT",,,,,,,,,,,,,,,,,,,,,,,,,,,,,,,,,
"750256","JC454688","2019-09-30T17:05:00","3","PARKED",,"712764",,"VOLKSWAGEN","VOLKSWAGEN","IL",,"NONE","PASSENGER","UNKNOWN/NA","W","PARKED",,,"0",,,,,,,,,,,,,,"true","true",,,"TOTAL (ALL AREAS)",,,,,,,,,,,,,,,,,,,,,,,,,,,,,,,,,
"750319","JC454688","2019-09-30T17:05:00","4","PARKED",,"712779",,"DODGE","DART","IL",,"NONE","PASSENGER","UNKNOWN/NA","W","PARKED",,,"0",,,,,,,,,,,,,"true","true","true",,,"TOTAL (ALL AREAS)",,,,,,,,,,,,,,,,,,,,,,,,,,,,,,,,,
"750857","JC455987","2019-09-30T17:00:00","1","DRIVER",,"713283",,"CHEVROLET","BLAZER","IL",,"NONE","SPORT UTILITY VEHICLE (SUV)","PERSONAL","S","STRAIGHT AHEAD",,,"1",,,,,,,,,,,,,,,"true",,,"TOTAL (ALL AREAS)",,,,,,,,,,,,,,,,,,,,,,,,,,,,,,,,,
"750858","JC455987","2019-09-30T17:00:00","2","DRIVER",,"713293",,"NISSAN","Pathfinder","IL",,"NONE","SPORT UTILITY VEHICLE (SUV)","PERSONAL","S","SLOW/STOP IN TRAFFIC",,,"1",,,,,"false","false","true","true","true",,,,,,,,,"SIDE-RIGHT",,,,,,,,,,,,,,,,,,,,,,,,,,,,,,,,,
"750677","JC455655","2019-09-30T17:00:00","1","DRIVER",,"713125",,"JEEP","Liberty","IL","2005","UNKNOWN","SPORT UTILITY VEHICLE (SUV)","UNKNOWN/NA","W","BACKING",,,"1",,,,,,,,,,,,,,,,,"true","REAR-LEFT",,,,,,,,,,,,,,,,,,,,,,,,,,,,,,,,,
"750678","JC455655","2019-09-30T17:00:00","2","PARKED",,"713131",,"TOYOTA MOTOR COMPANY, LTD.","Prius","IL","2011","NONE","PASSENGER","PERSONAL","W","PARKED",,,"0",,,,,,,,,,,,,,,,"true",,"OTHER",,,,,,,,,,,,,,,,,,,,,,,,,,,,,,,,,
"750498","JC455270","2019-09-30T17:00:00","1","DRIVER",,"712953",,"UNKNOWN","UNKNOWN","IL",,"UNKNOWN","UNKNOWN/NA","UNKNOWN/NA","UNKNOWN","UNKNOWN/NA",,,"1",,,,,,,,,,,,"false","true","true","false",,,"ROOF",,,,,,,,,,,,,,,,,,,,,,,,,,,,,,,,,
"750499","JC455270","2019-09-30T17:00:00","2","DRIVER",,"712958","false","NISSAN","SENTRA (DATSUN AND NISSAN HAVE MERGED)","MA",,"NONE","PASSENGER","OTHER","S","STRAIGHT AHEAD",,,"1",,,,,,"true","true","true",,,,,,,,,,"SIDE-RIGHT",,,,,,,,,,,,,,,,,,,,,,,,,,,,,,,,,
"750390","JC454929","2019-09-30T17:00:00","1","DRIVER",,"712849",,"UNKNOWN","UNKNOWN",,,"UNKNOWN","UNKNOWN/NA","UNKNOWN/NA","UNKNOWN","UNKNOWN/NA",,,"1",,,,,,,,,,,,,,,,,"true","UNKNOWN",,,,,,,,,,,,,,,,,,,,,,,,,,,,,,,,,
"750391","JC454929","2019-09-30T17:00:00","2","PARKED",,"712852",,"NISSAN","NISSAN ALTIMA","IL","2015","NONE","PASSENGER","NOT IN USE","E","PARKED",,,"0",,,,,,,,,,,"true",,,,,,,"SIDE-LEFT",,,,,,,,,,,,,,,,,,,,,,,,,,,,,,,,,
"750240","JC454676","2019-09-30T17:00:00","1","DRIVER",,"712702",,"GENERAL MOTORS CORP.","ACADIA","IL","2011","NONE","PASSENGER","PERSONAL","E","TURNING LEFT",,,"1",,,,,"true",,,,,,,,,,,"true",,"FRONT",,,,,,,,,,,,,,,,,,,,,,,,,,,,,,,,,
"750241","JC454676","2019-09-30T17:00:00","2","DRIVER",,"712711",,"FORD","ESCAPE (SUV)","IL","2016","NONE","SPORT UTILITY VEHICLE (SUV)","PERSONAL","E","STRAIGHT AHEAD",,,"1",,,,,,,,,,"true","true",,,,,,,"SIDE-LEFT",,,,,,,,,,,,,,,,,,,,,,,,,,,,,,,,,
"750279","JC454656","2019-09-30T17:00:00","1","DRIVER",,"712740",,"LEXUS","LS460","IL","2009","NONE","PASSENGER","PERSONAL","S","STRAIGHT AHEAD",,,"1",,,,,,,,,,,,,,,"true",,,"TOTAL (ALL AREAS)",,,,,,,,,,,,,,,,,,,,,,,,,,,,,,,,,
"750280","JC454656","2019-09-30T17:00:00","2","DRIVER",,"712769",,"DODGE","CHARGER","IL","2008","NONE","PASSENGER","PERSONAL","S","STRAIGHT AHEAD",,,"1",,,,,,,,,,,"true",,,,,,,"SIDE-LEFT",,,,,,,,,,,,,,,,,,,,,,,,,,,,,,,,,
"750281","JC454656","2019-09-30T17:00:00","3","DRIVER","1","712778",,"HYUNDAI","TUCSON",,"2018","NONE","PASSENGER","PERSONAL","S","STRAIGHT AHEAD",,,"2",,,,,,,,,,"true",,,,,,,,"REAR-LEFT",,,,,,,,,,,,,,,,,,,,,,,,,,,,,,,,,
"750263","JC454658","2019-09-30T16:55:00","1","DRIVER","1","712726","false","UNKNOWN","UNKNOWN","IL","2016","NONE","BUS OVER 15 PASS.","SCHOOL BUS","S","STRAIGHT AHEAD",,,"2",,,,,,,,,"true",,,,,,,,,"REAR-RIGHT",,,,,,,,,,,,,,,,,,,,,,,,,,,,,,,,,
"750264","JC454658","2019-09-30T16:55:00","2","PARKED",,"712735",,"FORD","WINDSTAR","IL","2003","NONE","VAN/MINI-VAN","NOT IN USE","S","PARKED",,,"0",,,,,,,,,,,,,,"true","true",,,"TOTAL (ALL AREAS)",,,,,,,,,,,,,,,,,,,,,,,,,,,,,,,,,
"750236","JC454648","2019-09-30T16:55:00","1","DRIVER","1","712694",,"SUBARU","LEGACY","IN","2019","UNKNOWN","PASSENGER","PERSONAL","W","UNKNOWN/NA",,,"2",,,,,,,,"true",,,,,,,,,,"REAR-RIGHT",,,,,,,,,,,,,,,,,,,,,,,,,,,,,,,,,
"750237","JC454648","2019-09-30T16:55:00","2","DRIVER",,"712705",,"UNKNOWN","UNKNOWN",,,"UNKNOWN","UNKNOWN/NA","UNKNOWN/NA","S","TURNING RIGHT",,,"1",,,,,,,,,,,,,,,,,"true","UNKNOWN",,,,,,,,,,,,,,,,,,,,,,,,,,,,,,,,,
"750309","JC454763","2019-09-30T16:53:00","1","DRIVER",,"712768",,"CHRYSLER","TOWN & COUNTRY",,"2002","NONE","VAN/MINI-VAN","PERSONAL","E","STRAIGHT AHEAD",,,"1",,,,,"true",,,,,,,,,,"true","true",,"OTHER",,,,,,,,,,,,,,,,,,,,,,,,,,,,,,,,,
"750310","JC454763","2019-09-30T16:53:00","2","DRIVER",,"712775",,"TOYOTA MOTOR COMPANY, LTD.","Avalon","IL","2016","NONE","PASSENGER","PERSONAL","E","STRAIGHT AHEAD",,,"1",,,,,,,,,"true","true","true",,,,,,,"REAR-LEFT",,,,,,,,,,,,,,,,,,,,,,,,,,,,,,,,,
"750419","JC454967","2019-09-30T16:50:00","1","DRIVER",,"712880",,"FORD","ESCAPE (SUV)","IL","2008","UNKNOWN","SPORT UTILITY VEHICLE (SUV)","UNKNOWN/NA","N","OTHER",,,"1",,,,,,,,,,,,,,,"true",,,"TOTAL (ALL AREAS)",,,,,,,,,,,,,,,,,,,,,,,,,,,,,,,,,
"750420","JC454967","2019-09-30T16:50:00","2","DRIVER",,"712882",,"MAZDA","Mazda 3","IL","2011","UNKNOWN","PASSENGER","PERSONAL","N","SLOW/STOP IN TRAFFIC",,,"1",,,,,,,,"true","true",,,,,,,,,"REAR",,,,,,,,,,,,,,,,,,,,,,,,,,,,,,,,,
"750270","JC454628","2019-09-30T16:50:00","1","DRIVER",,"712738",,"TOYOTA MOTOR COMPANY, LTD.","RAV4 (sport utility)","IL","2017","UNKNOWN","SPORT UTILITY VEHICLE (SUV)","PERSONAL","N","STRAIGHT AHEAD","true",,"1",,"private",,,"true",,,,,,,,,,"true",,,"FRONT",,,,,,,,,,,,,,,,,,,,,,,,,,,,,,,,,
"750271","JC454628","2019-09-30T16:50:00","2","DRIVER",,"712730",,"HONDA","FIT","IL","2013","UNKNOWN","PASSENGER","PERSONAL","N","STRAIGHT AHEAD",,,"1",,,,,,,,,,,,,"true",,,,,"ROOF",,,,,,,,,,,,,,,,,,,,,,,,,,,,,,,,,
"750272","JC454628","2019-09-30T16:50:00","3","DRIVER",,"712752",,"CHEVROLET","C K 3500","IL","2018","UNKNOWN","VAN/MINI-VAN","OTHER","N","OTHER",,,"1",,,,,,,,,"true",,,,,,,,,"FRONT-LEFT",,,,,,,,,,,,,,,,,,,,,,,,,,,,,,,,,
"750250","JC454615","2019-09-30T16:46:00","1","DRIVER","3","712710","true","FORD","ECONOLINE E350","IL","2008","NONE","VAN/MINI-VAN","COMMERCIAL - SINGLE UNIT","E","TURNING LEFT",,,"4",,,,,"true","true",,,,,,,,,,"true",,"FRONT","8288",,,,,,"CRISTO REY WORK STUDY PROGRAM INC.","IL","CHICAGO",,,,,,,,,,,,,,,,,,,,,,,,
"750251","JC454615","2019-09-30T16:46:00","2","DRIVER","2","712734",,"DODGE","GRAND CARAVAN","IL","2005","NONE","VAN/MINI-VAN","PERSONAL","S","UNKNOWN/NA",,,"3",,,,,,"true","true","true","true",,,,,,,,,"SIDE-RIGHT",,,,,,,,,,,,,,,,,,,,,,,,,,,,,,,,,
"750248","JC454646","2019-09-30T16:45:00","1","DRIVER",,"712707",,"TOYOTA MOTOR COMPANY, LTD.","Prius","IL","2007","NONE","PASSENGER","PERSONAL","W","TURNING LEFT",,,"1",,,,,,,,,,,,,,,"true",,,"TOTAL (ALL AREAS)",,,,,,,,,,,,,,,,,,,,,,,,,,,,,,,,,
"750249","JC454646","2019-09-30T16:45:00","2","DRIVER",,"712719",,"MAZDA","MX3","IL","2006","NONE","PASSENGER","PERSONAL","S","STRAIGHT AHEAD",,,"1",,,,,,,,,,,,,,,"true",,,"TOTAL (ALL AREAS)",,,,,,,,,,,,,,,,,,,,,,,,,,,,,,,,,
"750204","JC454606","2019-09-30T16:45:00","1","DRIVER",,"712677",,"UNKNOWN","UNKNOWN","IL",,"NONE","PASSENGER","PERSONAL","N","TURNING RIGHT",,,"1",,,,"true",,,,,,,,,,,,,,"FRONT",,,,,,,,,,,,,,,,,,,,,,,,,,,,,,,,,
"750205","JC454606","2019-09-30T16:45:00","2","PARKED",,"712687",,"HONDA","ACCORD","IL","2012","NONE","PASSENGER","PERSONAL","N","PARKED",,,"0",,,,,,,,,,,,,,,"true",,,"TOTAL (ALL AREAS)",,,,,,,,,,,,,,,,,,,,,,,,,,,,,,,,,
"750169","JC454601","2019-09-30T16:45:00","1","DRIVER",,"712632",,"TOYOTA MOTOR COMPANY, LTD.","COROLLA","IL","2020","NONE","PASSENGER","PERSONAL","NW","U-TURN",,,"1",,,,,,,,,,,,,,,"true","true",,"TOTAL (ALL AREAS)",,,,,,,,,,,,,,,,,,,,,,,,,,,,,,,,,
"750170","JC454601","2019-09-30T16:45:00","2","DRIVER",,"712645",,"NISSAN","Frontier",,"2010","NONE","PICKUP","PERSONAL","N","SLOW/STOP IN TRAFFIC",,,"1",,,,,"true","true","true","true",,,,,,,,,,"SIDE-RIGHT",,,,,,,,,,,,,,,,,,,,,,,,,,,,,,,,,
"750175","JC454571","2019-09-30T16:45:00","1","DRIVER","1","712639",,"SATURN","Ion","IN",,"NONE","PASSENGER","UNKNOWN/NA","N","MERGING",,,"2",,,,,,,,,,,,,,,,,"true","FRONT-LEFT",,,,,,,,,,,,,,,,,,,,,,,,,,,,,,,,,
"750176","JC454571","2019-09-30T16:45:00","2","DRIVER","1","712651",,"HONDA","ACCORD","IL","2016","NONE","PASSENGER","PERSONAL","N","STRAIGHT AHEAD",,,"2",,,,,,,"true",,,,,,,,,,,"SIDE-RIGHT",,,,,,,,,,,,,,,,,,,,,,,,,,,,,,,,,
"750195","JC454582","2019-09-30T16:44:00","1","BICYCLE",,,,,,,,,,,,,,,,,,,,,,,,,,,,,,,,,,,,,,,,,,,,,,,,,,,,,,,,,,,,,,,,,,
"750196","JC454582","2019-09-30T16:44:00","2","DRIVER","9","712661",,"PREVOST CAR, BUS, SAINTE CLAIRE, QUEBEC","PREVOST CAR, (""PREVOST BUS;"" SAINTE CLAIRE, QUEBEC","IL","2016","UNKNOWN","BUS OVER 15 PASS.","CTA","S","STRAIGHT AHEAD",,,"10",,,,,,,,,,,,,,,,,,"OTHER",,,,,,,,,,,,,,,,,,,,,,,,,,,,,,,,,
"751203","JC455546","2019-09-30T16:40:00","1","DRIVER",,"713599",,"UNKNOWN","UNKNOWN","IL",,"UNKNOWN","UNKNOWN/NA","UNKNOWN/NA","UNKNOWN","UNKNOWN/NA",,,"1",,,,,,,,,,,,,,,,,"true","UNKNOWN",,,,,,,,,,,,,,,,,,,,,,,,,,,,,,,,,
"751204","JC455546","2019-09-30T16:40:00","2","PARKED",,"713626",,"TOYOTA MOTOR COMPANY, LTD.","CAMRY","IL","2005","NONE","PASSENGER","PERSONAL","SE","PARKED",,,"0",,,,,,,,"true",,,,,,,,,,"REAR-RIGHT",,,,,,,,,,,,,,,,,,,,,,,,,,,,,,,,,
"750144","JC454531","2019-09-30T16:36:00","1","DRIVER",,"712613",,"HYUNDAI","HYUNDAI","IL","2004","NONE","PASSENGER","PERSONAL","S","STRAIGHT AHEAD",,,"1",,,,,"true",,,,,,,,,,"true","true",,"OTHER",,,,,,,,,,,,,,,,,,,,,,,,,,,,,,,,,
"750145","JC454531","2019-09-30T16:36:00","2","DRIVER",,"712625",,"DODGE","CARAVAN","IL","2006","NONE","PASSENGER","PERSONAL","E","STRAIGHT AHEAD",,,"1",,,,,,,,,,,,"true","true",,,,,"FRONT-LEFT",,,,,,,,,,,,,,,,,,,,,,,,,,,,,,,,,
"750430","JC445014","2019-09-30T16:35:00","1","DRIVER",,"712888",,"DODGE","UNKNOWN","IL","2018","UNKNOWN","VAN/MINI-VAN","TAXI/FOR HIRE","W","BACKING",,,"1",,,,"true",,,,,,,,,,,,,,"FRONT-LEFT",,,,,,,,,,,,,,,,,,,,,,,,,,,,,,,,,
"750431","JC445014","2019-09-30T16:35:00","2","DRIVER",,"712891",,"CHEVROLET","MALIBU (CHEVELLE)","IL","2013","UNKNOWN","PASSENGER","UNKNOWN/NA","N","SLOW/STOP IN TRAFFIC",,,"1",,,,,,,"true",,,,,,,,,,,"SIDE-RIGHT",,,,,,,,,,,,,,,,,,,,,,,,,,,,,,,,,
"750199","JC454640","2019-09-30T16:30:00","1","DRIVER",,"712657",,"UNKNOWN","UNKNOWN","IL",,"UNKNOWN","TRUCK - SINGLE UNIT","UNKNOWN/NA","S","STRAIGHT AHEAD",,,"1",,,,,,,,,,,,,,,,,"true","SIDE-RIGHT",,,,,,,,,,,,,,,,,,,,,,,,,,,,,,,,,
"750200","JC454640","2019-09-30T16:30:00","2","DRIVER","3","712660",,"TOYOTA MOTOR COMPANY, LTD.","CAMRY","IL","2017","NONE","PASSENGER","TAXI/FOR HIRE","S","OTHER",,,"4",,,,,,,,,,,"true","true",,,,,,"ROOF",,,,,,,,,,,,,,,,,,,,,,,,,,,,,,,,,
"750226","JC454632","2019-09-30T16:30:00","1","DRIVER",,"712670",,"LINCOLN-CONTINENTAL","MKS",,,"UNKNOWN","PASSENGER","PERSONAL","UNKNOWN","BACKING",,,"1",,,,,,,,,,"true",,,,,,,,"REAR-LEFT",,,,,,,,,,,,,,,,,,,,,,,,,,,,,,,,,
"750227","JC454632","2019-09-30T16:30:00","2","DRIVER",,"712698",,"HYUNDAI","SONATA","IL","2015","UNKNOWN","PASSENGER","PERSONAL","UNKNOWN","BACKING",,,"1",,,,,,,,,,"true",,,,,,,,"REAR-LEFT",,,,,,,,,,,,,,,,,,,,,,,,,,,,,,,,,
"750265","JC454619","2019-09-30T16:30:00","1","DRIVER",,"712731",,"CHEVROLET","MONTE CARLO","IL","2007","NONE","PASSENGER","PERSONAL","S","PASSING/OVERTAKING","true",,"1",,"unknown","unknown",,,,,,,,,,,,"true",,,"UNDER CARRIAGE",,,,,,,,,,,,,,,,,,,,,,,,,,,,,,,,,
"750266","JC454619","2019-09-30T16:30:00","2","DRIVER","1","712755",,"CADILLAC","CTS","IL","2006","NONE","PASSENGER","PERSONAL","S","STRAIGHT AHEAD","true",,"2",,"unknown","unknown",,"true",,,,,,,,,,"true",,,"OTHER",,,,,,,,,,,,,,,,,,,,,,,,,,,,,,,,,
"750267","JC454619","2019-09-30T16:30:00","3","DRIVER","1","712771",,"TOYOTA MOTOR COMPANY, LTD.","Avalon","IL","2016","NONE","PASSENGER","PERSONAL","S","SLOW/STOP IN TRAFFIC",,,"2",,,,,,,,,"true",,,,,,,,,"REAR-RIGHT",,,,,,,,,,,,,,,,,,,,,,,,,,,,,,,,,
"750193","JC454598","2019-09-30T16:30:00","1","DRIVER",,"712666","false","PETERBILT MOTORS CO., DIVISION PACCAR, INC.","PETERBILT MOTORS CO., DIVISION PACCAR, INC.","IL","2015","UNKNOWN","TRUCK - SINGLE UNIT","COMMERCIAL - SINGLE UNIT","E","BACKING",,,"1",,,,"true",,,,,,,,,,,,,,"REAR-RIGHT",,,,,,,,,,,,,,,,,,,,,,,,,,,,,,,,,
"750194","JC454598","2019-09-30T16:30:00","2","DRIVER",,"712684",,"HONDA","CRV","IL","2009","NONE","PASSENGER","PERSONAL","N","SLOW/STOP IN TRAFFIC",,,"1",,,,,"true",,,,,,,,,,"true","true",,"OTHER",,,,,,,,,,,,,,,,,,,,,,,,,,,,,,,,,
"750201","JC454591","2019-09-30T16:30:00","1","DRIVER",,"712664",,"JEEP","UNKNOWN","IL","2011","UNKNOWN","PASSENGER","PERSONAL","SE","SKIDDING/CONTROL LOSS","true",,"1",,"PRIVATE TOW",,,"true",,,,,,,,,,"true","true",,"OTHER",,,,,,,,,,,,,,,,,,,,,,,,,,,,,,,,,
"750202","JC454591","2019-09-30T16:30:00","2","DRIVER",,"712680",,"CHEVROLET","MALIBU (CHEVELLE)","IL","2017","UNKNOWN","PASSENGER","PERSONAL","S","SLOW/STOP IN TRAFFIC","true",,"1",,"PRIVATE TOW",,,"true",,,,,,,,,,"true",,,"FRONT",,,,,,,,,,,,,,,,,,,,,,,,,,,,,,,,,
"750203","JC454591","2019-09-30T16:30:00","3","DRIVER",,"712685",,"UNKNOWN","UNKNOWN",,,"UNKNOWN","PICKUP","UNKNOWN/NA","N","SLOW/STOP IN TRAFFIC",,,"1",,,,,,,,,,,,,,,"true",,,"TOTAL (ALL AREAS)",,,,,,,,,,,,,,,,,,,,,,,,,,,,,,,,,
"750224","JC454556","2019-09-30T16:30:00","1","DRIVER","1","712673",,"AUDI","QUATRRO","IN","2013","UNKNOWN","UNKNOWN/NA","PERSONAL","W","STRAIGHT AHEAD",,,"2",,,,,"true","true","true","false",,,,,,,,,,"SIDE-RIGHT",,,,,,,,,,,,,,,,,,,,,,,,,,,,,,,,,
"750225","JC454556","2019-09-30T16:30:00","2","DRIVER",,"712691",,"HARLEY-DAVIDSON","HARLEY-DAVIDSON","IL","2004","UNKNOWN","MOTORCYCLE (OVER 150CC)","PERSONAL","S","STRAIGHT AHEAD",,,"1",,,,,,,,,,,,,,"true","true",,"true","OTHER",,,,,,,,,,,,,,,,,,,,,,,,,,,,,,,,,
"750187","JC454613","2019-09-30T16:25:00","1","DRIVER",,"712640",,"UNKNOWN","UNKNOWN",,,"UNKNOWN","UNKNOWN/NA","UNKNOWN/NA","E","UNKNOWN/NA",,,"1",,,,,,,,,"false",,,,,,,,"true","UNKNOWN",,,,,,,,,,,,,,,,,,,,,,,,,,,,,,,,,
"750188","JC454613","2019-09-30T16:25:00","2","PARKED",,"712649","true","VOLVO","UNKNOWN","IL","2000","NONE","TRACTOR W/ SEMI-TRAILER","COMMERCIAL - MULTI-UNIT","W","PARKED",,,"0",,,,,,,,,,,,,,"true",,,,"UNDER CARRIAGE","8286","185732",,,"SIDE OF TRUCK","3","WWA TRUCKING COMPANY - CENTRAL STATE TRUCKING","IL","ROSELLE",,,,,,,,,,,,,"97-102",,"53",,"65","5","TRACTOR/SEMI-TRAILER","VAN/ENCLOSED BOX","UNKNOWN",,,
"750206","JC454547","2019-09-30T16:25:00","1","BICYCLE",,,,,,,,,,,,,,,,,,,,,,,,,,,,,,,,,,,,,,,,,,,,,,,,,,,,,,,,,,,,,,,,,,
"750207","JC454547","2019-09-30T16:25:00","2","DRIVER",,"712674",,"LEXUS","UNKNOWN","IL","2007","UNKNOWN","PASSENGER","PERSONAL","N","STRAIGHT AHEAD",,,"1",,,,,,,,,,,,,,,"true",,,"TOTAL (ALL AREAS)",,,,,,,,,,,,,,,,,,,,,,,,,,,,,,,,,
"750282","JC454729","2019-09-30T16:20:00","1","DRIVER",,"712732",,"BMW","BMW","IL","2013","NONE","PASSENGER","PERSONAL","W","STRAIGHT AHEAD",,,"1",,,,,"true","true",,,,,,,,,,,,"SIDE-RIGHT",,,,,,,,,,,,,,,,,,,,,,,,,,,,,,,,,