"crash_unit_id","rd_no","crash_date","unit_no","unit_type","num_passengers","vehicle_id","cmrc_veh_i","make","model","lic_plate_state","vehicle_year","vehicle_defect","vehicle_type","vehicle_use","travel_direction","maneuver","towed_i","fire_i","occupant_cnt","exceed_speed_limit_i","towed_by","towed_to","area_00_i","area_01_i","area_02_i","area_03_i","area_04_i","area_05_i","area_06_i","area_07_i","area_08_i","area_09_i","area_10_i","area_11_i","area_12_i","area_99_i","first_contact_point","cmv_id","usdot_no","ccmc_no","ilcc_no","commercial_src","gvwr","carrier_name","carrier_state","carrier_city","hazmat_placards_i","hazmat_name","un_no","hazmat_present_i","hazmat_report_i","hazmat_report_no","mcs_report_i","mcs_report_no","hazmat_vio_cause_crash_i","mcs_vio_cause_crash_i","idot_permit_no","wide_load_i","trailer1_width","trailer2_width","trailer1_length","trailer2_length","total_vehicle_length","axle_cnt","vehicle_config","cargo_body_type","load_type","hazmat_out_of_service_i","mcs_out_of_service_i","hazmat_class"
"750372","JC454655","2019-09-30T16:15:00","1","DRIVER","1","712834",,"SUBARU","IMPREZA","IL","2014","NONE","PASSENGER","PERSONAL","S","STRAIGHT AHEAD",,,"2",,,,,"true",,,,,,,,,,"true","true",,"OTHER",,,,,,,,,,,,,,,,,,,,,,,,,,,,,,,,,
"750373","JC454655","2019-09-30T16:15:00","2","DRIVER","2","712843",,"CHRYSLER","TOWN & COUNTRY","IL","2003","NONE","VAN/MINI-VAN","PERSONAL","S","STRAIGHT AHEAD","true",,"3",,"Chgo Streets and Sanit","330 E Lower Wacker Dr",,"true",,,,"true","true","true",,,,"true","true",,"REAR-LEFT",,,,,,,,,,,,,,,,,,,,,,,,,,,,,,,,,
"750374","JC454655","2019-09-30T16:15:00","3","DRIVER",,"712854",,"CHEVROLET","Express (full-size van)","IN","2017","NONE","VAN/MINI-VAN","CONSTRUCTION/MAINTENANCE","N","STRAIGHT AHEAD",,,"1",,,,,,,,,"true","true","true",,,,,,,"REAR-LEFT",,,,,,,,,,,,,,,,,,,,,,,,,,,,,,,,,
"750146","JC454534","2019-09-30T16:15:00","1","DRIVER",,"712610",,"DODGE","CHARGER","IL","2018","NONE","PASSENGER","PERSONAL","S","STARTING IN TRAFFIC",,,"1",,,,,"true",,,,,,,,,,"true","true",,"TOTAL (ALL AREAS)",,,,,,,,,,,,,,,,,,,,,,,,,,,,,,,,,
"750147","JC454534","2019-09-30T16:15:00","2","DRIVER",,"712617",,"UNKNOWN","UNKNOWN","IL",,"UNKNOWN","PICKUP","UNKNOWN/NA","S","UNKNOWN/NA",,,"1",,,,,"false","false",,,,,,,,,,,"true","UNKNOWN",,,,,,,,,,,,,,,,,,,,,,,,,,,,,,,,,
"750183","JC454618","2019-09-30T16:05:00","1","DRIVER",,"712644",,"JEEP","CHEROKEE","IL","2016","NONE","SPORT UTILITY VEHICLE (SUV)","PERSONAL","S","STRAIGHT AHEAD",,,"1",,,,,,,,,,,,,,,"true",,,"TOTAL (ALL AREAS)",,,,,,,,,,,,,,,,,,,,,,,,,,,,,,,,,
"750184","JC454618","2019-09-30T16:05:00","2","DRIVER",,"712655",,"NISSAN","SENTRA (DATSUN AND NISSAN HAVE MERGED)","IL","2016","NONE","PASSENGER","PERSONAL","S","STRAIGHT AHEAD",,,"1",,,,,,,,,,"true",,,,,,,,"REAR-LEFT",,,,,,,,,,,,,,,,,,,,,,,,,,,,,,,,,
"750278","JC454558","2019-09-30T16:04:00","1","DRIVER",,"712749",,"TOYOTA MOTOR COMPANY, LTD.","RAV4 (sport utility)","IL","2019","UNKNOWN","SPORT UTILITY VEHICLE (SUV)","UNKNOWN/NA","W","STRAIGHT AHEAD",,,"1",,,,,,,,,,,,,,"true","true",,,"TOTAL (ALL AREAS)",,,,,,,,,,,,,,,,,,,,,,,,,,,,,,,,,
"750277","JC454558","2019-09-30T16:04:00","2","DRIVER",,"712782",,"CADILLAC","Escalade","IL","2008","NONE","PASSENGER","PERSONAL","N","STRAIGHT AHEAD",,,"1",,,,,"true",,,,,,,,,,,"true",,"FRONT",,,,,,,,,,,,,,,,,,,,,,,,,,,,,,,,,
"752156","JC458295","2019-09-30T16:00:00","1","DRIVER",,"714499",,"UNKNOWN","UNKNOWN","IL",,"UNKNOWN","UNKNOWN/NA","UNKNOWN/NA","W","STRAIGHT AHEAD",,,"1",,,,,,,,,,,,,,,,,"true","UNKNOWN",,,,,,,,,,,,,,,,,,,,,,,,,,,,,,,,,
"752157","JC458295","2019-09-30T16:00:00","2","DRIVER","1","714525",,"LINCOLN-CONTINENTAL","MKX","IL","2016","UNKNOWN","PASSENGER","PERSONAL","W","SLOW/STOP IN TRAFFIC",,,"2",,,,,"true","true",,,,,,,,,,,,"FRONT",,,,,,,,,,,,,,,,,,,,,,,,,,,,,,,,,
"751697","JC457422","2019-09-30T16:00:00","1","DRIVER",,"714064",,"UNKNOWN","UNKNOWN",,,"UNKNOWN","UNKNOWN/NA","UNKNOWN/NA","N","TURNING LEFT",,,"1",,,,,,,,,,,,,,,,,"true","OTHER",,,,,,,,,,,,,,,,,,,,,,,,,,,,,,,,,
"751698","JC457422","2019-09-30T16:00:00","2","PEDESTRIAN",,,,,,,,,,,,,,,,,,,,,,,,,,,,,,,,,,,,,,,,,,,,,,,,,,,,,,,,,,,,,,,,,,
"750647","JC455533","2019-09-30T16:00:00","1","DRIVER",,"713085",,"UNKNOWN","UNKNOWN",,,"UNKNOWN","UNKNOWN/NA","UNKNOWN/NA","E","STRAIGHT AHEAD",,,"1",,,,,,,,,,,,,,,,,"true","UNKNOWN",,,,,,,,,,,,,,,,,,,,,,,,,,,,,,,,,
"750648","JC455533","2019-09-30T16:00:00","2","DRIVER",,"713094",,"DODGE","CALIBER","IL",,"NONE","PASSENGER","PERSONAL","E","STRAIGHT AHEAD",,,"1",,,,,,,,,,"true","true",,,,,,,"SIDE-LEFT",,,,,,,,,,,,,,,,,,,,,,,,,,,,,,,,,
"750285","JC454718","2019-09-30T16:00:00","1","DRIVER",,"712745",,"FORD","CROWN VICTORIA","IL","1998","UNKNOWN","PASSENGER","UNKNOWN/NA","E","STRAIGHT AHEAD",,,"1",,,,,,,,,,,,,,,"true",,,"TOTAL (ALL AREAS)",,,,,,,,,,,,,,,,,,,,,,,,,,,,,,,,,
"750286","JC454718","2019-09-30T16:00:00","2","DRIVER",,"712756",,"NISSAN","Pathfinder","IL","2000","UNKNOWN","PASSENGER","PERSONAL","E","STRAIGHT AHEAD",,,"1",,,,,,,,,"true",,,,,,,,,"REAR",,,,,,,,,,,,,,,,,,,,,,,,,,,,,,,,,
"750181","JC454622","2019-09-30T16:00:00","1","DRIVER",,"712646",,"CHEVROLET","UNKNOWN","IL","2014","UNKNOWN","PASSENGER","PERSONAL","UNKNOWN","STRAIGHT AHEAD",,,"1",,,,,"true","true",,,,,,,,,,,,"FRONT",,,,,,,,,,,,,,,,,,,,,,,,,,,,,,,,,
"750182","JC454622","2019-09-30T16:00:00","2","PARKED",,"712656",,"MERCEDES-BENZ","SLK230","IL","2003","UNKNOWN","PASSENGER","PERSONAL","UNKNOWN","PARKED",,,"0",,,,,,,,,,,,,"true","true",,,,"ROOF",,,,,,,,,,,,,,,,,,,,,,,,,,,,,,,,,
"750122","JC454521","2019-09-30T16:00:00","1","DRIVER",,"712593",,"FORD","F150","IL","2015","UNKNOWN","PICKUP","UNKNOWN/NA","E","STRAIGHT AHEAD",,,"1",,,,,,,,,,,,,,,,"true",,"OTHER",,,,,,,,,,,,,,,,,,,,,,,,,,,,,,,,,
"750123","JC454521","2019-09-30T16:00:00","2","DRIVER",,"712604",,"HONDA","RIDGELINE","IL","2008","UNKNOWN","PASSENGER","PERSONAL","E","STRAIGHT AHEAD",,,"1",,,,,,,,,,"true",,,,,,,,"REAR-LEFT",,,,,,,,,,,,,,,,,,,,,,,,,,,,,,,,,
"750116","JC454504","2019-09-30T16:00:00","1","DRIVER","1","712589","false","FORD","UNKNOWN","IL","2008","NONE","TRUCK - SINGLE UNIT","COMMERCIAL - SINGLE UNIT","W","STRAIGHT AHEAD",,,"2",,,,"true",,,,,,,,,,,,,,"OTHER",,,,,,,,,,,,,,,,,,,,,,,,,,,,,,,,,
"750117","JC454504","2019-09-30T16:00:00","2","DRIVER",,"712620",,"CHRYSLER","200","IL","2011","NONE","PASSENGER","PERSONAL","W","SLOW/STOP IN TRAFFIC",,,"1",,,,,,,,,"true","true","true",,,,,,,"REAR-LEFT",,,,,,,,,,,,,,,,,,,,,,,,,,,,,,,,,
"750189","JC454549","2019-09-30T15:58:00","1","DRIVER",,"712648",,"DODGE","UNKNOWN","IL","1997","NONE","PICKUP","PERSONAL","W","TURNING LEFT",,,"1",,,,,"true",,,,,,,,,,"true","true","true","OTHER",,,,,,,,,,,,,,,,,,,,,,,,,,,,,,,,,
"750190","JC454549","2019-09-30T15:58:00","2","PEDESTRIAN",,,,,,,,,,,,,,,,,,,,,,,,,,,,,,,,,,,,,,,,,,,,,,,,,,,,,,,,,,,,,,,,,,
"750238","JC454561","2019-09-30T15:57:00","1","DRIVER",,"712693",,"JEEP","PATRIOT","IL","2015","UNKNOWN","SPORT UTILITY VEHICLE (SUV)","PERSONAL","N","STRAIGHT AHEAD",,,"1",,,,,,,,,,,,,,,"true",,,"TOTAL (ALL AREAS)",,,,,,,,,,,,,,,,,,,,,,,,,,,,,,,,,
"750239","JC454561","2019-09-30T15:57:00","2","DRIVER",,"712706",,"NISSAN","NISSAN ALTIMA","OH","2018","NONE","PASSENGER","PERSONAL","E","ENTER FROM DRIVE/ALLEY","true",,"1",,"LYFT","UNK",,"true",,,,,,,,,,,,,"FRONT-RIGHT",,,,,,,,,,,,,,,,,,,,,,,,,,,,,,,,,
"750230","JC454532","2019-09-30T15:56:00","1","DRIVER",,"712690",,"CHEVROLET","TRAVERSE","IL","2016","NONE","PASSENGER","PERSONAL","W","STRAIGHT AHEAD",,,"2",,,,,,,,,,,,"true",,,,,,"FRONT-LEFT",,,,,,,,,,,,,,,,,,,,,,,,,,,,,,,,,
"750231","JC454532","2019-09-30T15:56:00","2","DRIVER","1","712728",,"CHEVROLET","SPECTRUM (INCLUDES GEO SPECTRUM IN 1989)","IL","2014","NONE","PASSENGER","PERSONAL","W","STRAIGHT AHEAD","true",,"2",,"E&R","104 doty",,,"true","true","true",,,,,,,,,,"REAR-RIGHT",,,,,,,,,,,,,,,,,,,,,,,,,,,,,,,,,
"750136","JC454555","2019-09-30T15:55:00","1","DRIVER",,"712601",,"FREIGHTLINER CORP.","FREIGHTLINER CORP.","IL","2005","UNKNOWN","TRUCK - SINGLE UNIT","UNKNOWN/NA","S","UNKNOWN/NA",,,"1",,,,,,,,,,,,,,,,,"true","OTHER",,,,,,,,,,,,,,,,,,,,,,,,,,,,,,,,,
"750137","JC454555","2019-09-30T15:55:00","2","DRIVER","2","712611",,"JEEP","UNKNOWN","IL","2006","NONE","SPORT UTILITY VEHICLE (SUV)","PERSONAL","S","SLOW/STOP IN TRAFFIC",,,"3",,,,,,,,,,"true",,,,,,,,"REAR-LEFT",,,,,,,,,,,,,,,,,,,,,,,,,,,,,,,,,
"750707","JC455695","2019-09-30T15:50:00","1","DRIVER",,"713174",,"HONDA","CRV","IL","2019","UNKNOWN","SPORT UTILITY VEHICLE (SUV)","UNKNOWN/NA","UNKNOWN","STRAIGHT AHEAD",,,"1",,,,,"true",,,,,,,,,,"false",,,"TOTAL (ALL AREAS)",,,,,,,,,,,,,,,,,,,,,,,,,,,,,,,,,
"750708","JC455695","2019-09-30T15:50:00","2","DRIVER",,"713184",,"TOYOTA MOTOR COMPANY, LTD.","Prius","IL","2008","UNKNOWN","PASSENGER","TAXI/FOR HIRE","UNKNOWN","STRAIGHT AHEAD",,,"1",,,,,,,,,,,,,,,"true",,,"OTHER",,,,,,,,,,,,,,,,,,,,,,,,,,,,,,,,,
"750167","JC454509","2019-09-30T15:50:00","1","DRIVER",,"712630","false","GENERAL MOTORS CORP.","GENERAL MOTORS CORP.","VA","2019","UNKNOWN","TRUCK - SINGLE UNIT","COMMERCIAL - SINGLE UNIT","S","TURNING LEFT",,,"1",,,,,,,,,,,,,"true",,,,,"ROOF",,,,,,,,,,,,,,,,,,,,,,,,,,,,,,,,,
"750162","JC454509","2019-09-30T15:50:00","2","PARKED",,"712679",,"TOYOTA MOTOR COMPANY, LTD.","RAV4 (sport utility)","IL","2008","UNKNOWN","PASSENGER","NOT IN USE","S","PARKED",,,"0",,,,,"true",,,,,,,,,,,,,"FRONT",,,,,,,,,,,,,,,,,,,,,,,,,,,,,,,,,
"750212","JC454616","2019-09-30T15:48:00","1","DRIVER","1","712671",,"PONTIAC","GRAND AM","IL","2000","UNKNOWN","PASSENGER","PERSONAL","S","PASSING/OVERTAKING","true",,"2",,"privatetow",,,"true","true","true",,,,,,,,"true","true",,"TOTAL (ALL AREAS)",,,,,,,,,,,,,,,,,,,,,,,,,,,,,,,,,
"750213","JC454616","2019-09-30T15:48:00","2","DRIVER",,"712682",,"DODGE","RAM 3500 PU","IL","2017","UNKNOWN","PICKUP","PERSONAL","S","TURNING LEFT","true",,"1",,"pricate tow",,,,,,,,,"true","true","true",,,,,"FRONT-LEFT",,,,,,,,,,,,,,,,,,,,,,,,,,,,,,,,,
"750173","JC454553","2019-09-30T15:46:00","1","DRIVER",,"712637",,"TOYOTA MOTOR COMPANY, LTD.","Prius","IL","2010","NONE","PASSENGER","PERSONAL","E","TURNING LEFT","true",,"1",,"PRIVATE TOW",,,"true","true",,,,,,,,"false","false","true",,"FRONT",,,,,,,,,,,,,,,,,,,,,,,,,,,,,,,,,
"750174","JC454553","2019-09-30T15:46:00","2","DRIVER",,"712653",,"MERCEDES-BENZ","UNKNOWN","IL","2004","NONE","PASSENGER","PERSONAL","W","STRAIGHT AHEAD","true",,"1",,"PRIVATE TOW",,,"true","false",,,,,,,,"false","true","true",,"OTHER",,,,,,,,,,,,,,,,,,,,,,,,,,,,,,,,,
"750104","JC454488","2019-09-30T15:45:00","1","DRIVER",,"712572",,"ISUZU","ISUZU","IL","2017","NONE","PASSENGER","PERSONAL","W","TURNING LEFT",,,"1",,,,,,,,,,,,,,,,"true",,"OTHER",,,,,,,,,,,,,,,,,,,,,,,,,,,,,,,,,
"750105","JC454488","2019-09-30T15:45:00","2","DRIVER",,"712577",,"CHEVROLET","SILVERADO","IL","2011","NONE","PASSENGER","PERSONAL","W","STRAIGHT AHEAD",,,"1",,,,,,,,,,"true",,,,,,,,"REAR-LEFT",,,,,,,,,,,,,,,,,,,,,,,,,,,,,,,,,
"750214","JC454649","2019-09-30T15:40:00","1","DRIVER",,"712668",,"INFINITI","G37","IL","2012","NONE","PASSENGER","PERSONAL","N","TURNING RIGHT",,,"1",,,,,,,,,,,,,,"true","true",,,"TOTAL (ALL AREAS)",,,,,,,,,,,,,,,,,,,,,,,,,,,,,,,,,
"750215","JC454649","2019-09-30T15:40:00","2","DRIVER",,"712675",,"CHEVROLET","TAHOE","IL","2002","NONE","SPORT UTILITY VEHICLE (SUV)","PERSONAL","N","STRAIGHT AHEAD",,,"1",,,,,,,,"true","true",,,,,,,,,"REAR",,,,,,,,,,,,,,,,,,,,,,,,,,,,,,,,,
"750155","JC454505","2019-09-30T15:35:00","1","DRIVER","1","712621",,"NISSAN","UNKNOWN","IL","2015","UNKNOWN","PASSENGER","PERSONAL","N","STRAIGHT AHEAD",,,"2",,,,,"true",,,,,,,,,,,,,"FRONT",,,,,,,,,,,,,,,,,,,,,,,,,,,,,,,,,
"750156","JC454505","2019-09-30T15:35:00","2","DRIVER","1","712633",,"LEXUS","RX350","IL","2013","UNKNOWN","PASSENGER","PERSONAL","SE","TURNING LEFT",,,"2",,,,,,,,,"true",,,,,,,,,"REAR",,,,,,,,,,,,,,,,,,,,,,,,,,,,,,,,,
"750114","JC454484","2019-09-30T15:31:00","1","DRIVER",,"712581",,"NISSAN","UNKNOWN","IL","2016","UNKNOWN","PASSENGER","UNKNOWN/NA","E","STRAIGHT AHEAD",,,"1",,,,,,,,,,,,,,,,,"true","OTHER",,,,,,,,,,,,,,,,,,,,,,,,,,,,,,,,,
"750115","JC454484","2019-09-30T15:31:00","2","DRIVER",,"712585",,"PONTIAC","GRAND AM","IL","2002","UNKNOWN","PASSENGER","PERSONAL","E","STRAIGHT AHEAD",,,"1",,,,,,,,,"true","true","true",,,,,,,"REAR-LEFT",,,,,,,,,,,,,,,,,,,,,,,,,,,,,,,,,
"750222","JC454620","2019-09-30T15:30:00","1","DRIVER","1","712676",,"BMW","X5","IL","2004","UNKNOWN","UNKNOWN/NA","UNKNOWN/NA","W","BACKING",,,"2",,,,,,,,,,"true",,,,,,,,"REAR-LEFT",,,,,,,,,,,,,,,,,,,,,,,,,,,,,,,,,
"750223","JC454620","2019-09-30T15:30:00","2","DRIVER",,"712729",,"HONDA","ACCORD","IL","2013","NONE","PASSENGER","PERSONAL","N","STRAIGHT AHEAD",,,"1",,,,,,,,,,,,"true",,,,,,"FRONT-LEFT",,,,,,,,,,,,,,,,,,,,,,,,,,,,,,,,,
"750151","JC454540","2019-09-30T15:30:00","1","DRIVER",,"712612","true","FORD","F550","IL","2008","UNKNOWN","PICKUP","COMMERCIAL - SINGLE UNIT","W","CHANGING LANES",,,"1",,,,,,,,,,,,,,,,,"true","SIDE-LEFT","8285",,,,,"2","OMALLEY QUALITY CONSTRUCTION INC","IL","CHICAGO",,,,"N","U",,"U",,"U","U",,,,,,,,,"TRUCK/TRAILER","FLATBED","UNKNOWN","false","false",
"750152","JC454540","2019-09-30T15:30:00","2","DRIVER",,"712623",,"DODGE","CARAVAN","IL","2006","NONE","PASSENGER","PERSONAL","W","STRAIGHT AHEAD",,,"1",,,,,"true",,,,,,,,,,,,,"FRONT",,,,,,,,,,,,,,,,,,,,,,,,,,,,,,,,,
"750179","JC454519","2019-09-30T15:30:00","1","DRIVER",,"712643",,"TOYOTA MOTOR COMPANY, LTD.","UNKNOWN","IL","2016","UNKNOWN","PASSENGER","PERSONAL","E","PASSING/OVERTAKING",,,"1",,,,,,,,,,,,,,,,,"true","UNKNOWN",,,,,,,,,,,,,,,,,,,,,,,,,,,,,,,,,
"750180","JC454519","2019-09-30T15:30:00","2","DRIVER","1","712658",,"LEXUS","UNKNOWN","IL","2010","UNKNOWN","PASSENGER","PERSONAL","E","STRAIGHT AHEAD",,,"2",,,,,,,,,,"false","true",,,,,,,"SIDE-LEFT",,,,,,,,,,,,,,,,,,,,,,,,,,,,,,,,,
"750159","JC454465","2019-09-30T15:26:00","1","DRIVER","8","712626",,"ICL CARGO TRAILER","ICL CARGO TRAILER","IL","2017","UNKNOWN","BUS OVER 15 PASS.","SCHOOL BUS","E","STRAIGHT AHEAD",,,"9",,,,,"true",,,,,,,,,,"true","true",,"OTHER",,,,,,,,,,,,,,,,,,,,,,,,,,,,,,,,,
"750160","JC454465","2019-09-30T15:26:00","2","DRIVER",,"712662",,"LEXUS","RX350","IL","2019","UNKNOWN","PASSENGER","PERSONAL","E","SLOW/STOP IN TRAFFIC",,,"1",,,,,,,,,"true","true","true",,,,,,,"REAR-LEFT",,,,,,,,,,,,,,,,,,,,,,,,,,,,,,,,,
"750110","JC454472","2019-09-30T15:25:00","1","DRIVER",,"712579",,"HONDA","UNKNOWN","IL","2019","NONE","VAN/MINI-VAN","PERSONAL","S","TURNING RIGHT","true",,"1",,"OWNER",,,,,"true","true","true",,,,,,,,,"SIDE-RIGHT",,,,,,,,,,,,,,,,,,,,,,,,,,,,,,,,,
"750111","JC454472","2019-09-30T15:25:00","2","DRIVER",,"712586",,"TOYOTA MOTOR COMPANY, LTD.","UNKNOWN","IL","2016","NONE","PASSENGER","PERSONAL","S","STRAIGHT AHEAD",,,"1",,,,,,,,,,,,,,"true","true","true",,"TOTAL (ALL AREAS)",,,,,,,,,,,,,,,,,,,,,,,,,,,,,,,,,
"750332","JC454806","2019-09-30T15:19:00","1","DRIVER",,"712796",,"SUBARU","FORESTER",,"2009","UNKNOWN","SPORT UTILITY VEHICLE (SUV)","UNKNOWN/NA","N","UNKNOWN/NA",,,"1",,,,,,,,,,,,,,,"true","true","false","OTHER",,,,,,,,,,,,,,,,,,,,,,,,,,,,,,,,,
"750333","JC454806","2019-09-30T15:19:00","2","DRIVER",,"712806",,"HONDA","ACCORD","IL","2010","NONE","PASSENGER","PERSONAL","E","STRAIGHT AHEAD",,,"1",,,,,,"true","true","true",,,,,,,,,,"SIDE-RIGHT",,,,,,,,,,,,,,,,,,,,,,,,,,,,,,,,,
"750234","JC454654","2019-09-30T15:15:00","1","DRIVER",,"712689",,"FORD","FUSION","IL","2014","UNKNOWN","PASSENGER","PERSONAL","E","STRAIGHT AHEAD",,,"1",,,,,,,,,,,,,,,,"true",,"OTHER",,,,,,,,,,,,,,,,,,,,,,,,,,,,,,,,,
"750235","JC454654","2019-09-30T15:15:00","2","DRIVER",,"712692",,"CHEVROLET","TAHOE","IL","2008","UNKNOWN","SPORT UTILITY VEHICLE (SUV)","UNKNOWN/NA","W","TURNING LEFT",,,"1",,,,,,,"true","true",,,,,,,,,,"SIDE-RIGHT",,,,,,,,,,,,,,,,,,,,,,,,,,,,,,,,,
"750106","JC454490","2019-09-30T15:15:00","1","DRIVER",,"712576",,"PONTIAC","GRAND PRIX","IL","2002","BRAKES","PASSENGER","UNKNOWN/NA","S","TURNING LEFT",,,"1",,,,,,,,,,,,,,,,"true",,"OTHER",,,,,,,,,,,,,,,,,,,,,,,,,,,,,,,,,
"750107","JC454490","2019-09-30T15:15:00","2","DRIVER",,"712584",,"NISSAN","VERSA","IL","2015","NONE","PASSENGER","PERSONAL","N","TURNING LEFT",,,"1",,,,,,,,,,,"true","true",,,,,,"SIDE-LEFT",,,,,,,,,,,,,,,,,,,,,,,,,,,,,,,,,
"750177","JC454608","2019-09-30T15:09:00","1","DRIVER",,"712635",,"NISSAN","LEAF","CA",,"UNKNOWN","PASSENGER","UNKNOWN/NA","N","UNKNOWN/NA",,,"1",,,,,,,,,,,"true",,,,"true",,,"UNDER CARRIAGE",,,,,,,,,,,,,,,,,,,,,,,,,,,,,,,,,
"750178","JC454608","2019-09-30T15:09:00","2","DRIVER",,"712652",,"MITSUBISHI","Outlander","IL","2017","UNKNOWN","SPORT UTILITY VEHICLE (SUV)","UNKNOWN/NA","N","UNKNOWN/NA",,,"1",,,,,"true",,,,"true",,,,,,,,,"REAR-RIGHT",,,,,,,,,,,,,,,,,,,,,,,,,,,,,,,,,
"750093","JC454439","2019-09-30T15:06:00","1","DRIVER",,"712569",,"JEEP","JEEP - YEAR GREATER 1988","IL","2016","UNKNOWN","PASSENGER","PERSONAL","S","SLOW/STOP IN TRAFFIC",,,"1",,,,,,,,,,"true",,,,,,,,"REAR-LEFT",,,,,,,,,,,,,,,,,,,,,,,,,,,,,,,,,
"750094","JC454439","2019-09-30T15:06:00","2","DRIVER",,"712575",,"HONDA","UNKNOWN","IL","2004","UNKNOWN","PASSENGER","UNKNOWN/NA","S","UNKNOWN/NA",,,"1",,,,,,,,,,,,,,,,"true",,"OTHER",,,,,,,,,,,,,,,,,,,,,,,,,,,,,,,,,
"750385","JC454770","2019-09-30T15:00:00","1","DRIVER",,"712845",,"CHEVROLET","TAHOE","IL","2006","UNKNOWN","SPORT UTILITY VEHICLE (SUV)","UNKNOWN/NA","S","STRAIGHT AHEAD",,,"2",,,,,,,,,,,,,,,"true",,,"TOTAL (ALL AREAS)",,,,,,,,,,,,,,,,,,,,,,,,,,,,,,,,,
"750337","JC454770","2019-09-30T15:00:00","2","PARKED",,"712804",,"CADILLAC","SRX","IL","2011","NONE","PASSENGER","UNKNOWN/NA","UNKNOWN","PARKED",,,"0",,,,,,,,"true","true",,,,,,,,,"REAR",,,,,,,,,,,,,,,,,,,,,,,,,,,,,,,,,
"750185","JC454623","2019-09-30T15:00:00","1","DRIVER",,"712636",,"UNKNOWN","UNKNOWN",,,"UNKNOWN","UNKNOWN/NA","UNKNOWN/NA","UNKNOWN","UNKNOWN/NA",,,"1",,,,,,,,,,,,,,,,,"true","UNKNOWN",,,,,,,,,,,,,,,,,,,,,,,,,,,,,,,,,
"750186","JC454623","2019-09-30T15:00:00","2","PARKED",,"712641",,"LAND ROVER","LAND ROVER","IL","2013","NONE","PASSENGER","PERSONAL","E","PARKED",,,"0",,,,,,,,,,,,"true","true","true",,,,"ROOF",,,,,,,,,,,,,,,,,,,,,,,,,,,,,,,,,
"750128","JC454530","2019-09-30T15:00:00","1","DRIVER",,"712594",,"HONDA","CIVIC","IL","2015","NONE","PASSENGER","PERSONAL","NE","TURNING LEFT",,,"1",,,,,"true","true","false","false",,,,,,,,,,"FRONT",,,,,,,,,,,,,,,,,,,,,,,,,,,,,,,,,
"750129","JC454530","2019-09-30T15:00:00","2","DRIVER",,"712596",,"CHEVROLET","IMPALA","IL","2012","NONE","PASSENGER","PERSONAL","NE","TURNING LEFT",,,"1",,,,,,,,,,,,,"true","true",,,,"ROOF",,,,,,,,,,,,,,,,,,,,,,,,,,,,,,,,,
"750869","JC454482","2019-09-30T15:00:00","1","DRIVER",,"713281",,"BLUEBIRD INTERNATIONAL","UNKNOWN","IL","2014","UNKNOWN","UNKNOWN/NA","SCHOOL BUS","W","STRAIGHT AHEAD",,,"1",,,,,"true",,,,,,,,,,,,,"OTHER",,,,,,,,,,,,,,,,,,,,,,,,,,,,,,,,,
"750870","JC454482","2019-09-30T15:00:00","2","PARKED",,"713282",,"HYUNDAI","AZERA","IL","2014","OTHER","PASSENGER","PERSONAL","W","PARKED",,,"0",,,,,,,,,,,,,"true","true","true",,,"ROOF",,,,,,,,,,,,,,,,,,,,,,,,,,,,,,,,,
"751413","JC450508","2019-09-30T15:00:00","1","DRIVER",,"713794","true","FEDERAL TRAILER CO.","FEDERAL TRAILER CO.","IL",,"UNKNOWN","TRACTOR W/ SEMI-TRAILER","COMMERCIAL - MULTI-UNIT","N","STRAIGHT AHEAD",,,"1",,,,"true",,,,,,,,,,,,,,"NONE","8303","311230",,,,,"BOASSO AMERICAN CO.","LA","CHALMETTE",,,,"N","N",,,,"N","N",,,,,,,,,"TRACTOR/SEMI-TRAILER","VAN/ENCLOSED BOX","UNKNOWN","false","false",
"751414","JC450508","2019-09-30T15:00:00","2","DRIVER",,"713795",,"DODGE","Avenger","IL","2008","NONE","PASSENGER","PERSONAL","S","STRAIGHT AHEAD",,,"1",,,,,,,,,,,,,,,"true",,,"TOTAL (ALL AREAS)",,,,,,,,,,,,,,,,,,,,,,,,,,,,,,,,,
"750139","JC454552","2019-09-30T14:55:00","1","DRIVER",,"712605",,"CHEVROLET","Trail Blazer","IL","2005","NONE","SPORT UTILITY VEHICLE (SUV)","PERSONAL","E","ENTERING TRAFFIC LANE FROM PARKING",,,"1",,,,,,,,,,,,,,,"true",,,"TOTAL (ALL AREAS)",,,,,,,,,,,,,,,,,,,,,,,,,,,,,,,,,
"750140","JC454552","2019-09-30T14:55:00","2","PARKED","4","712642",,"DODGE","JOURNEY","IL","2018","NONE","SPORT UTILITY VEHICLE (SUV)","PERSONAL","E","PARKED",,,"4",,,,,,,,,,,,,,,,,,"REAR",,,,,,,,,,,,,,,,,,,,,,,,,,,,,,,,,
"750088","JC454453","2019-09-30T14:45:00","1","DRIVER",,"712563",,"UNKNOWN","UNKNOWN","IL",,"NONE","UNKNOWN/NA","UNKNOWN/NA","UNKNOWN","UNKNOWN/NA",,,"1",,,,,,,,,,,,,,,,,,"UNKNOWN",,,,,,,,,,,,,,,,,,,,,,,,,,,,,,,,,