"crash_unit_id","rd_no","crash_date","unit_no","unit_type","num_passengers","vehicle_id","cmrc_veh_i","make","model","lic_plate_state","vehicle_year","vehicle_defect","vehicle_type","vehicle_use","travel_direction","maneuver","towed_i","fire_i","occupant_cnt","exceed_speed_limit_i","towed_by","towed_to","area_00_i","area_01_i","area_02_i","area_03_i","area_04_i","area_05_i","area_06_i","area_07_i","area_08_i","area_09_i","area_10_i","area_11_i","area_12_i","area_99_i","first_contact_point","cmv_id","usdot_no","ccmc_no","ilcc_no","commercial_src","gvwr","carrier_name","carrier_state","carrier_city","hazmat_placards_i","hazmat_name","un_no","hazmat_present_i","hazmat_report_i","hazmat_report_no","mcs_report_i","mcs_report_no","hazmat_vio_cause_crash_i","mcs_vio_cause_crash_i","idot_permit_no","wide_load_i","trailer1_width","trailer2_width","trailer1_length","trailer2_length","total_vehicle_length","axle_cnt","vehicle_config","cargo_body_type","load_type","hazmat_out_of_service_i","mcs_out_of_service_i","hazmat_class"
"749870","JC453966","2019-09-30T09:41:00","1","DRIVER",,"712350",,"INFINITI","G37","IL","2009","NONE","PASSENGER","PERSONAL","W","BACKING",,,"1",,,,,,,,,,,"true",,,,,,,"SIDE-LEFT",,,,,,,,,,,,,,,,,,,,,,,,,,,,,,,,,
"749871","JC453966","2019-09-30T09:41:00","2","DRIVER",,"712353",,"FORD","F150","IL","2018","NONE","PICKUP","OTHER","E","TURNING RIGHT",,,"1",,,,,,,,,,,,,,,"true",,,"TOTAL (ALL AREAS)",,,,,,,,,,,,,,,,,,,,,,,,,,,,,,,,,
"749855","JC453972","2019-09-30T09:38:00","1","DRIVER","3","712334",,"NISSAN","Quest","IL","2008","NONE","VAN/MINI-VAN","PERSONAL","SW","TURNING LEFT",,,"4",,,,,,,,,,,,,,,"true","true",,"TOTAL (ALL AREAS)",,,,,,,,,,,,,,,,,,,,,,,,,,,,,,,,,
"749856","JC453972","2019-09-30T09:38:00","2","DRIVER",,"712341",,"TOYOTA MOTOR COMPANY, LTD.","Prius","IL","2007","NONE","PASSENGER","PERSONAL","N","STRAIGHT AHEAD","true",,"1",,"STATE FARM","REPAIR SH(PRIVATE)",,"true",,,,,,,,,,,"true",,"FRONT",,,,,,,,,,,,,,,,,,,,,,,,,,,,,,,,,
"749931","JC453973","2019-09-30T09:32:00","1","DRIVER",,"712406",,"CHEVROLET","CRUZE","IL","2013","NONE","PASSENGER","PERSONAL","S","STRAIGHT AHEAD",,,"1",,,,,,,,,,,,,,"true","true",,,"TOTAL (ALL AREAS)",,,,,,,,,,,,,,,,,,,,,,,,,,,,,,,,,
"749932","JC453973","2019-09-30T09:32:00","2","DRIVER",,"712413",,"NISSAN","VERSA","IL","2014","NONE","PASSENGER","PERSONAL","W","STRAIGHT AHEAD","true",,"1",,"CPD","103 DOTY RD",,"true","true","true","true","true",,,,,,,,,"ROOF",,,,,,,,,,,,,,,,,,,,,,,,,,,,,,,,,
"750220","JC454507","2019-09-30T09:30:00","1","DRIVER",,"712669",,"UNKNOWN","UNKNOWN",,,"UNKNOWN","UNKNOWN/NA","UNKNOWN/NA","UNKNOWN","UNKNOWN/NA",,,"1",,,,,,,,,,,,,,,,,"true","UNKNOWN",,,,,,,,,,,,,,,,,,,,,,,,,,,,,,,,,
"750221","JC454507","2019-09-30T09:30:00","2","PARKED",,"712683",,"HYUNDAI","GENESIS","IL","2013","NONE","PASSENGER","NOT IN USE","UNKNOWN","PARKED",,,"0",,,,,,,,,,,,,,"true","true",,,"TOTAL (ALL AREAS)",,,,,,,,,,,,,,,,,,,,,,,,,,,,,,,,,
"749859","JC453954","2019-09-30T09:30:00","1","DRIVER",,"712343",,"HONDA","CRV","IL","2005","UNKNOWN","SPORT UTILITY VEHICLE (SUV)","PERSONAL","N","ENTERING TRAFFIC LANE FROM PARKING",,,"1",,,,,,,,,,,,,,,"true","true",,"OTHER",,,,,,,,,,,,,,,,,,,,,,,,,,,,,,,,,
"749860","JC453954","2019-09-30T09:30:00","2","DRIVER",,"712346",,"MERCEDES-BENZ","MERCEDES-BENZ","IL","2019","UNKNOWN","SPORT UTILITY VEHICLE (SUV)","UNKNOWN/NA","UNKNOWN","UNKNOWN/NA",,,"1",,,,,,,,,"true",,,,,,,,,"REAR",,,,,,,,,,,,,,,,,,,,,,,,,,,,,,,,,
"749887","JC453930","2019-09-30T09:26:00","1","DRIVER","2","712366",,"CHRYSLER","Sebring","IL","2009","NONE","PASSENGER","PERSONAL","S","SLOW/STOP IN TRAFFIC",,,"3",,,,,,,,,,,,,,,"true",,,"TOTAL (ALL AREAS)",,,,,,,,,,,,,,,,,,,,,,,,,,,,,,,,,
"749888","JC453930","2019-09-30T09:26:00","2","DRIVER",,"712380",,"TOYOTA MOTOR COMPANY, LTD.","CAMRY","IL","2009","NONE","PASSENGER","PERSONAL","W","STRAIGHT AHEAD",,,"1",,,,,"true","true",,,,,,,,,,,,"FRONT",,,,,,,,,,,,,,,,,,,,,,,,,,,,,,,,,
"749848","JC453908","2019-09-30T09:24:00","1","DRIVER",,"712327",,"TOYOTA MOTOR COMPANY, LTD.","COROLLA","IL","2018","UNKNOWN","PASSENGER","PERSONAL","S","STRAIGHT AHEAD","true",,"1",,"UNKNOWN","UNKNOWN",,"true",,,,,,,,,"true","true","true",,"OTHER",,,,,,,,,,,,,,,,,,,,,,,,,,,,,,,,,
"749849","JC453908","2019-09-30T09:24:00","2","DRIVER",,"712332",,"NISSAN","SENTRA (DATSUN AND NISSAN HAVE MERGED)","IL","2005","NONE","PASSENGER","PERSONAL","E","STRAIGHT AHEAD",,,"1",,,,,,,,,,,"true","true","true","true","true",,,"ROOF",,,,,,,,,,,,,,,,,,,,,,,,,,,,,,,,,
"749845","JC453960","2019-09-30T09:20:00","1","DRIVER",,"712337",,"FORD","UNKNOWN","IL","2011","NONE","VAN/MINI-VAN","OTHER","S","BACKING",,,"1",,,,,,,,"true","true",,,,,,,,,"REAR-RIGHT",,,,,,,,,,,,,,,,,,,,,,,,,,,,,,,,,
"749846","JC453960","2019-09-30T09:20:00","2","PARKED",,"712344","true","GREAT DANE TRAILERS INC.","GREAT DANE TRAILERS INC.","IL","2014","NONE","TRUCK - SINGLE UNIT","OTHER","E","PARKED",,,"0",,,,,,,,,,,,,,,,,,"REAR-LEFT",,,,,,,,,,,,,,,,,,,,,,,,,,,,,,,,,
"749953","JC453981","2019-09-30T09:15:00","1","DRIVER",,"712428",,"ACURA","ACURA","IL",,"NONE","PASSENGER","PERSONAL","NW","TURNING LEFT",,,"1",,,,,"false","true",,,,,,,,,,,,"FRONT-RIGHT",,,,,,,,,,,,,,,,,,,,,,,,,,,,,,,,,
"749954","JC453981","2019-09-30T09:15:00","2","DRIVER","1","712438",,"CHRYSLER","200","IL","2013","NONE","PASSENGER","PERSONAL","W","STRAIGHT AHEAD",,,"2",,,,,,,,,,,"true","false","false",,,,,"SIDE-LEFT",,,,,,,,,,,,,,,,,,,,,,,,,,,,,,,,,
"749894","JC453962","2019-09-30T09:11:00","1","DRIVER",,"712368",,"KIA MOTORS CORP","Sportage (sport utility)","IL","2019","NONE","SPORT UTILITY VEHICLE (SUV)","PERSONAL","E","STRAIGHT AHEAD",,,"1",,,,,,,,,,,,,,,,"true",,"OTHER",,,,,,,,,,,,,,,,,,,,,,,,,,,,,,,,,
"749895","JC453962","2019-09-30T09:11:00","2","DRIVER",,"712383",,"CHRYSLER","Pacifica (Sport Wagon)","IL","2007","NONE","SPORT UTILITY VEHICLE (SUV)","PERSONAL","E","STRAIGHT AHEAD",,,"1",,,,,,,,,,"true",,,,,,,,"REAR-LEFT",,,,,,,,,,,,,,,,,,,,,,,,,,,,,,,,,
"752283","JC453927","2019-09-30T09:08:00","1","DRIVER",,"714619",,"TOYOTA MOTOR COMPANY, LTD.","COROLLA","IL","2010","UNKNOWN","PASSENGER","PERSONAL","N","STRAIGHT AHEAD",,,"1",,,,,,,,,,,,,,,"true",,,"TOTAL (ALL AREAS)",,,,,,,,,,,,,,,,,,,,,,,,,,,,,,,,,
"752284","JC453927","2019-09-30T09:08:00","2","DRIVER",,"714620",,"TOYOTA MOTOR COMPANY, LTD.","TOYOTA","IL","2006","UNKNOWN","PASSENGER","PERSONAL","N","STRAIGHT AHEAD",,,"3",,,,,,,,,,,"true",,,,"true","true",,"SIDE-LEFT",,,,,,,,,,,,,,,,,,,,,,,,,,,,,,,,,
"752285","JC453927","2019-09-30T09:08:00","3","PARKED",,"714621",,"GENERAL MOTORS CORP.","TERRAIN","IL","2019","UNKNOWN","PASSENGER","PERSONAL","N","PARKED",,,"0",,,,,,,,,,"true","true",,,,,,,"SIDE-LEFT",,,,,,,,,,,,,,,,,,,,,,,,,,,,,,,,,
"749885","JC545063","2019-09-30T09:00:00","1","DRIVER",,"712357",,"UNKNOWN","UNKNOWN","IL",,"UNKNOWN","UNKNOWN/NA","UNKNOWN/NA","UNKNOWN","UNKNOWN/NA",,,"1",,,,,,,,,,,,,,,,,"true","UNKNOWN",,,,,,,,,,,,,,,,,,,,,,,,,,,,,,,,,
"749886","JC545063","2019-09-30T09:00:00","2","PARKED",,"712359",,"CHEVROLET","SILVERADO",,"2017","NONE","PICKUP","MILITARY","W","PARKED",,,"0",,,,,"true","true","true","true",,,,,,,,,,"SIDE-RIGHT",,,,,,,,,,,,,,,,,,,,,,,,,,,,,,,,,
"750360","JC454869","2019-09-30T09:00:00","1","DRIVER",,"712838","false","UNKNOWN","UNKNOWN","IN","2010","UNKNOWN","BUS UP TO 15 PASS.","COMMERCIAL - SINGLE UNIT","S","TURNING RIGHT",,,"1",,,,,,,,,,,,,,"true","true",,,"TOTAL (ALL AREAS)",,,,,,,,,,,,,,,,,,,,,,,,,,,,,,,,,
"750361","JC454869","2019-09-30T09:00:00","2","DRIVER",,"712822","true","MACK TRUCKS, INC.","MACK TRUCKS, INC.","IL","2000","UNKNOWN","TRACTOR W/ SEMI-TRAILER","COMMERCIAL - SINGLE UNIT","S","TURNING RIGHT",,,"1",,,,"true",,,,,,,,,,,,,,"NONE",,,,,,,,,,,,,,,,,,,,,,,,,,,,,,,,,
"750252","JC454692","2019-09-30T09:00:00","1","DRIVER",,"712713",,"UNKNOWN","UNKNOWN",,,"UNKNOWN","UNKNOWN/NA","UNKNOWN/NA","UNKNOWN","UNKNOWN/NA",,,"1",,,,,,,,,,,,,,,,,"true","UNKNOWN",,,,,,,,,,,,,,,,,,,,,,,,,,,,,,,,,
"750253","JC454692","2019-09-30T09:00:00","2","PARKED",,"712708",,"HONDA","CRV","IL","2008","UNKNOWN","MOTORCYCLE (OVER 150CC)","PERSONAL","UNKNOWN","PARKED",,,"0",,,,,,,,,,,,,"true","true",,,,"ROOF",,,,,,,,,,,,,,,,,,,,,,,,,,,,,,,,,
"749875","JC453953","2019-09-30T09:00:00","1","DRIVER",,"712354","true","FREIGHTLINER CORP.","FREIGHTLINER CORP.","IL","1996","NONE","TRACTOR W/ SEMI-TRAILER","COMMERCIAL - SINGLE UNIT","W","STRAIGHT AHEAD","true",,"1",,"OWNER",,,,,,,,,,,,,,,,,"8274","1223688",,,"SIDE OF TRUCK",,"MARQUEZ OCTAVIO","IL","CHICAGO",,,,,,,,,,,,,,,,,,,"TRACTOR/SEMI-TRAILER","VAN/ENCLOSED BOX","UNKNOWN",,,
"749838","JC453937","2019-09-30T09:00:00","1","DRIVER",,"712315",,"UNKNOWN","UNKNOWN","XX",,"UNKNOWN","UNKNOWN/NA","UNKNOWN/NA","W","STRAIGHT AHEAD",,,"1",,,,,,,,,,,,,,,,,"true","UNKNOWN",,,,,,,,,,,,,,,,,,,,,,,,,,,,,,,,,
"749839","JC453937","2019-09-30T09:00:00","2","PARKED",,"712321",,"NISSAN","Murano","IL","2004","NONE","PASSENGER","PERSONAL","W","PARKED",,,"0",,,,,,,,,,,"true","true",,,,,,"SIDE-LEFT",,,,,,,,,,,,,,,,,,,,,,,,,,,,,,,,,
"749929","JC456933","2019-09-30T08:55:00","1","DRIVER",,"712405",,"JEEP","JEEP - YEAR GREATER 1988","IL","2016","NONE","SPORT UTILITY VEHICLE (SUV)","PERSONAL","S","STRAIGHT AHEAD",,,"1",,,,,"true",,,,,,,,,,"true","true",,"FRONT",,,,,,,,,,,,,,,,,,,,,,,,,,,,,,,,,
"749930","JC456933","2019-09-30T08:55:00","2","DRIVER",,"712411",,"GILL MFG. CO.","GILL MFG. CO.","IL","2019","NONE","BUS OVER 15 PASS.","SCHOOL BUS","S","SLOW/STOP IN TRAFFIC",,,"1",,,,,,,,,"true","true","true",,,,"false",,,"SIDE-LEFT",,,,,,,,,,,,,,,,,,,,,,,,,,,,,,,,,
"749831","JC453909","2019-09-30T08:50:00","1","DRIVER",,"712320",,"CHEVROLET","EQUINOX","IL","2013","NONE","PASSENGER","PERSONAL","E","AVOIDING VEHICLES/OBJECTS","true",,"1",,"private",,,"true",,,,,,,,,,"true","true",,"FRONT",,,,,,,,,,,,,,,,,,,,,,,,,,,,,,,,,
"749832","JC453909","2019-09-30T08:50:00","2","PARKED",,"712329",,"VOLKSWAGEN","Touareg","IL","2013","NONE","PASSENGER","PERSONAL","E","PARKED","true",,"0",,"private",,,"true",,,,,,,"true","true","true","true",,,"ROOF",,,,,,,,,,,,,,,,,,,,,,,,,,,,,,,,,
"749833","JC453909","2019-09-30T08:50:00","3","PARKED",,"712333",,"CHEVROLET","CRUZE","FL","2018","NONE","PASSENGER","PERSONAL","E","PARKED",,,"0",,,,,,,,,,"true","true",,,,,,,"SIDE-LEFT",,,,,,,,,,,,,,,,,,,,,,,,,,,,,,,,,
"749823","JC453889","2019-09-30T08:48:00","1","DRIVER","1","712303",,"FORD","UNKNOWN","IL",,"BRAKES","VAN/MINI-VAN","POLICE","N","STRAIGHT AHEAD","true",,"2",,"city of chicago tow","area central garage",,,,,,,,,,,,"true",,,"TOTAL (ALL AREAS)",,,,,,,,,,,,,,,,,,,,,,,,,,,,,,,,,
"749824","JC453889","2019-09-30T08:48:00","2","DRIVER",,"712311",,"TOYOTA MOTOR COMPANY, LTD.","CAMRY","IL","2017","NONE","PASSENGER","PERSONAL","N","SLOW/STOP IN TRAFFIC",,,"1",,,,,"false",,,,"true",,,,,,,,,"REAR",,,,,,,,,,,,,,,,,,,,,,,,,,,,,,,,,
"749751","JC453870","2019-09-30T08:45:00","1","DRIVER",,"712274",,"NISSAN","Murano","IL","2019","NONE","PASSENGER","PERSONAL","N","SLOW/STOP IN TRAFFIC",,,"1",,,,,,,,,,,,,,,,"true",,"TOTAL (ALL AREAS)",,,,,,,,,,,,,,,,,,,,,,,,,,,,,,,,,
"749752","JC453870","2019-09-30T08:45:00","2","DRIVER",,"712279",,"NISSAN","UNKNOWN","IL","2015","UNKNOWN","PASSENGER","PERSONAL","N","SLOW/STOP IN TRAFFIC",,,"1",,,,,,,,,,,,,,,"true",,,"TOTAL (ALL AREAS)",,,,,,,,,,,,,,,,,,,,,,,,,,,,,,,,,
"749771","JC453885","2019-09-30T08:44:00","1","DRIVER",,"712290",,"VOLKSWAGEN","TIGUAN",,"2018","UNKNOWN","SPORT UTILITY VEHICLE (SUV)","PERSONAL","S","STRAIGHT AHEAD",,,"1",,,,,"true",,,,,,,,,,"true","true",,"OTHER",,,,,,,,,,,,,,,,,,,,,,,,,,,,,,,,,
"749772","JC453885","2019-09-30T08:44:00","2","DRIVER",,"712293",,"HONDA","ACCORD",,"2017","UNKNOWN","PASSENGER","PERSONAL","S","SLOW/STOP IN TRAFFIC",,,"1",,,,,,,,,"true","true","true",,,,,,,"REAR-LEFT",,,,,,,,,,,,,,,,,,,,,,,,,,,,,,,,,
"750210","JC454637","2019-09-30T08:30:00","1","DRIVER",,"712665",,"DODGE","RAM 1500 PU","TX","2017","NONE","PICKUP","OTHER","S","CHANGING LANES",,,"1",,,,,"true",,,,,,,,,,,,,"FRONT",,,,,,,,,,,,,,,,,,,,,,,,,,,,,,,,,
"750211","JC454637","2019-09-30T08:30:00","2","DRIVER","1","712678",,"HONDA","FIT","IL","2015","NONE","PASSENGER","PERSONAL","S","STRAIGHT AHEAD",,,"2",,,,,,,,,,,"true",,,,,,,"SIDE-LEFT",,,,,,,,,,,,,,,,,,,,,,,,,,,,,,,,,
"750071","JC454395","2019-09-30T08:30:00","1","DRIVER",,"712543",,"HONDA","CRV","IL","2008","NONE","SPORT UTILITY VEHICLE (SUV)","PERSONAL","S","STRAIGHT AHEAD",,,"1",,,,,,,,,,,,,,,,"true",,"OTHER",,,,,,,,,,,,,,,,,,,,,,,,,,,,,,,,,
"750072","JC454395","2019-09-30T08:30:00","2","DRIVER","1","712547",,"KIA MOTORS CORP","Optima","IL","2016","NONE","PASSENGER","PERSONAL","W","SLOW/STOP IN TRAFFIC",,,"2",,,,,,"true","true","true","true",,,,,,,,,"FRONT-RIGHT",,,,,,,,,,,,,,,,,,,,,,,,,,,,,,,,,
"749876","JC453901","2019-09-30T08:30:00","1","DRIVER",,"712364",,"CADILLAC","UNKNOWN",,"2017","NONE","SPORT UTILITY VEHICLE (SUV)","PERSONAL","S","TURNING LEFT",,,"1",,,,,,,,"true",,,,,,,,,,"SIDE-RIGHT",,,,,,,,,,,,,,,,,,,,,,,,,,,,,,,,,
"749877","JC453901","2019-09-30T08:30:00","2","BICYCLE",,,,,,,,,,,,,,,,,,,,,,,,,,,,,,,,,,,,,,,,,,,,,,,,,,,,,,,,,,,,,,,,,,
"751415","JC453891","2019-09-30T08:30:00","1","DRIVER",,"713799",,"TOYOTA MOTOR COMPANY, LTD.","Highlander(beginning vehicle year 2001)","IL","2012","NONE","PASSENGER","PERSONAL","N","STRAIGHT AHEAD",,,"1",,,,,,,"true",,,,,,,,,,,"SIDE-RIGHT",,,,,,,,,,,,,,,,,,,,,,,,,,,,,,,,,
"751416","JC453891","2019-09-30T08:30:00","2","DRIVER",,"713800",,"BUICK","ENCLAVE","IL","2008","NONE","PASSENGER","PERSONAL","W","STRAIGHT AHEAD",,,"1",,,,,,,,,,,,,,,,"true",,"OTHER",,,,,,,,,,,,,,,,,,,,,,,,,,,,,,,,,
"749757","JC453858","2019-09-30T08:26:00","1","DRIVER","1","712285",,"AUTOCAR","AUTOCAR","IL","2006","NONE","TRUCK - SINGLE UNIT","OTHER","N","STRAIGHT AHEAD",,,"2",,,,"true",,,,,,,,,,,,,,"REAR",,,,,,,,,,,,,,,,,,,,,,,,,,,,,,,,,
"749852","JC453971","2019-09-30T08:25:00","1","DRIVER",,"712335",,"UNKNOWN","UNKNOWN","IL","2005","UNKNOWN","OTHER","UNKNOWN/NA","S","STRAIGHT AHEAD",,,"1",,,,,,,"false","false",,,,,,,"false","false",,"UNKNOWN",,,,,,,,,,,,,,,,,,,,,,,,,,,,,,,,,
"749853","JC453971","2019-09-30T08:25:00","2","DRIVER",,"712330",,"UNKNOWN","UNKNOWN","IN","2010","NONE","BUS OVER 15 PASS.","OTHER","S","TURNING RIGHT",,,"1",,,,,,"false","true","true",,,,,,"false","false",,,,,,,,,,,,,,,,,,,,,,,,,,,,,,,,,,,,
"749883","JC453922","2019-09-30T08:20:00","1","DRIVER",,"712361",,"UNKNOWN","UNKNOWN","IL",,"UNKNOWN","PICKUP","OTHER","SE","STRAIGHT AHEAD",,,"1",,,,,,,,,,,,,,,,"true",,"OTHER",,,,,,,,,,,,,,,,,,,,,,,,,,,,,,,,,
"749884","JC453922","2019-09-30T08:20:00","2","DRIVER",,"712372","true","KENWORTH MOTOR TRUCK CO.","UNKNOWN","IL","2013","NONE","TRACTOR W/ SEMI-TRAILER","COMMERCIAL - MULTI-UNIT","SE","SLOW/STOP IN TRAFFIC",,,"1",,,,"true",,,,,,,,,,,,,,"REAR","8275",,,,"PAPERS",,"OZINGA  READY MIX CONCRETE","IL","MOKENA",,,,"N","N",,"N",,"N","N",,,,,,,,,"TRUCK/TRACTOR","CONCRETE MIXER","BUILDING MATERIALS","false","false",
"749825","JC453898","2019-09-30T08:20:00","1","DRIVER","1","712306",,"BLUE BIRD BODY CO.","BLUE BIRD BODY CO.","IL","2014","NONE","BUS OVER 15 PASS.","OTHER","E","STRAIGHT AHEAD",,,"2",,,,,,"false","true","true","true",,,,,,,,,"SIDE-RIGHT",,,,,,,,,,,,,,,,,,,,,,,,,,,,,,,,,
"749826","JC453898","2019-09-30T08:20:00","2","PARKED",,"712318",,"JEEP","UNKNOWN","IL","2005","UNKNOWN","SPORT UTILITY VEHICLE (SUV)","NOT IN USE","E","PARKED",,,"0",,,,,,,,,,,,,,"true","true","true",,"TOTAL (ALL AREAS)",,,,,,,,,,,,,,,,,,,,,,,,,,,,,,,,,
"749765","JC453853","2019-09-30T08:19:00","1","DRIVER",,"712292",,"BUICK","BUICK","IL","2019","NONE","PASSENGER","PERSONAL","E","STRAIGHT AHEAD",,,"1",,,,,,,,,,,,,,,,"true",,"OTHER",,,,,,,,,,,,,,,,,,,,,,,,,,,,,,,,,
"749766","JC453853","2019-09-30T08:19:00","2","DRIVER",,"712297",,"JEEP","PATRIOT","IL","2015","NONE","PASSENGER","PERSONAL","N","STRAIGHT AHEAD","true",,"1",,"PRIVATE",,,,,,,"true","true","true",,,,,,,"REAR-LEFT",,,,,,,,,,,,,,,,,,,,,,,,,,,,,,,,,
"749847","JC453810","2019-09-30T08:16:00","1","DRIVER","4","712338",,"CHRYSLER","300",,"2015","NONE","PASSENGER","PERSONAL","E","DRIVING WRONG WAY",,,"5",,,,"true",,,,,,,,,,,,,,"NONE",,,,,,,,,,,,,,,,,,,,,,,,,,,,,,,,,
"749880","JC453810","2019-09-30T08:16:00","2","PEDESTRIAN",,,,,,,,,,,,,,,,,,,,,,,,,,,,,,,,,,,,,,,,,,,,,,,,,,,,,,,,,,,,,,,,,,
"749920","JC454107","2019-09-30T08:15:00","1","DRIVER",,"712399",,"CHEVROLET","SUBURBAN","IL","2000","NONE","PASSENGER","UNKNOWN/NA","NE","TURNING RIGHT",,,"1",,,,,,,,,,,,,,,,"true",,"OTHER",,,,,,,,,,,,,,,,,,,,,,,,,,,,,,,,,
"749921","JC454107","2019-09-30T08:15:00","2","DRIVER","1","712404",,"MITSUBISHI","MITSUBISHI","IL","2009","NONE","PASSENGER","PERSONAL","E","STRAIGHT AHEAD",,,"2",,,,,"true","true",,,,,,,,,,,,"SIDE-RIGHT",,,,,,,,,,,,,,,,,,,,,,,,,,,,,,,,,
"749809","JC453888","2019-09-30T08:15:00","1","DRIVER",,"712294",,"UNKNOWN","UNKNOWN","IL",,"UNKNOWN","UNKNOWN/NA","UNKNOWN/NA","NW","UNKNOWN/NA",,,"1",,,,,,,,,,,,,,,,"true","true","OTHER",,,,,,,,,,,,,,,,,,,,,,,,,,,,,,,,,
"749810","JC453888","2019-09-30T08:15:00","2","DRIVER",,"712298",,"HONDA","Odyssey (minivan)","IL","2014","UNKNOWN","VAN/MINI-VAN","PERSONAL","NW","SLOW/STOP IN TRAFFIC",,,"1",,,,,,,,,,"true",,,,,,"true",,"REAR-LEFT",,,,,,,,,,,,,,,,,,,,,,,,,,,,,,,,,
"749811","JC453888","2019-09-30T08:15:00","3","DRIVER",,"712310","true","FORD","FORD-TRUCK,VAN,SUV, ETC","IL","2010","UNKNOWN","VAN/MINI-VAN","COMMERCIAL - SINGLE UNIT","NW","SLOW/STOP IN TRAFFIC",,,"1",,,,,,,,,,"true",,,,,,"true",,"REAR-LEFT","8273",,,,,,"DELGADO TRAVEL AGENCY, INC","IL","CHICAGO",,,,"N","N",,"N",,"N","N",,,,,,,,,,"OTHER","UNKNOWN","false","false",
"749812","JC453888","2019-09-30T08:15:00","4","DRIVER",,"712322",,"UNKNOWN","UNKNOWN",,,"UNKNOWN","PASSENGER","UNKNOWN/NA","NW","SLOW/STOP IN TRAFFIC",,,"1",,,,,,,,,,,,,,,,,"true","REAR-LEFT",,,,,,,,,,,,,,,,,,,,,,,,,,,,,,,,,
"749743","JC453857","2019-09-30T08:15:00","1","DRIVER",,"712271",,"JEEP","JEEP - YEAR GREATER 1988","IL","2011","NONE","PASSENGER","PERSONAL","N","SLOW/STOP IN TRAFFIC",,,"1",,,,,,,,,,,,,,,,"true",,"OTHER",,,,,,,,,,,,,,,,,,,,,,,,,,,,,,,,,
"749744","JC453857","2019-09-30T08:15:00","2","DRIVER",,"712278",,"FORD","FORD-TRUCK,VAN,SUV, ETC","IL","2017","NONE","VAN/MINI-VAN","OTHER","N","SLOW/STOP IN TRAFFIC",,,"1",,,,,,,,,,"true",,,,,,,,"REAR-LEFT",,,,,,,,,,,,,,,,,,,,,,,,,,,,,,,,,
"749758","JC453842","2019-09-30T08:07:00","1","DRIVER",,"712282",,"CHEVROLET","TRAVERSE","IL","2014","NONE","PASSENGER","PERSONAL","NE","TURNING RIGHT",,,"1",,,,,"false",,,,,,,,,"true","true","true",,,,,,,,,,,,,,,,,,,,,,,,,,,,,,,,,,,
"749759","JC453842","2019-09-30T08:07:00","2","DRIVER","1","712286",,"TOYOTA MOTOR COMPANY, LTD.","TOYOTA","IL","2013","NONE","OTHER","OTHER","E","STRAIGHT AHEAD",,,"2",,,,,"true","true",,,,,,,,,,"true",,,,,,,,,,,,,,,,,,,,,,,,,,,,,,,,,,,
"750077","JC454427","2019-09-30T08:00:00","1","DRIVER",,"712554",,"FREIGHTLINER CORP.","FREIGHTLINER CORP.","IL","2019","NONE","TRACTOR W/ SEMI-TRAILER","OTHER","W","BACKING",,,"1",,,,,,,,,,,,,,,,,,"REAR-LEFT",,,,,,,,,,,,,,,,,,,,,,,,,,,,,,,,,
"750078","JC454427","2019-09-30T08:00:00","2","DRIVER",,"712562",,"VOLVO","UNKNOWN","IL","2014","NONE","TRACTOR W/ SEMI-TRAILER","OTHER","E","SLOW/STOP IN TRAFFIC",,,"1",,,,,,,,,,,,,,,,"true",,"OTHER",,,,,,,,,,,,,,,,,,,,,,,,,,,,,,,,,
"749892","JC453911","2019-09-30T08:00:00","1","DRIVER",,"712367",,"UNKNOWN","UNKNOWN","IL",,"UNKNOWN","PASSENGER","PERSONAL","E","OTHER",,,"1",,,,,"true",,,,,,,,,,,"false",,"FRONT",,,,,,,,,,,,,,,,,,,,,,,,,,,,,,,,,
"749893","JC453911","2019-09-30T08:00:00","2","DRIVER",,"712407",,"FORD","F150","IL","2014","NONE","PICKUP","OTHER","N","BACKING",,,"1",,,,,,,,,,,"true",,,,,,,"FRONT-LEFT",,,,,,,,,,,,,,,,,,,,,,,,,,,,,,,,,
"749755","JC453835","2019-09-30T07:53:00","1","DRIVER",,"712280",,"MINI","COOPER","IL","2014","NONE","PASSENGER","PERSONAL","W","STRAIGHT AHEAD","true",,"1",,"SELF",,,,,,,,,,"true",,,"true",,,"FRONT-LEFT",,,,,,,,,,,,,,,,,,,,,,,,,,,,,,,,,
"749756","JC453835","2019-09-30T07:53:00","2","DRIVER",,"712289","true","BENELLI","BENELLI","IL","1998","NONE","TRACTOR W/ SEMI-TRAILER","COMMERCIAL - SINGLE UNIT","W","STRAIGHT AHEAD",,,"1",,,,,,"true",,,,,,,,,,,,"FRONT-RIGHT","8272","216521","305961",,"PAPERS","3","CIM TRUCKING INC","IL","BEDFORD PARK",,,"9027","N","N",,"N",,"N","N",,,,,,,,"3","TRACTOR/SEMI-TRAILER","FLATBED","OTHER","false","false",
"750434","JC455051","2019-09-30T07:50:00","1","DRIVER",,"712893",,"NISSAN","UNKNOWN","IL","2011","UNKNOWN","UNKNOWN/NA","UNKNOWN/NA","E","STRAIGHT AHEAD",,,"1",,,,,"true",,,,,,,,,,,,,"FRONT",,,,,,,,,,,,,,,,,,,,,,,,,,,,,,,,,