"crash_unit_id","rd_no","crash_date","unit_no","unit_type","num_passengers","vehicle_id","cmrc_veh_i","make","model","lic_plate_state","vehicle_year","vehicle_defect","vehicle_type","vehicle_use","travel_direction","maneuver","towed_i","fire_i","occupant_cnt","exceed_speed_limit_i","towed_by","towed_to","area_00_i","area_01_i","area_02_i","area_03_i","area_04_i","area_05_i","area_06_i","area_07_i","area_08_i","area_09_i","area_10_i","area_11_i","area_12_i","area_99_i","first_contact_point","cmv_id","usdot_no","ccmc_no","ilcc_no","commercial_src","gvwr","carrier_name","carrier_state","carrier_city","hazmat_placards_i","hazmat_name","un_no","hazmat_present_i","hazmat_report_i","hazmat_report_no","mcs_report_i","mcs_report_no","hazmat_vio_cause_crash_i","mcs_vio_cause_crash_i","idot_permit_no","wide_load_i","trailer1_width","trailer2_width","trailer1_length","trailer2_length","total_vehicle_length","axle_cnt","vehicle_config","cargo_body_type","load_type","hazmat_out_of_service_i","mcs_out_of_service_i","hazmat_class"
"750435","JC455051","2019-09-30T07:50:00","2","DRIVER",,"712896",,"TOYOTA MOTOR COMPANY, LTD.","RAV4 (sport utility)","IL","2019","NONE","SPORT UTILITY VEHICLE (SUV)","PERSONAL","E","BACKING",,,"1",,,,,,,,,,,,,,,"true",,,"TOTAL (ALL AREAS)",,,,,,,,,,,,,,,,,,,,,,,,,,,,,,,,,
"749747","JC453833","2019-09-30T07:50:00","1","DRIVER",,"712272",,"KIA MOTORS CORP","SOUL","IL","2015","NONE","SPORT UTILITY VEHICLE (SUV)","RIDESHARE SERVICE","W","CHANGING LANES",,,"1",,,,,,"true","true","true","true",,,,,,,,,"SIDE-RIGHT",,,,,,,,,,,,,,,,,,,,,,,,,,,,,,,,,
"749748","JC453833","2019-09-30T07:50:00","2","DRIVER",,"712276",,"MITSUBISHI","Endeavor","IL",,"NONE","SPORT UTILITY VEHICLE (SUV)","PERSONAL","W","STRAIGHT AHEAD",,,"1",,,,,,,,,,,,,,,"true","true",,"TOTAL (ALL AREAS)",,,,,,,,,,,,,,,,,,,,,,,,,,,,,,,,,
"749767","JC453851","2019-09-30T07:45:00","1","DRIVER","1","712401",,"TOYOTA MOTOR COMPANY, LTD.","4RUNNER","IL","2002","NONE","PASSENGER","PERSONAL","S","STRAIGHT AHEAD",,,"2",,,,,"true",,,,,,,,,,"true","true",,"OTHER",,,,,,,,,,,,,,,,,,,,,,,,,,,,,,,,,
"749768","JC453851","2019-09-30T07:45:00","2","DRIVER","1","712423",,"INFINITI","G37","IL","2011","NONE","PASSENGER","PERSONAL","W","STRAIGHT AHEAD",,,"2",,,,,"true","true","true","true","true",,,,,,,,,"FRONT-RIGHT",,,,,,,,,,,,,,,,,,,,,,,,,,,,,,,,,
"749742","JC453837","2019-09-30T07:45:00","1","DRIVER",,"712362",,"TOYOTA MOTOR COMPANY, LTD.","Highlander(beginning vehicle year 2001)","IL","2013","NONE","SPORT UTILITY VEHICLE (SUV)","PERSONAL","N","SLOW/STOP IN TRAFFIC",,,"1",,,,,,,,,,,,,,,,"true",,"OTHER",,,,,,,,,,,,,,,,,,,,,,,,,,,,,,,,,
"749741","JC453837","2019-09-30T07:45:00","2","DRIVER",,"712267",,"DODGE","MAGNUM","IL","2005","NONE","PASSENGER","PERSONAL","N","SLOW/STOP IN TRAFFIC",,,"1",,,,,,,,,,,,,,,,,,"REAR-LEFT",,,,,,,,,,,,,,,,,,,,,,,,,,,,,,,,,
"750488","JC454281","2019-09-30T07:40:00","1","DRIVER",,"712945",,"KENWORTH MOTOR TRUCK CO.","KENWORTH MOTOR TRUCK CO.","CA","2018","UNKNOWN","TRACTOR W/ SEMI-TRAILER","UNKNOWN/NA","NW","TURNING LEFT",,,"1",,,,,,,,,,"true","true",,,,,,,"SIDE-LEFT",,,,,,,,,,,,,,,,,,,,,,,,,,,,,,,,,
"750489","JC454281","2019-09-30T07:40:00","2","DRIVER",,"712950",,"DODGE","RAM 1500 VAN","IL","2018","NONE","VAN/MINI-VAN","OTHER","NW","TURNING LEFT",,,"1",,,,,"true",,"true","true","true",,,,,,,,,"SIDE-RIGHT",,,,,,,,,,,,,,,,,,,,,,,,,,,,,,,,,
"750191","JC454621","2019-09-30T07:35:00","1","DRIVER",,"712654",,"TOYOTA MOTOR COMPANY, LTD.","YARIS","IL","2016","NONE","PASSENGER","PERSONAL","W","STRAIGHT AHEAD",,,"1",,,,,,,,,,,,,,,,,,"OTHER",,,,,,,,,,,,,,,,,,,,,,,,,,,,,,,,,
"750192","JC454621","2019-09-30T07:35:00","2","DRIVER",,"712659",,"NISSAN","SENTRA (DATSUN AND NISSAN HAVE MERGED)","IL","2015","NONE","PASSENGER","PERSONAL","W","STRAIGHT AHEAD",,,"1",,,,"true",,,,,,,,,,,,,,"NONE",,,,,,,,,,,,,,,,,,,,,,,,,,,,,,,,,
"750165","JC454594","2019-09-30T07:30:00","1","DRIVER",,"712629",,"TOYOTA MOTOR COMPANY, LTD.","Highlander(beginning vehicle year 2001)","IL","2013","NONE","SPORT UTILITY VEHICLE (SUV)","PERSONAL","N","UNKNOWN/NA",,,"1",,,,,,,,,,,,,,,,"true",,"OTHER",,,,,,,,,,,,,,,,,,,,,,,,,,,,,,,,,
"750166","JC454594","2019-09-30T07:30:00","2","DRIVER",,"712634",,"DODGE","MAGNUM","IL","2005","NONE","PASSENGER","PERSONAL","N","UNKNOWN/NA",,,"1",,,,,,,,,,"true",,,,,,"true",,"REAR-LEFT",,,,,,,,,,,,,,,,,,,,,,,,,,,,,,,,,
"750036","JC454345","2019-09-30T07:30:00","1","DRIVER",,"712510",,"UNKNOWN","UNKNOWN",,,"UNKNOWN","UNKNOWN/NA","UNKNOWN/NA","UNKNOWN","UNKNOWN/NA",,,"1",,,,,,,,,,,,,,,,,"true","UNKNOWN",,,,,,,,,,,,,,,,,,,,,,,,,,,,,,,,,
"750037","JC454345","2019-09-30T07:30:00","2","PARKED",,"712496",,"NISSAN","NISSAN ALTIMA","MO","2019","NONE","PASSENGER","PERSONAL","N","PARKED",,,"0",,,,,,,,,,,,,,"true","true",,,"TOTAL (ALL AREAS)",,,,,,,,,,,,,,,,,,,,,,,,,,,,,,,,,
"749749","JC453846","2019-09-30T07:30:00","1","DRIVER",,"712273",,"DODGE","CHARGER","IL","2010","UNKNOWN","PASSENGER","PERSONAL","N","STARTING IN TRAFFIC",,,"1",,,,,,,,,,,,,,,,"true",,"OTHER",,,,,,,,,,,,,,,,,,,,,,,,,,,,,,,,,
"749750","JC453846","2019-09-30T07:30:00","2","DRIVER","1","712283",,"CADILLAC","UNKNOWN","IL","2018","NONE","SPORT UTILITY VEHICLE (SUV)","PERSONAL","N","SLOW/STOP IN TRAFFIC",,,"2",,,,,,,,,,"true",,,,,,,,"REAR-LEFT",,,,,,,,,,,,,,,,,,,,,,,,,,,,,,,,,
"749777","JC453855","2019-09-30T07:25:00","1","DRIVER",,"712301",,"NISSAN","NISSAN ALTIMA","IL","2005","NONE","PASSENGER","PERSONAL","E","SLOW/STOP IN TRAFFIC",,,"1",,,,,,,,,,,,,,,,"true",,"OTHER",,,,,,,,,,,,,,,,,,,,,,,,,,,,,,,,,
"749778","JC453855","2019-09-30T07:25:00","2","DRIVER",,"712314",,"LAND ROVER","LAND ROVER","IL","2011","NONE","SPORT UTILITY VEHICLE (SUV)","PERSONAL","E","SLOW/STOP IN TRAFFIC",,,"1",,,,,,,,,,"true",,,,,,,,"REAR-LEFT",,,,,,,,,,,,,,,,,,,,,,,,,,,,,,,,,
"749739","JC453829","2019-09-30T07:20:00","1","DRIVER","1","712270",,"CHEVROLET","IMPALA","XX","2005","UNKNOWN","PASSENGER","PERSONAL","N","TURNING LEFT",,,"2",,,,,"true","true",,,,,,,,,,,,"FRONT",,,,,,,,,,,,,,,,,,,,,,,,,,,,,,,,,
"749740","JC453829","2019-09-30T07:20:00","2","DRIVER",,"712265",,"NISSAN","ROGUE","IL","2016","UNKNOWN","PASSENGER","PERSONAL","W","STRAIGHT AHEAD",,,"1",,,,,,,,,,,,,,"false","true","true",,"TOTAL (ALL AREAS)",,,,,,,,,,,,,,,,,,,,,,,,,,,,,,,,,
"749857","JC453903","2019-09-30T07:15:00","1","DRIVER",,"712340",,"PONTIAC","GRAND AM","IL","2005","UNKNOWN","PASSENGER","PERSONAL","E","TURNING RIGHT",,,"1",,,,,,,,,,,,,,,"true",,,"TOTAL (ALL AREAS)",,,,,,,,,,,,,,,,,,,,,,,,,,,,,,,,,
"749858","JC453903","2019-09-30T07:15:00","2","DRIVER",,"712348",,"NISSAN","Pathfinder","IL","1999","UNKNOWN","UNKNOWN/NA","PERSONAL","S","UNKNOWN/NA",,,"1",,,,,"true",,,,,,,,,,,,,"FRONT",,,,,,,,,,,,,,,,,,,,,,,,,,,,,,,,,
"749717","JC453803","2019-09-30T07:14:00","1","DRIVER",,"712245",,"CHEVROLET","TRAVERSE","IL","2014","NONE","PASSENGER","PERSONAL","S","STRAIGHT AHEAD",,,"1",,,,,,,,,,,,,,,,"true",,"OTHER",,,,,,,,,,,,,,,,,,,,,,,,,,,,,,,,,
"749718","JC453803","2019-09-30T07:14:00","2","DRIVER",,"712246",,"MERCEDES-BENZ","350 Series","IL","2011","NONE","PASSENGER","PERSONAL","S","STRAIGHT AHEAD",,,"1",,,,,,,,,,"true",,,,,,,,"REAR-LEFT",,,,,,,,,,,,,,,,,,,,,,,,,,,,,,,,,
"749773","JC453800","2019-09-30T07:10:00","1","DRIVER",,"712302",,"CHEVROLET","UNKNOWN","IL","2016","UNKNOWN","PASSENGER","PERSONAL","W","SLOW/STOP IN TRAFFIC",,,"1",,,,,,,,,,,,,,,,"true",,"OTHER",,,,,,,,,,,,,,,,,,,,,,,,,,,,,,,,,
"749774","JC453800","2019-09-30T07:10:00","2","DRIVER",,"712317",,"CHRYSLER","300M","IL","2018","UNKNOWN","PASSENGER","PERSONAL","W","SLOW/STOP IN TRAFFIC",,,"1",,,,,,,,,,"true",,,,,,,,"REAR-LEFT",,,,,,,,,,,,,,,,,,,,,,,,,,,,,,,,,
"749769","JC453897","2019-09-30T07:03:00","1","DRIVER",,"712288",,"CHEVROLET","UNKNOWN","IL","2004","UNKNOWN","TRUCK - SINGLE UNIT","UNKNOWN/NA","E","STRAIGHT AHEAD",,,"1",,,,,,,,,,,,,,,,"true",,"OTHER",,,,,,,,,,,,,,,,,,,,,,,,,,,,,,,,,
"749770","JC453897","2019-09-30T07:03:00","2","DRIVER",,"712295",,"CHEVROLET","UNKNOWN","IL","2016","NONE","PICKUP","PERSONAL","E","SLOW/STOP IN TRAFFIC",,,"1",,,,,,,,,,"true",,,,,,,,"REAR-LEFT",,,,,,,,,,,,,,,,,,,,,,,,,,,,,,,,,
"749972","JC454216","2019-09-30T07:00:00","1","DRIVER",,"712443",,"UNKNOWN","UNKNOWN",,,"UNKNOWN","UNKNOWN/NA","UNKNOWN/NA","UNKNOWN","UNKNOWN/NA",,,"1",,,,,,,,,,,,,,,,,"true","UNKNOWN",,,,,,,,,,,,,,,,,,,,,,,,,,,,,,,,,
"749973","JC454216","2019-09-30T07:00:00","2","PARKED",,"712445",,"HYUNDAI","Santa Fe","IL","2011","NONE","PASSENGER","NOT IN USE","E","PARKED",,,"0",,,,,,,,,,,,,,,,,,"ROOF",,,,,,,,,,,,,,,,,,,,,,,,,,,,,,,,,
"749725","JC453798","2019-09-30T07:00:00","1","DRIVER",,"712254",,"FREIGHTLINER CORP.","FREIGHTLINER CORP.","IL","2005","NONE","TRACTOR W/ SEMI-TRAILER","PERSONAL","W","BACKING",,,"1",,,,,,,,,,"true",,,,,,,,"REAR-LEFT",,,,,,,,,,,,,,,,,,,,,,,,,,,,,,,,,
"749726","JC453798","2019-09-30T07:00:00","2","PARKED",,"712255",,"NISSAN","Quest","IL","2007","NONE","VAN/MINI-VAN","PERSONAL","W","PARKED","true",,"0",,,,,,,,,,"true",,,,,,,,"REAR-LEFT",,,,,,,,,,,,,,,,,,,,,,,,,,,,,,,,,
"749727","JC453798","2019-09-30T07:00:00","3","PARKED",,"712263",,"TOYOTA MOTOR COMPANY, LTD.","COROLLA","IL","2006","NONE","PASSENGER","PERSONAL","W","PARKED",,,"0",,,,,,,,,"true",,,,,,,,,"REAR-LEFT",,,,,,,,,,,,,,,,,,,,,,,,,,,,,,,,,
"749721","JC453796","2019-09-30T07:00:00","1","DRIVER",,"712249",,"TOYOTA MOTOR COMPANY, LTD.","CAMRY","IL","2012","NONE","PASSENGER","PERSONAL","S","TURNING RIGHT",,,"1",,,,,,,,"true",,,,,,,,,,"REAR-RIGHT",,,,,,,,,,,,,,,,,,,,,,,,,,,,,,,,,
"749722","JC453796","2019-09-30T07:00:00","2","BICYCLE",,,,,,,,,,,,,,,,,,,,,,,,,,,,,,,,,,,,,,,,,,,,,,,,,,,,,,,,,,,,,,,,,,
"749850","JC453904","2019-09-30T06:56:00","1","DRIVER",,"712331",,"UNKNOWN","UNKNOWN","IL",,"UNKNOWN","UNKNOWN/NA","UNKNOWN/NA","W","STRAIGHT AHEAD",,,"1",,,,,,,,,,,,,,,,,,"OTHER",,,,,,,,,,,,,,,,,,,,,,,,,,,,,,,,,
"749851","JC453904","2019-09-30T06:56:00","2","PARKED",,"712325",,"TOYOTA MOTOR COMPANY, LTD.","CAMRY","IL","2001","NONE","PASSENGER","NOT IN USE","W","PARKED",,,"0",,,,,,,,,"true","true","true",,,,,,,"REAR-LEFT",,,,,,,,,,,,,,,,,,,,,,,,,,,,,,,,,
"750083","JC454444","2019-09-30T06:45:00","1","DRIVER",,"712553",,"CHRYSLER","300","IL","2018","UNKNOWN","PASSENGER","UNKNOWN/NA","W","UNKNOWN/NA",,,"1",,,,,,,,,,,,"true","false",,,,,"ROOF",,,,,,,,,,,,,,,,,,,,,,,,,,,,,,,,,
"750084","JC454444","2019-09-30T06:45:00","2","DRIVER",,"712555",,"VOLKSWAGEN","PASSAT","IL","2014","UNKNOWN","PASSENGER","UNKNOWN/NA","E","UNKNOWN/NA",,,"1",,,,,,,,,,,,,,,"true",,,"UNDER CARRIAGE",,,,,,,,,,,,,,,,,,,,,,,,,,,,,,,,,
"749715","JC453792","2019-09-30T06:40:00","1","DRIVER",,"712247",,"HARLEY-DAVIDSON","HARLEY-DAVIDSON","IL","1998","UNKNOWN","MOTORCYCLE (OVER 150CC)","PERSONAL","SE","TURNING LEFT",,,"1",,,,,"true",,,,,,,,,,"true","true",,"OTHER",,,,,,,,,,,,,,,,,,,,,,,,,,,,,,,,,
"749716","JC453792","2019-09-30T06:40:00","2","DRIVER",,"712251",,"MERCEDES-BENZ","C230","IL","1997","UNKNOWN","PASSENGER","PERSONAL","N","STRAIGHT AHEAD",,,"1",,,,,,,,,,,,,,"true","true","true",,"TOTAL (ALL AREAS)",,,,,,,,,,,,,,,,,,,,,,,,,,,,,,,,,
"750463","JC455006","2019-09-30T06:30:00","1","DRIVER",,"712921",,"UNKNOWN","UNKNOWN",,,"UNKNOWN","UNKNOWN/NA","UNKNOWN/NA","UNKNOWN","UNKNOWN/NA",,,"1",,,,,,,,,,,,,,,,,"true","UNKNOWN",,,,,,,,,,,,,,,,,,,,,,,,,,,,,,,,,
"750464","JC455006","2019-09-30T06:30:00","2","PARKED",,"712920",,"INFINITI","G37","IL","2009","NONE","PASSENGER","PERSONAL","UNKNOWN","PARKED",,,"0",,,,,,,,,,"true","true","true","true","true","true",,,"ROOF",,,,,,,,,,,,,,,,,,,,,,,,,,,,,,,,,
"749711","JC453778","2019-09-30T06:25:00","1","DRIVER",,"712237",,"PETERBILT MOTORS CO., DIVISION PACCAR, INC.","PETERBILT MOTORS CO., DIVISION PACCAR, INC.","IL","1997","NONE","TRACTOR W/ SEMI-TRAILER","CONSTRUCTION/MAINTENANCE","S","STRAIGHT AHEAD",,,"1",,,,,,,,,,,,,,,"true",,,"TOTAL (ALL AREAS)",,,,,,,,,,,,,,,,,,,,,,,,,,,,,,,,,
"749712","JC453778","2019-09-30T06:25:00","2","DRIVER","1","712241",,"AUTOCAR","AUTOCAR","IL","2010","NONE","TRUCK - SINGLE UNIT","CONSTRUCTION/MAINTENANCE","S","STRAIGHT AHEAD",,,"2",,,,,,,,,"true",,,,,,,,,"REAR-RIGHT",,,,,,,,,,,,,,,,,,,,,,,,,,,,,,,,,
"749753","JC453838","2019-09-30T06:20:00","1","DRIVER",,"712277",,"UNKNOWN","UNKNOWN",,,"UNKNOWN","UNKNOWN/NA","UNKNOWN/NA","W","UNKNOWN/NA",,,"1",,,,,,,,,,,,,,,,,"true","UNKNOWN",,,,,,,,,,,,,,,,,,,,,,,,,,,,,,,,,
"749754","JC453838","2019-09-30T06:20:00","2","PARKED",,"712281","true","CHEVROLET","HHR","IL","2007","UNKNOWN","PASSENGER","COMMERCIAL - SINGLE UNIT","W","PARKED",,,"0",,,,,,,,,,,,,,"true",,,,"ROOF",,,,,,,,,,,,,,,,,,,,,,,,,,,,,,,,,
"749861","JC453780","2019-09-30T06:15:00","1","DRIVER","11","712349","false","FORD","FORD-TRUCK,VAN,SUV, ETC","IL","2012","UNKNOWN","BUS UP TO 15 PASS.","COMMERCIAL - MULTI-UNIT","S","STRAIGHT AHEAD","true",,"12",,,,,,,,,,,,"true","true","true","true",,,"OTHER",,,,,,,,,,,,,,,,,,,,,,,,,,,,,,,,,
"749709","JC453767","2019-09-30T06:15:00","1","DRIVER","1","712239",,"CHEVROLET","MALIBU (CHEVELLE)","IL","2009","UNKNOWN","PASSENGER","PERSONAL","E","STRAIGHT AHEAD",,,"1",,,,,"true",,,,,,,,,,"true","true",,"OTHER",,,,,,,,,,,,,,,,,,,,,,,,,,,,,,,,,
"749710","JC453767","2019-09-30T06:15:00","2","DRIVER","1","712243",,"TOYOTA MOTOR COMPANY, LTD.","CAMRY","IL","1993","NONE","PASSENGER","PERSONAL","E","STRAIGHT AHEAD",,,"2",,,,,,,,,"true","true","true",,,,,,,"REAR-LEFT",,,,,,,,,,,,,,,,,,,,,,,,,,,,,,,,,
"750242","JC454678","2019-09-30T06:05:00","1","DRIVER",,"712701",,"NISSAN","ROGUE","IL","2014","UNKNOWN","PASSENGER","PERSONAL","S","TURNING LEFT",,,"1",,,,,,,,,,,,,,,"true",,,"TOTAL (ALL AREAS)",,,,,,,,,,,,,,,,,,,,,,,,,,,,,,,,,
"750243","JC454678","2019-09-30T06:05:00","2","DRIVER",,"712704",,"TOYOTA MOTOR COMPANY, LTD.","TACOMA","IL","2013","NONE","PASSENGER","PERSONAL","W","TURNING RIGHT",,,"1",,,,,,,,,,,,,,"false","true",,,"TOTAL (ALL AREAS)",,,,,,,,,,,,,,,,,,,,,,,,,,,,,,,,,
"751788","JC457621","2019-09-30T06:00:00","1","DRIVER",,"714171",,"UNKNOWN","UNKNOWN","IL",,"UNKNOWN","UNKNOWN/NA","UNKNOWN/NA","UNKNOWN","UNKNOWN/NA",,,"1",,,,,,,,,,,,,,,,,"true","UNKNOWN",,,,,,,,,,,,,,,,,,,,,,,,,,,,,,,,,
"751796","JC457621","2019-09-30T06:00:00","2","PARKED",,"714157",,"VOLKSWAGEN","JETTA","IL","2016","NONE","PASSENGER","NOT IN USE","UNKNOWN","PARKED",,,"0",,,,,,,,,,,,,,"true","true",,,"TOTAL (ALL AREAS)",,,,,,,,,,,,,,,,,,,,,,,,,,,,,,,,,
"750099","JC454458","2019-09-30T05:45:00","1","DRIVER","1","712567",,"CHEVROLET","CAVALIER","IL","2004","UNKNOWN","PASSENGER","PERSONAL","W","STRAIGHT AHEAD",,,"2",,,,,"true",,,,,,,,,,,,,"FRONT",,,,,,,,,,,,,,,,,,,,,,,,,,,,,,,,,
"750100","JC454458","2019-09-30T05:45:00","2","DRIVER",,"712574",,"KIA MOTORS CORP","Optima","IL","2014","UNKNOWN","PASSENGER","PERSONAL","W","SLOW/STOP IN TRAFFIC",,,"1",,,,,,,,,,,"true",,,,,,,"SIDE-LEFT",,,,,,,,,,,,,,,,,,,,,,,,,,,,,,,,,
"749728","JC453781","2019-09-30T05:45:00","1","DRIVER",,"712256",,"HYUNDAI","TUCSON","IL","2017","NONE","PASSENGER","PERSONAL","N","TURNING RIGHT",,,"1",,,,,,,,,,,,,,,,"true",,"OTHER",,,,,,,,,,,,,,,,,,,,,,,,,,,,,,,,,
"749729","JC453781","2019-09-30T05:45:00","2","BICYCLE",,,,,,,,,,,,,,,,,,,,,,,,,,,,,,,,,,,,,,,,,,,,,,,,,,,,,,,,,,,,,,,,,,
"749713","JC453785","2019-09-30T05:30:00","1","DRIVER",,"712236",,"UNKNOWN","UNKNOWN",,,"UNKNOWN","SINGLE UNIT TRUCK WITH TRAILER","UNKNOWN/NA","UNKNOWN","OTHER",,,"1",,,,,,,,,,,,,,,,,"true","UNKNOWN",,,,,,,,,,,,,,,,,,,,,,,,,,,,,,,,,
"749714","JC453785","2019-09-30T05:30:00","2","PARKED",,"712238",,"CHRYSLER","300","IL","2012","NONE","PASSENGER","PERSONAL","E","PARKED",,,"0",,,,,,,,,,"true","true","true","true","true",,,,"ROOF",,,,,,,,,,,,,,,,,,,,,,,,,,,,,,,,,
"749762","JC453762","2019-09-30T05:21:00","1","DRIVER","1","712287",,"CHEVROLET","CRUZE","IL","2017","NONE","PASSENGER","PERSONAL","N","AVOIDING VEHICLES/OBJECTS","true",,"2",,"WES'S SERVICE",,,,,,,,,"true","true","true","true","false",,,"ROOF",,,,,,,,,,,,,,,,,,,,,,,,,,,,,,,,,
"749763","JC453762","2019-09-30T05:21:00","2","DRIVER","1","712296",,"LINCOLN-CONTINENTAL","TOWNCAR","IN","1997","NONE","PASSENGER","PERSONAL","N","STRAIGHT AHEAD","true",,"2",,"ER SERVICE","POUND 3",,"true","true","true",,,,,,"true","true","true","true",,"TOTAL (ALL AREAS)",,,,,,,,,,,,,,,,,,,,,,,,,,,,,,,,,
"749764","JC453762","2019-09-30T05:21:00","3","DRIVER",,"712307",,"MERCEDES-BENZ","UNKNOWN","IL","2006","NONE","PASSENGER","PERSONAL","S","STRAIGHT AHEAD","true",,"1",,"WES'S SERVICE",,,"true","true","true",,,,"true","true","true","true","true","true",,"TOTAL (ALL AREAS)",,,,,,,,,,,,,,,,,,,,,,,,,,,,,,,,,
"749694","JC453754","2019-09-30T04:49:00","1","DRIVER",,"712226",,"FREIGHTLINER CORP.","FREIGHTLINER CORP.","IL","2005","UNKNOWN","UNKNOWN/NA","UNKNOWN/NA","UNKNOWN","BACKING",,,"1",,,,,,,,,"true",,,,,,,,,"REAR",,,,,,,,,,,,,,,,,,,,,,,,,,,,,,,,,
"749695","JC453754","2019-09-30T04:49:00","2","DRIVER",,"712227",,"FREIGHTLINER CORP.","FREIGHTLINER CORP.","CA","2016","UNKNOWN","UNKNOWN/NA","UNKNOWN/NA","UNKNOWN","UNKNOWN/NA",,,"1",,,,,,,,,,,,,,,"true",,,"TOTAL (ALL AREAS)",,,,,,,,,,,,,,,,,,,,,,,,,,,,,,,,,
"749704","JC453743","2019-09-30T03:50:00","1","DRIVER",,"712232",,"FORD","Explorer","IL","2019","UNKNOWN","PASSENGER","OTHER","E","STRAIGHT AHEAD","true",,"1",,,,,"true",,,,,,,,,,"true","true",,"OTHER",,,,,,,,,,,,,,,,,,,,,,,,,,,,,,,,,
"749705","JC453743","2019-09-30T03:50:00","2","DRIVER",,"712240",,"FORD","Club Wagon E350","IL","2016","UNKNOWN","OTHER","OTHER","E","STRAIGHT AHEAD",,,"1",,,,,,,,,"true","true","true",,,,,,,"REAR-LEFT",,,,,,,,,,,,,,,,,,,,,,,,,,,,,,,,,
"750421","JC454874","2019-09-30T02:00:00","1","DRIVER",,"712881",,"UNKNOWN","UNKNOWN",,,"NONE","VAN/MINI-VAN","UNKNOWN/NA","N","STRAIGHT AHEAD",,,"1",,,,,"true","true","true","true","true",,,,,,,,,"SIDE-RIGHT",,,,,,,,,,,,,,,,,,,,,,,,,,,,,,,,,
"750422","JC454874","2019-09-30T02:00:00","2","PARKED",,"712883",,"BUICK","VERANO","KY","2014","NONE","PASSENGER","NOT IN USE","N","PARKED",,,"0",,,,,,,,,,,,"true","true","false",,,,"ROOF",,,,,,,,,,,,,,,,,,,,,,,,,,,,,,,,,
"753369","JC460434","2019-09-30T00:45:00","1","DRIVER",,"715673",,"UNKNOWN","UNKNOWN","IL",,"UNKNOWN","UNKNOWN/NA","UNKNOWN/NA","UNKNOWN","UNKNOWN/NA",,,"1",,,,,,,,,,,,,,,,"true",,"OTHER",,,,,,,,,,,,,,,,,,,,,,,,,,,,,,,,,
"753370","JC460434","2019-09-30T00:45:00","2","DRIVER",,"715661",,"FORD","FUSION","IL","2015","UNKNOWN","PASSENGER","PERSONAL","S","STRAIGHT AHEAD","true",,"1",,,,,,,,,,,"true","true","true",,,,,"FRONT-LEFT",,,,,,,,,,,,,,,,,,,,,,,,,,,,,,,,,
"749685","JC453693","2019-09-30T00:32:00","1","DRIVER","1","712216",,"TOYOTA MOTOR COMPANY, LTD.","COROLLA","IL","2019","NONE","PASSENGER","PERSONAL","E","STRAIGHT AHEAD",,,"2",,,,,"true","true",,,,,,,,,,"true",,"FRONT",,,,,,,,,,,,,,,,,,,,,,,,,,,,,,,,,
"749686","JC453693","2019-09-30T00:32:00","2","PARKED",,"712218",,"FORD","TAURUS","IL","2002","NONE","PASSENGER","NOT IN USE","E","PARKED",,,"0",,,,,,,,,,,"true","true",,,,,,"FRONT-LEFT",,,,,,,,,,,,,,,,,,,,,,,,,,,,,,,,,
"749687","JC453691","2019-09-30T00:32:00","1","DISABLED VEHICLE",,"712219",,"HYUNDAI","SONATA","IL","2019","NONE","PASSENGER","PERSONAL","W","DISABLED","true",,"0",,"E&R","103/DOTY",,,,,"true","true","true","true","true","true",,,,,"SIDE-RIGHT",,,,,,,,,,,,,,,,,,,,,,,,,,,,,,,,,
"749688","JC453691","2019-09-30T00:32:00","2","DRIVER",,"712222",,"MINI","COOPER","IL","2015","NONE","PASSENGER","PERSONAL","S","STRAIGHT AHEAD",,,"1",,,,,"true",,,,,,,,,,"true","true",,"OTHER",,,,,,,,,,,,,,,,,,,,,,,,,,,,,,,,,
"749690","JC453715","2019-09-30T00:30:00","1","DRIVER",,"712223",,"UNKNOWN","UNKNOWN",,,"UNKNOWN","PASSENGER","UNKNOWN/NA","W","UNKNOWN/NA",,,"1",,,,,,,,,,,,,,,,,,"UNKNOWN",,,,,,,,,,,,,,,,,,,,,,,,,,,,,,,,,
"749691","JC453715","2019-09-30T00:30:00","2","PEDESTRIAN",,,,,,,,,,,,,,,,,,,,,,,,,,,,,,,,,,,,,,,,,,,,,,,,,,,,,,,,,,,,,,,,,,
"749681","JC453683","2019-09-30T00:10:00","1","DRIVER",,"712212",,"UNKNOWN","UNKNOWN",,,"UNKNOWN","TRUCK - SINGLE UNIT","UNKNOWN/NA","N","STRAIGHT AHEAD",,,"1",,,,,,,,,,,,,,,,,"true","OTHER",,,,,,,,,,,,,,,,,,,,,,,,,,,,,,,,,
"749682","JC453683","2019-09-30T00:10:00","2","DRIVER",,"712213",,"MERCEDES-BENZ","450 SERIES","IL","2015","NONE","PASSENGER","PERSONAL","E","STRAIGHT AHEAD",,,"1",,,,,,,,,"true",,,,,,,,,"REAR-RIGHT",,,,,,,,,,,,,,,,,,,,,,,,,,,,,,,,,
"749683","JC453707","2019-09-30T00:02:00","1","DRIVER",,"712215",,"DODGE","CALIBER","IL","2007","UNKNOWN","PASSENGER","PERSONAL","N","BACKING",,,"1",,,,,,,,,,"true",,,,,,"false",,"REAR-LEFT",,,,,,,,,,,,,,,,,,,,,,,,,,,,,,,,,
"749684","JC453707","2019-09-30T00:02:00","2","DRIVER",,"712217",,"NISSAN","NISSAN ALTIMA","IL","2010","UNKNOWN","PASSENGER","PERSONAL","S","STRAIGHT AHEAD",,,"1",,,,,,,,,,,,,,,,"true",,"OTHER",,,,,,,,,,,,,,,,,,,,,,,,,,,,,,,,,